gameId,playId,nflId,displayName,assignment,alignment,pff_hurryAllowed,pff_hitAllowed,pff_sackAllowed,is_train,week,possessionTeam,pressure,e_obs,e_cf,n_assist,n_te_block,n_te_chip,pva_scheme,protection_oe,pva_total,any_hurry,any_hit,any_sack,te_allowed,olrb_k,olrb_n
2021090900,282,45532,Blake Jarwin,pass_block,wing,0.00000,0.00000,0.00000,True,1,DAL,0,0.47164,0.47196,2,2,0,0.00016,0.23582,0.23598,0,0,0,0.00000,0.00000,5
2021090900,282,46206,Dalton Schultz,pass_block,inline,0.00000,0.00000,0.00000,True,1,DAL,0,0.47164,0.47196,2,2,0,0.00016,0.23582,0.23598,0,0,0,0.00000,0.00000,5
2021090900,349,46206,Dalton Schultz,chip_release,inline,0.00000,0.00000,0.00000,True,1,DAL,1,0.60858,0.60858,1,0,1,0.00000,-0.39142,-0.39142,1,1,0,0.00000,1.00000,6
2021090900,583,35481,Rob Gronkowski,pass_block,inline,0.00000,0.00000,0.00000,True,1,TB,0,0.35120,0.35291,1,1,0,0.00171,0.35120,0.35291,0,0,0,0.00000,0.00000,6
2021090900,764,45532,Blake Jarwin,chip_release,inline,0.00000,0.00000,0.00000,True,1,DAL,0,0.24726,0.24726,1,0,1,0.00000,0.24726,0.24726,0,0,0,0.00000,0.00000,5
2021090900,869,35481,Rob Gronkowski,pass_block,inline,0.00000,0.00000,0.00000,True,1,TB,0,0.49620,0.49652,1,1,0,0.00032,0.49620,0.49652,0,0,0,0.00000,0.00000,5
2021090900,1267,44831,O.J. Howard,pass_block,inline,0.00000,0.00000,0.00000,True,1,TB,0,0.22148,0.22460,1,1,0,0.00312,0.22148,0.22460,0,0,0,0.00000,0.00000,5
2021090900,1312,35481,Rob Gronkowski,chip_release,inline,0.00000,0.00000,0.00000,True,1,TB,0,0.29378,0.29378,1,0,1,0.00000,0.29378,0.29378,0,0,0,0.00000,0.00000,5
2021090900,1368,46206,Dalton Schultz,pass_block,inline,0.00000,0.00000,0.00000,True,1,DAL,0,0.33388,0.33555,1,1,0,0.00167,0.33388,0.33555,0,0,0,0.00000,0.00000,5
2021090900,1776,46206,Dalton Schultz,pass_block,inline,0.00000,0.00000,0.00000,True,1,DAL,0,0.40591,0.44174,1,1,0,0.03583,0.40591,0.44174,0,0,0,0.00000,0.00000,6
2021090900,2780,45532,Blake Jarwin,chip_release,wing,0.00000,0.00000,0.00000,True,1,DAL,1,0.46555,0.46555,1,0,1,0.00000,-0.53445,-0.53445,0,1,0,0.00000,0.00000,5
2021090900,3014,45532,Blake Jarwin,chip_release,wing,0.00000,0.00000,0.00000,True,1,DAL,1,0.33218,0.33218,2,0,2,0.00000,-0.33391,-0.33391,1,0,0,0.00000,1.00000,6
2021090900,3014,46206,Dalton Schultz,chip_release,inline,0.00000,0.00000,0.00000,True,1,DAL,1,0.33218,0.33218,2,0,2,0.00000,-0.33391,-0.33391,1,0,0,0.00000,1.00000,6
2021090900,3134,35481,Rob Gronkowski,chip_release,inline,0.00000,0.00000,0.00000,True,1,TB,1,0.43736,0.43736,1,0,1,0.00000,-0.56264,-0.56264,0,1,0,0.00000,0.00000,5
2021090900,3793,35481,Rob Gronkowski,chip_release,inline,0.00000,0.00000,0.00000,True,1,TB,0,0.14056,0.14056,1,0,1,0.00000,0.14056,0.14056,0,0,0,0.00000,0.00000,5
2021090900,3962,35481,Rob Gronkowski,pass_block,inline,0.00000,0.00000,0.00000,True,1,TB,1,0.35734,0.35906,1,1,0,0.00172,-0.64266,-0.64094,1,0,0,0.00000,0.00000,5
2021090900,4189,45532,Blake Jarwin,chip_release,detached,0.00000,0.00000,0.00000,True,1,DAL,1,0.27130,0.27130,1,0,1,0.00000,-0.72870,-0.72870,0,1,0,0.00000,1.00000,5
2021090900,4624,35481,Rob Gronkowski,chip_release,detached,0.00000,0.00000,0.00000,True,1,TB,1,0.26947,0.26947,1,0,1,0.00000,-0.73053,-0.73053,1,0,0,0.00000,1.00000,5
2021090900,4772,35481,Rob Gronkowski,pass_block,detached,0.00000,0.00000,0.00000,True,1,TB,0,0.51318,0.54079,1,1,0,0.02761,0.51318,0.54079,0,0,0,0.00000,0.00000,5
2021091200,56,46094,Hayden Hurst,pass_block,inline,0.00000,0.00000,0.00000,True,1,ATL,0,0.27904,0.30185,2,2,0,0.01140,0.13952,0.15092,0,0,0,0.00000,0.00000,5
2021091200,56,53433,Kyle Pitts,pass_block,inline,0.00000,0.00000,0.00000,True,1,ATL,0,0.27904,0.30185,2,2,0,0.01140,0.13952,0.15092,0,0,0,0.00000,0.00000,5
2021091200,176,46094,Hayden Hurst,pass_block,inline,1.00000,0.00000,0.00000,True,1,ATL,1,0.24834,0.26415,1,1,0,0.01581,-0.75166,-0.73585,1,0,0,1.00000,0.00000,5
2021091200,864,37234,Lee Smith,pass_block,inline,0.00000,0.00000,0.00000,True,1,ATL,1,0.61358,0.61358,1,1,0,0.00000,-0.38642,-0.38642,0,1,0,0.00000,0.00000,5
2021091200,966,37234,Lee Smith,pass_block,inline,0.00000,0.00000,0.00000,True,1,ATL,1,0.37305,0.37929,1,1,0,0.00625,-0.62695,-0.62071,1,0,0,0.00000,0.00000,6
2021091200,1326,37234,Lee Smith,pass_block,inline,0.00000,0.00000,0.00000,True,1,ATL,1,0.26420,0.26955,1,1,0,0.00535,-0.73580,-0.73045,1,1,0,0.00000,1.00000,6
2021091200,1459,37234,Lee Smith,pass_block,inline,0.00000,0.00000,0.00000,True,1,ATL,1,0.24623,0.25524,1,1,0,0.00901,-0.75377,-0.74476,1,1,0,0.00000,2.00000,6
2021091200,3145,46094,Hayden Hurst,chip_release,inline,0.00000,0.00000,0.00000,True,1,ATL,0,0.41258,0.41258,2,0,2,0.00000,0.20629,0.20629,0,0,0,0.00000,0.00000,5
2021091200,3145,53433,Kyle Pitts,chip_release,inline,0.00000,0.00000,0.00000,True,1,ATL,0,0.41258,0.41258,2,0,2,0.00000,0.20629,0.20629,0,0,0,0.00000,0.00000,5
2021091200,3776,37234,Lee Smith,pass_block,inline,0.00000,0.00000,0.00000,True,1,ATL,0,0.25032,0.26778,2,2,0,0.00873,0.12516,0.13389,0,0,0,0.00000,0.00000,5
2021091200,3776,46094,Hayden Hurst,pass_block,inline,0.00000,0.00000,0.00000,True,1,ATL,0,0.25032,0.26778,2,2,0,0.00873,0.12516,0.13389,0,0,0,0.00000,0.00000,5
2021091200,3798,46094,Hayden Hurst,chip_release,inline,0.00000,0.00000,0.00000,True,1,ATL,0,0.22290,0.22290,1,0,1,0.00000,0.22290,0.22290,0,0,0,0.00000,0.00000,5
2021091200,4112,53433,Kyle Pitts,chip_release,detached,0.00000,0.00000,0.00000,True,1,ATL,1,0.56091,0.56091,1,0,1,0.00000,-0.43909,-0.43909,0,0,1,0.00000,1.00000,5
2021091200,4240,46094,Hayden Hurst,pass_block,inline,0.00000,0.00000,0.00000,True,1,ATL,0,0.29431,0.32284,2,2,0,0.01426,0.14716,0.16142,0,0,0,0.00000,0.00000,5
2021091200,4240,53433,Kyle Pitts,pass_block,detached,0.00000,0.00000,0.00000,True,1,ATL,0,0.29431,0.32284,2,2,0,0.01426,0.14716,0.16142,0,0,0,0.00000,0.00000,5
2021091200,4346,46094,Hayden Hurst,chip_release,inline,0.00000,0.00000,0.00000,True,1,ATL,1,0.51630,0.51630,1,0,1,0.00000,-0.48370,-0.48370,0,0,1,0.00000,1.00000,5
2021091201,406,47879,Dawson Knox,chip_release,detached,0.00000,0.00000,0.00000,True,1,BUF,0,0.33059,0.33059,1,0,1,0.00000,0.33059,0.33059,0,0,0,0.00000,0.00000,5
2021091201,589,47879,Dawson Knox,chip_release,detached,0.00000,0.00000,0.00000,True,1,BUF,1,0.40410,0.40410,1,0,1,0.00000,-0.59590,-0.59590,1,0,0,0.00000,1.00000,5
2021091201,856,41236,Eric Ebron,pass_block,wing,0.00000,0.00000,0.00000,True,1,PIT,0,0.32076,0.32240,2,2,0,0.00082,0.16038,0.16120,0,0,0,0.00000,0.00000,5
2021091201,856,47924,Zach Gentry,pass_block,inline,0.00000,0.00000,0.00000,True,1,PIT,0,0.32076,0.32240,2,2,0,0.00082,0.16038,0.16120,0,0,0,0.00000,0.00000,5
2021091201,1172,47879,Dawson Knox,chip_release,inline,0.00000,0.00000,0.00000,True,1,BUF,0,0.31868,0.31868,1,0,1,0.00000,0.31868,0.31868,0,0,0,0.00000,0.00000,5
2021091201,1234,41236,Eric Ebron,pass_block,inline,0.00000,0.00000,0.00000,True,1,PIT,0,0.17885,0.19503,1,1,0,0.01618,0.17885,0.19503,0,0,0,0.00000,0.00000,6
2021091201,1446,47924,Zach Gentry,pass_block,inline,0.00000,0.00000,0.00000,True,1,PIT,1,0.59234,0.59265,1,1,0,0.00031,-0.40766,-0.40735,0,0,1,0.00000,0.00000,5
2021091201,1605,47879,Dawson Knox,chip_release,backfield,0.00000,0.00000,0.00000,True,1,BUF,0,0.34402,0.34402,1,0,1,0.00000,0.34402,0.34402,0,0,0,0.00000,0.00000,5
2021091201,2126,53484,Pat Freiermuth,pass_block,inline,0.00000,0.00000,0.00000,True,1,PIT,1,0.46132,0.48788,1,1,0,0.02656,-0.53868,-0.51212,1,0,0,0.00000,1.00000,6
2021091201,2590,47879,Dawson Knox,chip_release,backfield,0.00000,0.00000,0.00000,True,1,BUF,1,0.44210,0.44210,1,0,1,0.00000,-0.55790,-0.55790,1,0,0,0.00000,1.00000,5
2021091201,3655,47924,Zach Gentry,pass_block,inline,0.00000,0.00000,0.00000,True,1,PIT,0,0.50259,0.50446,1,1,0,0.00187,0.50259,0.50446,0,0,0,0.00000,0.00000,6
2021091201,3709,47924,Zach Gentry,pass_block,inline,0.00000,0.00000,0.00000,True,1,PIT,0,0.58157,0.59871,1,1,0,0.01714,0.58157,0.59871,0,0,0,0.00000,0.00000,6
2021091202,467,40149,Ryan Griffin,pass_block,inline,0.00000,0.00000,0.00000,True,1,NYJ,1,0.69908,0.73893,1,1,0,0.03984,-0.30092,-0.26107,1,0,0,0.00000,1.00000,5
2021091202,489,42428,Tyler Kroft,pass_block,detached,0.00000,0.00000,0.00000,True,1,NYJ,1,0.47545,0.47768,1,1,0,0.00223,-0.52455,-0.52232,1,0,0,0.00000,1.00000,5
2021091202,815,42428,Tyler Kroft,pass_block,inline,0.00000,1.00000,0.00000,True,1,NYJ,1,0.29433,0.29539,1,1,0,0.00106,-0.70567,-0.70461,0,1,0,1.00000,1.00000,5
2021091202,935,46170,Ian Thomas,pass_block,inline,0.00000,0.00000,0.00000,True,1,CAR,0,0.29961,0.30995,2,2,0,0.00517,0.14981,0.15498,0,0,0,0.00000,0.00000,5
2021091202,935,53512,Tommy Tremble,pass_block,wing,0.00000,0.00000,0.00000,True,1,CAR,0,0.29961,0.30995,2,2,0,0.00517,0.14981,0.15498,0,0,0,0.00000,0.00000,5
2021091202,1297,40149,Ryan Griffin,chip_release,inline,0.00000,0.00000,0.00000,True,1,NYJ,1,0.54775,0.54775,2,0,2,0.00000,-0.22612,-0.22612,0,1,0,0.00000,0.00000,5
2021091202,1297,42428,Tyler Kroft,chip_release,wing,0.00000,0.00000,0.00000,True,1,NYJ,1,0.54775,0.54775,2,0,2,0.00000,-0.22612,-0.22612,0,1,0,0.00000,0.00000,5
2021091202,1497,47904,Trevon Wesco,pass_block,backfield,1.00000,0.00000,0.00000,True,1,NYJ,1,0.74960,0.75056,1,1,0,0.00096,-0.25040,-0.24944,1,0,0,1.00000,0.00000,5
2021091202,1620,40149,Ryan Griffin,pass_block,inline,1.00000,0.00000,0.00000,True,1,NYJ,1,0.37360,0.38267,2,1,1,0.00453,-0.31320,-0.30866,1,0,0,1.00000,0.00000,6
2021091202,1620,42428,Tyler Kroft,chip_release,inline,0.00000,0.00000,0.00000,True,1,NYJ,1,0.37360,0.38267,2,1,1,0.00453,-0.31320,-0.30866,1,0,0,0.00000,0.00000,6
2021091202,1696,45594,Colin Thompson,pass_block,inline,0.00000,0.00000,0.00000,True,1,CAR,0,0.29078,0.29938,1,1,0,0.00860,0.29078,0.29938,0,0,0,0.00000,0.00000,6
2021091202,2153,46170,Ian Thomas,pass_block,inline,0.00000,0.00000,0.00000,True,1,CAR,0,0.24613,0.25603,1,1,0,0.00991,0.24613,0.25603,0,0,0,0.00000,0.00000,6
2021091202,2457,45594,Colin Thompson,pass_block,wing,0.00000,1.00000,0.00000,True,1,CAR,1,0.32533,0.33134,2,2,0,0.00300,-0.33733,-0.33433,1,1,0,1.00000,1.00000,5
2021091202,2457,46170,Ian Thomas,pass_block,inline,0.00000,0.00000,0.00000,True,1,CAR,1,0.32533,0.33134,2,2,0,0.00300,-0.33733,-0.33433,1,1,0,0.00000,1.00000,5
2021091202,2543,40149,Ryan Griffin,pass_block,backfield,1.00000,0.00000,0.00000,True,1,NYJ,1,0.23398,0.31261,1,1,0,0.07862,-0.76602,-0.68739,1,0,1,1.00000,0.00000,6
2021091202,2797,40149,Ryan Griffin,pass_block,inline,0.00000,0.00000,0.00000,True,1,NYJ,0,0.29837,0.30710,2,2,0,0.00437,0.14918,0.15355,0,0,0,0.00000,0.00000,5
2021091202,2797,42428,Tyler Kroft,pass_block,wing,0.00000,0.00000,0.00000,True,1,NYJ,0,0.29837,0.30710,2,2,0,0.00437,0.14918,0.15355,0,0,0,0.00000,0.00000,5
2021091202,3745,42428,Tyler Kroft,chip_release,backfield,0.00000,0.00000,0.00000,True,1,NYJ,1,0.45222,0.45222,1,0,1,0.00000,-0.54778,-0.54778,1,0,0,0.00000,1.00000,5
2021091202,3914,42428,Tyler Kroft,pass_block,inline,0.00000,0.00000,0.00000,True,1,NYJ,0,0.28425,0.31858,1,1,0,0.03433,0.28425,0.31858,0,0,0,0.00000,0.00000,6
2021091203,223,46226,Tyler Conklin,chip_release,inline,0.00000,0.00000,0.00000,True,1,MIN,1,0.64566,0.64566,1,0,1,0.00000,-0.35434,-0.35434,1,1,0,0.00000,2.00000,5
2021091203,672,46176,Christopher Herndon,chip_release,inline,0.00000,0.00000,0.00000,True,1,MIN,1,0.75265,0.75265,1,0,1,0.00000,-0.24735,-0.24735,1,0,0,0.00000,0.00000,5
2021091203,1521,42500,C.J. Uzomah,pass_block,inline,0.00000,0.00000,0.00000,True,1,CIN,1,0.47105,0.47532,1,1,0,0.00427,-0.52895,-0.52468,0,0,1,0.00000,1.00000,6
2021091203,1809,46226,Tyler Conklin,chip_release,inline,0.00000,0.00000,0.00000,True,1,MIN,0,0.50737,0.50737,1,0,1,0.00000,0.50737,0.50737,0,0,0,0.00000,0.00000,5
2021091203,1967,42500,C.J. Uzomah,chip_release,inline,0.00000,0.00000,0.00000,True,1,CIN,0,0.36484,0.36484,1,0,1,0.00000,0.36484,0.36484,0,0,0,0.00000,0.00000,6
2021091203,2685,46226,Tyler Conklin,chip_release,inline,0.00000,0.00000,0.00000,True,1,MIN,1,0.87571,0.87571,1,0,1,0.00000,-0.12429,-0.12429,1,0,0,0.00000,1.00000,5
2021091203,2822,42500,C.J. Uzomah,pass_block,backfield,0.00000,0.00000,0.00000,True,1,CIN,1,0.26319,0.27880,2,2,0,0.00781,-0.36841,-0.36060,0,0,1,0.00000,1.00000,5
2021091203,2822,47835,Drew Sample,pass_block,inline,0.00000,0.00000,0.00000,True,1,CIN,1,0.26319,0.27880,2,2,0,0.00781,-0.36841,-0.36060,0,0,1,0.00000,1.00000,5
2021091203,2909,46226,Tyler Conklin,pass_block,inline,1.00000,0.00000,0.00000,True,1,MIN,1,0.25576,0.28862,1,1,0,0.03286,-0.74424,-0.71138,1,0,0,1.00000,0.00000,6
2021091203,3239,46226,Tyler Conklin,pass_block,inline,0.00000,0.00000,0.00000,True,1,MIN,1,0.16250,0.18230,1,1,0,0.01981,-0.83750,-0.81770,0,1,0,0.00000,1.00000,7
2021091203,3366,46176,Christopher Herndon,pass_block,wing,0.00000,0.00000,0.00000,True,1,MIN,0,0.21893,0.25584,2,2,0,0.01846,0.10946,0.12792,0,0,0,0.00000,0.00000,5
2021091203,3366,46226,Tyler Conklin,pass_block,inline,0.00000,0.00000,0.00000,True,1,MIN,0,0.21893,0.25584,2,2,0,0.01846,0.10946,0.12792,0,0,0,0.00000,0.00000,5
2021091203,3405,46226,Tyler Conklin,pass_block,inline,0.00000,0.00000,0.00000,True,1,MIN,0,0.35990,0.36600,1,1,0,0.00611,0.35990,0.36600,0,0,0,0.00000,0.00000,5
2021091203,3623,42500,C.J. Uzomah,chip_release,inline,0.00000,0.00000,0.00000,True,1,CIN,1,0.30711,0.30711,1,0,1,0.00000,-0.69289,-0.69289,1,0,0,0.00000,0.00000,5
2021091203,3645,47835,Drew Sample,pass_block,inline,0.00000,0.00000,1.00000,True,1,CIN,1,0.35853,0.39065,1,1,0,0.03213,-0.64147,-0.60935,0,0,1,1.00000,0.00000,6
2021091203,3682,46226,Tyler Conklin,pass_block,inline,0.00000,0.00000,0.00000,True,1,MIN,1,0.68066,0.68697,1,1,0,0.00632,-0.31934,-0.31303,1,0,0,0.00000,1.00000,5
2021091203,4076,46226,Tyler Conklin,pass_block,inline,0.00000,0.00000,0.00000,True,1,MIN,0,0.41297,0.42928,1,1,0,0.01630,0.41297,0.42928,0,0,0,0.00000,0.00000,6
2021091203,4284,42500,C.J. Uzomah,pass_block,inline,0.00000,0.00000,0.00000,True,1,CIN,0,0.32110,0.32750,1,1,0,0.00640,0.32110,0.32750,0,0,0,0.00000,0.00000,5
2021091203,4596,46226,Tyler Conklin,pass_block,inline,0.00000,1.00000,0.00000,True,1,MIN,1,0.73240,0.73574,1,1,0,0.00334,-0.26760,-0.26426,0,1,0,1.00000,0.00000,5
2021091204,516,44959,George Kittle,pass_block,inline,0.00000,0.00000,0.00000,True,1,SF,0,0.21537,0.22441,1,1,0,0.00904,0.21537,0.22441,0,0,0,0.00000,0.00000,6
2021091204,1026,44959,George Kittle,pass_block,inline,0.00000,0.00000,0.00000,True,1,SF,0,0.27978,0.29546,1,1,0,0.01568,0.27978,0.29546,0,0,0,0.00000,0.00000,5
2021091204,1163,39907,Darren Fells,chip_release,inline,0.00000,0.00000,0.00000,True,1,DET,0,0.25007,0.25007,1,0,1,0.00000,0.25007,0.25007,0,0,0,0.00000,0.00000,5
2021091204,1365,44959,George Kittle,pass_block,inline,0.00000,0.00000,0.00000,True,1,SF,1,0.28672,0.29386,1,1,0,0.00714,-0.71328,-0.70614,1,0,0,0.00000,1.00000,5
2021091204,1443,44959,George Kittle,pass_block,inline,0.00000,0.00000,0.00000,True,1,SF,0,0.34180,0.34964,1,1,0,0.00784,0.34180,0.34964,0,0,0,0.00000,0.00000,5
2021091204,1488,46331,Ross Dwelley,chip_release,wing,0.00000,0.00000,0.00000,True,1,SF,0,0.36375,0.36375,1,0,1,0.00000,0.36375,0.36375,0,0,0,0.00000,0.00000,5
2021091204,1641,39907,Darren Fells,pass_block,inline,0.00000,0.00000,0.00000,True,1,DET,0,0.33492,0.35218,2,1,1,0.00863,0.16746,0.17609,0,0,0,0.00000,0.00000,5
2021091204,1641,47791,T.J. Hockenson,chip_release,wing,0.00000,0.00000,0.00000,True,1,DET,0,0.33492,0.35218,2,1,1,0.00863,0.16746,0.17609,0,0,0,0.00000,0.00000,5
2021091204,1938,44959,George Kittle,pass_block,inline,0.00000,0.00000,0.00000,True,1,SF,0,0.37961,0.38082,1,1,0,0.00121,0.37961,0.38082,0,0,0,0.00000,0.00000,5
2021091204,2034,44959,George Kittle,pass_block,inline,0.00000,0.00000,0.00000,True,1,SF,0,0.19740,0.20108,1,1,0,0.00368,0.19740,0.20108,0,0,0,0.00000,0.00000,5
2021091204,2148,46331,Ross Dwelley,pass_block,inline,0.00000,0.00000,0.00000,True,1,SF,0,0.51323,0.53233,1,1,0,0.01909,0.51323,0.53233,0,0,0,0.00000,0.00000,5
2021091204,2742,47791,T.J. Hockenson,chip_release,detached,0.00000,0.00000,0.00000,True,1,DET,0,0.24190,0.24190,1,0,1,0.00000,0.24190,0.24190,0,0,0,0.00000,0.00000,5
2021091204,2766,47791,T.J. Hockenson,chip_release,detached,0.00000,0.00000,0.00000,True,1,DET,0,0.22769,0.22769,1,0,1,0.00000,0.22769,0.22769,0,0,0,0.00000,0.00000,5
2021091204,2876,44959,George Kittle,pass_block,inline,0.00000,0.00000,0.00000,True,1,SF,0,0.43785,0.46516,1,1,0,0.02731,0.43785,0.46516,0,0,0,0.00000,0.00000,5
2021091204,3171,44959,George Kittle,pass_block,inline,0.00000,0.00000,0.00000,True,1,SF,0,0.43174,0.45802,1,1,0,0.02628,0.43174,0.45802,0,0,0,0.00000,0.00000,5
2021091204,3195,52598,Charlie Woerner,pass_block,inline,0.00000,0.00000,0.00000,True,1,SF,1,0.47973,0.48196,1,1,0,0.00223,-0.52027,-0.51804,0,1,0,0.00000,0.00000,5
2021091204,3255,44959,George Kittle,pass_block,inline,0.00000,0.00000,0.00000,True,1,SF,1,0.39575,0.42241,1,1,0,0.02666,-0.60425,-0.57759,0,0,1,0.00000,1.00000,6
2021091204,3444,47791,T.J. Hockenson,chip_release,inline,0.00000,0.00000,0.00000,True,1,DET,1,0.56207,0.56207,1,0,1,0.00000,-0.43793,-0.43793,1,0,0,0.00000,0.00000,5
2021091204,3479,39907,Darren Fells,chip_release,detached,0.00000,0.00000,0.00000,True,1,DET,0,0.29173,0.29173,1,0,1,0.00000,0.29173,0.29173,0,0,0,0.00000,0.00000,5
2021091204,3808,39907,Darren Fells,chip_release,detached,0.00000,0.00000,0.00000,True,1,DET,0,0.31844,0.31844,1,0,1,0.00000,0.31844,0.31844,0,0,0,0.00000,0.00000,5
2021091204,4082,47791,T.J. Hockenson,chip_release,detached,0.00000,0.00000,0.00000,True,1,DET,1,0.23955,0.23955,1,0,1,0.00000,-0.76045,-0.76045,1,0,0,0.00000,1.00000,5
2021091204,4135,47791,T.J. Hockenson,chip_release,detached,0.00000,0.00000,0.00000,True,1,DET,0,0.67955,0.67955,1,0,1,0.00000,0.67955,0.67955,0,0,0,0.00000,0.00000,5
2021091204,4253,47791,T.J. Hockenson,pass_block,inline,0.00000,0.00000,0.00000,True,1,DET,1,0.40943,0.41409,1,1,0,0.00467,-0.59057,-0.58591,1,0,0,0.00000,1.00000,6
2021091204,4401,46331,Ross Dwelley,chip_release,inline,0.00000,0.00000,0.00000,True,1,SF,1,0.50278,0.50278,1,0,1,0.00000,-0.49722,-0.49722,1,0,0,0.00000,1.00000,6
2021091204,4441,47791,T.J. Hockenson,chip_release,detached,0.00000,0.00000,0.00000,True,1,DET,0,0.24106,0.24106,1,0,1,0.00000,0.24106,0.24106,0,0,0,0.00000,0.00000,5
2021091204,4463,47791,T.J. Hockenson,chip_release,detached,0.00000,0.00000,0.00000,True,1,DET,0,0.28664,0.28664,1,0,1,0.00000,0.28664,0.28664,0,0,0,0.00000,0.00000,5
2021091204,4555,47791,T.J. Hockenson,chip_release,detached,0.00000,0.00000,0.00000,True,1,DET,1,0.27023,0.27023,1,0,1,0.00000,-0.72977,-0.72977,1,0,0,0.00000,2.00000,5
2021091204,4581,47791,T.J. Hockenson,chip_release,detached,0.00000,0.00000,0.00000,True,1,DET,1,0.71997,0.71997,1,0,1,0.00000,-0.28003,-0.28003,1,0,0,0.00000,1.00000,5
2021091204,4629,47791,T.J. Hockenson,chip_release,detached,0.00000,0.00000,0.00000,True,1,DET,1,0.48614,0.48614,1,0,1,0.00000,-0.51386,-0.51386,1,1,0,0.00000,2.00000,5
2021091205,337,45321,Antony Auclair,chip_release,inline,0.00000,0.00000,0.00000,True,1,HOU,1,0.65330,0.65330,1,0,1,0.00000,-0.34670,-0.34670,0,1,0,0.00000,0.00000,6
2021091205,404,45339,Pharaoh Brown,pass_block,inline,1.00000,0.00000,0.00000,True,1,HOU,1,0.74163,0.74187,2,2,0,0.00012,-0.12919,-0.12906,1,0,1,1.00000,0.00000,5
2021091205,404,46167,Jordan Akins,pass_block,inline,0.00000,0.00000,0.00000,True,1,HOU,1,0.74163,0.74187,2,2,0,0.00012,-0.12919,-0.12906,1,0,1,0.00000,0.00000,5
2021091205,643,42302,Chris Manhertz,pass_block,inline,0.00000,0.00000,0.00000,True,1,JAX,0,0.26555,0.26701,1,1,0,0.00146,0.26555,0.26701,0,0,0,0.00000,0.00000,5
2021091205,699,42302,Chris Manhertz,pass_block,inline,0.00000,0.00000,0.00000,True,1,JAX,0,0.35739,0.35911,1,1,0,0.00172,0.35739,0.35911,0,0,0,0.00000,0.00000,5
2021091205,787,45339,Pharaoh Brown,pass_block,inline,0.00000,0.00000,0.00000,True,1,HOU,0,0.38398,0.38428,1,1,0,0.00030,0.38398,0.38428,0,0,0,0.00000,0.00000,6
2021091205,1091,42516,James O'Shaughnessy,chip_release,detached,0.00000,0.00000,0.00000,True,1,JAX,1,0.40376,0.40376,1,0,1,0.00000,-0.59624,-0.59624,1,0,0,0.00000,2.00000,5
2021091205,1157,42302,Chris Manhertz,pass_block,inline,0.00000,0.00000,0.00000,True,1,JAX,1,0.45705,0.45736,1,1,0,0.00032,-0.54295,-0.54264,1,0,0,0.00000,2.00000,5
2021091205,1359,45321,Antony Auclair,pass_block,inline,0.00000,0.00000,0.00000,True,1,HOU,0,0.34873,0.34902,2,2,0,0.00015,0.17436,0.17451,0,0,0,0.00000,0.00000,5
2021091205,1359,45339,Pharaoh Brown,pass_block,detached,0.00000,0.00000,0.00000,True,1,HOU,0,0.34873,0.34902,2,2,0,0.00015,0.17436,0.17451,0,0,0,0.00000,0.00000,5
2021091205,1404,45339,Pharaoh Brown,pass_block,inline,0.00000,0.00000,0.00000,True,1,HOU,1,0.70332,0.70835,2,2,0,0.00252,-0.14834,-0.14583,1,0,0,0.00000,0.00000,6
2021091205,1404,46167,Jordan Akins,pass_block,backfield,1.00000,0.00000,0.00000,True,1,HOU,1,0.70332,0.70835,2,2,0,0.00252,-0.14834,-0.14583,1,0,0,1.00000,0.00000,6
2021091205,1667,42516,James O'Shaughnessy,chip_release,inline,0.00000,0.00000,0.00000,True,1,JAX,1,0.42946,0.42946,1,0,1,0.00000,-0.57054,-0.57054,1,0,0,0.00000,0.00000,5
2021091205,1739,42302,Chris Manhertz,chip_release,inline,0.00000,0.00000,0.00000,True,1,JAX,1,0.70242,0.70242,1,0,1,0.00000,-0.29758,-0.29758,1,0,0,0.00000,2.00000,5
2021091205,1988,45339,Pharaoh Brown,chip_release,wing,0.00000,0.00000,0.00000,True,1,HOU,1,0.58516,0.58516,1,0,1,0.00000,-0.41484,-0.41484,1,0,0,0.00000,1.00000,6
2021091205,2838,42516,James O'Shaughnessy,chip_release,inline,0.00000,0.00000,0.00000,True,1,JAX,1,0.41450,0.41450,1,0,1,0.00000,-0.58550,-0.58550,0,1,0,0.00000,1.00000,5
2021091205,3053,46167,Jordan Akins,pass_block,wing,0.00000,0.00000,0.00000,True,1,HOU,1,0.50459,0.51241,1,1,0,0.00782,-0.49541,-0.48759,0,1,0,0.00000,0.00000,6
2021091205,3210,42302,Chris Manhertz,pass_block,inline,0.00000,0.00000,0.00000,True,1,JAX,0,0.32451,0.32615,1,1,0,0.00164,0.32451,0.32615,0,0,0,0.00000,0.00000,5
2021091205,3687,42516,James O'Shaughnessy,chip_release,inline,0.00000,0.00000,0.00000,True,1,JAX,0,0.26065,0.26065,1,0,1,0.00000,0.26065,0.26065,0,0,0,0.00000,0.00000,5
2021091205,3711,42516,James O'Shaughnessy,chip_release,detached,0.00000,0.00000,0.00000,True,1,JAX,0,0.26004,0.26004,1,0,1,0.00000,0.26004,0.26004,0,0,0,0.00000,0.00000,5
2021091205,3783,42516,James O'Shaughnessy,chip_release,detached,0.00000,0.00000,0.00000,True,1,JAX,0,0.79400,0.79400,1,0,1,0.00000,0.79400,0.79400,0,0,0,0.00000,0.00000,5
2021091205,4122,42516,James O'Shaughnessy,chip_release,detached,0.00000,0.00000,0.00000,True,1,JAX,1,0.42400,0.42400,1,0,1,0.00000,-0.57600,-0.57600,1,0,1,0.00000,1.00000,6
2021091205,4141,53574,Luke Farrell,chip_release,inline,0.00000,0.00000,0.00000,True,1,JAX,1,0.81642,0.81642,1,0,1,0.00000,-0.18358,-0.18358,1,0,0,0.00000,1.00000,5
2021091206,903,44856,Gerald Everett,pass_block,wing,0.00000,0.00000,0.00000,True,1,SEA,0,0.28475,0.29739,2,1,1,0.00632,0.14237,0.14870,0,0,0,0.00000,0.00000,5
2021091206,903,46189,Will Dissly,chip_release,inline,0.00000,0.00000,0.00000,True,1,SEA,0,0.28475,0.29739,2,1,1,0.00632,0.14237,0.14870,0,0,0,0.00000,0.00000,5
2021091206,1040,40641,Jack Doyle,pass_block,inline,0.00000,0.00000,0.00000,True,1,IND,0,0.38387,0.39847,1,1,0,0.01459,0.38387,0.39847,0,0,0,0.00000,0.00000,5
2021091206,1246,46189,Will Dissly,pass_block,inline,1.00000,0.00000,0.00000,True,1,SEA,1,0.23131,0.24302,1,1,0,0.01172,-0.76869,-0.75698,1,0,0,1.00000,0.00000,5
2021091206,1371,44792,Mo Alie-Cox,pass_block,inline,0.00000,0.00000,0.00000,True,1,IND,0,0.15061,0.15908,1,1,0,0.00847,0.15061,0.15908,0,0,0,0.00000,0.00000,5
2021091206,1824,40641,Jack Doyle,chip_release,detached,0.00000,0.00000,0.00000,True,1,IND,0,0.31492,0.31492,1,0,1,0.00000,0.31492,0.31492,0,0,0,0.00000,0.00000,5
2021091206,1865,40641,Jack Doyle,pass_block,backfield,0.00000,0.00000,0.00000,True,1,IND,0,0.32236,0.33043,3,3,0,0.00269,0.10745,0.11014,0,0,0,0.00000,0.00000,6
2021091206,1865,44792,Mo Alie-Cox,pass_block,inline,0.00000,0.00000,0.00000,True,1,IND,0,0.32236,0.33043,3,3,0,0.00269,0.10745,0.11014,0,0,0,0.00000,0.00000,6
2021091206,1865,53556,Kylen Granson,pass_block,inline,0.00000,0.00000,0.00000,True,1,IND,0,0.32236,0.33043,3,3,0,0.00269,0.10745,0.11014,0,0,0,0.00000,0.00000,6
2021091206,1921,46189,Will Dissly,chip_release,inline,0.00000,0.00000,0.00000,True,1,SEA,0,0.24709,0.24709,1,0,1,0.00000,0.24709,0.24709,0,0,0,0.00000,0.00000,5
2021091206,2210,46189,Will Dissly,chip_release,inline,0.00000,0.00000,0.00000,True,1,SEA,1,0.20469,0.20469,1,0,1,0.00000,-0.79531,-0.79531,0,0,1,0.00000,0.00000,5
2021091206,2419,46189,Will Dissly,chip_release,inline,0.00000,0.00000,0.00000,True,1,SEA,0,0.25144,0.25144,1,0,1,0.00000,0.25144,0.25144,0,0,0,0.00000,0.00000,5
2021091206,3079,44856,Gerald Everett,pass_block,inline,0.00000,0.00000,0.00000,True,1,SEA,0,0.23524,0.24709,2,2,0,0.00593,0.11762,0.12354,0,0,0,0.00000,0.00000,5
2021091206,3079,46189,Will Dissly,pass_block,inline,0.00000,0.00000,0.00000,True,1,SEA,0,0.23524,0.24709,2,2,0,0.00593,0.11762,0.12354,0,0,0,0.00000,0.00000,5
2021091206,3132,46189,Will Dissly,chip_release,detached,0.00000,0.00000,0.00000,True,1,SEA,0,0.33127,0.33127,1,0,1,0.00000,0.33127,0.33127,0,0,0,0.00000,0.00000,5
2021091206,3287,44792,Mo Alie-Cox,chip_release,inline,0.00000,0.00000,0.00000,True,1,IND,0,0.20132,0.20132,1,0,1,0.00000,0.20132,0.20132,0,0,0,0.00000,0.00000,5
2021091206,3353,44792,Mo Alie-Cox,chip_release,inline,0.00000,0.00000,0.00000,True,1,IND,0,0.66379,0.66379,1,0,1,0.00000,0.66379,0.66379,0,0,0,0.00000,0.00000,5
2021091206,3382,44792,Mo Alie-Cox,chip_release,detached,0.00000,0.00000,0.00000,True,1,IND,1,0.29675,0.29675,1,0,1,0.00000,-0.70325,-0.70325,1,0,0,0.00000,1.00000,5
2021091206,3561,53556,Kylen Granson,pass_block,detached,0.00000,0.00000,0.00000,True,1,IND,0,0.42496,0.52673,1,1,0,0.10177,0.42496,0.52673,0,0,0,0.00000,0.00000,6
2021091206,3761,44792,Mo Alie-Cox,chip_release,detached,0.00000,0.00000,0.00000,True,1,IND,1,0.74063,0.74063,1,0,1,0.00000,-0.25937,-0.25937,1,0,0,0.00000,1.00000,5
2021091207,100,45355,Anthony Firkser,chip_release,detached,0.00000,0.00000,0.00000,True,1,TEN,0,0.41467,0.41467,1,0,1,0.00000,0.41467,0.41467,0,0,0,0.00000,0.00000,5
2021091207,152,42398,Maxx Williams,pass_block,inline,0.00000,0.00000,0.00000,True,1,ARI,0,0.26238,0.27214,1,1,0,0.00977,0.26238,0.27214,0,0,0,0.00000,0.00000,5
2021091207,218,40615,Demetrius Harris,pass_block,inline,0.00000,0.00000,0.00000,True,1,ARI,1,0.22014,0.22882,2,1,1,0.00434,-0.38993,-0.38559,1,0,0,0.00000,0.00000,5
2021091207,218,42398,Maxx Williams,chip_release,detached,0.00000,0.00000,0.00000,True,1,ARI,1,0.22014,0.22882,2,1,1,0.00434,-0.38993,-0.38559,1,0,0,0.00000,0.00000,5
2021091207,954,45355,Anthony Firkser,chip_release,inline,0.00000,0.00000,0.00000,True,1,TEN,0,0.31778,0.31778,1,0,1,0.00000,0.31778,0.31778,0,0,0,0.00000,0.00000,5
2021091207,1053,45355,Anthony Firkser,chip_release,detached,0.00000,0.00000,0.00000,True,1,TEN,1,0.50705,0.50705,1,0,1,0.00000,-0.49295,-0.49295,0,0,1,0.00000,1.00000,6
2021091207,1090,40615,Demetrius Harris,pass_block,inline,0.00000,0.00000,0.00000,True,1,ARI,1,0.49734,0.53623,2,2,0,0.01944,-0.25133,-0.23189,0,0,1,0.00000,0.00000,5
2021091207,1090,42398,Maxx Williams,pass_block,detached,0.00000,0.00000,0.00000,True,1,ARI,1,0.49734,0.53623,2,2,0,0.01944,-0.25133,-0.23189,0,0,1,0.00000,0.00000,5
2021091207,1128,42398,Maxx Williams,pass_block,inline,0.00000,0.00000,0.00000,True,1,ARI,0,0.35844,0.36469,1,1,0,0.00625,0.35844,0.36469,0,0,0,0.00000,0.00000,5
2021091207,1152,40615,Demetrius Harris,pass_block,wing,0.00000,0.00000,0.00000,True,1,ARI,0,0.56286,0.58829,2,2,0,0.01272,0.28143,0.29415,0,0,0,0.00000,0.00000,6
2021091207,1152,42398,Maxx Williams,pass_block,inline,0.00000,0.00000,0.00000,True,1,ARI,0,0.56286,0.58829,2,2,0,0.01272,0.28143,0.29415,0,0,0,0.00000,0.00000,6
2021091207,1540,45355,Anthony Firkser,chip_release,inline,0.00000,0.00000,0.00000,True,1,TEN,0,0.23635,0.23635,1,0,1,0.00000,0.23635,0.23635,0,0,0,0.00000,0.00000,5
2021091207,1584,45355,Anthony Firkser,chip_release,detached,0.00000,0.00000,0.00000,True,1,TEN,0,0.41733,0.41733,1,0,1,0.00000,0.41733,0.41733,0,0,0,0.00000,0.00000,6
2021091207,1792,42398,Maxx Williams,pass_block,inline,0.00000,0.00000,0.00000,True,1,ARI,0,0.86283,0.86401,1,1,0,0.00117,0.86283,0.86401,0,0,0,0.00000,0.00000,5
2021091207,2222,45355,Anthony Firkser,chip_release,detached,0.00000,0.00000,0.00000,True,1,TEN,0,0.32037,0.32037,1,0,1,0.00000,0.32037,0.32037,0,0,0,0.00000,0.00000,6
2021091207,2244,45355,Anthony Firkser,chip_release,detached,0.00000,0.00000,0.00000,True,1,TEN,0,0.35239,0.35239,1,0,1,0.00000,0.35239,0.35239,0,0,0,0.00000,0.00000,5
2021091207,2927,40615,Demetrius Harris,pass_block,backfield,0.00000,0.00000,0.00000,True,1,ARI,0,0.23231,0.26371,2,2,0,0.01570,0.11615,0.13185,0,0,0,0.00000,0.00000,5
2021091207,2927,42398,Maxx Williams,pass_block,inline,0.00000,0.00000,0.00000,True,1,ARI,0,0.23231,0.26371,2,2,0,0.01570,0.11615,0.13185,0,0,0,0.00000,0.00000,5
2021091207,3148,45355,Anthony Firkser,chip_release,detached,0.00000,0.00000,0.00000,True,1,TEN,1,0.40365,0.40365,1,0,1,0.00000,-0.59635,-0.59635,0,0,1,0.00000,1.00000,5
2021091207,3488,45355,Anthony Firkser,chip_release,detached,0.00000,0.00000,0.00000,True,1,TEN,0,0.41467,0.41467,1,0,1,0.00000,0.41467,0.41467,0,0,0,0.00000,0.00000,5
2021091207,3527,45355,Anthony Firkser,chip_release,detached,0.00000,0.00000,0.00000,True,1,TEN,1,0.52682,0.52682,1,0,1,0.00000,-0.47318,-0.47318,0,0,1,0.00000,1.00000,5
2021091207,3776,45355,Anthony Firkser,chip_release,detached,0.00000,0.00000,0.00000,True,1,TEN,1,0.49351,0.49351,1,0,1,0.00000,-0.50649,-0.50649,1,0,0,0.00000,1.00000,6
2021091207,3828,45355,Anthony Firkser,chip_release,inline,0.00000,0.00000,0.00000,True,1,TEN,1,0.23907,0.23907,1,0,1,0.00000,-0.76093,-0.76093,0,0,1,0.00000,2.00000,6
2021091208,56,34540,Jared Cook,pass_block,inline,0.00000,0.00000,0.00000,True,1,LAC,0,0.30020,0.32135,1,1,0,0.02115,0.30020,0.32135,0,0,0,0.00000,0.00000,5
2021091208,175,34540,Jared Cook,pass_block,wing,0.00000,0.00000,0.00000,True,1,LAC,1,0.17124,0.20024,2,2,0,0.01450,-0.41438,-0.39988,0,1,0,0.00000,1.00000,5
2021091208,175,48456,Donald Parham,pass_block,inline,0.00000,0.00000,0.00000,True,1,LAC,1,0.17124,0.20024,2,2,0,0.01450,-0.41438,-0.39988,0,1,0,0.00000,1.00000,5
2021091208,225,48456,Donald Parham,pass_block,inline,0.00000,0.00000,0.00000,True,1,LAC,1,0.77369,0.78665,1,1,0,0.01297,-0.22631,-0.21335,1,0,0,0.00000,0.00000,5
2021091208,764,43845,Stephen Anderson,chip_release,inline,0.00000,0.00000,0.00000,True,1,LAC,0,0.53558,0.53558,1,0,1,0.00000,0.53558,0.53558,0,0,0,0.00000,0.00000,5
2021091208,1145,48456,Donald Parham,pass_block,inline,0.00000,0.00000,0.00000,True,1,LAC,0,0.39889,0.41036,1,1,0,0.01147,0.39889,0.41036,0,0,0,0.00000,0.00000,6
2021091208,1431,41349,Logan Thomas,pass_block,inline,0.00000,0.00000,0.00000,True,1,WAS,0,0.33592,0.35044,2,2,0,0.00726,0.16796,0.17522,0,0,0,0.00000,0.00000,5
2021091208,1431,45481,Ricky Seals-Jones,pass_block,wing,0.00000,0.00000,0.00000,True,1,WAS,0,0.33592,0.35044,2,2,0,0.00726,0.16796,0.17522,0,0,0,0.00000,0.00000,5
2021091208,1675,43845,Stephen Anderson,chip_release,inline,0.00000,0.00000,0.00000,True,1,LAC,0,0.49636,0.49636,1,0,1,0.00000,0.49636,0.49636,0,0,0,0.00000,0.00000,6
2021091208,1784,34540,Jared Cook,chip_release,wing,0.00000,0.00000,0.00000,True,1,LAC,0,0.47925,0.49235,2,1,1,0.00655,0.23963,0.24618,0,0,0,0.00000,0.00000,6
2021091208,1784,48456,Donald Parham,pass_block,inline,0.00000,0.00000,0.00000,True,1,LAC,0,0.47925,0.49235,2,1,1,0.00655,0.23963,0.24618,0,0,0,0.00000,0.00000,6
2021091208,2010,48456,Donald Parham,pass_block,inline,0.00000,0.00000,0.00000,True,1,LAC,1,0.35467,0.36564,1,1,0,0.01097,-0.64533,-0.63436,1,0,1,0.00000,2.00000,5
2021091208,2322,45481,Ricky Seals-Jones,pass_block,detached,0.00000,0.00000,0.00000,True,1,WAS,0,0.49567,0.50155,1,1,0,0.00588,0.49567,0.50155,0,0,0,0.00000,0.00000,5
2021091208,2670,34540,Jared Cook,chip_release,detached,0.00000,0.00000,0.00000,True,1,LAC,0,0.20886,0.20886,1,0,1,0.00000,0.20886,0.20886,0,0,0,0.00000,0.00000,5
2021091208,3375,43845,Stephen Anderson,chip_release,inline,0.00000,0.00000,0.00000,True,1,LAC,0,0.44021,0.44021,1,0,1,0.00000,0.44021,0.44021,0,0,0,0.00000,0.00000,6
2021091208,3484,34540,Jared Cook,pass_block,wing,0.00000,0.00000,0.00000,True,1,LAC,0,0.30415,0.32720,2,2,0,0.01153,0.15208,0.16360,0,0,0,0.00000,0.00000,5
2021091208,3484,48456,Donald Parham,pass_block,inline,0.00000,0.00000,0.00000,True,1,LAC,0,0.30415,0.32720,2,2,0,0.01153,0.15208,0.16360,0,0,0,0.00000,0.00000,5
2021091209,198,43370,Austin Hooper,pass_block,inline,0.00000,0.00000,0.00000,True,1,CLE,0,0.53546,0.64482,1,1,0,0.10935,0.53546,0.64482,0,0,0,0.00000,0.00000,5
2021091209,265,43370,Austin Hooper,chip_release,detached,0.00000,0.00000,0.00000,True,1,CLE,0,0.41444,0.41444,1,0,1,0.00000,0.41444,0.41444,0,0,0,0.00000,0.00000,5
2021091209,710,48683,Joe Fortson,chip_release,inline,0.00000,0.00000,0.00000,True,1,KC,1,0.78248,0.78248,1,0,1,0.00000,-0.21752,-0.21752,1,0,0,0.00000,1.00000,5
2021091209,768,43370,Austin Hooper,chip_release,inline,0.00000,0.00000,0.00000,True,1,CLE,0,0.19189,0.19944,2,1,1,0.00377,0.09595,0.09972,0,0,0,0.00000,0.00000,6
2021091209,768,44841,David Njoku,pass_block,inline,0.00000,0.00000,0.00000,True,1,CLE,0,0.19189,0.19944,2,1,1,0.00377,0.09595,0.09972,0,0,0,0.00000,0.00000,6
2021091209,797,44841,David Njoku,chip_release,inline,0.00000,0.00000,0.00000,True,1,CLE,0,0.16135,0.16135,2,0,2,0.00000,0.08067,0.08067,0,0,0,0.00000,0.00000,5
2021091209,797,52523,Harrison Bryant,chip_release,wing,0.00000,0.00000,0.00000,True,1,CLE,0,0.16135,0.16135,2,0,2,0.00000,0.08067,0.08067,0,0,0,0.00000,0.00000,5
2021091209,1142,40011,Travis Kelce,chip_release,detached,0.00000,0.00000,0.00000,True,1,KC,1,0.52801,0.52801,1,0,1,0.00000,-0.47199,-0.47199,0,1,0,0.00000,1.00000,6
2021091209,1166,40011,Travis Kelce,pass_block,detached,0.00000,0.00000,0.00000,True,1,KC,1,0.58745,0.61604,1,1,0,0.02859,-0.41255,-0.38396,1,0,0,0.00000,0.00000,5
2021091209,1247,42460,Blake Bell,chip_release,inline,0.00000,0.00000,0.00000,True,1,KC,0,0.26327,0.26327,1,0,1,0.00000,0.26327,0.26327,0,0,0,0.00000,0.00000,5
2021091209,1295,48683,Joe Fortson,chip_release,inline,0.00000,0.00000,0.00000,True,1,KC,1,0.77943,0.77943,1,0,1,0.00000,-0.22057,-0.22057,1,0,0,0.00000,1.00000,6
2021091209,1484,44841,David Njoku,pass_block,inline,0.00000,0.00000,0.00000,True,1,CLE,0,0.32270,0.32961,1,1,0,0.00692,0.32270,0.32961,0,0,0,0.00000,0.00000,6
2021091209,1508,44841,David Njoku,pass_block,detached,0.00000,0.00000,0.00000,True,1,CLE,0,0.44857,0.45065,1,1,0,0.00208,0.44857,0.45065,0,0,0,0.00000,0.00000,5
2021091209,1894,44841,David Njoku,chip_release,inline,0.00000,0.00000,0.00000,True,1,CLE,1,0.71929,0.71929,1,0,1,0.00000,-0.28071,-0.28071,1,0,0,0.00000,2.00000,5
2021091209,1916,44841,David Njoku,chip_release,detached,0.00000,0.00000,0.00000,True,1,CLE,1,0.30119,0.30119,1,0,1,0.00000,-0.69881,-0.69881,1,0,0,0.00000,1.00000,5
2021091209,2777,40011,Travis Kelce,chip_release,detached,0.00000,0.00000,0.00000,True,1,KC,1,0.36260,0.36260,1,0,1,0.00000,-0.63740,-0.63740,1,0,0,0.00000,1.00000,5
2021091209,2833,43370,Austin Hooper,pass_block,inline,0.00000,0.00000,0.00000,True,1,CLE,0,0.18346,0.21580,2,2,0,0.01617,0.09173,0.10790,0,0,0,0.00000,0.00000,5
2021091209,2833,52523,Harrison Bryant,pass_block,wing,0.00000,0.00000,0.00000,True,1,CLE,0,0.18346,0.21580,2,2,0,0.01617,0.09173,0.10790,0,0,0,0.00000,0.00000,5
2021091209,2942,43370,Austin Hooper,pass_block,inline,0.00000,0.00000,0.00000,True,1,CLE,0,0.20857,0.21648,1,1,0,0.00791,0.20857,0.21648,0,0,0,0.00000,0.00000,6
2021091209,3168,44841,David Njoku,chip_release,inline,0.00000,0.00000,0.00000,True,1,CLE,1,0.30010,0.30010,1,0,1,0.00000,-0.69990,-0.69990,0,1,0,0.00000,1.00000,5
2021091209,3435,44841,David Njoku,pass_block,inline,0.00000,0.00000,0.00000,True,1,CLE,0,0.50852,0.51977,1,1,0,0.01125,0.50852,0.51977,0,0,0,0.00000,0.00000,6
2021091210,146,44912,Jonnu Smith,pass_block,inline,1.00000,0.00000,0.00000,True,1,NE,1,0.44438,0.49352,1,1,0,0.04914,-0.55562,-0.50648,1,0,0,1.00000,1.00000,5
2021091210,200,43324,Hunter Henry,chip_release,detached,0.00000,0.00000,0.00000,True,1,NE,1,0.37590,0.37590,1,0,1,0.00000,-0.62410,-0.62410,1,1,0,0.00000,2.00000,5
2021091210,574,43324,Hunter Henry,pass_block,wing,0.00000,0.00000,0.00000,True,1,NE,1,0.27013,0.27190,2,2,0,0.00088,-0.36493,-0.36405,1,0,0,0.00000,1.00000,6
2021091210,574,44912,Jonnu Smith,pass_block,inline,0.00000,0.00000,0.00000,True,1,NE,1,0.27013,0.27190,2,2,0,0.00088,-0.36493,-0.36405,1,0,0,0.00000,1.00000,6
2021091210,726,46192,Durham Smythe,chip_release,detached,0.00000,0.00000,0.00000,True,1,MIA,1,0.52774,0.52774,1,0,1,0.00000,-0.47226,-0.47226,1,0,1,0.00000,2.00000,6
2021091210,1081,43324,Hunter Henry,chip_release,detached,0.00000,0.00000,0.00000,True,1,NE,0,0.40957,0.40957,1,0,1,0.00000,0.40957,0.40957,0,0,0,0.00000,0.00000,5
2021091210,1225,45217,Cethan Carter,pass_block,detached,0.00000,0.00000,0.00000,True,1,MIA,0,0.27051,0.28587,1,1,0,0.01537,0.27051,0.28587,0,0,0,0.00000,0.00000,5
2021091210,1323,44912,Jonnu Smith,pass_block,inline,0.00000,0.00000,0.00000,True,1,NE,0,0.23175,0.27507,1,1,0,0.04332,0.23175,0.27507,0,0,0,0.00000,0.00000,7
2021091210,1368,43324,Hunter Henry,pass_block,backfield,1.00000,0.00000,0.00000,True,1,NE,1,0.40324,0.40447,1,1,0,0.00123,-0.59676,-0.59553,1,0,0,1.00000,0.00000,6
2021091210,1657,44912,Jonnu Smith,pass_block,inline,0.00000,0.00000,0.00000,True,1,NE,1,0.49253,0.50870,1,1,0,0.01618,-0.50747,-0.49130,0,0,1,0.00000,1.00000,7
2021091210,2550,44912,Jonnu Smith,pass_block,inline,0.00000,0.00000,0.00000,True,1,NE,0,0.43421,0.50550,1,1,0,0.07129,0.43421,0.50550,0,0,0,0.00000,0.00000,6
2021091210,2611,43324,Hunter Henry,pass_block,wing,0.00000,0.00000,0.00000,True,1,NE,1,0.18303,0.22736,1,1,0,0.04432,-0.81697,-0.77264,1,0,0,0.00000,1.00000,5
2021091210,2912,44912,Jonnu Smith,pass_block,detached,0.00000,0.00000,0.00000,True,1,NE,0,0.19780,0.23673,1,1,0,0.03893,0.19780,0.23673,0,0,0,0.00000,0.00000,5
2021091210,3239,44912,Jonnu Smith,pass_block,inline,0.00000,0.00000,0.00000,True,1,NE,0,0.37918,0.39835,1,1,0,0.01917,0.37918,0.39835,0,0,0,0.00000,0.00000,6
2021091210,3473,43324,Hunter Henry,pass_block,backfield,0.00000,0.00000,0.00000,True,1,NE,0,0.38609,0.51057,1,1,0,0.12447,0.38609,0.51057,0,0,0,0.00000,0.00000,5
2021091211,597,44075,Garrett Griffin,pass_block,inline,0.00000,0.00000,0.00000,True,1,NO,0,0.28659,0.29689,1,1,0,0.01030,0.28659,0.29689,0,0,0,0.00000,0.00000,5
2021091211,1443,45635,Robert Tonyan,chip_release,detached,0.00000,0.00000,0.00000,True,1,GB,0,0.26086,0.26086,1,0,1,0.00000,0.26086,0.26086,0,0,0,0.00000,0.00000,6
2021091211,1785,53172,Dominique Dafney,pass_block,backfield,0.00000,0.00000,0.00000,True,1,GB,0,0.37487,0.38376,1,1,0,0.00889,0.37487,0.38376,0,0,0,0.00000,0.00000,6
2021091211,2471,30842,Marcedes Lewis,chip_release,inline,0.00000,0.00000,0.00000,True,1,GB,1,0.19961,0.19961,1,0,1,0.00000,-0.80039,-0.80039,1,0,0,0.00000,0.00000,6
2021091211,2755,45635,Robert Tonyan,chip_release,detached,0.00000,0.00000,0.00000,True,1,GB,1,0.38094,0.38094,1,0,1,0.00000,-0.61906,-0.61906,1,0,0,0.00000,1.00000,5
2021091211,2893,52513,Adam Trautman,pass_block,inline,0.00000,0.00000,0.00000,True,1,NO,0,0.31695,0.32331,1,1,0,0.00636,0.31695,0.32331,0,0,0,0.00000,0.00000,5
2021091211,3060,53172,Dominique Dafney,chip_release,detached,0.00000,0.00000,0.00000,True,1,GB,0,0.51988,0.51988,1,0,1,0.00000,0.51988,0.51988,0,0,0,0.00000,0.00000,6
2021091212,465,44987,Eric Saubert,pass_block,inline,0.00000,0.00000,0.00000,True,1,DEN,0,0.29844,0.30959,2,2,0,0.00557,0.14922,0.15480,0,0,0,0.00000,0.00000,5
2021091212,465,47803,Noah Fant,pass_block,wing,0.00000,0.00000,0.00000,True,1,DEN,0,0.29844,0.30959,2,2,0,0.00557,0.14922,0.15480,0,0,0,0.00000,0.00000,5
2021091212,489,44987,Eric Saubert,chip_release,inline,0.00000,0.00000,0.00000,True,1,DEN,1,0.29185,0.29185,1,0,1,0.00000,-0.70815,-0.70815,1,0,0,0.00000,0.00000,5
2021091212,657,47803,Noah Fant,chip_release,inline,0.00000,0.00000,0.00000,True,1,DEN,1,0.44282,0.44282,1,0,1,0.00000,-0.55718,-0.55718,1,0,0,0.00000,1.00000,5
2021091212,745,47803,Noah Fant,chip_release,inline,0.00000,0.00000,0.00000,True,1,DEN,0,0.28233,0.28233,1,0,1,0.00000,0.28233,0.28233,0,0,0,0.00000,0.00000,6
2021091212,843,37118,Kyle Rudolph,pass_block,inline,0.00000,0.00000,0.00000,True,1,NYG,0,0.29844,0.30876,2,2,0,0.00516,0.14922,0.15438,0,0,0,0.00000,0.00000,5
2021091212,843,47959,Kaden Smith,pass_block,wing,0.00000,0.00000,0.00000,True,1,NYG,0,0.29844,0.30876,2,2,0,0.00516,0.14922,0.15438,0,0,0,0.00000,0.00000,5
2021091212,935,37118,Kyle Rudolph,pass_block,inline,0.00000,0.00000,0.00000,True,1,NYG,0,0.14769,0.15759,2,1,1,0.00495,0.07385,0.07879,0,0,0,0.00000,0.00000,5
2021091212,935,47959,Kaden Smith,chip_release,wing,0.00000,0.00000,0.00000,True,1,NYG,0,0.14769,0.15759,2,1,1,0.00495,0.07385,0.07879,0,0,0,0.00000,0.00000,5
2021091212,1004,47959,Kaden Smith,chip_release,detached,0.00000,0.00000,0.00000,True,1,NYG,0,0.25116,0.25116,1,0,1,0.00000,0.25116,0.25116,0,0,0,0.00000,0.00000,5
2021091212,1127,44987,Eric Saubert,pass_block,inline,0.00000,0.00000,0.00000,True,1,DEN,0,0.28312,0.30565,2,2,0,0.01126,0.14156,0.15282,0,0,0,0.00000,0.00000,5
2021091212,1127,52526,Albert Okwuegbunam,pass_block,backfield,0.00000,0.00000,0.00000,True,1,DEN,0,0.28312,0.30565,2,2,0,0.01126,0.14156,0.15282,0,0,0,0.00000,0.00000,5
2021091212,1260,52526,Albert Okwuegbunam,chip_release,inline,0.00000,0.00000,0.00000,True,1,DEN,0,0.29572,0.29572,1,0,1,0.00000,0.29572,0.29572,0,0,0,0.00000,0.00000,5
2021091212,1901,44987,Eric Saubert,pass_block,inline,0.00000,0.00000,0.00000,True,1,DEN,1,0.25859,0.28872,2,2,0,0.01507,-0.37071,-0.35564,1,0,0,0.00000,1.00000,5
2021091212,1901,52526,Albert Okwuegbunam,pass_block,wing,0.00000,0.00000,0.00000,True,1,DEN,1,0.25859,0.28872,2,2,0,0.01507,-0.37071,-0.35564,1,0,0,0.00000,1.00000,5
2021091212,2008,52526,Albert Okwuegbunam,chip_release,inline,0.00000,0.00000,0.00000,True,1,DEN,1,0.53392,0.53392,1,0,1,0.00000,-0.46608,-0.46608,0,1,0,0.00000,1.00000,5
2021091212,2474,37118,Kyle Rudolph,pass_block,inline,0.00000,0.00000,0.00000,True,1,NYG,1,0.77365,0.78033,2,2,0,0.00334,-0.11317,-0.10983,1,0,0,0.00000,1.00000,6
2021091212,2474,47959,Kaden Smith,pass_block,wing,1.00000,0.00000,0.00000,True,1,NYG,1,0.77365,0.78033,2,2,0,0.00334,-0.11317,-0.10983,1,0,0,1.00000,1.00000,6
2021091212,2532,44987,Eric Saubert,chip_release,inline,0.00000,0.00000,0.00000,True,1,DEN,1,0.30570,0.30570,1,0,1,0.00000,-0.69430,-0.69430,1,0,0,0.00000,0.00000,5
2021091212,2630,44987,Eric Saubert,chip_release,backfield,0.00000,0.00000,0.00000,True,1,DEN,1,0.41346,0.41346,1,0,1,0.00000,-0.58654,-0.58654,1,0,0,0.00000,1.00000,5
2021091212,2947,37118,Kyle Rudolph,pass_block,inline,0.00000,0.00000,0.00000,True,1,NYG,0,0.32058,0.36502,2,1,1,0.02222,0.16029,0.18251,0,0,0,0.00000,0.00000,5
2021091212,2947,47959,Kaden Smith,chip_release,wing,0.00000,0.00000,0.00000,True,1,NYG,0,0.32058,0.36502,2,1,1,0.02222,0.16029,0.18251,0,0,0,0.00000,0.00000,5
2021091212,3014,37118,Kyle Rudolph,pass_block,inline,1.00000,0.00000,0.00000,True,1,NYG,1,0.60500,0.60714,1,1,0,0.00213,-0.39500,-0.39286,1,1,0,1.00000,0.00000,6
2021091212,3342,37118,Kyle Rudolph,chip_release,inline,0.00000,0.00000,0.00000,True,1,NYG,0,0.28167,0.28167,1,0,1,0.00000,0.28167,0.28167,0,0,0,0.00000,0.00000,5
2021091212,3446,37118,Kyle Rudolph,pass_block,inline,0.00000,0.00000,0.00000,True,1,NYG,0,0.57314,0.57437,1,1,0,0.00123,0.57314,0.57437,0,0,0,0.00000,0.00000,5
2021091213,289,43399,Tyler Higbee,pass_block,inline,0.00000,0.00000,0.00000,True,1,LA,0,0.25812,0.26044,1,1,0,0.00232,0.25812,0.26044,0,0,0,0.00000,0.00000,5
2021091213,538,43399,Tyler Higbee,chip_release,detached,0.00000,0.00000,0.00000,True,1,LA,0,0.25540,0.25540,1,0,1,0.00000,0.25540,0.25540,0,0,0,0.00000,0.00000,5
2021091213,962,43399,Tyler Higbee,pass_block,inline,0.00000,0.00000,0.00000,True,1,LA,0,0.41596,0.44454,2,1,1,0.01429,0.20798,0.22227,0,0,0,0.00000,0.00000,6
2021091213,962,45094,Johnny Mundt,chip_release,wing,0.00000,0.00000,0.00000,True,1,LA,0,0.41596,0.44454,2,1,1,0.01429,0.20798,0.22227,0,0,0,0.00000,0.00000,6
2021091213,1421,42503,Jesse James,chip_release,inline,0.00000,0.00000,0.00000,True,1,CHI,0,0.53625,0.53625,2,0,2,0.00000,0.26812,0.26812,0,0,0,0.00000,0.00000,5
2021091213,1421,52451,Cole Kmet,chip_release,wing,0.00000,0.00000,0.00000,True,1,CHI,0,0.53625,0.53625,2,0,2,0.00000,0.26812,0.26812,0,0,0,0.00000,0.00000,5
2021091213,1794,43399,Tyler Higbee,chip_release,inline,0.00000,0.00000,0.00000,True,1,LA,0,0.35706,0.35706,1,0,1,0.00000,0.35706,0.35706,0,0,0,0.00000,0.00000,5
2021091213,1818,43399,Tyler Higbee,chip_release,inline,0.00000,0.00000,0.00000,True,1,LA,1,0.21922,0.21922,1,0,1,0.00000,-0.78078,-0.78078,0,1,0,0.00000,0.00000,5
2021091213,1898,52451,Cole Kmet,pass_block,inline,0.00000,0.00000,0.00000,True,1,CHI,0,0.24883,0.26518,1,1,0,0.01636,0.24883,0.26518,0,0,0,0.00000,0.00000,6
2021091213,1988,52451,Cole Kmet,pass_block,inline,0.00000,0.00000,0.00000,True,1,CHI,0,0.16578,0.18255,1,1,0,0.01676,0.16578,0.18255,0,0,0,0.00000,0.00000,5
2021091213,2012,42503,Jesse James,chip_release,inline,0.00000,0.00000,0.00000,True,1,CHI,1,0.49181,0.49181,2,0,2,0.00000,-0.25410,-0.25410,1,0,0,0.00000,0.00000,5
2021091213,2012,52451,Cole Kmet,chip_release,wing,0.00000,0.00000,0.00000,True,1,CHI,1,0.49181,0.49181,2,0,2,0.00000,-0.25410,-0.25410,1,0,0,0.00000,0.00000,5
2021091213,2111,52451,Cole Kmet,pass_block,inline,0.00000,0.00000,0.00000,True,1,CHI,0,0.36908,0.37525,1,1,0,0.00617,0.36908,0.37525,0,0,0,0.00000,0.00000,6
2021091213,2881,52451,Cole Kmet,chip_release,inline,0.00000,0.00000,0.00000,True,1,CHI,0,0.46242,0.46242,1,0,1,0.00000,0.46242,0.46242,0,0,0,0.00000,0.00000,5
2021091300,880,39109,Derek Carrier,chip_release,inline,0.00000,0.00000,0.00000,True,1,LV,0,0.25964,0.25964,1,0,1,0.00000,0.25964,0.25964,0,0,0,0.00000,0.00000,5
2021091300,1461,47920,Foster Moreau,pass_block,inline,0.00000,0.00000,0.00000,True,1,LV,0,0.35020,0.35705,1,1,0,0.00684,0.35020,0.35705,0,0,0,0.00000,0.00000,6
2021091300,1553,42547,Darren Waller,pass_block,inline,0.00000,0.00000,0.00000,True,1,LV,0,0.58807,0.62204,1,1,0,0.03396,0.58807,0.62204,0,0,0,0.00000,0.00000,6
2021091300,1744,46155,Mark Andrews,chip_release,inline,0.00000,0.00000,0.00000,True,1,BAL,1,0.32841,0.32841,1,0,1,0.00000,-0.67159,-0.67159,0,1,0,0.00000,1.00000,5
2021091300,1875,47920,Foster Moreau,chip_release,detached,0.00000,0.00000,0.00000,True,1,LV,0,0.70752,0.70752,1,0,1,0.00000,0.70752,0.70752,0,0,0,0.00000,0.00000,5
2021091300,1921,42547,Darren Waller,chip_release,inline,0.00000,0.00000,0.00000,True,1,LV,1,0.40212,0.40212,1,0,1,0.00000,-0.59788,-0.59788,1,0,0,0.00000,0.00000,5
2021091300,2655,42547,Darren Waller,chip_release,inline,0.00000,0.00000,0.00000,True,1,LV,0,0.40435,0.40435,1,0,1,0.00000,0.40435,0.40435,0,0,0,0.00000,0.00000,6
2021091300,2700,42547,Darren Waller,pass_block,inline,0.00000,0.00000,0.00000,True,1,LV,0,0.40442,0.40699,1,1,0,0.00257,0.40442,0.40699,0,0,0,0.00000,0.00000,6
2021091300,3098,47920,Foster Moreau,pass_block,detached,0.00000,0.00000,0.00000,True,1,LV,0,0.45026,0.45506,1,1,0,0.00480,0.45026,0.45506,0,0,0,0.00000,0.00000,5
2021091300,3211,42721,Eric Tomlinson,chip_release,inline,0.00000,0.00000,0.00000,True,1,BAL,0,0.33478,0.33478,1,0,1,0.00000,0.33478,0.33478,0,0,0,0.00000,0.00000,5
2021091300,3312,42547,Darren Waller,pass_block,inline,0.00000,0.00000,0.00000,True,1,LV,1,0.18429,0.19041,1,1,0,0.00612,-0.81571,-0.80959,1,0,0,0.00000,1.00000,5
2021091300,3664,47920,Foster Moreau,chip_release,detached,0.00000,0.00000,0.00000,True,1,LV,0,0.22351,0.22351,1,0,1,0.00000,0.22351,0.22351,0,0,0,0.00000,0.00000,5
2021091300,3688,47920,Foster Moreau,pass_block,detached,0.00000,0.00000,0.00000,True,1,LV,0,0.35612,0.36538,1,1,0,0.00926,0.35612,0.36538,0,0,0,0.00000,0.00000,6
2021091300,3734,42547,Darren Waller,chip_release,detached,0.00000,0.00000,0.00000,True,1,LV,1,0.69266,0.70408,2,1,1,0.00571,-0.15367,-0.14796,1,0,0,0.00000,1.00000,5
2021091300,3734,47920,Foster Moreau,pass_block,detached,0.00000,0.00000,0.00000,True,1,LV,1,0.69266,0.70408,2,1,1,0.00571,-0.15367,-0.14796,1,0,0,0.00000,1.00000,5
2021091300,3756,42547,Darren Waller,pass_block,inline,1.00000,0.00000,0.00000,True,1,LV,1,0.45554,0.46673,1,1,0,0.01119,-0.54446,-0.53327,1,0,0,1.00000,1.00000,6
2021091300,4166,47920,Foster Moreau,pass_block,inline,0.00000,0.00000,0.00000,True,1,LV,0,0.09949,0.10359,1,1,0,0.00411,0.09949,0.10359,0,0,0,0.00000,0.00000,6
2021091300,4347,47920,Foster Moreau,pass_block,inline,0.00000,0.00000,0.00000,True,1,LV,0,0.10524,0.13166,1,1,0,0.02643,0.10524,0.13166,0,0,0,0.00000,0.00000,6
2021091300,4454,42547,Darren Waller,chip_release,inline,0.00000,0.00000,0.00000,True,1,LV,1,0.69237,0.69237,1,0,1,0.00000,-0.30763,-0.30763,1,0,0,0.00000,1.00000,6
2021091300,4845,47920,Foster Moreau,pass_block,inline,0.00000,0.00000,0.00000,True,1,LV,0,0.45013,0.46130,1,1,0,0.01117,0.45013,0.46130,0,0,0,0.00000,0.00000,6
2021091600,261,37118,Kyle Rudolph,pass_block,inline,0.00000,0.00000,0.00000,True,2,NYG,1,0.44904,0.45416,2,1,1,0.00256,-0.27548,-0.27292,1,0,1,0.00000,1.00000,5
2021091600,261,47959,Kaden Smith,chip_release,wing,0.00000,0.00000,0.00000,True,2,NYG,1,0.44904,0.45416,2,1,1,0.00256,-0.27548,-0.27292,1,0,1,0.00000,1.00000,5
2021091600,280,37118,Kyle Rudolph,chip_release,detached,0.00000,0.00000,0.00000,True,2,NYG,1,0.41023,0.41023,1,0,1,0.00000,-0.58977,-0.58977,1,0,0,0.00000,1.00000,5
2021091600,590,47959,Kaden Smith,pass_block,inline,0.00000,0.00000,0.00000,True,2,NYG,1,0.34346,0.36271,1,1,0,0.01925,-0.65654,-0.63729,1,0,0,0.00000,2.00000,5
2021091600,727,37118,Kyle Rudolph,chip_release,detached,0.00000,0.00000,0.00000,True,2,NYG,1,0.58722,0.58722,1,0,1,0.00000,-0.41278,-0.41278,1,0,1,0.00000,1.00000,5
2021091600,839,41349,Logan Thomas,pass_block,detached,0.00000,0.00000,0.00000,True,2,WAS,0,0.43565,0.44073,1,1,0,0.00508,0.43565,0.44073,0,0,0,0.00000,0.00000,5
2021091600,1037,41349,Logan Thomas,pass_block,detached,0.00000,0.00000,0.00000,True,2,WAS,0,0.25624,0.27909,1,1,0,0.02285,0.25624,0.27909,0,0,0,0.00000,0.00000,6
2021091600,1117,47959,Kaden Smith,pass_block,wing,0.00000,0.00000,0.00000,True,2,NYG,1,0.43042,0.43759,2,2,0,0.00359,-0.28479,-0.28120,1,0,0,0.00000,1.00000,5
2021091600,1117,48475,Chris Myarick,pass_block,inline,0.00000,0.00000,0.00000,True,2,NYG,1,0.43042,0.43759,2,2,0,0.00359,-0.28479,-0.28120,1,0,0,0.00000,1.00000,5
2021091600,2161,47959,Kaden Smith,pass_block,wing,0.00000,0.00000,0.00000,True,2,NYG,0,0.43042,0.43759,2,2,0,0.00359,0.21521,0.21880,0,0,0,0.00000,0.00000,5
2021091600,2161,48475,Chris Myarick,pass_block,inline,0.00000,0.00000,0.00000,True,2,NYG,0,0.43042,0.43759,2,2,0,0.00359,0.21521,0.21880,0,0,0,0.00000,0.00000,5
2021091600,2185,47959,Kaden Smith,chip_release,detached,0.00000,0.00000,0.00000,True,2,NYG,1,0.36271,0.36271,1,0,1,0.00000,-0.63729,-0.63729,1,0,0,0.00000,2.00000,5
2021091600,2253,48475,Chris Myarick,pass_block,inline,0.00000,0.00000,0.00000,True,2,NYG,0,0.30940,0.31783,1,1,0,0.00843,0.30940,0.31783,0,0,0,0.00000,0.00000,5
2021091600,2378,37118,Kyle Rudolph,pass_block,inline,0.00000,0.00000,0.00000,True,2,NYG,0,0.49648,0.51754,1,1,0,0.02106,0.49648,0.51754,0,0,0,0.00000,0.00000,5
2021091600,2493,41349,Logan Thomas,chip_release,inline,0.00000,0.00000,0.00000,True,2,WAS,0,0.31566,0.31566,1,0,1,0.00000,0.31566,0.31566,0,0,0,0.00000,0.00000,5
2021091600,2873,41349,Logan Thomas,pass_block,detached,0.00000,0.00000,0.00000,True,2,WAS,1,0.28153,0.29173,1,1,0,0.01020,-0.71847,-0.70827,1,0,0,0.00000,0.00000,5
2021091600,3001,41349,Logan Thomas,chip_release,detached,0.00000,0.00000,0.00000,True,2,WAS,1,0.71167,0.71167,1,0,1,0.00000,-0.28833,-0.28833,1,0,0,0.00000,1.00000,5
2021091600,3185,37118,Kyle Rudolph,pass_block,inline,0.00000,0.00000,1.00000,True,2,NYG,1,0.42678,0.45175,1,1,0,0.02496,-0.57322,-0.54825,1,0,1,1.00000,1.00000,6
2021091600,3316,41349,Logan Thomas,pass_block,detached,0.00000,0.00000,0.00000,True,2,WAS,0,0.42847,0.44073,1,1,0,0.01225,0.42847,0.44073,0,0,0,0.00000,0.00000,6
2021091600,3440,41349,Logan Thomas,chip_release,detached,0.00000,0.00000,0.00000,True,2,WAS,1,0.28952,0.28952,1,0,1,0.00000,-0.71048,-0.71048,1,0,0,0.00000,0.00000,5
2021091600,3509,41349,Logan Thomas,chip_release,detached,0.00000,0.00000,0.00000,True,2,WAS,0,0.24130,0.24130,1,0,1,0.00000,0.24130,0.24130,0,0,0,0.00000,0.00000,5
2021091600,3567,37118,Kyle Rudolph,pass_block,inline,0.00000,0.00000,0.00000,True,2,NYG,0,0.40378,0.41083,2,2,0,0.00353,0.20189,0.20542,0,0,0,0.00000,0.00000,5
2021091600,3567,47959,Kaden Smith,pass_block,wing,0.00000,0.00000,0.00000,True,2,NYG,0,0.40378,0.41083,2,2,0,0.00353,0.20189,0.20542,0,0,0,0.00000,0.00000,5
2021091600,3743,37118,Kyle Rudolph,chip_release,detached,0.00000,0.00000,0.00000,True,2,NYG,0,0.54371,0.54371,1,0,1,0.00000,0.54371,0.54371,0,0,0,0.00000,0.00000,5
2021091600,3972,37118,Kyle Rudolph,chip_release,detached,0.00000,0.00000,0.00000,True,2,NYG,0,0.80134,0.80134,1,0,1,0.00000,0.80134,0.80134,0,0,0,0.00000,0.00000,5
2021091900,121,46170,Ian Thomas,pass_block,inline,0.00000,0.00000,0.00000,True,2,CAR,0,0.24323,0.24346,1,1,0,0.00023,0.24323,0.24346,0,0,0,0.00000,0.00000,5
2021091900,145,53512,Tommy Tremble,pass_block,wing,0.00000,0.00000,0.00000,True,2,CAR,0,0.25537,0.27020,1,1,0,0.01483,0.25537,0.27020,0,0,0,0.00000,0.00000,5
2021091900,241,52513,Adam Trautman,pass_block,inline,0.00000,0.00000,1.00000,True,2,NO,1,0.41288,0.45007,1,1,0,0.03720,-0.58712,-0.54993,0,0,1,1.00000,0.00000,7
2021091900,440,46170,Ian Thomas,pass_block,inline,1.00000,0.00000,0.00000,True,2,CAR,1,0.68344,0.71451,2,2,0,0.01553,-0.15828,-0.14274,1,0,0,1.00000,0.00000,5
2021091900,440,53512,Tommy Tremble,pass_block,wing,0.00000,0.00000,0.00000,True,2,CAR,1,0.68344,0.71451,2,2,0,0.01553,-0.15828,-0.14274,1,0,0,0.00000,0.00000,5
2021091900,523,53512,Tommy Tremble,pass_block,wing,0.00000,0.00000,0.00000,True,2,CAR,0,0.55423,0.67465,1,1,0,0.12042,0.55423,0.67465,0,0,0,0.00000,0.00000,6
2021091900,876,46170,Ian Thomas,pass_block,inline,0.00000,0.00000,0.00000,True,2,CAR,0,0.61190,0.63686,1,1,0,0.02495,0.61190,0.63686,0,0,0,0.00000,0.00000,5
2021091900,1024,46170,Ian Thomas,pass_block,inline,0.00000,0.00000,0.00000,True,2,CAR,0,0.78713,0.79352,2,1,1,0.00319,0.39357,0.39676,0,0,0,0.00000,0.00000,5
2021091900,1024,53512,Tommy Tremble,chip_release,inline,0.00000,0.00000,0.00000,True,2,CAR,0,0.78713,0.79352,2,1,1,0.00319,0.39357,0.39676,0,0,0,0.00000,0.00000,5
2021091900,1198,52513,Adam Trautman,chip_release,wing,0.00000,0.00000,0.00000,True,2,NO,0,0.29822,0.29822,1,0,1,0.00000,0.29822,0.29822,0,0,0,0.00000,0.00000,6
2021091900,1323,46170,Ian Thomas,pass_block,inline,0.00000,0.00000,0.00000,True,2,CAR,0,0.39805,0.40020,1,1,0,0.00214,0.39805,0.40020,0,0,0,0.00000,0.00000,5
2021091900,1558,46170,Ian Thomas,pass_block,detached,0.00000,0.00000,0.00000,True,2,CAR,0,0.29953,0.30140,1,1,0,0.00188,0.29953,0.30140,0,0,0,0.00000,0.00000,5
2021091900,1850,45785,Dan Arnold,chip_release,detached,0.00000,0.00000,0.00000,True,2,CAR,1,0.69389,0.69389,1,0,1,0.00000,-0.30611,-0.30611,1,0,0,0.00000,1.00000,5
2021091900,2134,46170,Ian Thomas,pass_block,inline,0.00000,0.00000,0.00000,True,2,CAR,0,0.48647,0.50664,1,1,0,0.02017,0.48647,0.50664,0,0,0,0.00000,0.00000,5
2021091900,2536,46170,Ian Thomas,chip_release,inline,0.00000,0.00000,0.00000,True,2,CAR,0,0.24791,0.24791,2,0,2,0.00000,0.12396,0.12396,0,0,0,0.00000,0.00000,5
2021091900,2536,53512,Tommy Tremble,chip_release,wing,0.00000,0.00000,0.00000,True,2,CAR,0,0.24791,0.24791,2,0,2,0.00000,0.12396,0.12396,0,0,0,0.00000,0.00000,5
2021091900,2805,52513,Adam Trautman,pass_block,inline,0.00000,0.00000,0.00000,True,2,NO,0,0.13845,0.17947,1,1,0,0.04102,0.13845,0.17947,0,0,0,0.00000,0.00000,6
2021091900,2977,46170,Ian Thomas,pass_block,inline,0.00000,0.00000,0.00000,True,2,CAR,0,0.43506,0.45498,1,1,0,0.01993,0.43506,0.45498,0,0,0,0.00000,0.00000,5
2021091900,3051,46170,Ian Thomas,pass_block,inline,0.00000,0.00000,0.00000,True,2,CAR,0,0.27317,0.27342,1,1,0,0.00024,0.27317,0.27342,0,0,0,0.00000,0.00000,5
2021091900,3148,44075,Garrett Griffin,pass_block,wing,0.00000,0.00000,0.00000,True,2,NO,0,0.39534,0.40186,1,1,0,0.00653,0.39534,0.40186,0,0,0,0.00000,0.00000,6
2021091900,3288,46170,Ian Thomas,pass_block,inline,0.00000,0.00000,0.00000,True,2,CAR,0,0.35021,0.35137,2,2,0,0.00058,0.17510,0.17569,0,0,0,0.00000,0.00000,6
2021091900,3288,53512,Tommy Tremble,pass_block,wing,0.00000,0.00000,0.00000,True,2,CAR,0,0.35021,0.35137,2,2,0,0.00058,0.17510,0.17569,0,0,0,0.00000,0.00000,6
2021091900,3310,45785,Dan Arnold,chip_release,inline,0.00000,0.00000,0.00000,True,2,CAR,1,0.56331,0.56331,1,0,1,0.00000,-0.43669,-0.43669,0,1,0,0.00000,1.00000,5
2021091900,3355,46170,Ian Thomas,pass_block,inline,0.00000,0.00000,0.00000,True,2,CAR,0,0.13910,0.13925,1,1,0,0.00015,0.13910,0.13925,0,0,0,0.00000,0.00000,5
2021091900,3538,52942,Juwan Johnson,chip_release,inline,0.00000,0.00000,0.00000,True,2,NO,0,0.26702,0.26702,1,0,1,0.00000,0.26702,0.26702,0,0,0,0.00000,0.00000,5
2021091900,3603,52942,Juwan Johnson,chip_release,inline,0.00000,0.00000,0.00000,True,2,NO,1,0.73601,0.73601,1,0,1,0.00000,-0.26399,-0.26399,1,0,0,0.00000,0.00000,6
2021091901,59,42503,Jesse James,pass_block,wing,0.00000,0.00000,0.00000,True,2,CHI,1,0.60143,0.66183,2,2,0,0.03020,-0.19929,-0.16908,1,0,0,0.00000,0.00000,5
2021091901,59,52451,Cole Kmet,pass_block,inline,0.00000,0.00000,0.00000,True,2,CHI,1,0.60143,0.66183,2,2,0,0.03020,-0.19929,-0.16908,1,0,0,0.00000,0.00000,5
2021091901,126,52451,Cole Kmet,pass_block,inline,0.00000,0.00000,0.00000,True,2,CHI,0,0.27557,0.28144,1,1,0,0.00587,0.27557,0.28144,0,0,0,0.00000,0.00000,5
2021091901,646,42500,C.J. Uzomah,chip_release,inline,0.00000,0.00000,0.00000,True,2,CIN,1,0.40782,0.40782,1,0,1,0.00000,-0.59218,-0.59218,0,0,1,0.00000,1.00000,5
2021091901,870,44009,J.P. Holtz,pass_block,backfield,0.00000,0.00000,0.00000,True,2,CHI,0,0.60329,0.61027,1,1,0,0.00697,0.60329,0.61027,0,0,0,0.00000,0.00000,5
2021091901,910,42503,Jesse James,pass_block,inline,0.00000,0.00000,0.00000,True,2,CHI,0,0.24820,0.27060,2,2,0,0.01120,0.12410,0.13530,0,0,0,0.00000,0.00000,6
2021091901,910,52451,Cole Kmet,pass_block,inline,0.00000,0.00000,0.00000,True,2,CHI,0,0.24820,0.27060,2,2,0,0.01120,0.12410,0.13530,0,0,0,0.00000,0.00000,6
2021091901,988,42503,Jesse James,pass_block,inline,0.00000,0.00000,0.00000,True,2,CHI,0,0.77090,0.77391,1,1,0,0.00301,0.77090,0.77391,0,0,0,0.00000,0.00000,5
2021091901,1205,42500,C.J. Uzomah,chip_release,wing,0.00000,0.00000,0.00000,True,2,CIN,0,0.32054,0.32054,1,0,1,0.00000,0.32054,0.32054,0,0,0,0.00000,0.00000,5
2021091901,1313,42503,Jesse James,pass_block,inline,0.00000,0.00000,0.00000,True,2,CHI,0,0.17341,0.19851,2,2,0,0.01255,0.08671,0.09926,0,0,0,0.00000,0.00000,5
2021091901,1313,44009,J.P. Holtz,pass_block,wing,0.00000,0.00000,0.00000,True,2,CHI,0,0.17341,0.19851,2,2,0,0.01255,0.08671,0.09926,0,0,0,0.00000,0.00000,5
2021091901,1385,52451,Cole Kmet,chip_release,detached,0.00000,0.00000,0.00000,True,2,CHI,1,0.25156,0.25156,1,0,1,0.00000,-0.74844,-0.74844,0,0,1,0.00000,1.00000,5
2021091901,1856,35534,Jimmy Graham,chip_release,detached,0.00000,0.00000,0.00000,True,2,CHI,1,0.42835,0.42835,1,0,1,0.00000,-0.57165,-0.57165,1,1,0,0.00000,1.00000,5
2021091901,2113,42500,C.J. Uzomah,chip_release,inline,0.00000,0.00000,0.00000,True,2,CIN,1,0.29198,0.29198,1,0,1,0.00000,-0.70802,-0.70802,0,1,0,0.00000,0.00000,5
2021091901,2154,42500,C.J. Uzomah,chip_release,inline,0.00000,0.00000,0.00000,True,2,CIN,1,0.86707,0.86707,1,0,1,0.00000,-0.13293,-0.13293,1,0,1,0.00000,1.00000,5
2021091901,2240,47835,Drew Sample,pass_block,inline,0.00000,0.00000,0.00000,True,2,CIN,1,0.24795,0.27033,1,1,0,0.02238,-0.75205,-0.72967,1,0,0,0.00000,1.00000,5
2021091901,2443,35534,Jimmy Graham,chip_release,inline,0.00000,0.00000,0.00000,True,2,CHI,0,0.18488,0.19847,2,1,1,0.00679,0.09244,0.09923,0,0,0,0.00000,0.00000,5
2021091901,2443,52451,Cole Kmet,pass_block,inline,0.00000,0.00000,0.00000,True,2,CHI,0,0.18488,0.19847,2,1,1,0.00679,0.09244,0.09923,0,0,0,0.00000,0.00000,5
2021091901,3176,52451,Cole Kmet,pass_block,inline,0.00000,0.00000,0.00000,True,2,CHI,0,0.33531,0.34122,1,1,0,0.00591,0.33531,0.34122,0,0,0,0.00000,0.00000,6
2021091901,3233,52451,Cole Kmet,chip_release,detached,0.00000,0.00000,0.00000,True,2,CHI,0,0.20539,0.20539,1,0,1,0.00000,0.20539,0.20539,0,0,0,0.00000,0.00000,5
2021091901,3492,47835,Drew Sample,pass_block,inline,0.00000,0.00000,0.00000,True,2,CIN,0,0.24388,0.24878,1,1,0,0.00490,0.24388,0.24878,0,0,0,0.00000,0.00000,5
2021091901,3535,42500,C.J. Uzomah,chip_release,detached,0.00000,0.00000,0.00000,True,2,CIN,0,0.40101,0.40101,1,0,1,0.00000,0.40101,0.40101,0,0,0,0.00000,0.00000,6
2021091901,3564,42500,C.J. Uzomah,chip_release,inline,0.00000,0.00000,0.00000,True,2,CIN,0,0.22086,0.22086,1,0,1,0.00000,0.22086,0.22086,0,0,0,0.00000,0.00000,5
2021091902,164,44841,David Njoku,chip_release,inline,0.00000,0.00000,0.00000,True,2,CLE,1,0.39262,0.39262,1,0,1,0.00000,-0.60738,-0.60738,1,0,1,0.00000,2.00000,5
2021091902,389,45321,Antony Auclair,pass_block,inline,0.00000,0.00000,0.00000,True,2,HOU,0,0.27186,0.29323,2,2,0,0.01069,0.13593,0.14662,0,0,0,0.00000,0.00000,5
2021091902,389,45339,Pharaoh Brown,pass_block,wing,0.00000,0.00000,0.00000,True,2,HOU,0,0.27186,0.29323,2,2,0,0.01069,0.13593,0.14662,0,0,0,0.00000,0.00000,5
2021091902,434,45339,Pharaoh Brown,chip_release,inline,0.00000,0.00000,0.00000,True,2,HOU,1,0.25492,0.25492,1,0,1,0.00000,-0.74508,-0.74508,1,0,0,0.00000,1.00000,5
2021091902,676,43370,Austin Hooper,chip_release,inline,0.00000,0.00000,0.00000,True,2,CLE,0,0.28633,0.28633,1,0,1,0.00000,0.28633,0.28633,0,0,0,0.00000,0.00000,6
2021091902,985,43370,Austin Hooper,chip_release,inline,0.00000,0.00000,0.00000,True,2,CLE,1,0.44782,0.44782,1,0,1,0.00000,-0.55218,-0.55218,0,0,1,0.00000,1.00000,6
2021091902,1029,44841,David Njoku,chip_release,inline,0.00000,0.00000,0.00000,True,2,CLE,1,0.41309,0.41309,1,0,1,0.00000,-0.58691,-0.58691,1,0,0,0.00000,0.00000,5
2021091902,1263,46167,Jordan Akins,pass_block,detached,0.00000,0.00000,0.00000,True,2,HOU,1,0.78836,0.79398,1,1,0,0.00562,-0.21164,-0.20602,1,0,0,0.00000,1.00000,5
2021091902,1436,43370,Austin Hooper,chip_release,inline,0.00000,0.00000,0.00000,True,2,CLE,0,0.50587,0.50587,1,0,1,0.00000,0.50587,0.50587,0,0,0,0.00000,0.00000,5
2021091902,1751,46167,Jordan Akins,chip_release,inline,0.00000,0.00000,0.00000,True,2,HOU,1,0.54238,0.54238,1,0,1,0.00000,-0.45762,-0.45762,1,0,0,0.00000,1.00000,5
2021091902,2635,45339,Pharaoh Brown,pass_block,inline,0.00000,0.00000,0.00000,True,2,HOU,0,0.27186,0.29323,2,2,0,0.01069,0.13593,0.14662,0,0,0,0.00000,0.00000,5
2021091902,2635,46167,Jordan Akins,pass_block,inline,0.00000,0.00000,0.00000,True,2,HOU,0,0.27186,0.29323,2,2,0,0.01069,0.13593,0.14662,0,0,0,0.00000,0.00000,5
2021091902,3052,45339,Pharaoh Brown,pass_block,inline,0.00000,0.00000,0.00000,True,2,HOU,0,0.11515,0.12728,1,1,0,0.01214,0.11515,0.12728,0,0,0,0.00000,0.00000,6
2021091902,3651,46167,Jordan Akins,chip_release,detached,0.00000,0.00000,0.00000,True,2,HOU,0,0.26685,0.26685,1,0,1,0.00000,0.26685,0.26685,0,0,0,0.00000,0.00000,5
2021091902,3710,46167,Jordan Akins,chip_release,detached,0.00000,0.00000,0.00000,True,2,HOU,1,0.73073,0.73073,1,0,1,0.00000,-0.26927,-0.26927,1,0,0,0.00000,1.00000,5
2021091902,3761,46167,Jordan Akins,chip_release,detached,0.00000,0.00000,0.00000,True,2,HOU,1,0.71682,0.71682,1,0,1,0.00000,-0.28318,-0.28318,1,0,0,0.00000,0.00000,5
2021091902,3820,46167,Jordan Akins,chip_release,detached,0.00000,0.00000,0.00000,True,2,HOU,1,0.70021,0.70021,1,0,1,0.00000,-0.29979,-0.29979,1,0,0,0.00000,0.00000,5
2021091903,289,44792,Mo Alie-Cox,chip_release,inline,0.00000,0.00000,0.00000,True,2,IND,1,0.47260,0.47260,1,0,1,0.00000,-0.52740,-0.52740,0,0,1,0.00000,0.00000,5
2021091903,353,43399,Tyler Higbee,pass_block,inline,0.00000,0.00000,0.00000,True,2,LA,0,0.23066,0.26307,1,1,0,0.03241,0.23066,0.26307,0,0,0,0.00000,0.00000,5
2021091903,377,43399,Tyler Higbee,chip_release,inline,0.00000,0.00000,0.00000,True,2,LA,0,0.33239,0.33239,1,0,1,0.00000,0.33239,0.33239,0,0,0,0.00000,0.00000,5
2021091903,945,43399,Tyler Higbee,pass_block,inline,0.00000,0.00000,0.00000,True,2,LA,0,0.21883,0.23446,1,1,0,0.01563,0.21883,0.23446,0,0,0,0.00000,0.00000,5
2021091903,990,43399,Tyler Higbee,pass_block,inline,0.00000,0.00000,0.00000,True,2,LA,0,0.26783,0.28568,1,1,0,0.01785,0.26783,0.28568,0,0,0,0.00000,0.00000,5
2021091903,1149,43399,Tyler Higbee,chip_release,inline,0.00000,0.00000,0.00000,True,2,LA,0,0.51898,0.51898,1,0,1,0.00000,0.51898,0.51898,0,0,0,0.00000,0.00000,6
2021091903,1613,44792,Mo Alie-Cox,chip_release,detached,0.00000,0.00000,0.00000,True,2,IND,0,0.29623,0.29623,1,0,1,0.00000,0.29623,0.29623,0,0,0,0.00000,0.00000,5
2021091903,1920,44792,Mo Alie-Cox,chip_release,detached,0.00000,0.00000,0.00000,True,2,IND,1,0.50695,0.50695,1,0,1,0.00000,-0.49305,-0.49305,0,0,1,0.00000,1.00000,5
2021091903,2148,40641,Jack Doyle,chip_release,inline,0.00000,0.00000,0.00000,True,2,IND,0,0.33959,0.33959,1,0,1,0.00000,0.33959,0.33959,0,0,0,0.00000,0.00000,5
2021091903,2409,43399,Tyler Higbee,chip_release,inline,0.00000,0.00000,0.00000,True,2,LA,0,0.46386,0.46386,1,0,1,0.00000,0.46386,0.46386,0,0,0,0.00000,0.00000,5
2021091903,2449,40641,Jack Doyle,chip_release,wing,0.00000,0.00000,0.00000,True,2,IND,1,0.40561,0.54280,2,1,1,0.06859,-0.29719,-0.22860,0,1,0,0.00000,0.00000,5
2021091903,2449,44792,Mo Alie-Cox,pass_block,inline,0.00000,0.00000,0.00000,True,2,IND,1,0.40561,0.54280,2,1,1,0.06859,-0.29719,-0.22860,0,1,0,0.00000,0.00000,5
2021091903,2509,44792,Mo Alie-Cox,pass_block,inline,0.00000,0.00000,0.00000,True,2,IND,1,0.32847,0.33703,2,1,1,0.00428,-0.33576,-0.33148,1,0,0,0.00000,1.00000,5
2021091903,2509,53556,Kylen Granson,chip_release,wing,0.00000,0.00000,0.00000,True,2,IND,1,0.32847,0.33703,2,1,1,0.00428,-0.33576,-0.33148,1,0,0,0.00000,1.00000,5
2021091903,2755,43399,Tyler Higbee,chip_release,inline,0.00000,0.00000,0.00000,True,2,LA,0,0.27793,0.27793,1,0,1,0.00000,0.27793,0.27793,0,0,0,0.00000,0.00000,5
2021091903,2800,43399,Tyler Higbee,pass_block,inline,0.00000,0.00000,0.00000,True,2,LA,0,0.27568,0.31662,1,1,0,0.04093,0.27568,0.31662,0,0,0,0.00000,0.00000,5
2021091903,3142,43399,Tyler Higbee,pass_block,inline,0.00000,0.00000,0.00000,True,2,LA,0,0.23190,0.24816,1,1,0,0.01626,0.23190,0.24816,0,0,0,0.00000,0.00000,5
2021091903,3233,43399,Tyler Higbee,pass_block,inline,0.00000,0.00000,0.00000,True,2,LA,1,0.26332,0.29935,1,1,0,0.03603,-0.73668,-0.70065,1,0,0,0.00000,1.00000,6
2021091903,3684,40641,Jack Doyle,chip_release,detached,0.00000,0.00000,0.00000,True,2,IND,0,0.29922,0.29922,1,0,1,0.00000,0.29922,0.29922,0,0,0,0.00000,0.00000,5
2021091904,131,42302,Chris Manhertz,pass_block,inline,0.00000,0.00000,0.00000,True,2,JAX,0,0.50753,0.52284,1,1,0,0.01530,0.50753,0.52284,0,0,0,0.00000,0.00000,6
2021091904,174,42302,Chris Manhertz,chip_release,detached,0.00000,0.00000,0.00000,True,2,JAX,1,0.59836,0.59836,1,0,1,0.00000,-0.40164,-0.40164,1,0,0,0.00000,1.00000,5
2021091904,259,42302,Chris Manhertz,chip_release,detached,0.00000,0.00000,0.00000,True,2,JAX,0,0.28931,0.28931,1,0,1,0.00000,0.28931,0.28931,0,0,0,0.00000,0.00000,5
2021091904,420,52526,Albert Okwuegbunam,chip_release,inline,0.00000,0.00000,0.00000,True,2,DEN,1,0.28325,0.28325,1,0,1,0.00000,-0.71675,-0.71675,1,0,0,0.00000,1.00000,5
2021091904,594,44987,Eric Saubert,pass_block,inline,0.00000,0.00000,0.00000,True,2,DEN,1,0.27206,0.28436,2,2,0,0.00615,-0.36397,-0.35782,1,1,0,0.00000,1.00000,5
2021091904,594,52526,Albert Okwuegbunam,pass_block,wing,0.00000,0.00000,0.00000,True,2,DEN,1,0.27206,0.28436,2,2,0,0.00615,-0.36397,-0.35782,1,1,0,0.00000,1.00000,5
2021091904,658,47803,Noah Fant,chip_release,inline,0.00000,0.00000,0.00000,True,2,DEN,0,0.28840,0.28840,1,0,1,0.00000,0.28840,0.28840,0,0,0,0.00000,0.00000,5
2021091904,740,42302,Chris Manhertz,pass_block,wing,0.00000,0.00000,0.00000,True,2,JAX,0,0.38059,0.39514,2,2,0,0.00727,0.19029,0.19757,0,0,0,0.00000,0.00000,5
2021091904,740,53574,Luke Farrell,pass_block,inline,0.00000,0.00000,0.00000,True,2,JAX,0,0.38059,0.39514,2,2,0,0.00727,0.19029,0.19757,0,0,0,0.00000,0.00000,5
2021091904,805,53574,Luke Farrell,chip_release,inline,0.00000,0.00000,0.00000,True,2,JAX,0,0.39733,0.39733,1,0,1,0.00000,0.39733,0.39733,0,0,0,0.00000,0.00000,5
2021091904,846,52526,Albert Okwuegbunam,chip_release,inline,0.00000,0.00000,0.00000,True,2,DEN,0,0.31016,0.31016,1,0,1,0.00000,0.31016,0.31016,0,0,0,0.00000,0.00000,5
2021091904,936,52526,Albert Okwuegbunam,chip_release,inline,0.00000,0.00000,0.00000,True,2,DEN,0,0.35799,0.35799,1,0,1,0.00000,0.35799,0.35799,0,0,0,0.00000,0.00000,5
2021091904,1222,47803,Noah Fant,chip_release,inline,0.00000,0.00000,0.00000,True,2,DEN,0,0.34226,0.34226,1,0,1,0.00000,0.34226,0.34226,0,0,0,0.00000,0.00000,5
2021091904,1472,47803,Noah Fant,chip_release,inline,0.00000,0.00000,0.00000,True,2,DEN,0,0.33540,0.33540,1,0,1,0.00000,0.33540,0.33540,0,0,0,0.00000,0.00000,5
2021091904,1494,47803,Noah Fant,pass_block,inline,0.00000,0.00000,0.00000,True,2,DEN,0,0.28036,0.28253,1,1,0,0.00217,0.28036,0.28253,0,0,0,0.00000,0.00000,5
2021091904,1940,47803,Noah Fant,chip_release,inline,0.00000,0.00000,0.00000,True,2,DEN,1,0.25163,0.25163,1,0,1,0.00000,-0.74837,-0.74837,0,1,0,0.00000,1.00000,5
2021091904,1962,47803,Noah Fant,chip_release,inline,0.00000,0.00000,0.00000,True,2,DEN,0,0.26018,0.26018,1,0,1,0.00000,0.26018,0.26018,0,0,0,0.00000,0.00000,5
2021091904,1991,47803,Noah Fant,chip_release,inline,0.00000,0.00000,0.00000,True,2,DEN,0,0.30058,0.30058,1,0,1,0.00000,0.30058,0.30058,0,0,0,0.00000,0.00000,5
2021091904,2261,42302,Chris Manhertz,chip_release,detached,0.00000,0.00000,0.00000,True,2,JAX,1,0.48450,0.48450,1,0,1,0.00000,-0.51550,-0.51550,0,0,1,0.00000,1.00000,5
2021091904,2382,47803,Noah Fant,chip_release,inline,0.00000,0.00000,0.00000,True,2,DEN,0,0.34498,0.34498,1,0,1,0.00000,0.34498,0.34498,0,0,0,0.00000,0.00000,5
2021091904,2939,44987,Eric Saubert,chip_release,inline,0.00000,0.00000,0.00000,True,2,DEN,0,0.25170,0.25170,1,0,1,0.00000,0.25170,0.25170,0,0,0,0.00000,0.00000,5
2021091904,3113,53574,Luke Farrell,chip_release,inline,0.00000,0.00000,0.00000,True,2,JAX,0,0.39998,0.39998,1,0,1,0.00000,0.39998,0.39998,0,0,0,0.00000,0.00000,5
2021091904,3215,42302,Chris Manhertz,pass_block,wing,0.00000,0.00000,0.00000,True,2,JAX,0,0.29758,0.31054,2,2,0,0.00648,0.14879,0.15527,0,0,0,0.00000,0.00000,5
2021091904,3215,53574,Luke Farrell,pass_block,inline,0.00000,0.00000,0.00000,True,2,JAX,0,0.29758,0.31054,2,2,0,0.00648,0.14879,0.15527,0,0,0,0.00000,0.00000,5
2021091904,3336,44987,Eric Saubert,pass_block,inline,0.00000,0.00000,0.00000,True,2,DEN,1,0.61662,0.63348,1,1,0,0.01687,-0.38338,-0.36652,1,0,0,0.00000,0.00000,6
2021091904,3676,47803,Noah Fant,chip_release,inline,0.00000,0.00000,0.00000,True,2,DEN,0,0.66501,0.66501,2,0,2,0.00000,0.33251,0.33251,0,0,0,0.00000,0.00000,5
2021091904,3676,52526,Albert Okwuegbunam,chip_release,wing,0.00000,0.00000,0.00000,True,2,DEN,0,0.66501,0.66501,2,0,2,0.00000,0.33251,0.33251,0,0,0,0.00000,0.00000,5
2021091905,55,46192,Durham Smythe,pass_block,inline,0.00000,0.00000,0.00000,True,2,MIA,1,0.41684,0.42396,1,1,0,0.00712,-0.58316,-0.57604,0,0,1,0.00000,0.00000,6
2021091905,448,47879,Dawson Knox,pass_block,inline,0.00000,0.00000,0.00000,True,2,BUF,0,0.26485,0.28461,1,1,0,0.01976,0.26485,0.28461,0,0,0,0.00000,0.00000,6
2021091905,923,47879,Dawson Knox,pass_block,inline,0.00000,0.00000,0.00000,True,2,BUF,1,0.50655,0.50904,1,1,0,0.00249,-0.49345,-0.49096,1,0,0,0.00000,1.00000,5
2021091905,945,47879,Dawson Knox,chip_release,detached,0.00000,0.00000,0.00000,True,2,BUF,1,0.79295,0.79295,1,0,1,0.00000,-0.20705,-0.20705,0,1,0,0.00000,1.00000,6
2021091905,1102,46192,Durham Smythe,pass_block,inline,0.00000,0.00000,0.00000,True,2,MIA,0,0.82337,0.82758,1,1,0,0.00421,0.82337,0.82758,0,0,0,0.00000,0.00000,6
2021091905,1889,46111,Mike Gesicki,pass_block,detached,1.00000,0.00000,0.00000,True,2,MIA,1,0.76880,0.79385,1,1,0,0.02505,-0.23120,-0.20615,1,0,0,1.00000,0.00000,6
2021091905,3002,47879,Dawson Knox,chip_release,backfield,0.00000,0.00000,0.00000,True,2,BUF,1,0.82953,0.82953,1,0,1,0.00000,-0.17047,-0.17047,1,0,1,0.00000,2.00000,5
2021091905,3388,47879,Dawson Knox,chip_release,inline,0.00000,0.00000,0.00000,True,2,BUF,0,0.42541,0.42541,1,0,1,0.00000,0.42541,0.42541,0,0,0,0.00000,0.00000,7
2021091905,3616,48011,Tommy Sweeney,pass_block,wing,0.00000,0.00000,0.00000,True,2,BUF,0,0.37735,0.38329,1,1,0,0.00594,0.37735,0.38329,0,0,0,0.00000,0.00000,7
2021091906,126,43324,Hunter Henry,chip_release,inline,0.00000,0.00000,0.00000,True,2,NE,0,0.36309,0.36309,2,0,2,0.00000,0.18155,0.18155,0,0,0,0.00000,0.00000,5
2021091906,126,44912,Jonnu Smith,chip_release,detached,0.00000,0.00000,0.00000,True,2,NE,0,0.36309,0.36309,2,0,2,0.00000,0.18155,0.18155,0,0,0,0.00000,0.00000,5
2021091906,179,43324,Hunter Henry,chip_release,detached,0.00000,0.00000,0.00000,True,2,NE,0,0.33007,0.33007,1,0,1,0.00000,0.33007,0.33007,0,0,0,0.00000,0.00000,5
2021091906,342,40149,Ryan Griffin,pass_block,inline,0.00000,0.00000,0.00000,True,2,NYJ,1,0.45830,0.46060,2,2,0,0.00115,-0.27085,-0.26970,1,0,0,0.00000,0.00000,5
2021091906,342,42428,Tyler Kroft,pass_block,inline,0.00000,0.00000,0.00000,True,2,NYJ,1,0.45830,0.46060,2,2,0,0.00115,-0.27085,-0.26970,1,0,0,0.00000,0.00000,5
2021091906,639,43324,Hunter Henry,pass_block,inline,0.00000,0.00000,0.00000,True,2,NE,1,0.58294,0.60979,1,1,0,0.02686,-0.41706,-0.39021,1,0,0,0.00000,1.00000,6
2021091906,924,42428,Tyler Kroft,pass_block,inline,0.00000,0.00000,0.00000,True,2,NYJ,0,0.23578,0.24076,1,1,0,0.00498,0.23578,0.24076,0,0,0,0.00000,0.00000,6
2021091906,1100,43324,Hunter Henry,chip_release,inline,0.00000,0.00000,0.00000,True,2,NE,1,0.39505,0.39505,1,0,1,0.00000,-0.60495,-0.60495,0,0,1,0.00000,1.00000,5
2021091906,1153,43324,Hunter Henry,chip_release,detached,0.00000,0.00000,0.00000,True,2,NE,1,0.35378,0.35378,1,0,1,0.00000,-0.64622,-0.64622,0,0,1,0.00000,1.00000,5
2021091906,1645,43324,Hunter Henry,chip_release,detached,0.00000,0.00000,0.00000,True,2,NE,0,0.25381,0.25381,1,0,1,0.00000,0.25381,0.25381,0,0,0,0.00000,0.00000,5
2021091906,1710,43324,Hunter Henry,pass_block,detached,0.00000,0.00000,0.00000,True,2,NE,1,0.70560,0.70782,1,1,0,0.00222,-0.29440,-0.29218,1,0,0,0.00000,1.00000,5
2021091906,1911,40149,Ryan Griffin,pass_block,inline,0.00000,0.00000,0.00000,True,2,NYJ,1,0.82302,0.85208,2,2,0,0.01453,-0.08849,-0.07396,1,0,0,0.00000,1.00000,5
2021091906,1911,42428,Tyler Kroft,pass_block,backfield,0.00000,0.00000,0.00000,True,2,NYJ,1,0.82302,0.85208,2,2,0,0.01453,-0.08849,-0.07396,1,0,0,0.00000,1.00000,5
2021091906,1989,40149,Ryan Griffin,chip_release,inline,0.00000,0.00000,0.00000,True,2,NYJ,0,0.67587,0.67587,2,0,2,0.00000,0.33793,0.33793,0,0,0,0.00000,0.00000,5
2021091906,1989,42428,Tyler Kroft,chip_release,inline,0.00000,0.00000,0.00000,True,2,NYJ,0,0.67587,0.67587,2,0,2,0.00000,0.33793,0.33793,0,0,0,0.00000,0.00000,5
2021091906,2098,42428,Tyler Kroft,pass_block,detached,0.00000,0.00000,0.00000,True,2,NYJ,0,0.12514,0.13201,1,1,0,0.00686,0.12514,0.13201,0,0,0,0.00000,0.00000,6
2021091906,2134,43324,Hunter Henry,chip_release,inline,0.00000,0.00000,0.00000,True,2,NE,0,0.32845,0.32845,1,0,1,0.00000,0.32845,0.32845,0,0,0,0.00000,0.00000,5
2021091906,2373,40149,Ryan Griffin,chip_release,inline,0.00000,0.00000,0.00000,True,2,NYJ,0,0.39622,0.41394,2,1,1,0.00886,0.19811,0.20697,0,0,0,0.00000,0.00000,6
2021091906,2373,42428,Tyler Kroft,pass_block,inline,0.00000,0.00000,0.00000,True,2,NYJ,0,0.39622,0.41394,2,1,1,0.00886,0.19811,0.20697,0,0,0,0.00000,0.00000,6
2021091906,2736,42428,Tyler Kroft,pass_block,inline,0.00000,0.00000,0.00000,True,2,NYJ,0,0.43238,0.46983,1,1,0,0.03745,0.43238,0.46983,0,0,0,0.00000,0.00000,5
2021091906,2760,40149,Ryan Griffin,pass_block,inline,0.00000,0.00000,0.00000,True,2,NYJ,0,0.53349,0.54357,2,2,0,0.00504,0.26674,0.27178,0,0,0,0.00000,0.00000,5
2021091906,2760,47904,Trevon Wesco,pass_block,wing,0.00000,0.00000,0.00000,True,2,NYJ,0,0.53349,0.54357,2,2,0,0.00504,0.26674,0.27178,0,0,0,0.00000,0.00000,5
2021091906,2909,42428,Tyler Kroft,pass_block,inline,1.00000,0.00000,0.00000,True,2,NYJ,1,0.31924,0.32125,1,1,0,0.00201,-0.68076,-0.67875,1,0,0,1.00000,1.00000,5
2021091906,2955,42428,Tyler Kroft,pass_block,inline,0.00000,0.00000,0.00000,True,2,NYJ,0,0.48073,0.49579,1,1,0,0.01506,0.48073,0.49579,0,0,0,0.00000,0.00000,5
2021091906,3134,42428,Tyler Kroft,pass_block,wing,0.00000,0.00000,0.00000,True,2,NYJ,1,0.30735,0.30755,1,1,0,0.00020,-0.69265,-0.69245,1,0,0,0.00000,1.00000,6
2021091906,3293,40149,Ryan Griffin,pass_block,inline,0.00000,0.00000,0.00000,True,2,NYJ,1,0.61875,0.62862,1,1,0,0.00987,-0.38125,-0.37138,0,1,0,0.00000,1.00000,6
2021091906,3437,44912,Jonnu Smith,chip_release,inline,0.00000,0.00000,0.00000,True,2,NE,0,0.38084,0.38084,1,0,1,0.00000,0.38084,0.38084,0,0,0,0.00000,0.00000,5
2021091906,3522,42428,Tyler Kroft,chip_release,detached,0.00000,0.00000,0.00000,True,2,NYJ,0,0.28961,0.28961,1,0,1,0.00000,0.28961,0.28961,0,0,0,0.00000,0.00000,5
2021091906,3836,40149,Ryan Griffin,chip_release,detached,0.00000,0.00000,0.00000,True,2,NYJ,1,0.37229,0.37229,1,0,1,0.00000,-0.62771,-0.62771,1,0,0,0.00000,1.00000,5
2021091906,3877,40149,Ryan Griffin,chip_release,detached,0.00000,0.00000,0.00000,True,2,NYJ,1,0.46616,0.46616,1,0,1,0.00000,-0.53384,-0.53384,1,0,0,0.00000,2.00000,5
2021091907,233,46118,Dallas Goedert,pass_block,inline,0.00000,0.00000,0.00000,True,2,PHI,0,0.31547,0.32385,2,2,0,0.00419,0.15773,0.16193,0,0,0,0.00000,0.00000,5
2021091907,233,47840,J.J. Arcega-Whiteside,pass_block,detached,0.00000,0.00000,0.00000,True,2,PHI,0,0.31547,0.32385,2,2,0,0.00419,0.15773,0.16193,0,0,0,0.00000,0.00000,5
2021091907,735,44959,George Kittle,pass_block,inline,0.00000,0.00000,0.00000,True,2,SF,1,0.30259,0.31079,1,1,0,0.00820,-0.69741,-0.68921,0,1,0,0.00000,1.00000,5
2021091907,1134,44959,George Kittle,chip_release,inline,0.00000,0.00000,0.00000,True,2,SF,0,0.30336,0.30336,1,0,1,0.00000,0.30336,0.30336,0,0,0,0.00000,0.00000,5
2021091907,1215,46331,Ross Dwelley,pass_block,inline,0.00000,0.00000,0.00000,True,2,SF,0,0.25364,0.26155,1,1,0,0.00791,0.25364,0.26155,0,0,0,0.00000,0.00000,6
2021091907,1374,44959,George Kittle,chip_release,inline,0.00000,0.00000,0.00000,True,2,SF,0,0.24752,0.24752,1,0,1,0.00000,0.24752,0.24752,0,0,0,0.00000,0.00000,5
2021091907,1540,46118,Dallas Goedert,pass_block,wing,0.00000,0.00000,0.00000,True,2,PHI,1,0.55103,0.55775,2,2,0,0.00336,-0.22449,-0.22112,1,0,0,0.00000,0.00000,7
2021091907,1540,53946,Jack Stoll,pass_block,backfield,0.00000,0.00000,0.00000,True,2,PHI,1,0.55103,0.55775,2,2,0,0.00336,-0.22449,-0.22112,1,0,0,0.00000,0.00000,7
2021091907,2086,46118,Dallas Goedert,pass_block,wing,0.00000,0.00000,1.00000,True,2,PHI,1,0.43632,0.44583,2,2,0,0.00475,-0.28184,-0.27709,0,0,1,1.00000,0.00000,5
2021091907,2086,53946,Jack Stoll,pass_block,inline,0.00000,0.00000,0.00000,True,2,PHI,1,0.43632,0.44583,2,2,0,0.00475,-0.28184,-0.27709,0,0,1,0.00000,0.00000,5
2021091907,2273,46331,Ross Dwelley,pass_block,inline,0.00000,0.00000,0.00000,True,2,SF,1,0.62248,0.62885,1,1,0,0.00638,-0.37752,-0.37115,1,0,0,0.00000,1.00000,7
2021091907,2641,44959,George Kittle,pass_block,inline,0.00000,0.00000,0.00000,True,2,SF,0,0.24123,0.27181,2,2,0,0.01529,0.12062,0.13590,0,0,0,0.00000,0.00000,5
2021091907,2641,52598,Charlie Woerner,pass_block,wing,0.00000,0.00000,0.00000,True,2,SF,0,0.24123,0.27181,2,2,0,0.01529,0.12062,0.13590,0,0,0,0.00000,0.00000,5
2021091907,3202,46118,Dallas Goedert,pass_block,inline,0.00000,0.00000,0.00000,True,2,PHI,1,0.72469,0.76055,1,1,0,0.03586,-0.27531,-0.23945,1,0,0,0.00000,1.00000,5
2021091908,152,41236,Eric Ebron,chip_release,inline,0.00000,0.00000,0.00000,True,2,PIT,0,0.25793,0.25793,1,0,1,0.00000,0.25793,0.25793,0,0,0,0.00000,0.00000,5
2021091908,409,47924,Zach Gentry,pass_block,inline,0.00000,0.00000,0.00000,True,2,PIT,0,0.28041,0.30051,1,1,0,0.02009,0.28041,0.30051,0,0,0,0.00000,0.00000,5
2021091908,497,41236,Eric Ebron,chip_release,inline,0.00000,0.00000,0.00000,True,2,PIT,1,0.28779,0.28779,1,0,1,0.00000,-0.71221,-0.71221,1,1,0,0.00000,2.00000,6
2021091908,1231,53484,Pat Freiermuth,chip_release,inline,0.00000,0.00000,0.00000,True,2,PIT,0,0.29080,0.29080,1,0,1,0.00000,0.29080,0.29080,0,0,0,0.00000,0.00000,5
2021091908,1326,41236,Eric Ebron,chip_release,inline,0.00000,0.00000,0.00000,True,2,PIT,0,0.26679,0.26679,1,0,1,0.00000,0.26679,0.26679,0,0,0,0.00000,0.00000,5
2021091908,1520,42547,Darren Waller,pass_block,wing,0.00000,0.00000,0.00000,True,2,LV,1,0.27846,0.28759,2,2,0,0.00457,-0.36077,-0.35620,1,0,0,0.00000,1.00000,5
2021091908,1520,47920,Foster Moreau,pass_block,inline,0.00000,0.00000,0.00000,True,2,LV,1,0.27846,0.28759,2,2,0,0.00457,-0.36077,-0.35620,1,0,0,0.00000,1.00000,5
2021091908,2103,42547,Darren Waller,chip_release,inline,0.00000,0.00000,0.00000,True,2,LV,0,0.80776,0.80776,1,0,1,0.00000,0.80776,0.80776,0,0,0,0.00000,0.00000,5
2021091908,2240,53484,Pat Freiermuth,pass_block,inline,0.00000,0.00000,0.00000,True,2,PIT,1,0.18840,0.24967,1,1,0,0.06127,-0.81160,-0.75033,0,0,1,0.00000,0.00000,6
2021091908,2308,42547,Darren Waller,pass_block,wing,0.00000,0.00000,0.00000,True,2,LV,1,0.46735,0.48705,2,2,0,0.00985,-0.26633,-0.25647,1,0,0,0.00000,1.00000,5
2021091908,2308,47920,Foster Moreau,pass_block,inline,0.00000,0.00000,0.00000,True,2,LV,1,0.46735,0.48705,2,2,0,0.00985,-0.26633,-0.25647,1,0,0,0.00000,1.00000,5
2021091908,2356,39109,Derek Carrier,pass_block,wing,0.00000,0.00000,0.00000,True,2,LV,1,0.43509,0.44429,2,2,0,0.00460,-0.28246,-0.27785,0,0,1,0.00000,0.00000,5
2021091908,2356,47920,Foster Moreau,pass_block,inline,0.00000,0.00000,1.00000,True,2,LV,1,0.43509,0.44429,2,2,0,0.00460,-0.28246,-0.27785,0,0,1,1.00000,0.00000,5
2021091908,2706,47920,Foster Moreau,pass_block,inline,0.00000,0.00000,0.00000,True,2,LV,0,0.21180,0.21941,1,1,0,0.00762,0.21180,0.21941,0,0,0,0.00000,0.00000,5
2021091908,3761,47920,Foster Moreau,pass_block,inline,0.00000,0.00000,0.00000,True,2,LV,0,0.35596,0.36635,1,1,0,0.01039,0.35596,0.36635,0,0,0,0.00000,0.00000,5
2021091909,75,46226,Tyler Conklin,pass_block,inline,0.00000,0.00000,0.00000,True,2,MIN,0,0.34848,0.35019,1,1,0,0.00170,0.34848,0.35019,0,0,0,0.00000,0.00000,5
2021091909,476,42398,Maxx Williams,pass_block,inline,0.00000,0.00000,0.00000,True,2,ARI,0,0.33191,0.33357,1,1,0,0.00166,0.33191,0.33357,0,0,0,0.00000,0.00000,5
2021091909,754,46176,Christopher Herndon,chip_release,inline,0.00000,0.00000,0.00000,True,2,MIN,0,0.33520,0.33520,1,0,1,0.00000,0.33520,0.33520,0,0,0,0.00000,0.00000,5
2021091909,1243,52725,Ben Ellefson,pass_block,inline,0.00000,0.00000,0.00000,True,2,MIN,1,0.72803,0.72828,1,1,0,0.00025,-0.27197,-0.27172,0,1,0,0.00000,0.00000,5
2021091909,1325,42398,Maxx Williams,pass_block,inline,0.00000,0.00000,0.00000,True,2,ARI,1,0.69215,0.69375,1,1,0,0.00159,-0.30785,-0.30625,1,0,0,0.00000,0.00000,6
2021091909,1943,46226,Tyler Conklin,chip_release,inline,0.00000,0.00000,0.00000,True,2,MIN,0,0.39084,0.39084,1,0,1,0.00000,0.39084,0.39084,0,0,0,0.00000,0.00000,6
2021091909,2031,46226,Tyler Conklin,chip_release,inline,0.00000,0.00000,0.00000,True,2,MIN,0,0.26053,0.26053,1,0,1,0.00000,0.26053,0.26053,0,0,0,0.00000,0.00000,5
2021091909,2053,46226,Tyler Conklin,pass_block,detached,0.00000,0.00000,0.00000,True,2,MIN,0,0.42147,0.45083,1,1,0,0.02935,0.42147,0.45083,0,0,0,0.00000,0.00000,6
2021091909,2605,46226,Tyler Conklin,pass_block,inline,0.00000,0.00000,0.00000,True,2,MIN,0,0.40869,0.40900,1,1,0,0.00031,0.40869,0.40900,0,0,0,0.00000,0.00000,7
2021091909,2747,42398,Maxx Williams,pass_block,inline,0.00000,0.00000,0.00000,True,2,ARI,0,0.24732,0.26317,1,1,0,0.01585,0.24732,0.26317,0,0,0,0.00000,0.00000,5
2021091909,3056,46226,Tyler Conklin,pass_block,backfield,0.00000,0.00000,0.00000,True,2,MIN,0,0.50120,0.52048,1,1,0,0.01929,0.50120,0.52048,0,0,0,0.00000,0.00000,5
2021091909,3249,42398,Maxx Williams,chip_release,inline,0.00000,0.00000,0.00000,True,2,ARI,0,0.25092,0.25092,1,0,1,0.00000,0.25092,0.25092,0,0,0,0.00000,0.00000,5
2021091909,3299,42398,Maxx Williams,chip_release,detached,0.00000,0.00000,0.00000,True,2,ARI,1,0.27237,0.27237,1,0,1,0.00000,-0.72763,-0.72763,0,0,1,0.00000,1.00000,5
2021091909,3383,46226,Tyler Conklin,chip_release,inline,0.00000,0.00000,0.00000,True,2,MIN,0,0.20810,0.20810,1,0,1,0.00000,0.20810,0.20810,0,0,0,0.00000,0.00000,5
2021091909,3589,45142,Darrell Daniels,chip_release,inline,0.00000,0.00000,0.00000,True,2,ARI,1,0.28282,0.28282,1,0,1,0.00000,-0.71718,-0.71718,1,0,0,0.00000,1.00000,5
2021091909,3822,46226,Tyler Conklin,pass_block,inline,0.00000,0.00000,0.00000,True,2,MIN,0,0.48686,0.48718,1,1,0,0.00032,0.48686,0.48718,0,0,0,0.00000,0.00000,6
2021091910,54,35481,Rob Gronkowski,pass_block,inline,0.00000,0.00000,0.00000,True,2,TB,0,0.21457,0.22889,1,1,0,0.01432,0.21457,0.22889,0,0,0,0.00000,0.00000,5
2021091910,231,37234,Lee Smith,pass_block,inline,0.00000,0.00000,0.00000,True,2,ATL,0,0.29783,0.32292,1,1,0,0.02509,0.29783,0.32292,0,0,0,0.00000,0.00000,5
2021091910,451,35481,Rob Gronkowski,pass_block,inline,0.00000,0.00000,0.00000,True,2,TB,0,0.21870,0.22649,1,1,0,0.00779,0.21870,0.22649,0,0,0,0.00000,0.00000,5
2021091910,606,37234,Lee Smith,pass_block,inline,0.00000,0.00000,0.00000,True,2,ATL,0,0.27845,0.29460,1,1,0,0.01615,0.27845,0.29460,0,0,0,0.00000,0.00000,5
2021091910,1025,35481,Rob Gronkowski,pass_block,inline,0.00000,0.00000,0.00000,True,2,TB,0,0.30127,0.32241,1,1,0,0.02114,0.30127,0.32241,0,0,0,0.00000,0.00000,5
2021091910,1173,37234,Lee Smith,pass_block,inline,1.00000,0.00000,0.00000,True,2,ATL,1,0.42096,0.42670,1,1,0,0.00574,-0.57904,-0.57330,1,0,0,1.00000,0.00000,5
2021091910,1290,35481,Rob Gronkowski,pass_block,inline,0.00000,0.00000,0.00000,True,2,TB,1,0.21541,0.25164,2,2,0,0.01812,-0.39229,-0.37418,0,1,0,0.00000,0.00000,5
2021091910,1290,44831,O.J. Howard,pass_block,inline,0.00000,0.00000,0.00000,True,2,TB,1,0.21541,0.25164,2,2,0,0.01812,-0.39229,-0.37418,0,1,0,0.00000,0.00000,5
2021091910,1671,37234,Lee Smith,chip_release,inline,0.00000,0.00000,0.00000,True,2,ATL,0,0.26022,0.26022,1,0,1,0.00000,0.26022,0.26022,0,0,0,0.00000,0.00000,5
2021091910,1695,46094,Hayden Hurst,chip_release,inline,0.00000,0.00000,0.00000,True,2,ATL,1,0.32848,0.32848,1,0,1,0.00000,-0.67152,-0.67152,1,0,1,0.00000,2.00000,5
2021091910,2313,35481,Rob Gronkowski,chip_release,inline,0.00000,0.00000,0.00000,True,2,TB,0,0.21500,0.21500,1,0,1,0.00000,0.21500,0.21500,0,0,0,0.00000,0.00000,5
2021091910,2380,35481,Rob Gronkowski,pass_block,wing,0.00000,0.00000,0.00000,True,2,TB,0,0.23231,0.23709,1,1,0,0.00478,0.23231,0.23709,0,0,0,0.00000,0.00000,6
2021091910,2519,53433,Kyle Pitts,pass_block,inline,0.00000,0.00000,0.00000,True,2,ATL,0,0.38118,0.40473,1,1,0,0.02356,0.38118,0.40473,0,0,0,0.00000,0.00000,6
2021091910,2781,53433,Kyle Pitts,pass_block,inline,0.00000,0.00000,0.00000,True,2,ATL,1,0.44708,0.59230,1,1,0,0.14522,-0.55292,-0.40770,1,0,0,0.00000,1.00000,6
2021091910,2907,35481,Rob Gronkowski,chip_release,inline,0.00000,0.00000,0.00000,True,2,TB,1,0.37541,0.37541,1,0,1,0.00000,-0.62459,-0.62459,0,0,1,0.00000,0.00000,5
2021091910,3343,44831,O.J. Howard,pass_block,inline,0.00000,0.00000,0.00000,True,2,TB,0,0.28579,0.30303,1,1,0,0.01724,0.28579,0.30303,0,0,0,0.00000,0.00000,5
2021091910,3427,37234,Lee Smith,pass_block,inline,0.00000,0.00000,0.00000,True,2,ATL,0,0.39908,0.40473,1,1,0,0.00565,0.39908,0.40473,0,0,0,0.00000,0.00000,5
2021091910,3644,37234,Lee Smith,pass_block,inline,0.00000,0.00000,0.00000,True,2,ATL,0,0.24923,0.26070,2,2,0,0.00574,0.12461,0.13035,0,0,0,0.00000,0.00000,5
2021091910,3644,46094,Hayden Hurst,pass_block,detached,0.00000,0.00000,0.00000,True,2,ATL,0,0.24923,0.26070,2,2,0,0.00574,0.12461,0.13035,0,0,0,0.00000,0.00000,5
2021091911,367,46206,Dalton Schultz,pass_block,inline,0.00000,0.00000,0.00000,True,2,DAL,1,0.37178,0.39031,1,1,0,0.01853,-0.62822,-0.60969,1,0,0,0.00000,1.00000,5
2021091911,521,43845,Stephen Anderson,chip_release,backfield,0.00000,0.00000,0.00000,True,2,LAC,0,0.27405,0.27405,1,0,1,0.00000,0.27405,0.27405,0,0,0,0.00000,0.00000,6
2021091911,597,45532,Blake Jarwin,pass_block,wing,0.00000,0.00000,0.00000,True,2,DAL,0,0.30559,0.31182,2,2,0,0.00312,0.15279,0.15591,0,0,0,0.00000,0.00000,5
2021091911,597,46206,Dalton Schultz,pass_block,inline,0.00000,0.00000,0.00000,True,2,DAL,0,0.30559,0.31182,2,2,0,0.00312,0.15279,0.15591,0,0,0,0.00000,0.00000,5
2021091911,652,48456,Donald Parham,pass_block,inline,0.00000,0.00000,0.00000,True,2,LAC,0,0.23192,0.23408,1,1,0,0.00216,0.23192,0.23408,0,0,0,0.00000,0.00000,5
2021091911,1021,43845,Stephen Anderson,pass_block,inline,0.00000,0.00000,0.00000,True,2,LAC,1,0.21369,0.21573,1,1,0,0.00204,-0.78631,-0.78427,1,0,0,0.00000,1.00000,5
2021091911,1080,43845,Stephen Anderson,chip_release,wing,0.00000,0.00000,0.00000,True,2,LAC,0,0.23245,0.23245,1,0,1,0.00000,0.23245,0.23245,0,0,0,0.00000,0.00000,7
2021091911,1499,46206,Dalton Schultz,pass_block,inline,0.00000,0.00000,0.00000,True,2,DAL,1,0.35863,0.36537,1,1,0,0.00675,-0.64137,-0.63463,1,0,0,0.00000,1.00000,5
2021091911,2343,48456,Donald Parham,pass_block,detached,0.00000,0.00000,0.00000,True,2,LAC,0,0.38313,0.39499,1,1,0,0.01185,0.38313,0.39499,0,0,0,0.00000,0.00000,5
2021091911,2439,34540,Jared Cook,pass_block,inline,0.00000,0.00000,0.00000,True,2,LAC,0,0.36446,0.37060,1,1,0,0.00614,0.36446,0.37060,0,0,0,0.00000,0.00000,5
2021091911,2468,43845,Stephen Anderson,chip_release,backfield,0.00000,0.00000,0.00000,True,2,LAC,0,0.24863,0.24863,1,0,1,0.00000,0.24863,0.24863,0,0,0,0.00000,0.00000,5
2021091911,2842,34540,Jared Cook,pass_block,detached,0.00000,0.00000,0.00000,True,2,LAC,1,0.38245,0.39963,1,1,0,0.01718,-0.61755,-0.60037,1,0,0,0.00000,1.00000,5
2021091911,2866,48456,Donald Parham,pass_block,inline,0.00000,0.00000,0.00000,True,2,LAC,0,0.19120,0.20513,1,1,0,0.01393,0.19120,0.20513,0,0,0,0.00000,0.00000,5
2021091911,2944,48456,Donald Parham,chip_release,inline,0.00000,0.00000,0.00000,True,2,LAC,1,0.39577,0.39577,1,0,1,0.00000,-0.60423,-0.60423,0,1,0,0.00000,0.00000,5
2021091911,3024,34540,Jared Cook,pass_block,wing,0.00000,0.00000,0.00000,True,2,LAC,0,0.44154,0.46666,1,1,0,0.02512,0.44154,0.46666,0,0,0,0.00000,0.00000,6
2021091911,3506,43845,Stephen Anderson,chip_release,inline,0.00000,0.00000,0.00000,True,2,LAC,0,0.35441,0.35441,1,0,1,0.00000,0.35441,0.35441,0,0,0,0.00000,0.00000,5
2021091911,3629,48456,Donald Parham,pass_block,wing,0.00000,0.00000,0.00000,True,2,LAC,1,0.46382,0.46382,1,1,0,0.00000,-0.53618,-0.53618,1,0,0,0.00000,1.00000,6
2021091912,204,42589,Geoff Swaim,chip_release,detached,0.00000,0.00000,0.00000,True,2,TEN,0,0.43165,0.43165,1,0,1,0.00000,0.43165,0.43165,0,0,0,0.00000,0.00000,5
2021091912,255,44856,Gerald Everett,pass_block,inline,0.00000,0.00000,0.00000,True,2,SEA,0,0.29034,0.29335,2,2,0,0.00150,0.14517,0.14667,0,0,0,0.00000,0.00000,5
2021091912,255,46189,Will Dissly,pass_block,inline,0.00000,0.00000,0.00000,True,2,SEA,0,0.29034,0.29335,2,2,0,0.00150,0.14517,0.14667,0,0,0,0.00000,0.00000,5
2021091912,391,42589,Geoff Swaim,chip_release,inline,0.00000,0.00000,0.00000,True,2,TEN,0,0.22460,0.22460,1,0,1,0.00000,0.22460,0.22460,0,0,0,0.00000,0.00000,5
2021091912,465,42486,MyCole Pruitt,pass_block,wing,0.00000,0.00000,0.00000,True,2,TEN,1,0.43179,0.43211,2,2,0,0.00016,-0.28410,-0.28395,1,0,0,0.00000,0.00000,6
2021091912,465,42589,Geoff Swaim,pass_block,inline,0.00000,0.00000,0.00000,True,2,TEN,1,0.43179,0.43211,2,2,0,0.00016,-0.28410,-0.28395,1,0,0,0.00000,0.00000,6
2021091912,508,53065,Tommy Hudson,chip_release,detached,0.00000,0.00000,0.00000,True,2,TEN,0,0.32900,0.32900,1,0,1,0.00000,0.32900,0.32900,0,0,0,0.00000,0.00000,5
2021091912,532,42486,MyCole Pruitt,pass_block,wing,0.00000,0.00000,0.00000,True,2,TEN,0,0.17510,0.17772,2,2,0,0.00131,0.08755,0.08886,0,0,0,0.00000,0.00000,5
2021091912,532,42589,Geoff Swaim,pass_block,inline,0.00000,0.00000,0.00000,True,2,TEN,0,0.17510,0.17772,2,2,0,0.00131,0.08755,0.08886,0,0,0,0.00000,0.00000,5
2021091912,601,42589,Geoff Swaim,chip_release,detached,0.00000,0.00000,0.00000,True,2,TEN,0,0.35366,0.35366,1,0,1,0.00000,0.35366,0.35366,0,0,0,0.00000,0.00000,6
2021091912,943,46189,Will Dissly,pass_block,inline,0.00000,0.00000,0.00000,True,2,SEA,1,0.27168,0.27317,1,1,0,0.00149,-0.72832,-0.72683,1,0,1,0.00000,1.00000,6
2021091912,1025,44856,Gerald Everett,chip_release,inline,0.00000,0.00000,0.00000,True,2,SEA,1,0.39819,0.39819,1,0,1,0.00000,-0.60181,-0.60181,0,0,1,0.00000,1.00000,5
2021091912,1091,42486,MyCole Pruitt,pass_block,wing,0.00000,0.00000,0.00000,True,2,TEN,0,0.34814,0.34985,2,2,0,0.00085,0.17407,0.17492,0,0,0,0.00000,0.00000,5
2021091912,1091,42589,Geoff Swaim,pass_block,inline,0.00000,0.00000,0.00000,True,2,TEN,0,0.34814,0.34985,2,2,0,0.00085,0.17407,0.17492,0,0,0,0.00000,0.00000,5
2021091912,1115,42589,Geoff Swaim,chip_release,inline,0.00000,0.00000,0.00000,True,2,TEN,0,0.21639,0.21639,1,0,1,0.00000,0.21639,0.21639,0,0,0,0.00000,0.00000,5
2021091912,1327,46189,Will Dissly,pass_block,detached,0.00000,0.00000,0.00000,True,2,SEA,1,0.53207,0.53239,1,1,0,0.00032,-0.46793,-0.46761,0,1,0,0.00000,0.00000,5
2021091912,1411,42486,MyCole Pruitt,pass_block,wing,0.00000,0.00000,0.00000,True,2,TEN,1,0.48770,0.48802,2,2,0,0.00016,-0.25615,-0.25599,1,0,1,0.00000,2.00000,5
2021091912,1411,42589,Geoff Swaim,pass_block,inline,0.00000,0.00000,1.00000,True,2,TEN,1,0.48770,0.48802,2,2,0,0.00016,-0.25615,-0.25599,1,0,1,1.00000,2.00000,5
2021091912,1597,42486,MyCole Pruitt,pass_block,wing,0.00000,0.00000,0.00000,True,2,TEN,0,0.46788,0.47717,2,2,0,0.00464,0.23394,0.23859,0,0,0,0.00000,0.00000,6
2021091912,1597,42589,Geoff Swaim,pass_block,inline,0.00000,0.00000,0.00000,True,2,TEN,0,0.46788,0.47717,2,2,0,0.00464,0.23394,0.23859,0,0,0,0.00000,0.00000,6
2021091912,1642,42486,MyCole Pruitt,pass_block,wing,0.00000,0.00000,0.00000,True,2,TEN,1,0.50248,0.50854,2,2,0,0.00303,-0.24876,-0.24573,1,0,0,0.00000,1.00000,6
2021091912,1642,42589,Geoff Swaim,pass_block,inline,0.00000,0.00000,0.00000,True,2,TEN,1,0.50248,0.50854,2,2,0,0.00303,-0.24876,-0.24573,1,0,0,0.00000,1.00000,6
2021091912,2618,46189,Will Dissly,pass_block,inline,0.00000,0.00000,0.00000,True,2,SEA,0,0.35037,0.35208,1,1,0,0.00171,0.35037,0.35208,0,0,0,0.00000,0.00000,5
2021091912,2830,42589,Geoff Swaim,pass_block,inline,0.00000,0.00000,0.00000,True,2,TEN,0,0.33342,0.33509,1,1,0,0.00167,0.33342,0.33509,0,0,0,0.00000,0.00000,6
2021091912,2874,53065,Tommy Hudson,chip_release,detached,0.00000,0.00000,0.00000,True,2,TEN,0,0.41239,0.41239,1,0,1,0.00000,0.41239,0.41239,0,0,0,0.00000,0.00000,5
2021091912,3158,42589,Geoff Swaim,pass_block,inline,0.00000,0.00000,0.00000,True,2,TEN,0,0.28972,0.29144,1,1,0,0.00172,0.28972,0.29144,0,0,0,0.00000,0.00000,6
2021091912,3443,42486,MyCole Pruitt,chip_release,inline,0.00000,0.00000,0.00000,True,2,TEN,0,0.34024,0.34024,2,0,2,0.00000,0.17012,0.17012,0,0,0,0.00000,0.00000,6
2021091912,3443,42589,Geoff Swaim,chip_release,inline,0.00000,0.00000,0.00000,True,2,TEN,0,0.34024,0.34024,2,0,2,0.00000,0.17012,0.17012,0,0,0,0.00000,0.00000,6
2021091912,3516,53065,Tommy Hudson,chip_release,inline,0.00000,0.00000,0.00000,True,2,TEN,1,0.41041,0.41041,1,0,1,0.00000,-0.58959,-0.58959,1,0,0,0.00000,2.00000,5
2021091912,3540,53065,Tommy Hudson,chip_release,detached,0.00000,0.00000,0.00000,True,2,TEN,1,0.42195,0.42195,1,0,1,0.00000,-0.57805,-0.57805,0,1,0,0.00000,1.00000,5
2021091912,4126,44856,Gerald Everett,chip_release,inline,0.00000,0.00000,0.00000,True,2,SEA,0,0.27605,0.27605,1,0,1,0.00000,0.27605,0.27605,0,0,0,0.00000,0.00000,5
2021091912,4167,44856,Gerald Everett,chip_release,inline,0.00000,0.00000,0.00000,True,2,SEA,1,0.81616,0.81616,1,0,1,0.00000,-0.18384,-0.18384,1,1,0,0.00000,1.00000,5
2021091912,4213,44856,Gerald Everett,pass_block,inline,0.00000,0.00000,0.00000,True,2,SEA,0,0.47496,0.49579,1,1,0,0.02083,0.47496,0.49579,0,0,0,0.00000,0.00000,6
2021091912,4335,42589,Geoff Swaim,pass_block,inline,0.00000,0.00000,0.00000,True,2,TEN,0,0.17510,0.17772,2,2,0,0.00131,0.08755,0.08886,0,0,0,0.00000,0.00000,5
2021091912,4335,53065,Tommy Hudson,pass_block,inline,0.00000,0.00000,0.00000,True,2,TEN,0,0.17510,0.17772,2,2,0,0.00131,0.08755,0.08886,0,0,0,0.00000,0.00000,5
2021091912,4380,53065,Tommy Hudson,pass_block,detached,0.00000,0.00000,0.00000,True,2,TEN,1,0.51327,0.54877,1,1,0,0.03549,-0.48673,-0.45123,0,1,0,0.00000,0.00000,6
2021091912,4445,42486,MyCole Pruitt,pass_block,detached,0.00000,0.00000,0.00000,True,2,TEN,0,0.19352,0.20323,1,1,0,0.00970,0.19352,0.20323,0,0,0,0.00000,0.00000,5
2021091912,4489,53065,Tommy Hudson,chip_release,inline,0.00000,0.00000,0.00000,True,2,TEN,0,0.44014,0.44014,1,0,1,0.00000,0.44014,0.44014,0,0,0,0.00000,0.00000,5
2021091912,4530,46189,Will Dissly,pass_block,inline,0.00000,0.00000,0.00000,True,2,SEA,0,0.27168,0.27317,1,1,0,0.00149,0.27168,0.27317,0,0,0,0.00000,0.00000,5
2021091913,397,42460,Blake Bell,pass_block,inline,0.00000,0.00000,0.00000,True,2,KC,0,0.35672,0.38017,1,1,0,0.02344,0.35672,0.38017,0,0,0,0.00000,0.00000,6
2021091913,579,46155,Mark Andrews,chip_release,detached,0.00000,0.00000,0.00000,True,2,BAL,0,0.38320,0.38320,1,0,1,0.00000,0.38320,0.38320,0,0,0,0.00000,0.00000,6
2021091913,806,42460,Blake Bell,chip_release,inline,0.00000,0.00000,0.00000,True,2,KC,1,0.53196,0.53196,1,0,1,0.00000,-0.46804,-0.46804,1,0,0,0.00000,0.00000,6
2021091913,1176,40011,Travis Kelce,pass_block,detached,0.00000,0.00000,0.00000,True,2,KC,0,0.21175,0.23690,2,2,0,0.01257,0.10588,0.11845,0,0,0,0.00000,0.00000,5
2021091913,1176,42460,Blake Bell,pass_block,inline,0.00000,0.00000,0.00000,True,2,KC,0,0.21175,0.23690,2,2,0,0.01257,0.10588,0.11845,0,0,0,0.00000,0.00000,5
2021091913,1220,48683,Joe Fortson,chip_release,inline,0.00000,0.00000,0.00000,True,2,KC,1,0.41555,0.41555,1,0,1,0.00000,-0.58445,-0.58445,1,1,0,0.00000,0.00000,5
2021091913,1866,47852,Josh Oliver,chip_release,inline,0.00000,0.00000,0.00000,True,2,BAL,1,0.46687,0.46687,1,0,1,0.00000,-0.53313,-0.53313,1,0,0,0.00000,2.00000,5
2021091913,2388,46155,Mark Andrews,chip_release,inline,0.00000,0.00000,0.00000,True,2,BAL,0,0.30410,0.30410,1,0,1,0.00000,0.30410,0.30410,0,0,0,0.00000,0.00000,5
2021091913,2561,40011,Travis Kelce,chip_release,detached,0.00000,0.00000,0.00000,True,2,KC,0,0.36015,0.36015,1,0,1,0.00000,0.36015,0.36015,0,0,0,0.00000,0.00000,5
2021091913,2593,42460,Blake Bell,pass_block,inline,0.00000,0.00000,0.00000,True,2,KC,0,0.23524,0.24709,1,1,0,0.01185,0.23524,0.24709,0,0,0,0.00000,0.00000,5
2021091913,3428,42721,Eric Tomlinson,pass_block,inline,0.00000,0.00000,0.00000,True,2,BAL,1,0.59418,0.61883,1,1,0,0.02465,-0.40582,-0.38117,0,0,1,0.00000,0.00000,7
2021091913,3555,46155,Mark Andrews,chip_release,inline,0.00000,0.00000,0.00000,True,2,BAL,0,0.20117,0.20117,1,0,1,0.00000,0.20117,0.20117,0,0,0,0.00000,0.00000,5
2021091913,3907,47852,Josh Oliver,chip_release,inline,0.00000,0.00000,0.00000,True,2,BAL,0,0.32819,0.32819,1,0,1,0.00000,0.32819,0.32819,0,0,0,0.00000,0.00000,5
2021092000,325,53172,Dominique Dafney,chip_release,inline,0.00000,0.00000,0.00000,True,2,GB,0,0.24853,0.24853,1,0,1,0.00000,0.24853,0.24853,0,0,0,0.00000,0.00000,5
2021092000,924,30842,Marcedes Lewis,chip_release,wing,0.00000,0.00000,0.00000,True,2,GB,0,0.35940,0.35940,1,0,1,0.00000,0.35940,0.35940,0,0,0,0.00000,0.00000,5
2021092000,1028,39907,Darren Fells,pass_block,inline,0.00000,0.00000,0.00000,True,2,DET,0,0.24059,0.25616,2,2,0,0.00779,0.12029,0.12808,0,0,0,0.00000,0.00000,5
2021092000,1028,47791,T.J. Hockenson,pass_block,wing,0.00000,0.00000,0.00000,True,2,DET,0,0.24059,0.25616,2,2,0,0.00779,0.12029,0.12808,0,0,0,0.00000,0.00000,5
2021092000,1073,47791,T.J. Hockenson,pass_block,inline,0.00000,0.00000,0.00000,True,2,DET,0,0.83215,0.83425,1,1,0,0.00210,0.83215,0.83425,0,0,0,0.00000,0.00000,5
2021092000,1357,53172,Dominique Dafney,pass_block,backfield,0.00000,0.00000,0.00000,True,2,GB,0,0.41234,0.41805,1,1,0,0.00571,0.41234,0.41805,0,0,0,0.00000,0.00000,5
2021092000,1491,53172,Dominique Dafney,pass_block,backfield,0.00000,0.00000,0.00000,True,2,GB,0,0.37885,0.37885,1,1,0,0.00000,0.37885,0.37885,0,0,0,0.00000,0.00000,5
2021092000,1596,39907,Darren Fells,pass_block,inline,0.00000,0.00000,0.00000,True,2,DET,0,0.36316,0.37538,1,1,0,0.01222,0.36316,0.37538,0,0,0,0.00000,0.00000,5
2021092000,1873,30842,Marcedes Lewis,chip_release,inline,0.00000,0.00000,0.00000,True,2,GB,0,0.27886,0.27886,1,0,1,0.00000,0.27886,0.27886,0,0,0,0.00000,0.00000,5
2021092000,1923,30842,Marcedes Lewis,chip_release,inline,0.00000,0.00000,0.00000,True,2,GB,1,0.25562,0.25562,1,0,1,0.00000,-0.74438,-0.74438,1,0,1,0.00000,1.00000,5
2021092000,1942,45635,Robert Tonyan,chip_release,detached,0.00000,0.00000,0.00000,True,2,GB,0,0.39270,0.39270,1,0,1,0.00000,0.39270,0.39270,0,0,0,0.00000,0.00000,5
2021092000,2119,39907,Darren Fells,pass_block,wing,0.00000,0.00000,0.00000,True,2,DET,1,0.47009,0.48981,2,2,0,0.00986,-0.26495,-0.25509,0,1,0,0.00000,1.00000,5
2021092000,2119,47791,T.J. Hockenson,pass_block,inline,0.00000,0.00000,0.00000,True,2,DET,1,0.47009,0.48981,2,2,0,0.00986,-0.26495,-0.25509,0,1,0,0.00000,1.00000,5
2021092000,2188,39907,Darren Fells,pass_block,wing,0.00000,0.00000,0.00000,True,2,DET,0,0.39479,0.41479,1,1,0,0.01999,0.39479,0.41479,0,0,0,0.00000,0.00000,6
2021092000,2437,30842,Marcedes Lewis,pass_block,inline,0.00000,0.00000,0.00000,True,2,GB,1,0.31094,0.33429,1,1,0,0.02335,-0.68906,-0.66571,1,0,0,0.00000,0.00000,5
2021092000,2645,45635,Robert Tonyan,chip_release,inline,0.00000,0.00000,0.00000,True,2,GB,0,0.28267,0.28267,1,0,1,0.00000,0.28267,0.28267,0,0,0,0.00000,0.00000,5
2021092000,3157,30842,Marcedes Lewis,pass_block,inline,0.00000,0.00000,0.00000,True,2,GB,0,0.57451,0.60329,1,1,0,0.02878,0.57451,0.60329,0,0,0,0.00000,0.00000,5
2021092000,3498,30842,Marcedes Lewis,pass_block,wing,0.00000,0.00000,0.00000,True,2,GB,1,0.47992,0.61871,1,1,0,0.13879,-0.52008,-0.38129,1,0,0,0.00000,1.00000,5
2021092000,3623,47791,T.J. Hockenson,chip_release,detached,0.00000,0.00000,0.00000,True,2,DET,0,0.22346,0.22346,1,0,1,0.00000,0.22346,0.22346,0,0,0,0.00000,0.00000,5
2021092300,54,45594,Colin Thompson,pass_block,wing,0.00000,0.00000,0.00000,True,3,CAR,0,0.42300,0.44636,2,2,0,0.01168,0.21150,0.22318,0,0,0,0.00000,0.00000,6
2021092300,54,46170,Ian Thomas,pass_block,inline,0.00000,0.00000,0.00000,True,3,CAR,0,0.42300,0.44636,2,2,0,0.01168,0.21150,0.22318,0,0,0,0.00000,0.00000,6
2021092300,341,46170,Ian Thomas,chip_release,detached,0.00000,0.00000,0.00000,True,3,CAR,1,0.82312,0.82312,1,0,1,0.00000,-0.17688,-0.17688,1,1,0,0.00000,0.00000,5
2021092300,838,46170,Ian Thomas,pass_block,inline,0.00000,0.00000,0.00000,True,3,CAR,0,0.30046,0.31048,1,1,0,0.01002,0.30046,0.31048,0,0,0,0.00000,0.00000,6
2021092300,904,46170,Ian Thomas,chip_release,inline,0.00000,0.00000,0.00000,True,3,CAR,0,0.36034,0.36034,1,0,1,0.00000,0.36034,0.36034,0,0,0,0.00000,0.00000,5
2021092300,926,46170,Ian Thomas,pass_block,inline,0.00000,0.00000,0.00000,True,3,CAR,0,0.26157,0.27656,1,1,0,0.01499,0.26157,0.27656,0,0,0,0.00000,0.00000,5
2021092300,1068,45321,Antony Auclair,pass_block,inline,1.00000,0.00000,0.00000,True,3,HOU,1,0.51183,0.54137,2,2,0,0.01477,-0.24409,-0.22931,1,0,0,1.00000,0.00000,6
2021092300,1068,45339,Pharaoh Brown,pass_block,wing,0.00000,0.00000,0.00000,True,3,HOU,1,0.51183,0.54137,2,2,0,0.01477,-0.24409,-0.22931,1,0,0,0.00000,0.00000,6
2021092300,1213,45339,Pharaoh Brown,pass_block,inline,0.00000,0.00000,0.00000,True,3,HOU,1,0.48753,0.51216,1,1,0,0.02463,-0.51247,-0.48784,0,1,0,0.00000,1.00000,6
2021092300,1359,46170,Ian Thomas,pass_block,inline,0.00000,0.00000,0.00000,True,3,CAR,1,0.27795,0.29657,2,2,0,0.00931,-0.36102,-0.35172,0,0,1,0.00000,0.00000,5
2021092300,1359,53512,Tommy Tremble,pass_block,inline,0.00000,0.00000,1.00000,True,3,CAR,1,0.27795,0.29657,2,2,0,0.00931,-0.36102,-0.35172,0,0,1,1.00000,0.00000,5
2021092300,1945,45785,Dan Arnold,chip_release,detached,0.00000,0.00000,0.00000,True,3,CAR,1,0.19357,0.19357,1,0,1,0.00000,-0.80643,-0.80643,0,0,1,0.00000,1.00000,5
2021092300,2015,45339,Pharaoh Brown,pass_block,inline,0.00000,0.00000,0.00000,True,3,HOU,0,0.38781,0.39242,1,1,0,0.00461,0.38781,0.39242,0,0,0,0.00000,0.00000,5
2021092300,2108,45339,Pharaoh Brown,pass_block,inline,0.00000,0.00000,0.00000,True,3,HOU,0,0.40413,0.41385,1,1,0,0.00971,0.40413,0.41385,0,0,0,0.00000,0.00000,6
2021092300,2233,45339,Pharaoh Brown,pass_block,inline,0.00000,0.00000,0.00000,True,3,HOU,0,0.50470,0.52767,2,2,0,0.01149,0.25235,0.26383,0,0,0,0.00000,0.00000,5
2021092300,2233,46167,Jordan Akins,pass_block,inline,0.00000,0.00000,0.00000,True,3,HOU,0,0.50470,0.52767,2,2,0,0.01149,0.25235,0.26383,0,0,0,0.00000,0.00000,5
2021092300,2266,45321,Antony Auclair,pass_block,inline,0.00000,0.00000,0.00000,True,3,HOU,0,0.25909,0.27150,2,2,0,0.00621,0.12955,0.13575,0,0,0,0.00000,0.00000,5
2021092300,2266,45339,Pharaoh Brown,pass_block,wing,0.00000,0.00000,0.00000,True,3,HOU,0,0.25909,0.27150,2,2,0,0.00621,0.12955,0.13575,0,0,0,0.00000,0.00000,5
2021092300,2524,46170,Ian Thomas,chip_release,inline,0.00000,0.00000,0.00000,True,3,CAR,1,0.27647,0.27647,1,0,1,0.00000,-0.72353,-0.72353,1,0,0,0.00000,0.00000,5
2021092300,2774,45785,Dan Arnold,chip_release,detached,0.00000,0.00000,0.00000,True,3,CAR,1,0.52806,0.52806,1,0,1,0.00000,-0.47194,-0.47194,1,1,0,0.00000,3.00000,5
2021092300,3097,45321,Antony Auclair,pass_block,inline,0.00000,0.00000,0.00000,True,3,HOU,0,0.20848,0.21601,1,1,0,0.00753,0.20848,0.21601,0,0,0,0.00000,0.00000,5
2021092300,3189,46167,Jordan Akins,chip_release,inline,0.00000,0.00000,0.00000,True,3,HOU,1,0.47513,0.47513,1,0,1,0.00000,-0.52487,-0.52487,1,0,1,0.00000,1.00000,6
2021092300,3329,45594,Colin Thompson,pass_block,inline,0.00000,0.00000,0.00000,True,3,CAR,0,0.25746,0.26996,2,2,0,0.00625,0.12873,0.13498,0,0,0,0.00000,0.00000,5
2021092300,3329,53512,Tommy Tremble,pass_block,wing,0.00000,0.00000,0.00000,True,3,CAR,0,0.25746,0.26996,2,2,0,0.00625,0.12873,0.13498,0,0,0,0.00000,0.00000,5
2021092300,3351,45785,Dan Arnold,chip_release,detached,0.00000,0.00000,0.00000,True,3,CAR,1,0.34899,0.34899,1,0,1,0.00000,-0.65101,-0.65101,1,0,0,0.00000,1.00000,6
2021092300,3375,45594,Colin Thompson,pass_block,wing,0.00000,0.00000,0.00000,True,3,CAR,1,0.42495,0.44636,2,2,0,0.01071,-0.28753,-0.27682,1,0,0,0.00000,1.00000,5
2021092300,3375,46170,Ian Thomas,pass_block,inline,0.00000,0.00000,0.00000,True,3,CAR,1,0.42495,0.44636,2,2,0,0.01071,-0.28753,-0.27682,1,0,0,0.00000,1.00000,5
2021092600,223,48011,Tommy Sweeney,chip_release,detached,0.00000,0.00000,0.00000,True,3,BUF,1,0.77670,0.77670,1,0,1,0.00000,-0.22330,-0.22330,1,0,0,0.00000,0.00000,5
2021092600,258,47879,Dawson Knox,chip_release,inline,0.00000,0.00000,0.00000,True,3,BUF,1,0.21507,0.21507,1,0,1,0.00000,-0.78493,-0.78493,1,0,0,0.00000,1.00000,5
2021092600,1077,45481,Ricky Seals-Jones,pass_block,detached,0.00000,0.00000,0.00000,True,3,WAS,1,0.77488,0.78398,1,1,0,0.00911,-0.22512,-0.21602,1,0,0,0.00000,0.00000,6
2021092600,1636,41349,Logan Thomas,pass_block,inline,0.00000,0.00000,0.00000,True,3,WAS,1,0.74372,0.75369,2,2,0,0.00498,-0.12814,-0.12315,1,0,0,0.00000,0.00000,5
2021092600,1636,45481,Ricky Seals-Jones,pass_block,wing,0.00000,0.00000,0.00000,True,3,WAS,1,0.74372,0.75369,2,2,0,0.00498,-0.12814,-0.12315,1,0,0,0.00000,0.00000,5
2021092600,1758,47879,Dawson Knox,chip_release,backfield,0.00000,0.00000,0.00000,True,3,BUF,1,0.51810,0.51810,1,0,1,0.00000,-0.48190,-0.48190,0,1,0,0.00000,1.00000,5
2021092600,2202,47879,Dawson Knox,chip_release,detached,0.00000,0.00000,0.00000,True,3,BUF,1,0.77769,0.77769,1,0,1,0.00000,-0.22231,-0.22231,1,0,0,0.00000,1.00000,5
2021092600,2369,45481,Ricky Seals-Jones,pass_block,detached,0.00000,0.00000,0.00000,True,3,WAS,0,0.43040,0.45118,1,1,0,0.02078,0.43040,0.45118,0,0,0,0.00000,0.00000,6
2021092600,2507,47879,Dawson Knox,chip_release,backfield,0.00000,0.00000,0.00000,True,3,BUF,0,0.56523,0.56523,1,0,1,0.00000,0.56523,0.56523,0,0,0,0.00000,0.00000,5
2021092600,3325,47879,Dawson Knox,pass_block,backfield,0.00000,0.00000,0.00000,True,3,BUF,0,0.50290,0.51614,1,1,0,0.01324,0.50290,0.51614,0,0,0,0.00000,0.00000,5
2021092601,473,44841,David Njoku,chip_release,inline,0.00000,0.00000,0.00000,True,3,CLE,1,0.44281,0.44281,1,0,1,0.00000,-0.55719,-0.55719,0,1,0,0.00000,1.00000,6
2021092601,799,43370,Austin Hooper,pass_block,wing,0.00000,0.00000,0.00000,True,3,CLE,1,0.23145,0.26224,2,2,0,0.01539,-0.38427,-0.36888,1,0,0,0.00000,1.00000,5
2021092601,799,52523,Harrison Bryant,pass_block,inline,0.00000,0.00000,0.00000,True,3,CLE,1,0.23145,0.26224,2,2,0,0.01539,-0.38427,-0.36888,1,0,0,0.00000,1.00000,5
2021092601,982,43370,Austin Hooper,chip_release,inline,0.00000,0.00000,0.00000,True,3,CLE,0,0.21801,0.21801,1,0,1,0.00000,0.21801,0.21801,0,0,0,0.00000,0.00000,5
2021092601,1092,52451,Cole Kmet,pass_block,inline,0.00000,0.00000,1.00000,True,3,CHI,1,0.54527,0.57588,1,1,0,0.03061,-0.45473,-0.42412,0,0,1,1.00000,0.00000,5
2021092601,1112,52451,Cole Kmet,chip_release,inline,0.00000,0.00000,0.00000,True,3,CHI,1,0.42062,0.42062,1,0,1,0.00000,-0.57938,-0.57938,0,0,1,0.00000,1.00000,5
2021092601,1227,44841,David Njoku,chip_release,inline,0.00000,0.00000,0.00000,True,3,CLE,1,0.38543,0.38543,1,0,1,0.00000,-0.61457,-0.61457,1,0,0,0.00000,0.00000,5
2021092601,1255,44841,David Njoku,pass_block,inline,0.00000,0.00000,0.00000,True,3,CLE,0,0.30366,0.30945,1,1,0,0.00579,0.30366,0.30945,0,0,0,0.00000,0.00000,5
2021092601,1354,44841,David Njoku,chip_release,inline,0.00000,0.00000,0.00000,True,3,CLE,1,0.41554,0.41554,1,0,1,0.00000,-0.58446,-0.58446,0,0,1,0.00000,1.00000,5
2021092601,1650,43370,Austin Hooper,pass_block,detached,0.00000,0.00000,0.00000,True,3,CLE,0,0.46232,0.46909,1,1,0,0.00677,0.46232,0.46909,0,0,0,0.00000,0.00000,5
2021092601,2107,52451,Cole Kmet,chip_release,inline,0.00000,0.00000,0.00000,True,3,CHI,1,0.42235,0.42235,1,0,1,0.00000,-0.57765,-0.57765,0,0,1,0.00000,2.00000,6
2021092601,2193,43370,Austin Hooper,pass_block,inline,0.00000,0.00000,0.00000,True,3,CLE,0,0.40034,0.52106,1,1,0,0.12072,0.40034,0.52106,0,0,0,0.00000,0.00000,5
2021092601,2294,43370,Austin Hooper,chip_release,inline,0.00000,0.00000,0.00000,True,3,CLE,1,0.59606,0.59606,1,0,1,0.00000,-0.40394,-0.40394,1,0,0,0.00000,0.00000,5
2021092601,2382,42503,Jesse James,chip_release,inline,0.00000,0.00000,0.00000,True,3,CHI,1,0.61537,0.61537,1,0,1,0.00000,-0.38463,-0.38463,0,1,0,0.00000,0.00000,5
2021092601,2507,44841,David Njoku,chip_release,inline,0.00000,0.00000,0.00000,True,3,CLE,1,0.37176,0.37176,1,0,1,0.00000,-0.62824,-0.62824,1,0,1,0.00000,3.00000,5
2021092601,3108,52451,Cole Kmet,pass_block,inline,0.00000,0.00000,0.00000,True,3,CHI,0,0.32211,0.32878,1,1,0,0.00668,0.32211,0.32878,0,0,0,0.00000,0.00000,6
2021092601,3345,43370,Austin Hooper,pass_block,wing,0.00000,0.00000,0.00000,True,3,CLE,0,0.29741,0.30612,1,1,0,0.00872,0.29741,0.30612,0,0,0,0.00000,0.00000,6
2021092601,3909,52451,Cole Kmet,chip_release,inline,0.00000,0.00000,0.00000,True,3,CHI,1,0.62624,0.62624,1,0,1,0.00000,-0.37376,-0.37376,1,0,1,0.00000,1.00000,6
2021092602,55,39907,Darren Fells,pass_block,wing,0.00000,0.00000,0.00000,True,3,DET,0,0.26216,0.26566,1,1,0,0.00350,0.26216,0.26566,0,0,0,0.00000,0.00000,6
2021092602,79,47791,T.J. Hockenson,pass_block,detached,0.00000,0.00000,0.00000,True,3,DET,0,0.46246,0.46453,1,1,0,0.00207,0.46246,0.46453,0,0,0,0.00000,0.00000,5
2021092602,653,39907,Darren Fells,chip_release,inline,0.00000,0.00000,0.00000,True,3,DET,0,0.24826,0.24826,1,0,1,0.00000,0.24826,0.24826,0,0,0,0.00000,0.00000,5
2021092602,981,47791,T.J. Hockenson,chip_release,inline,0.00000,0.00000,0.00000,True,3,DET,1,0.44115,0.44115,1,0,1,0.00000,-0.55885,-0.55885,1,1,0,0.00000,1.00000,7
2021092602,1058,39907,Darren Fells,chip_release,detached,0.00000,0.00000,0.00000,True,3,DET,1,0.71677,0.71677,1,0,1,0.00000,-0.28323,-0.28323,1,0,0,0.00000,1.00000,6
2021092602,2205,47791,T.J. Hockenson,chip_release,detached,0.00000,0.00000,0.00000,True,3,DET,1,0.67752,0.67752,1,0,1,0.00000,-0.32248,-0.32248,1,0,0,0.00000,1.00000,6
2021092602,2525,47791,T.J. Hockenson,pass_block,detached,0.00000,0.00000,0.00000,True,3,DET,0,0.23030,0.24673,1,1,0,0.01643,0.23030,0.24673,0,0,0,0.00000,0.00000,5
2021092602,2570,39907,Darren Fells,chip_release,detached,0.00000,0.00000,0.00000,True,3,DET,0,0.42726,0.42726,1,0,1,0.00000,0.42726,0.42726,0,0,0,0.00000,0.00000,5
2021092602,3166,47791,T.J. Hockenson,pass_block,detached,0.00000,0.00000,0.00000,True,3,DET,1,0.20078,0.21628,1,1,0,0.01550,-0.79922,-0.78372,1,0,0,0.00000,1.00000,5
2021092602,3495,42721,Eric Tomlinson,chip_release,inline,0.00000,0.00000,0.00000,True,3,BAL,0,0.15205,0.15205,1,0,1,0.00000,0.15205,0.15205,0,0,0,0.00000,0.00000,5
2021092602,3926,46155,Mark Andrews,chip_release,inline,0.00000,0.00000,0.00000,True,3,BAL,1,0.26698,0.26698,1,0,1,0.00000,-0.73302,-0.73302,0,0,1,0.00000,0.00000,5
2021092602,4003,46155,Mark Andrews,pass_block,inline,0.00000,0.00000,0.00000,True,3,BAL,0,0.32258,0.34107,1,1,0,0.01849,0.32258,0.34107,0,0,0,0.00000,0.00000,5
2021092602,4058,46155,Mark Andrews,pass_block,detached,0.00000,0.00000,0.00000,True,3,BAL,0,0.15993,0.17982,1,1,0,0.01989,0.15993,0.17982,0,0,0,0.00000,0.00000,6
2021092603,580,42302,Chris Manhertz,pass_block,inline,0.00000,0.00000,0.00000,True,3,JAX,0,0.24417,0.25566,1,1,0,0.01149,0.24417,0.25566,0,0,0,0.00000,0.00000,5
2021092603,889,45281,Jacob Hollister,pass_block,detached,0.00000,0.00000,0.00000,True,3,JAX,0,0.32908,0.34088,1,1,0,0.01180,0.32908,0.34088,0,0,0,0.00000,0.00000,5
2021092603,1055,42398,Maxx Williams,pass_block,detached,1.00000,0.00000,0.00000,True,3,ARI,1,0.39658,0.43126,1,1,0,0.03468,-0.60342,-0.56874,1,0,0,1.00000,0.00000,5
2021092603,1111,42398,Maxx Williams,pass_block,inline,0.00000,0.00000,0.00000,True,3,ARI,0,0.58289,0.60028,1,1,0,0.01739,0.58289,0.60028,0,0,0,0.00000,0.00000,5
2021092603,1396,42398,Maxx Williams,pass_block,inline,0.00000,0.00000,0.00000,True,3,ARI,0,0.22805,0.23902,1,1,0,0.01097,0.22805,0.23902,0,0,0,0.00000,0.00000,5
2021092603,2262,45142,Darrell Daniels,pass_block,wing,1.00000,0.00000,0.00000,True,3,ARI,1,0.25062,0.28010,1,1,0,0.02948,-0.74938,-0.71990,1,0,0,1.00000,0.00000,5
2021092603,2283,42398,Maxx Williams,pass_block,inline,0.00000,0.00000,0.00000,True,3,ARI,0,0.32425,0.33596,1,1,0,0.01171,0.32425,0.33596,0,0,0,0.00000,0.00000,5
2021092603,2307,42398,Maxx Williams,pass_block,detached,0.00000,0.00000,0.00000,True,3,ARI,0,0.40243,0.43725,1,1,0,0.03482,0.40243,0.43725,0,0,0,0.00000,0.00000,5
2021092603,2845,42398,Maxx Williams,pass_block,inline,0.00000,0.00000,0.00000,True,3,ARI,0,0.30914,0.32056,1,1,0,0.01143,0.30914,0.32056,0,0,0,0.00000,0.00000,6
2021092603,3164,42398,Maxx Williams,pass_block,inline,0.00000,0.00000,0.00000,True,3,ARI,0,0.30360,0.31671,2,2,0,0.00655,0.15180,0.15836,0,0,0,0.00000,0.00000,5
2021092603,3164,45142,Darrell Daniels,pass_block,backfield,0.00000,0.00000,0.00000,True,3,ARI,0,0.30360,0.31671,2,2,0,0.00655,0.15180,0.15836,0,0,0,0.00000,0.00000,5
2021092604,210,42460,Blake Bell,chip_release,inline,0.00000,0.00000,0.00000,True,3,KC,0,0.33418,0.33418,1,0,1,0.00000,0.33418,0.33418,0,0,0,0.00000,0.00000,6
2021092604,304,40011,Travis Kelce,pass_block,inline,0.00000,0.00000,0.00000,True,3,KC,0,0.28220,0.31260,1,1,0,0.03040,0.28220,0.31260,0,0,0,0.00000,0.00000,5
2021092604,564,34540,Jared Cook,chip_release,detached,0.00000,0.00000,0.00000,True,3,LAC,1,0.80524,0.80524,1,0,1,0.00000,-0.19476,-0.19476,1,0,0,0.00000,2.00000,5
2021092604,673,40011,Travis Kelce,chip_release,inline,0.00000,0.00000,0.00000,True,3,KC,1,0.30912,0.30912,2,0,2,0.00000,-0.34544,-0.34544,0,1,0,0.00000,0.00000,5
2021092604,673,42460,Blake Bell,chip_release,inline,0.00000,0.00000,0.00000,True,3,KC,1,0.30912,0.30912,2,0,2,0.00000,-0.34544,-0.34544,0,1,0,0.00000,0.00000,5
2021092604,788,48456,Donald Parham,chip_release,inline,0.00000,0.00000,0.00000,True,3,LAC,0,0.27151,0.27151,1,0,1,0.00000,0.27151,0.27151,0,0,0,0.00000,0.00000,5
2021092604,854,48456,Donald Parham,chip_release,inline,0.00000,0.00000,0.00000,True,3,LAC,0,0.19479,0.19479,1,0,1,0.00000,0.19479,0.19479,0,0,0,0.00000,0.00000,5
2021092604,940,48456,Donald Parham,chip_release,inline,0.00000,0.00000,0.00000,True,3,LAC,0,0.13848,0.13848,1,0,1,0.00000,0.13848,0.13848,0,0,0,0.00000,0.00000,5
2021092604,1484,34540,Jared Cook,pass_block,wing,0.00000,0.00000,0.00000,True,3,LAC,0,0.22520,0.25728,2,2,0,0.01604,0.11260,0.12864,0,0,0,0.00000,0.00000,5
2021092604,1484,48456,Donald Parham,pass_block,inline,0.00000,0.00000,0.00000,True,3,LAC,0,0.22520,0.25728,2,2,0,0.01604,0.11260,0.12864,0,0,0,0.00000,0.00000,5
2021092604,1553,34540,Jared Cook,chip_release,detached,0.00000,0.00000,0.00000,True,3,LAC,0,0.85383,0.85383,1,0,1,0.00000,0.85383,0.85383,0,0,0,0.00000,0.00000,5
2021092604,1869,40011,Travis Kelce,chip_release,inline,0.00000,0.00000,0.00000,True,3,KC,1,0.29772,0.29772,1,0,1,0.00000,-0.70228,-0.70228,0,1,0,0.00000,0.00000,5
2021092604,2045,40011,Travis Kelce,chip_release,inline,0.00000,0.00000,0.00000,True,3,KC,0,0.30912,0.30912,2,0,2,0.00000,0.15456,0.15456,0,0,0,0.00000,0.00000,5
2021092604,2045,42460,Blake Bell,chip_release,inline,0.00000,0.00000,0.00000,True,3,KC,0,0.30912,0.30912,2,0,2,0.00000,0.15456,0.15456,0,0,0,0.00000,0.00000,5
2021092604,2090,42460,Blake Bell,chip_release,inline,0.00000,0.00000,0.00000,True,3,KC,1,0.31643,0.31643,1,0,1,0.00000,-0.68357,-0.68357,0,1,0,0.00000,1.00000,6
2021092604,2409,43845,Stephen Anderson,pass_block,inline,0.00000,0.00000,1.00000,True,3,LAC,1,0.32244,0.34343,1,1,0,0.02099,-0.67756,-0.65657,0,0,1,1.00000,0.00000,5
2021092604,2857,43845,Stephen Anderson,pass_block,wing,0.00000,0.00000,0.00000,True,3,LAC,0,0.33587,0.33776,1,1,0,0.00188,0.33587,0.33776,0,0,0,0.00000,0.00000,7
2021092604,3344,42460,Blake Bell,pass_block,inline,0.00000,0.00000,0.00000,True,3,KC,0,0.23862,0.32165,1,1,0,0.08303,0.23862,0.32165,0,0,0,0.00000,0.00000,6
2021092604,3368,40011,Travis Kelce,chip_release,inline,0.00000,0.00000,0.00000,True,3,KC,1,0.78193,0.78193,1,0,1,0.00000,-0.21807,-0.21807,1,0,0,0.00000,1.00000,6
2021092605,202,43324,Hunter Henry,pass_block,detached,0.00000,0.00000,0.00000,True,3,NE,1,0.25601,0.27678,1,1,0,0.02078,-0.74399,-0.72322,1,0,0,0.00000,0.00000,5
2021092605,342,52513,Adam Trautman,chip_release,inline,0.00000,0.00000,0.00000,True,3,NO,0,0.59220,0.59220,1,0,1,0.00000,0.59220,0.59220,0,0,0,0.00000,0.00000,6
2021092605,366,44075,Garrett Griffin,chip_release,wing,0.00000,0.00000,0.00000,True,3,NO,0,0.15823,0.16018,2,1,1,0.00097,0.07911,0.08009,0,0,0,0.00000,0.00000,5
2021092605,366,52513,Adam Trautman,pass_block,inline,0.00000,0.00000,0.00000,True,3,NO,0,0.15823,0.16018,2,1,1,0.00097,0.07911,0.08009,0,0,0,0.00000,0.00000,5
2021092605,537,44912,Jonnu Smith,pass_block,inline,0.00000,0.00000,0.00000,True,3,NE,1,0.43240,0.43271,1,1,0,0.00031,-0.56760,-0.56729,0,0,1,0.00000,1.00000,6
2021092605,580,43324,Hunter Henry,chip_release,detached,0.00000,0.00000,0.00000,True,3,NE,0,0.34100,0.34100,1,0,1,0.00000,0.34100,0.34100,0,0,0,0.00000,0.00000,5
2021092605,668,52513,Adam Trautman,pass_block,inline,0.00000,0.00000,0.00000,True,3,NO,0,0.09696,0.10062,1,1,0,0.00366,0.09696,0.10062,0,0,0,0.00000,0.00000,5
2021092605,718,52513,Adam Trautman,pass_block,inline,0.00000,0.00000,0.00000,True,3,NO,0,0.30464,0.30623,1,1,0,0.00159,0.30464,0.30623,0,0,0,0.00000,0.00000,5
2021092605,795,44075,Garrett Griffin,pass_block,inline,0.00000,0.00000,0.00000,True,3,NO,0,0.30596,0.30755,2,2,0,0.00080,0.15298,0.15378,0,0,0,0.00000,0.00000,5
2021092605,795,52513,Adam Trautman,pass_block,wing,0.00000,0.00000,0.00000,True,3,NO,0,0.30596,0.30755,2,2,0,0.00080,0.15298,0.15378,0,0,0,0.00000,0.00000,5
2021092605,1329,43324,Hunter Henry,chip_release,detached,0.00000,0.00000,0.00000,True,3,NE,1,0.72793,0.72793,1,0,1,0.00000,-0.27207,-0.27207,1,0,0,0.00000,1.00000,6
2021092605,1580,44912,Jonnu Smith,chip_release,inline,0.00000,0.00000,0.00000,True,3,NE,0,0.24197,0.24197,1,0,1,0.00000,0.24197,0.24197,0,0,0,0.00000,0.00000,5
2021092605,1604,44912,Jonnu Smith,pass_block,inline,0.00000,0.00000,0.00000,True,3,NE,1,0.16644,0.16895,1,1,0,0.00252,-0.83356,-0.83105,0,1,0,0.00000,0.00000,5
2021092605,1626,43324,Hunter Henry,pass_block,inline,0.00000,0.00000,0.00000,True,3,NE,1,0.48398,0.48430,1,1,0,0.00032,-0.51602,-0.51570,0,1,0,0.00000,1.00000,6
2021092605,1820,52513,Adam Trautman,pass_block,inline,0.00000,0.00000,0.00000,True,3,NO,1,0.52822,0.52854,1,1,0,0.00032,-0.47178,-0.47146,0,1,0,0.00000,1.00000,6
2021092605,1940,43324,Hunter Henry,pass_block,detached,0.00000,0.00000,0.00000,True,3,NE,0,0.34573,0.37021,1,1,0,0.02448,0.34573,0.37021,0,0,0,0.00000,0.00000,5
2021092605,2381,44075,Garrett Griffin,pass_block,inline,0.00000,0.00000,0.00000,True,3,NO,1,0.63551,0.64792,1,1,0,0.01241,-0.36449,-0.35208,1,0,0,0.00000,1.00000,5
2021092605,2550,43324,Hunter Henry,chip_release,detached,0.00000,0.00000,0.00000,True,3,NE,0,0.39597,0.39597,1,0,1,0.00000,0.39597,0.39597,0,0,0,0.00000,0.00000,5
2021092605,2574,43324,Hunter Henry,chip_release,detached,0.00000,0.00000,0.00000,True,3,NE,0,0.27194,0.27194,1,0,1,0.00000,0.27194,0.27194,0,0,0,0.00000,0.00000,5
2021092605,2783,43324,Hunter Henry,pass_block,detached,0.00000,0.00000,0.00000,True,3,NE,0,0.47034,0.50174,1,1,0,0.03140,0.47034,0.50174,0,0,0,0.00000,0.00000,5
2021092605,2849,43324,Hunter Henry,pass_block,detached,0.00000,0.00000,0.00000,True,3,NE,0,0.28282,0.29947,1,1,0,0.01665,0.28282,0.29947,0,0,0,0.00000,0.00000,5
2021092605,2915,44075,Garrett Griffin,pass_block,wing,0.00000,0.00000,0.00000,True,3,NO,1,0.73864,0.79299,2,2,0,0.02717,-0.13068,-0.10351,1,0,0,0.00000,1.00000,5
2021092605,2915,52513,Adam Trautman,pass_block,inline,0.00000,0.00000,0.00000,True,3,NO,1,0.73864,0.79299,2,2,0,0.02717,-0.13068,-0.10351,1,0,0,0.00000,1.00000,5
2021092605,3093,43324,Hunter Henry,chip_release,detached,0.00000,0.00000,0.00000,True,3,NE,1,0.26522,0.26522,1,0,1,0.00000,-0.73478,-0.73478,0,0,1,0.00000,1.00000,5
2021092605,3684,44075,Garrett Griffin,pass_block,backfield,0.00000,0.00000,0.00000,True,3,NO,1,0.78884,0.83914,3,2,1,0.01677,-0.07039,-0.05362,1,0,0,0.00000,0.00000,6
2021092605,3684,52513,Adam Trautman,chip_release,wing,0.00000,0.00000,0.00000,True,3,NO,1,0.78884,0.83914,3,2,1,0.01677,-0.07039,-0.05362,1,0,0,0.00000,0.00000,6
2021092605,3684,52942,Juwan Johnson,pass_block,inline,0.00000,0.00000,0.00000,True,3,NO,1,0.78884,0.83914,3,2,1,0.01677,-0.07039,-0.05362,1,0,0,0.00000,0.00000,6
2021092605,3769,43324,Hunter Henry,chip_release,detached,0.00000,0.00000,0.00000,True,3,NE,1,0.14304,0.14304,1,0,1,0.00000,-0.85696,-0.85696,0,1,0,0.00000,0.00000,5
2021092605,3974,44912,Jonnu Smith,chip_release,detached,0.00000,0.00000,0.00000,True,3,NE,0,0.25002,0.25002,1,0,1,0.00000,0.25002,0.25002,0,0,0,0.00000,0.00000,5
2021092605,4020,44912,Jonnu Smith,chip_release,detached,0.00000,0.00000,0.00000,True,3,NE,0,0.42887,0.42887,1,0,1,0.00000,0.42887,0.42887,0,0,0,0.00000,0.00000,5
2021092605,4061,43324,Hunter Henry,chip_release,detached,0.00000,0.00000,0.00000,True,3,NE,0,0.50852,0.50852,1,0,1,0.00000,0.50852,0.50852,0,0,0,0.00000,0.00000,5
2021092605,4090,43324,Hunter Henry,chip_release,detached,0.00000,0.00000,0.00000,True,3,NE,0,0.65286,0.65286,1,0,1,0.00000,0.65286,0.65286,0,0,0,0.00000,0.00000,5
2021092606,76,37234,Lee Smith,pass_block,inline,0.00000,0.00000,0.00000,True,3,ATL,0,0.22713,0.23870,1,1,0,0.01157,0.22713,0.23870,0,0,0,0.00000,0.00000,6
2021092606,159,37234,Lee Smith,pass_block,inline,0.00000,0.00000,0.00000,True,3,ATL,0,0.30622,0.35580,1,1,0,0.04958,0.30622,0.35580,0,0,0,0.00000,0.00000,5
2021092606,232,37118,Kyle Rudolph,pass_block,inline,0.00000,0.00000,0.00000,True,3,NYG,0,0.22601,0.23754,2,2,0,0.00577,0.11300,0.11877,0,0,0,0.00000,0.00000,5
2021092606,232,44835,Evan Engram,pass_block,wing,0.00000,0.00000,0.00000,True,3,NYG,0,0.22601,0.23754,2,2,0,0.00577,0.11300,0.11877,0,0,0,0.00000,0.00000,5
2021092606,414,47959,Kaden Smith,pass_block,wing,0.00000,0.00000,0.00000,True,3,NYG,0,0.31709,0.34925,1,1,0,0.03217,0.31709,0.34925,0,0,0,0.00000,0.00000,6
2021092606,551,46094,Hayden Hurst,pass_block,inline,0.00000,0.00000,0.00000,True,3,ATL,0,0.45270,0.47572,1,1,0,0.02303,0.45270,0.47572,0,0,0,0.00000,0.00000,5
2021092606,677,37118,Kyle Rudolph,pass_block,inline,0.00000,0.00000,0.00000,True,3,NYG,1,0.19144,0.20167,2,1,1,0.00511,-0.40428,-0.39917,1,0,0,0.00000,0.00000,5
2021092606,677,47959,Kaden Smith,chip_release,wing,0.00000,0.00000,0.00000,True,3,NYG,1,0.19144,0.20167,2,1,1,0.00511,-0.40428,-0.39917,1,0,0,0.00000,0.00000,5
2021092606,751,44835,Evan Engram,chip_release,detached,0.00000,0.00000,0.00000,True,3,NYG,0,0.39135,0.39135,1,0,1,0.00000,0.39135,0.39135,0,0,0,0.00000,0.00000,5
2021092606,903,47959,Kaden Smith,chip_release,inline,0.00000,0.00000,0.00000,True,3,NYG,0,0.33124,0.33124,1,0,1,0.00000,0.33124,0.33124,0,0,0,0.00000,0.00000,5
2021092606,1041,37118,Kyle Rudolph,pass_block,inline,0.00000,0.00000,0.00000,True,3,NYG,0,0.18927,0.19941,1,1,0,0.01014,0.18927,0.19941,0,0,0,0.00000,0.00000,5
2021092606,1405,37234,Lee Smith,pass_block,inline,0.00000,0.00000,0.00000,True,3,ATL,1,0.27736,0.30657,1,1,0,0.02921,-0.72264,-0.69343,1,0,0,0.00000,1.00000,6
2021092606,1536,46094,Hayden Hurst,chip_release,inline,0.00000,0.00000,0.00000,True,3,ATL,0,0.35290,0.35290,1,0,1,0.00000,0.35290,0.35290,0,0,0,0.00000,0.00000,5
2021092606,1653,37118,Kyle Rudolph,pass_block,inline,0.00000,0.00000,0.00000,True,3,NYG,0,0.23164,0.24337,2,2,0,0.00586,0.11582,0.12168,0,0,0,0.00000,0.00000,5
2021092606,1653,47959,Kaden Smith,pass_block,inline,0.00000,0.00000,0.00000,True,3,NYG,0,0.23164,0.24337,2,2,0,0.00586,0.11582,0.12168,0,0,0,0.00000,0.00000,5
2021092606,1736,44835,Evan Engram,chip_release,detached,0.00000,0.00000,0.00000,True,3,NYG,0,0.39557,0.39557,1,0,1,0.00000,0.39557,0.39557,0,0,0,0.00000,0.00000,5
2021092606,1931,37234,Lee Smith,pass_block,wing,0.00000,0.00000,0.00000,True,3,ATL,0,0.25516,0.28954,1,1,0,0.03438,0.25516,0.28954,0,0,0,0.00000,0.00000,8
2021092606,2388,47959,Kaden Smith,pass_block,backfield,1.00000,0.00000,0.00000,True,3,NYG,1,0.78899,0.79077,1,1,0,0.00178,-0.21101,-0.20923,1,1,0,1.00000,0.00000,5
2021092606,2423,44835,Evan Engram,chip_release,detached,0.00000,0.00000,0.00000,True,3,NYG,1,0.73493,0.73493,1,0,1,0.00000,-0.26507,-0.26507,1,0,0,0.00000,1.00000,5
2021092606,2469,37234,Lee Smith,pass_block,inline,0.00000,0.00000,0.00000,True,3,ATL,1,0.35097,0.41371,1,1,0,0.06274,-0.64903,-0.58629,0,0,1,0.00000,0.00000,6
2021092606,2734,37118,Kyle Rudolph,pass_block,inline,0.00000,0.00000,0.00000,True,3,NYG,0,0.43985,0.45475,1,1,0,0.01490,0.43985,0.45475,0,0,0,0.00000,0.00000,6
2021092606,3162,47959,Kaden Smith,pass_block,inline,0.00000,0.00000,0.00000,True,3,NYG,0,0.20393,0.21464,1,1,0,0.01072,0.20393,0.21464,0,0,0,0.00000,0.00000,5
2021092606,3298,37234,Lee Smith,pass_block,inline,0.00000,0.00000,0.00000,True,3,ATL,1,0.13559,0.15348,1,1,0,0.01789,-0.86441,-0.84652,0,1,0,0.00000,1.00000,5
2021092606,3664,37234,Lee Smith,chip_release,inline,0.00000,0.00000,0.00000,True,3,ATL,0,0.42911,0.42911,1,0,1,0.00000,0.42911,0.42911,0,0,0,0.00000,0.00000,7
2021092607,845,47924,Zach Gentry,pass_block,inline,0.00000,0.00000,0.00000,True,3,PIT,1,0.39729,0.40294,2,1,1,0.00282,-0.30135,-0.29853,1,0,1,0.00000,1.00000,5
2021092607,845,53484,Pat Freiermuth,chip_release,inline,0.00000,0.00000,0.00000,True,3,PIT,1,0.39729,0.40294,2,1,1,0.00282,-0.30135,-0.29853,1,0,1,0.00000,1.00000,5
2021092607,1123,47924,Zach Gentry,chip_release,inline,0.00000,0.00000,0.00000,True,3,PIT,0,0.57038,0.57038,1,0,1,0.00000,0.57038,0.57038,0,0,0,0.00000,0.00000,5
2021092607,1336,47924,Zach Gentry,pass_block,inline,0.00000,0.00000,0.00000,True,3,PIT,1,0.63718,0.68389,2,1,1,0.02335,-0.18141,-0.15806,0,0,1,0.00000,0.00000,5
2021092607,1336,53484,Pat Freiermuth,chip_release,wing,0.00000,0.00000,0.00000,True,3,PIT,1,0.63718,0.68389,2,1,1,0.02335,-0.18141,-0.15806,0,0,1,0.00000,0.00000,5
2021092607,1587,47924,Zach Gentry,chip_release,inline,0.00000,0.00000,0.00000,True,3,PIT,0,0.43324,0.43324,1,0,1,0.00000,0.43324,0.43324,0,0,0,0.00000,0.00000,5
2021092607,1708,42500,C.J. Uzomah,chip_release,inline,0.00000,0.00000,0.00000,True,3,CIN,1,0.60469,0.60469,1,0,1,0.00000,-0.39531,-0.39531,1,1,0,0.00000,2.00000,6
2021092607,3182,41236,Eric Ebron,pass_block,inline,0.00000,0.00000,0.00000,True,3,PIT,0,0.22649,0.25946,1,1,0,0.03297,0.22649,0.25946,0,0,0,0.00000,0.00000,5
2021092607,3687,41236,Eric Ebron,pass_block,inline,0.00000,0.00000,0.00000,True,3,PIT,0,0.32758,0.33649,1,1,0,0.00891,0.32758,0.33649,0,0,0,0.00000,0.00000,5
2021092607,4100,41236,Eric Ebron,chip_release,detached,0.00000,0.00000,0.00000,True,3,PIT,0,0.30726,0.30726,1,0,1,0.00000,0.30726,0.30726,0,0,0,0.00000,0.00000,5
2021092608,98,53065,Tommy Hudson,chip_release,detached,0.00000,0.00000,0.00000,True,3,TEN,1,0.61618,0.61618,1,0,1,0.00000,-0.38382,-0.38382,0,0,1,0.00000,0.00000,5
2021092608,288,42589,Geoff Swaim,chip_release,inline,0.00000,0.00000,0.00000,True,3,TEN,0,0.22132,0.22132,1,0,1,0.00000,0.22132,0.22132,0,0,0,0.00000,0.00000,5
2021092608,426,42589,Geoff Swaim,pass_block,inline,0.00000,0.00000,0.00000,True,3,TEN,1,0.26051,0.31425,1,1,0,0.05375,-0.73949,-0.68575,1,0,0,0.00000,0.00000,6
2021092608,748,42486,MyCole Pruitt,chip_release,detached,0.00000,0.00000,0.00000,True,3,TEN,1,0.57031,0.57031,1,0,1,0.00000,-0.42969,-0.42969,1,0,0,0.00000,1.00000,5
2021092608,823,53065,Tommy Hudson,chip_release,detached,0.00000,0.00000,0.00000,True,3,TEN,0,0.43345,0.43345,1,0,1,0.00000,0.43345,0.43345,0,0,0,0.00000,0.00000,5
2021092608,1727,40641,Jack Doyle,chip_release,detached,0.00000,0.00000,0.00000,True,3,IND,0,0.27367,0.27367,1,0,1,0.00000,0.27367,0.27367,0,0,0,0.00000,0.00000,5
2021092608,2411,53065,Tommy Hudson,pass_block,inline,0.00000,0.00000,0.00000,True,3,TEN,0,0.34848,0.36605,1,1,0,0.01757,0.34848,0.36605,0,0,0,0.00000,0.00000,5
2021092608,2432,42589,Geoff Swaim,pass_block,inline,0.00000,0.00000,0.00000,True,3,TEN,0,0.25657,0.28944,2,2,0,0.01643,0.12828,0.14472,0,0,0,0.00000,0.00000,5
2021092608,2432,53065,Tommy Hudson,pass_block,wing,0.00000,0.00000,0.00000,True,3,TEN,0,0.25657,0.28944,2,2,0,0.01643,0.12828,0.14472,0,0,0,0.00000,0.00000,5
2021092608,2456,42486,MyCole Pruitt,pass_block,inline,0.00000,0.00000,0.00000,True,3,TEN,0,0.25281,0.28538,2,2,0,0.01629,0.12640,0.14269,0,0,0,0.00000,0.00000,5
2021092608,2456,53065,Tommy Hudson,pass_block,inline,0.00000,0.00000,0.00000,True,3,TEN,0,0.25281,0.28538,2,2,0,0.01629,0.12640,0.14269,0,0,0,0.00000,0.00000,5
2021092608,2790,42486,MyCole Pruitt,pass_block,detached,1.00000,0.00000,0.00000,True,3,TEN,1,0.41121,0.41963,1,1,0,0.00842,-0.58879,-0.58037,1,0,0,1.00000,0.00000,5
2021092608,3174,42486,MyCole Pruitt,pass_block,inline,0.00000,0.00000,0.00000,True,3,TEN,0,0.22253,0.24987,2,2,0,0.01367,0.11126,0.12494,0,0,0,0.00000,0.00000,5
2021092608,3174,53065,Tommy Hudson,pass_block,wing,0.00000,0.00000,0.00000,True,3,TEN,0,0.22253,0.24987,2,2,0,0.01367,0.11126,0.12494,0,0,0,0.00000,0.00000,5
2021092608,3361,42486,MyCole Pruitt,pass_block,wing,0.00000,0.00000,0.00000,True,3,TEN,1,0.51693,0.53601,2,2,0,0.00954,-0.24153,-0.23199,1,0,0,0.00000,2.00000,6
2021092608,3361,42589,Geoff Swaim,pass_block,inline,0.00000,0.00000,0.00000,True,3,TEN,1,0.51693,0.53601,2,2,0,0.00954,-0.24153,-0.23199,1,0,0,0.00000,2.00000,6
2021092608,3482,40641,Jack Doyle,chip_release,detached,0.00000,0.00000,0.00000,True,3,IND,1,0.27367,0.27367,1,0,1,0.00000,-0.72633,-0.72633,0,1,0,0.00000,1.00000,5
2021092608,3534,44792,Mo Alie-Cox,chip_release,detached,0.00000,0.00000,0.00000,True,3,IND,1,0.27367,0.27367,1,0,1,0.00000,-0.72633,-0.72633,1,0,0,0.00000,1.00000,5
2021092608,3628,44792,Mo Alie-Cox,chip_release,detached,0.00000,0.00000,0.00000,True,3,IND,1,0.27367,0.27367,1,0,1,0.00000,-0.72633,-0.72633,0,1,0,0.00000,1.00000,5
2021092609,107,47803,Noah Fant,pass_block,wing,0.00000,0.00000,0.00000,True,3,DEN,0,0.32749,0.32914,2,2,0,0.00083,0.16374,0.16457,0,0,0,0.00000,0.00000,5
2021092609,107,52526,Albert Okwuegbunam,pass_block,inline,0.00000,0.00000,0.00000,True,3,DEN,0,0.32749,0.32914,2,2,0,0.00083,0.16374,0.16457,0,0,0,0.00000,0.00000,5
2021092609,199,40149,Ryan Griffin,chip_release,inline,0.00000,0.00000,0.00000,True,3,NYJ,0,0.38288,0.38288,1,0,1,0.00000,0.38288,0.38288,0,0,0,0.00000,0.00000,5
2021092609,452,52526,Albert Okwuegbunam,pass_block,inline,0.00000,0.00000,0.00000,True,3,DEN,0,0.63659,0.67629,1,1,0,0.03970,0.63659,0.67629,0,0,0,0.00000,0.00000,6
2021092609,497,47803,Noah Fant,chip_release,inline,0.00000,0.00000,0.00000,True,3,DEN,1,0.55098,0.55098,1,0,1,0.00000,-0.44902,-0.44902,1,0,0,0.00000,0.00000,5
2021092609,653,42428,Tyler Kroft,chip_release,inline,0.00000,0.00000,0.00000,True,3,NYJ,0,0.26890,0.26890,1,0,1,0.00000,0.26890,0.26890,0,0,0,0.00000,0.00000,5
2021092609,757,47803,Noah Fant,chip_release,inline,0.00000,0.00000,0.00000,True,3,DEN,1,0.30549,0.30549,1,0,1,0.00000,-0.69451,-0.69451,1,0,0,0.00000,0.00000,5
2021092609,910,42428,Tyler Kroft,chip_release,inline,0.00000,0.00000,0.00000,True,3,NYJ,0,0.27690,0.27690,1,0,1,0.00000,0.27690,0.27690,0,0,0,0.00000,0.00000,5
2021092609,1073,42428,Tyler Kroft,chip_release,inline,0.00000,0.00000,0.00000,True,3,NYJ,0,0.37369,0.37369,1,0,1,0.00000,0.37369,0.37369,0,0,0,0.00000,0.00000,5
2021092609,1413,47803,Noah Fant,chip_release,inline,0.00000,0.00000,0.00000,True,3,DEN,0,0.34663,0.34663,2,0,2,0.00000,0.17331,0.17331,0,0,0,0.00000,0.00000,5
2021092609,1413,52526,Albert Okwuegbunam,chip_release,inline,0.00000,0.00000,0.00000,True,3,DEN,0,0.34663,0.34663,2,0,2,0.00000,0.17331,0.17331,0,0,0,0.00000,0.00000,5
2021092609,1649,52526,Albert Okwuegbunam,chip_release,inline,0.00000,0.00000,0.00000,True,3,DEN,0,0.64024,0.64024,1,0,1,0.00000,0.64024,0.64024,0,0,0,0.00000,0.00000,6
2021092609,1912,40149,Ryan Griffin,pass_block,inline,0.00000,0.00000,0.00000,True,3,NYJ,0,0.35570,0.35742,2,2,0,0.00086,0.17785,0.17871,0,0,0,0.00000,0.00000,5
2021092609,1912,42428,Tyler Kroft,pass_block,detached,0.00000,0.00000,0.00000,True,3,NYJ,0,0.35570,0.35742,2,2,0,0.00086,0.17785,0.17871,0,0,0,0.00000,0.00000,5
2021092609,1988,42428,Tyler Kroft,chip_release,detached,0.00000,0.00000,0.00000,True,3,NYJ,1,0.32163,0.32163,1,0,1,0.00000,-0.67837,-0.67837,0,1,0,0.00000,1.00000,5
2021092609,2352,40149,Ryan Griffin,chip_release,detached,0.00000,0.00000,0.00000,True,3,NYJ,1,0.58564,0.58564,1,0,1,0.00000,-0.41436,-0.41436,0,1,0,0.00000,1.00000,6
2021092609,2476,52526,Albert Okwuegbunam,chip_release,inline,0.00000,0.00000,0.00000,True,3,DEN,0,0.83232,0.83232,1,0,1,0.00000,0.83232,0.83232,0,0,0,0.00000,0.00000,5
2021092609,2549,40149,Ryan Griffin,pass_block,inline,0.00000,0.00000,0.00000,True,3,NYJ,1,0.41475,0.41657,1,1,0,0.00182,-0.58525,-0.58343,1,0,0,0.00000,1.00000,6
2021092609,2620,40149,Ryan Griffin,pass_block,backfield,0.00000,0.00000,0.00000,True,3,NYJ,0,0.31375,0.34351,1,1,0,0.02976,0.31375,0.34351,0,0,0,0.00000,0.00000,5
2021092609,2835,47803,Noah Fant,pass_block,wing,0.00000,0.00000,0.00000,True,3,DEN,1,0.45328,0.45689,2,2,0,0.00180,-0.27336,-0.27156,0,1,0,0.00000,0.00000,5
2021092609,2835,52526,Albert Okwuegbunam,pass_block,inline,0.00000,1.00000,0.00000,True,3,DEN,1,0.45328,0.45689,2,2,0,0.00180,-0.27336,-0.27156,0,1,0,1.00000,0.00000,5
2021092609,2875,44987,Eric Saubert,pass_block,wing,0.00000,0.00000,0.00000,True,3,DEN,0,0.41712,0.42621,2,2,0,0.00454,0.20856,0.21310,0,0,0,0.00000,0.00000,5
2021092609,2875,47803,Noah Fant,pass_block,inline,0.00000,0.00000,0.00000,True,3,DEN,0,0.41712,0.42621,2,2,0,0.00454,0.20856,0.21310,0,0,0,0.00000,0.00000,5
2021092609,3068,40149,Ryan Griffin,chip_release,inline,0.00000,0.00000,0.00000,True,3,NYJ,0,0.22041,0.22041,1,0,1,0.00000,0.22041,0.22041,0,0,0,0.00000,0.00000,5
2021092609,3187,47803,Noah Fant,chip_release,inline,0.00000,0.00000,0.00000,True,3,DEN,0,0.53792,0.53792,1,0,1,0.00000,0.53792,0.53792,0,0,0,0.00000,0.00000,6
2021092609,3304,40149,Ryan Griffin,chip_release,detached,0.00000,0.00000,0.00000,True,3,NYJ,1,0.78433,0.78433,1,0,1,0.00000,-0.21567,-0.21567,1,0,0,0.00000,1.00000,5
2021092609,3604,43079,Daniel Brown,chip_release,backfield,0.00000,0.00000,0.00000,True,3,NYJ,1,0.48463,0.48463,1,0,1,0.00000,-0.51537,-0.51537,1,0,0,0.00000,1.00000,6
2021092609,3655,43079,Daniel Brown,chip_release,inline,0.00000,0.00000,0.00000,True,3,NYJ,1,0.28132,0.28132,1,0,1,0.00000,-0.71868,-0.71868,1,1,0,0.00000,1.00000,5
2021092610,229,44857,Adam Shaheen,pass_block,inline,0.00000,1.00000,0.00000,True,3,MIA,1,0.38590,0.39285,2,1,1,0.00347,-0.30705,-0.30357,1,1,0,1.00000,2.00000,6
2021092610,229,46192,Durham Smythe,chip_release,wing,0.00000,0.00000,0.00000,True,3,MIA,1,0.38590,0.39285,2,1,1,0.00347,-0.30705,-0.30357,1,1,0,0.00000,2.00000,6
2021092610,318,42547,Darren Waller,pass_block,inline,0.00000,0.00000,0.00000,True,3,LV,0,0.20397,0.21638,1,1,0,0.01242,0.20397,0.21638,0,0,0,0.00000,0.00000,5
2021092610,782,42547,Darren Waller,chip_release,detached,0.00000,0.00000,0.00000,True,3,LV,0,0.29914,0.29914,1,0,1,0.00000,0.29914,0.29914,0,0,0,0.00000,0.00000,5
2021092610,903,47920,Foster Moreau,chip_release,inline,0.00000,0.00000,0.00000,True,3,LV,0,0.40148,0.40148,1,0,1,0.00000,0.40148,0.40148,0,0,0,0.00000,0.00000,5
2021092610,1247,44857,Adam Shaheen,pass_block,inline,0.00000,0.00000,0.00000,True,3,MIA,0,0.47993,0.48421,1,1,0,0.00428,0.47993,0.48421,0,0,0,0.00000,0.00000,6
2021092610,1292,46192,Durham Smythe,pass_block,inline,1.00000,0.00000,0.00000,True,3,MIA,1,0.31822,0.36002,1,1,0,0.04180,-0.68178,-0.63998,1,0,0,1.00000,1.00000,6
2021092610,1465,42547,Darren Waller,pass_block,inline,0.00000,0.00000,0.00000,True,3,LV,0,0.27496,0.27835,1,1,0,0.00339,0.27496,0.27835,0,0,0,0.00000,0.00000,5
2021092610,1521,47920,Foster Moreau,pass_block,inline,0.00000,0.00000,0.00000,True,3,LV,0,0.36492,0.37122,1,1,0,0.00630,0.36492,0.37122,0,0,0,0.00000,0.00000,5
2021092610,1545,47920,Foster Moreau,chip_release,inline,0.00000,0.00000,0.00000,True,3,LV,0,0.23084,0.23084,1,0,1,0.00000,0.23084,0.23084,0,0,0,0.00000,0.00000,5
2021092610,1723,39109,Derek Carrier,chip_release,inline,0.00000,0.00000,0.00000,True,3,LV,0,0.28466,0.28466,2,0,2,0.00000,0.14233,0.14233,0,0,0,0.00000,0.00000,6
2021092610,1723,47920,Foster Moreau,chip_release,inline,0.00000,0.00000,0.00000,True,3,LV,0,0.28466,0.28466,2,0,2,0.00000,0.14233,0.14233,0,0,0,0.00000,0.00000,6
2021092610,1799,46111,Mike Gesicki,chip_release,detached,0.00000,0.00000,0.00000,True,3,MIA,1,0.43421,0.43421,1,0,1,0.00000,-0.56579,-0.56579,1,0,0,0.00000,1.00000,5
2021092610,1906,44857,Adam Shaheen,chip_release,detached,0.00000,0.00000,0.00000,True,3,MIA,0,0.80955,0.81359,2,1,1,0.00202,0.40477,0.40679,0,0,0,0.00000,0.00000,5
2021092610,1906,46111,Mike Gesicki,pass_block,detached,0.00000,0.00000,0.00000,True,3,MIA,0,0.80955,0.81359,2,1,1,0.00202,0.40477,0.40679,0,0,0,0.00000,0.00000,5
2021092610,1927,44857,Adam Shaheen,chip_release,detached,0.00000,0.00000,0.00000,True,3,MIA,0,0.22646,0.22646,2,0,2,0.00000,0.11323,0.11323,0,0,0,0.00000,0.00000,5
2021092610,1927,46111,Mike Gesicki,chip_release,detached,0.00000,0.00000,0.00000,True,3,MIA,0,0.22646,0.22646,2,0,2,0.00000,0.11323,0.11323,0,0,0,0.00000,0.00000,5
2021092610,2325,47920,Foster Moreau,pass_block,inline,0.00000,0.00000,0.00000,True,3,LV,0,0.14536,0.16451,1,1,0,0.01914,0.14536,0.16451,0,0,0,0.00000,0.00000,5
2021092610,2526,47920,Foster Moreau,pass_block,detached,0.00000,0.00000,0.00000,True,3,LV,0,0.37948,0.49082,1,1,0,0.11135,0.37948,0.49082,0,0,0,0.00000,0.00000,6
2021092610,2653,46111,Mike Gesicki,pass_block,detached,0.00000,0.00000,0.00000,True,3,MIA,0,0.49018,0.49678,1,1,0,0.00660,0.49018,0.49678,0,0,0,0.00000,0.00000,6
2021092610,2972,47920,Foster Moreau,pass_block,inline,0.00000,0.00000,0.00000,True,3,LV,1,0.37379,0.37780,1,1,0,0.00402,-0.62621,-0.62220,1,0,0,0.00000,0.00000,5
2021092610,3128,46192,Durham Smythe,pass_block,inline,0.00000,0.00000,0.00000,True,3,MIA,1,0.29350,0.30395,1,1,0,0.01045,-0.70650,-0.69605,1,0,0,0.00000,3.00000,5
2021092610,3285,46192,Durham Smythe,chip_release,inline,0.00000,0.00000,0.00000,True,3,MIA,1,0.75329,0.75329,1,0,1,0.00000,-0.24671,-0.24671,1,0,0,0.00000,1.00000,6
2021092610,3306,46192,Durham Smythe,pass_block,detached,0.00000,0.00000,0.00000,True,3,MIA,0,0.23952,0.27219,1,1,0,0.03267,0.23952,0.27219,0,0,0,0.00000,0.00000,6
2021092610,3410,47920,Foster Moreau,pass_block,inline,0.00000,0.00000,0.00000,True,3,LV,0,0.22241,0.23562,1,1,0,0.01321,0.22241,0.23562,0,0,0,0.00000,0.00000,5
2021092610,3505,44857,Adam Shaheen,pass_block,inline,0.00000,0.00000,0.00000,True,3,MIA,1,0.45227,0.45739,1,1,0,0.00512,-0.54773,-0.54261,1,0,0,0.00000,0.00000,5
2021092610,3878,46111,Mike Gesicki,chip_release,detached,0.00000,0.00000,0.00000,True,3,MIA,1,0.75089,0.75089,1,0,1,0.00000,-0.24911,-0.24911,1,0,0,0.00000,0.00000,6
2021092610,3949,44857,Adam Shaheen,chip_release,detached,0.00000,0.00000,0.00000,True,3,MIA,0,0.37403,0.37403,1,0,1,0.00000,0.37403,0.37403,0,0,0,0.00000,0.00000,5
2021092610,4246,44857,Adam Shaheen,pass_block,inline,0.00000,0.00000,0.00000,True,3,MIA,0,0.64553,0.64944,1,1,0,0.00391,0.64553,0.64944,0,0,0,0.00000,0.00000,5
2021092610,4470,47920,Foster Moreau,pass_block,detached,0.00000,0.00000,0.00000,True,3,LV,1,0.51703,0.62798,1,1,0,0.11095,-0.48297,-0.37202,1,0,0,0.00000,1.00000,5
2021092610,4526,44857,Adam Shaheen,pass_block,inline,0.00000,0.00000,0.00000,True,3,MIA,0,0.25189,0.27904,1,1,0,0.02715,0.25189,0.27904,0,0,0,0.00000,0.00000,6
2021092611,397,43399,Tyler Higbee,pass_block,inline,0.00000,0.00000,0.00000,True,3,LA,1,0.25617,0.26371,1,1,0,0.00754,-0.74383,-0.73629,1,0,0,0.00000,1.00000,5
2021092611,582,35481,Rob Gronkowski,pass_block,inline,0.00000,0.00000,0.00000,True,3,TB,0,0.42943,0.42943,1,1,0,0.00000,0.42943,0.42943,0,0,0,0.00000,0.00000,5
2021092611,748,43399,Tyler Higbee,chip_release,detached,0.00000,0.00000,0.00000,True,3,LA,0,0.19729,0.19729,1,0,1,0.00000,0.19729,0.19729,0,0,0,0.00000,0.00000,5
2021092611,1279,35481,Rob Gronkowski,pass_block,inline,0.00000,0.00000,0.00000,True,3,TB,1,0.55279,0.56000,1,1,0,0.00721,-0.44721,-0.44000,1,0,0,0.00000,0.00000,5
2021092611,1641,43399,Tyler Higbee,chip_release,detached,0.00000,0.00000,0.00000,True,3,LA,0,0.19729,0.19729,1,0,1,0.00000,0.19729,0.19729,0,0,0,0.00000,0.00000,5
2021092611,1760,45094,Johnny Mundt,chip_release,inline,0.00000,0.00000,0.00000,True,3,LA,1,0.25230,0.25230,1,0,1,0.00000,-0.74770,-0.74770,0,1,0,0.00000,1.00000,5
2021092611,1857,43399,Tyler Higbee,pass_block,inline,0.00000,0.00000,0.00000,True,3,LA,0,0.28626,0.30244,1,1,0,0.01618,0.28626,0.30244,0,0,0,0.00000,0.00000,6
2021092611,1948,35481,Rob Gronkowski,chip_release,inline,0.00000,0.00000,0.00000,True,3,TB,0,0.29033,0.29033,1,0,1,0.00000,0.29033,0.29033,0,0,0,0.00000,0.00000,5
2021092611,2057,35481,Rob Gronkowski,pass_block,inline,0.00000,0.00000,1.00000,True,3,TB,1,0.35212,0.35817,1,1,0,0.00605,-0.64788,-0.64183,1,0,1,1.00000,0.00000,5
2021092611,2131,35481,Rob Gronkowski,pass_block,inline,0.00000,0.00000,0.00000,True,3,TB,1,0.33673,0.34265,1,1,0,0.00592,-0.66327,-0.65735,1,0,0,0.00000,1.00000,5
2021092611,2280,43399,Tyler Higbee,chip_release,inline,0.00000,0.00000,0.00000,True,3,LA,1,0.37161,0.37161,1,0,1,0.00000,-0.62839,-0.62839,1,0,0,0.00000,1.00000,5
2021092611,2428,44831,O.J. Howard,pass_block,inline,0.00000,0.00000,0.00000,True,3,TB,1,0.42943,0.42943,1,1,0,0.00000,-0.57057,-0.57057,1,0,0,0.00000,0.00000,5
2021092611,2663,43399,Tyler Higbee,chip_release,inline,0.00000,0.00000,0.00000,True,3,LA,0,0.39511,0.39511,1,0,1,0.00000,0.39511,0.39511,0,0,0,0.00000,0.00000,5
2021092611,2733,43399,Tyler Higbee,chip_release,detached,0.00000,0.00000,0.00000,True,3,LA,0,0.28999,0.28999,1,0,1,0.00000,0.28999,0.28999,0,0,0,0.00000,0.00000,5
2021092611,3118,35481,Rob Gronkowski,pass_block,inline,0.00000,0.00000,0.00000,True,3,TB,0,0.22781,0.24298,1,1,0,0.01516,0.22781,0.24298,0,0,0,0.00000,0.00000,5
2021092611,3319,45094,Johnny Mundt,pass_block,inline,0.00000,0.00000,0.00000,True,3,LA,0,0.32324,0.32967,1,1,0,0.00643,0.32324,0.32967,0,0,0,0.00000,0.00000,5
2021092611,3800,45094,Johnny Mundt,pass_block,inline,0.00000,0.00000,0.00000,True,3,LA,1,0.38098,0.38098,1,1,0,0.00000,-0.61902,-0.61902,0,0,1,0.00000,1.00000,5
2021092612,54,44856,Gerald Everett,pass_block,wing,1.00000,0.00000,0.00000,True,3,SEA,1,0.30969,0.32799,1,1,0,0.01831,-0.69031,-0.67201,1,0,0,1.00000,0.00000,5
2021092612,449,52725,Ben Ellefson,pass_block,inline,0.00000,0.00000,0.00000,True,3,MIN,0,0.16935,0.17324,1,1,0,0.00389,0.16935,0.17324,0,0,0,0.00000,0.00000,5
2021092612,505,46189,Will Dissly,pass_block,inline,0.00000,0.00000,0.00000,True,3,SEA,1,0.72719,0.73757,1,1,0,0.01038,-0.27281,-0.26243,1,0,0,0.00000,1.00000,5
2021092612,717,44856,Gerald Everett,pass_block,detached,0.00000,0.00000,0.00000,True,3,SEA,1,0.42254,0.45181,1,1,0,0.02927,-0.57746,-0.54819,1,0,0,0.00000,0.00000,6
2021092612,1056,46226,Tyler Conklin,pass_block,inline,0.00000,0.00000,0.00000,True,3,MIN,0,0.32139,0.33490,1,1,0,0.01351,0.32139,0.33490,0,0,0,0.00000,0.00000,5
2021092612,1448,52962,Tyler Mabry,chip_release,inline,0.00000,0.00000,0.00000,True,3,SEA,1,0.23759,0.23759,1,0,1,0.00000,-0.76241,-0.76241,1,0,0,0.00000,1.00000,5
2021092612,1871,46226,Tyler Conklin,pass_block,inline,0.00000,0.00000,0.00000,True,3,MIN,0,0.28497,0.34213,1,1,0,0.05716,0.28497,0.34213,0,0,0,0.00000,0.00000,5
2021092612,1968,44856,Gerald Everett,chip_release,inline,0.00000,0.00000,0.00000,True,3,SEA,0,0.24368,0.24368,1,0,1,0.00000,0.24368,0.24368,0,0,0,0.00000,0.00000,5
2021092612,2211,52725,Ben Ellefson,pass_block,inline,0.00000,0.00000,0.00000,True,3,MIN,0,0.12137,0.14274,1,1,0,0.02137,0.12137,0.14274,0,0,0,0.00000,0.00000,5
2021092612,2772,52725,Ben Ellefson,pass_block,inline,0.00000,0.00000,0.00000,True,3,MIN,0,0.32139,0.33490,1,1,0,0.01351,0.32139,0.33490,0,0,0,0.00000,0.00000,5
2021092612,3468,46189,Will Dissly,pass_block,detached,0.00000,0.00000,0.00000,True,3,SEA,1,0.26612,0.31028,1,1,0,0.04415,-0.73388,-0.68972,0,0,1,0.00000,1.00000,6
2021092612,3530,46189,Will Dissly,chip_release,detached,0.00000,0.00000,0.00000,True,3,SEA,1,0.47458,0.47458,1,0,1,0.00000,-0.52542,-0.52542,0,1,0,0.00000,1.00000,5
2021092612,3632,46226,Tyler Conklin,pass_block,inline,1.00000,0.00000,0.00000,True,3,MIN,1,0.37026,0.38113,1,1,0,0.01087,-0.62974,-0.61887,1,0,0,1.00000,0.00000,5
2021092613,527,52502,Josiah Deguara,chip_release,detached,0.00000,0.00000,0.00000,True,3,GB,0,0.19669,0.19669,1,0,1,0.00000,0.19669,0.19669,0,0,0,0.00000,0.00000,5
2021092613,931,45635,Robert Tonyan,pass_block,inline,1.00000,0.00000,0.00000,True,3,GB,1,0.42292,0.42417,1,1,0,0.00125,-0.57708,-0.57583,1,0,0,1.00000,1.00000,5
2021092613,1007,46331,Ross Dwelley,chip_release,inline,0.00000,0.00000,0.00000,True,3,SF,1,0.31518,0.31518,1,0,1,0.00000,-0.68482,-0.68482,0,1,0,0.00000,0.00000,5
2021092613,1174,52502,Josiah Deguara,pass_block,inline,0.00000,0.00000,0.00000,True,3,GB,1,0.30888,0.31079,1,1,0,0.00191,-0.69112,-0.68921,0,1,0,0.00000,0.00000,6
2021092613,1306,44959,George Kittle,pass_block,inline,0.00000,0.00000,0.00000,True,3,SF,0,0.24763,0.32577,1,1,0,0.07815,0.24763,0.32577,0,0,0,0.00000,0.00000,6
2021092613,1379,44959,George Kittle,pass_block,inline,0.00000,0.00000,0.00000,True,3,SF,1,0.44956,0.46857,1,1,0,0.01901,-0.55044,-0.53143,1,0,1,0.00000,1.00000,5
2021092613,1543,45635,Robert Tonyan,chip_release,detached,0.00000,0.00000,0.00000,True,3,GB,0,0.54327,0.54327,1,0,1,0.00000,0.54327,0.54327,0,0,0,0.00000,0.00000,5
2021092613,2133,44959,George Kittle,pass_block,backfield,0.00000,0.00000,0.00000,True,3,SF,0,0.21921,0.22637,1,1,0,0.00716,0.21921,0.22637,0,0,0,0.00000,0.00000,6
2021092613,2258,44959,George Kittle,chip_release,wing,0.00000,0.00000,0.00000,True,3,SF,1,0.26084,0.26084,1,0,1,0.00000,-0.73916,-0.73916,1,0,0,0.00000,0.00000,5
2021092613,2453,52598,Charlie Woerner,pass_block,inline,0.00000,0.00000,0.00000,True,3,SF,0,0.34210,0.34994,1,1,0,0.00784,0.34210,0.34994,0,0,0,0.00000,0.00000,5
2021092613,2552,44959,George Kittle,pass_block,inline,0.00000,0.00000,0.00000,True,3,SF,1,0.56272,0.68383,1,1,0,0.12112,-0.43728,-0.31617,1,0,0,0.00000,0.00000,6
2021092613,2792,44959,George Kittle,pass_block,inline,0.00000,0.00000,0.00000,True,3,SF,1,0.41692,0.41910,1,1,0,0.00217,-0.58308,-0.58090,0,1,0,0.00000,1.00000,5
2021092613,2856,52502,Josiah Deguara,chip_release,detached,0.00000,0.00000,0.00000,True,3,GB,0,0.26095,0.26095,1,0,1,0.00000,0.26095,0.26095,0,0,0,0.00000,0.00000,5
2021092613,2906,45635,Robert Tonyan,chip_release,detached,0.00000,0.00000,0.00000,True,3,GB,1,0.26095,0.26095,1,0,1,0.00000,-0.73905,-0.73905,1,0,0,0.00000,1.00000,5
2021092613,3356,52598,Charlie Woerner,pass_block,inline,0.00000,0.00000,0.00000,True,3,SF,0,0.23450,0.31080,1,1,0,0.07630,0.23450,0.31080,0,0,0,0.00000,0.00000,6
2021092613,3548,30842,Marcedes Lewis,chip_release,wing,0.00000,0.00000,0.00000,True,3,GB,0,0.23849,0.23849,1,0,1,0.00000,0.23849,0.23849,0,0,0,0.00000,0.00000,5
2021092613,3613,45635,Robert Tonyan,chip_release,detached,0.00000,0.00000,0.00000,True,3,GB,0,0.38121,0.38121,1,0,1,0.00000,0.38121,0.38121,0,0,0,0.00000,0.00000,5
2021092613,3681,44959,George Kittle,pass_block,inline,0.00000,0.00000,0.00000,True,3,SF,1,0.31318,0.31906,1,1,0,0.00589,-0.68682,-0.68094,1,0,0,0.00000,0.00000,5
2021092613,4212,45635,Robert Tonyan,chip_release,detached,0.00000,0.00000,0.00000,True,3,GB,1,0.22623,0.22623,1,0,1,0.00000,-0.77377,-0.77377,1,0,0,0.00000,1.00000,5
2021092613,4284,45635,Robert Tonyan,chip_release,detached,0.00000,0.00000,0.00000,True,3,GB,0,0.37020,0.37020,1,0,1,0.00000,0.37020,0.37020,0,0,0,0.00000,0.00000,5
2021092700,145,45532,Blake Jarwin,chip_release,wing,0.00000,0.00000,0.00000,True,3,DAL,0,0.27564,0.29337,2,1,1,0.00887,0.13782,0.14668,0,0,0,0.00000,0.00000,5
2021092700,145,46206,Dalton Schultz,pass_block,inline,0.00000,0.00000,0.00000,True,3,DAL,0,0.27564,0.29337,2,1,1,0.00887,0.13782,0.14668,0,0,0,0.00000,0.00000,5
2021092700,943,45532,Blake Jarwin,chip_release,inline,0.00000,0.00000,0.00000,True,3,DAL,0,0.23649,0.23649,1,0,1,0.00000,0.23649,0.23649,0,0,0,0.00000,0.00000,6
2021092700,1403,45532,Blake Jarwin,chip_release,inline,0.00000,0.00000,0.00000,True,3,DAL,1,0.23196,0.23196,1,0,1,0.00000,-0.76804,-0.76804,1,0,0,0.00000,0.00000,5
2021092700,1913,47840,J.J. Arcega-Whiteside,pass_block,wing,0.00000,0.00000,0.00000,True,3,PHI,1,0.47088,0.50017,2,2,0,0.01464,-0.26456,-0.24992,0,0,1,0.00000,1.00000,5
2021092700,1913,53946,Jack Stoll,pass_block,inline,0.00000,0.00000,0.00000,True,3,PHI,1,0.47088,0.50017,2,2,0,0.01464,-0.26456,-0.24992,0,0,1,0.00000,1.00000,5
2021092700,2178,46118,Dallas Goedert,pass_block,inline,0.00000,0.00000,0.00000,True,3,PHI,0,0.28355,0.29664,1,1,0,0.01308,0.28355,0.29664,0,0,0,0.00000,0.00000,5
2021092700,2530,39983,Zach Ertz,chip_release,detached,0.00000,0.00000,0.00000,True,3,PHI,1,0.40437,0.40437,1,0,1,0.00000,-0.59563,-0.59563,1,0,0,0.00000,1.00000,5
2021092700,2766,46206,Dalton Schultz,pass_block,inline,1.00000,0.00000,0.00000,True,3,DAL,1,0.26965,0.27589,1,1,0,0.00624,-0.73035,-0.72411,1,0,0,1.00000,0.00000,5
2021092700,3482,39983,Zach Ertz,chip_release,detached,0.00000,0.00000,0.00000,True,3,PHI,1,0.48506,0.48506,1,0,1,0.00000,-0.51494,-0.51494,1,0,0,0.00000,1.00000,6
2021092700,3544,46118,Dallas Goedert,chip_release,detached,0.00000,0.00000,0.00000,True,3,PHI,1,0.85226,0.85226,1,0,1,0.00000,-0.14774,-0.14774,1,0,1,0.00000,2.00000,6
2021092700,3630,46206,Dalton Schultz,chip_release,inline,0.00000,0.00000,0.00000,True,3,DAL,0,0.45218,0.45218,1,0,1,0.00000,0.45218,0.45218,0,0,0,0.00000,0.00000,5
2021092700,3795,46118,Dallas Goedert,chip_release,inline,0.00000,0.00000,0.00000,True,3,PHI,1,0.66211,0.66211,1,0,1,0.00000,-0.33789,-0.33789,1,0,0,0.00000,1.00000,5
2021093000,209,45785,Dan Arnold,pass_block,detached,1.00000,0.00000,0.00000,True,4,JAX,1,0.34224,0.40049,1,1,0,0.05825,-0.65776,-0.59951,1,0,0,1.00000,0.00000,6
2021093000,599,45281,Jacob Hollister,chip_release,inline,0.00000,0.00000,0.00000,True,4,JAX,1,0.71903,0.71903,1,0,1,0.00000,-0.28097,-0.28097,1,0,0,0.00000,2.00000,5
2021093000,957,47835,Drew Sample,pass_block,inline,0.00000,0.00000,0.00000,True,4,CIN,0,0.35495,0.37325,1,1,0,0.01829,0.35495,0.37325,0,0,0,0.00000,0.00000,5
2021093000,981,47835,Drew Sample,pass_block,inline,1.00000,0.00000,0.00000,True,4,CIN,1,0.42328,0.44267,1,1,0,0.01940,-0.57672,-0.55733,1,0,1,1.00000,2.00000,5
2021093000,1452,42302,Chris Manhertz,pass_block,inline,0.00000,0.00000,0.00000,True,4,JAX,0,0.59735,0.60980,1,1,0,0.01245,0.59735,0.60980,0,0,0,0.00000,0.00000,6
2021093000,2387,42302,Chris Manhertz,pass_block,inline,0.00000,0.00000,0.00000,True,4,JAX,1,0.35540,0.37288,1,1,0,0.01748,-0.64460,-0.62712,1,0,0,0.00000,1.00000,5
2021093000,2867,47835,Drew Sample,chip_release,inline,0.00000,0.00000,0.00000,True,4,CIN,0,0.27870,0.27870,1,0,1,0.00000,0.27870,0.27870,0,0,0,0.00000,0.00000,5
2021093000,3073,45281,Jacob Hollister,pass_block,detached,0.00000,0.00000,0.00000,True,4,JAX,0,0.58134,0.59673,1,1,0,0.01539,0.58134,0.59673,0,0,0,0.00000,0.00000,5
2021093000,3163,42302,Chris Manhertz,chip_release,inline,0.00000,0.00000,0.00000,True,4,JAX,0,0.60055,0.60055,1,0,1,0.00000,0.60055,0.60055,0,0,0,0.00000,0.00000,5
2021093000,3331,42500,C.J. Uzomah,chip_release,inline,0.00000,0.00000,0.00000,True,4,CIN,1,0.57219,0.57219,1,0,1,0.00000,-0.42781,-0.42781,1,0,1,0.00000,1.00000,5
2021100300,142,37234,Lee Smith,pass_block,inline,0.00000,0.00000,0.00000,True,4,ATL,0,0.47726,0.49235,2,2,0,0.00755,0.23863,0.24618,0,0,0,0.00000,0.00000,6
2021100300,142,46094,Hayden Hurst,pass_block,wing,0.00000,0.00000,0.00000,True,4,ATL,0,0.47726,0.49235,2,2,0,0.00755,0.23863,0.24618,0,0,0,0.00000,0.00000,6
2021100300,208,46094,Hayden Hurst,pass_block,inline,0.00000,0.00000,0.00000,True,4,ATL,0,0.27455,0.29635,1,1,0,0.02180,0.27455,0.29635,0,0,0,0.00000,0.00000,5
2021100300,317,46094,Hayden Hurst,chip_release,inline,0.00000,0.00000,0.00000,True,4,ATL,0,0.84820,0.84820,1,0,1,0.00000,0.84820,0.84820,0,0,0,0.00000,0.00000,5
2021100300,667,37234,Lee Smith,chip_release,inline,0.00000,0.00000,0.00000,True,4,ATL,0,0.44800,0.44800,1,0,1,0.00000,0.44800,0.44800,0,0,0,0.00000,0.00000,6
2021100300,1056,46094,Hayden Hurst,pass_block,inline,0.00000,0.00000,0.00000,True,4,ATL,0,0.28322,0.29709,1,1,0,0.01387,0.28322,0.29709,0,0,0,0.00000,0.00000,5
2021100300,1246,45481,Ricky Seals-Jones,chip_release,inline,0.00000,0.00000,0.00000,True,4,WAS,0,0.49322,0.49322,1,0,1,0.00000,0.49322,0.49322,0,0,0,0.00000,0.00000,6
2021100300,1514,45481,Ricky Seals-Jones,chip_release,inline,0.00000,0.00000,0.00000,True,4,WAS,0,0.62284,0.62284,1,0,1,0.00000,0.62284,0.62284,0,0,0,0.00000,0.00000,5
2021100300,1632,45481,Ricky Seals-Jones,chip_release,inline,0.00000,0.00000,0.00000,True,4,WAS,0,0.51851,0.51851,1,0,1,0.00000,0.51851,0.51851,0,0,0,0.00000,0.00000,6
2021100300,1868,46094,Hayden Hurst,chip_release,inline,0.00000,0.00000,0.00000,True,4,ATL,0,0.25669,0.25669,1,0,1,0.00000,0.25669,0.25669,0,0,0,0.00000,0.00000,5
2021100300,1963,46094,Hayden Hurst,chip_release,inline,0.00000,0.00000,0.00000,True,4,ATL,0,0.26442,0.26442,1,0,1,0.00000,0.26442,0.26442,0,0,0,0.00000,0.00000,5
2021100300,1985,46094,Hayden Hurst,pass_block,inline,0.00000,0.00000,0.00000,True,4,ATL,0,0.51310,0.52921,1,1,0,0.01611,0.51310,0.52921,0,0,0,0.00000,0.00000,6
2021100300,2316,37234,Lee Smith,pass_block,inline,0.00000,0.00000,0.00000,True,4,ATL,0,0.50336,0.50924,1,1,0,0.00588,0.50336,0.50924,0,0,0,0.00000,0.00000,5
2021100300,2340,37234,Lee Smith,pass_block,inline,0.00000,0.00000,0.00000,True,4,ATL,0,0.55595,0.58019,1,1,0,0.02423,0.55595,0.58019,0,0,0,0.00000,0.00000,5
2021100300,2562,45481,Ricky Seals-Jones,chip_release,detached,0.00000,0.00000,0.00000,True,4,WAS,0,0.23851,0.23851,1,0,1,0.00000,0.23851,0.23851,0,0,0,0.00000,0.00000,5
2021100300,2610,45481,Ricky Seals-Jones,pass_block,wing,0.00000,0.00000,0.00000,True,4,WAS,0,0.20203,0.24210,1,1,0,0.04007,0.20203,0.24210,0,0,0,0.00000,0.00000,5
2021100300,2757,45481,Ricky Seals-Jones,pass_block,detached,0.00000,0.00000,0.00000,True,4,WAS,0,0.19462,0.20111,1,1,0,0.00649,0.19462,0.20111,0,0,0,0.00000,0.00000,5
2021100300,2921,46094,Hayden Hurst,pass_block,inline,1.00000,0.00000,0.00000,True,4,ATL,1,0.31737,0.34097,1,1,0,0.02360,-0.68263,-0.65903,1,0,0,1.00000,1.00000,5
2021100300,3606,45481,Ricky Seals-Jones,chip_release,inline,0.00000,0.00000,0.00000,True,4,WAS,0,0.55537,0.55537,1,0,1,0.00000,0.55537,0.55537,0,0,0,0.00000,0.00000,5
2021100300,3642,45481,Ricky Seals-Jones,pass_block,inline,0.00000,0.00000,0.00000,True,4,WAS,0,0.25001,0.27134,2,2,0,0.01067,0.12501,0.13567,0,0,0,0.00000,0.00000,5
2021100300,3642,53553,John Bates,pass_block,inline,0.00000,0.00000,0.00000,True,4,WAS,0,0.25001,0.27134,2,2,0,0.01067,0.12501,0.13567,0,0,0,0.00000,0.00000,5
2021100300,3687,53553,John Bates,pass_block,inline,0.00000,0.00000,0.00000,True,4,WAS,0,0.72321,0.73106,1,1,0,0.00785,0.72321,0.73106,0,0,0,0.00000,0.00000,6
2021100300,3708,53553,John Bates,pass_block,inline,0.00000,0.00000,0.00000,True,4,WAS,1,0.20417,0.20865,1,1,0,0.00448,-0.79583,-0.79135,1,0,0,0.00000,1.00000,6
2021100300,3763,45481,Ricky Seals-Jones,chip_release,inline,0.00000,0.00000,0.00000,True,4,WAS,1,0.20756,0.20756,1,0,1,0.00000,-0.79244,-0.79244,1,0,0,0.00000,2.00000,5
2021100300,3858,53553,John Bates,pass_block,inline,1.00000,0.00000,0.00000,True,4,WAS,1,0.43409,0.45458,1,1,0,0.02049,-0.56591,-0.54542,1,1,0,1.00000,0.00000,6
2021100300,3932,53553,John Bates,pass_block,detached,0.00000,0.00000,0.00000,True,4,WAS,1,0.57136,0.59162,1,1,0,0.02026,-0.42864,-0.40838,1,0,0,0.00000,1.00000,6
2021100300,4138,45481,Ricky Seals-Jones,chip_release,detached,0.00000,0.00000,0.00000,True,4,WAS,0,0.28350,0.28350,1,0,1,0.00000,0.28350,0.28350,0,0,0,0.00000,0.00000,5
2021100300,4395,46094,Hayden Hurst,chip_release,detached,0.00000,0.00000,0.00000,True,4,ATL,1,0.24574,0.24574,1,0,1,0.00000,-0.75426,-0.75426,1,0,0,0.00000,1.00000,5
2021100300,4479,46094,Hayden Hurst,chip_release,inline,0.00000,0.00000,0.00000,True,4,ATL,0,0.32071,0.32071,2,0,2,0.00000,0.16035,0.16035,0,0,0,0.00000,0.00000,5
2021100300,4479,53433,Kyle Pitts,chip_release,detached,0.00000,0.00000,0.00000,True,4,ATL,0,0.32071,0.32071,2,0,2,0.00000,0.16035,0.16035,0,0,0,0.00000,0.00000,5
2021100301,59,45321,Antony Auclair,pass_block,detached,0.00000,0.00000,0.00000,True,4,HOU,1,0.58919,0.60649,1,1,0,0.01730,-0.41081,-0.39351,1,0,0,0.00000,2.00000,6
2021100301,198,47879,Dawson Knox,pass_block,wing,0.00000,0.00000,0.00000,True,4,BUF,0,0.43376,0.44886,1,1,0,0.01511,0.43376,0.44886,0,0,0,0.00000,0.00000,7
2021100301,292,45321,Antony Auclair,pass_block,inline,0.00000,0.00000,0.00000,True,4,HOU,1,0.32025,0.33577,1,1,0,0.01551,-0.67975,-0.66423,1,0,0,0.00000,0.00000,5
2021100301,449,45321,Antony Auclair,pass_block,wing,0.00000,0.00000,0.00000,True,4,HOU,0,0.31284,0.32434,1,1,0,0.01150,0.31284,0.32434,0,0,0,0.00000,0.00000,5
2021100301,909,47879,Dawson Knox,pass_block,inline,0.00000,0.00000,0.00000,True,4,BUF,1,0.46056,0.49831,2,2,0,0.01888,-0.26972,-0.25085,1,0,0,0.00000,2.00000,5
2021100301,909,48011,Tommy Sweeney,pass_block,inline,0.00000,0.00000,0.00000,True,4,BUF,1,0.46056,0.49831,2,2,0,0.01888,-0.26972,-0.25085,1,0,0,0.00000,2.00000,5
2021100301,1456,47879,Dawson Knox,pass_block,backfield,0.00000,0.00000,0.00000,True,4,BUF,1,0.31211,0.49289,1,1,0,0.18078,-0.68789,-0.50711,0,1,0,0.00000,0.00000,5
2021100301,2076,47879,Dawson Knox,pass_block,inline,0.00000,0.00000,0.00000,True,4,BUF,0,0.27445,0.28682,2,2,0,0.00618,0.13723,0.14341,0,0,0,0.00000,0.00000,6
2021100301,2076,48011,Tommy Sweeney,pass_block,wing,0.00000,0.00000,0.00000,True,4,BUF,0,0.27445,0.28682,2,2,0,0.00618,0.13723,0.14341,0,0,0,0.00000,0.00000,6
2021100301,2168,47879,Dawson Knox,chip_release,detached,0.00000,0.00000,0.00000,True,4,BUF,1,0.53257,0.53257,1,0,1,0.00000,-0.46743,-0.46743,1,0,0,0.00000,0.00000,6
2021100301,2451,45321,Antony Auclair,pass_block,inline,0.00000,0.00000,0.00000,True,4,HOU,0,0.23116,0.23307,1,1,0,0.00191,0.23116,0.23307,0,0,0,0.00000,0.00000,6
2021100301,2575,45339,Pharaoh Brown,chip_release,inline,0.00000,0.00000,0.00000,True,4,HOU,1,0.68106,0.68106,1,0,1,0.00000,-0.31894,-0.31894,1,1,0,0.00000,1.00000,6
2021100301,2903,47879,Dawson Knox,chip_release,inline,0.00000,0.00000,0.00000,True,4,BUF,0,0.42386,0.42386,1,0,1,0.00000,0.42386,0.42386,0,0,0,0.00000,0.00000,6
2021100301,3506,48011,Tommy Sweeney,pass_block,inline,0.00000,0.00000,0.00000,True,4,BUF,0,0.29942,0.34151,1,1,0,0.04209,0.29942,0.34151,0,0,0,0.00000,0.00000,5
2021100301,3697,45339,Pharaoh Brown,chip_release,detached,0.00000,0.00000,0.00000,True,4,HOU,0,0.36062,0.36062,1,0,1,0.00000,0.36062,0.36062,0,0,0,0.00000,0.00000,5
2021100301,3736,45339,Pharaoh Brown,chip_release,inline,0.00000,0.00000,0.00000,True,4,HOU,0,0.52102,0.52102,1,0,1,0.00000,0.52102,0.52102,0,0,0,0.00000,0.00000,5
2021100302,208,52451,Cole Kmet,pass_block,inline,0.00000,0.00000,0.00000,True,4,CHI,0,0.49904,0.50371,1,1,0,0.00466,0.49904,0.50371,0,0,0,0.00000,0.00000,5
2021100302,401,47791,T.J. Hockenson,chip_release,inline,0.00000,0.00000,0.00000,True,4,DET,0,0.26419,0.26419,1,0,1,0.00000,0.26419,0.26419,0,0,0,0.00000,0.00000,6
2021100302,580,47791,T.J. Hockenson,chip_release,inline,0.00000,0.00000,0.00000,True,4,DET,1,0.68839,0.68839,1,0,1,0.00000,-0.31161,-0.31161,1,0,0,0.00000,2.00000,5
2021100302,775,35534,Jimmy Graham,chip_release,inline,0.00000,0.00000,0.00000,True,4,CHI,0,0.29070,0.29070,2,0,2,0.00000,0.14535,0.14535,0,0,0,0.00000,0.00000,5
2021100302,775,52451,Cole Kmet,chip_release,inline,0.00000,0.00000,0.00000,True,4,CHI,0,0.29070,0.29070,2,0,2,0.00000,0.14535,0.14535,0,0,0,0.00000,0.00000,5
2021100302,2054,47791,T.J. Hockenson,chip_release,inline,0.00000,0.00000,0.00000,True,4,DET,0,0.38009,0.38009,1,0,1,0.00000,0.38009,0.38009,0,0,0,0.00000,0.00000,5
2021100302,2336,52451,Cole Kmet,pass_block,inline,0.00000,0.00000,0.00000,True,4,CHI,0,0.32593,0.34984,1,1,0,0.02391,0.32593,0.34984,0,0,0,0.00000,0.00000,5
2021100302,2382,52451,Cole Kmet,chip_release,backfield,0.00000,0.00000,0.00000,True,4,CHI,0,0.26715,0.26715,1,0,1,0.00000,0.26715,0.26715,0,0,0,0.00000,0.00000,5
2021100302,2940,35534,Jimmy Graham,pass_block,inline,0.00000,0.00000,0.00000,True,4,CHI,0,0.51467,0.54429,1,1,0,0.02962,0.51467,0.54429,0,0,0,0.00000,0.00000,5
2021100302,2992,35534,Jimmy Graham,pass_block,inline,0.00000,0.00000,0.00000,True,4,CHI,0,0.31931,0.34032,2,2,0,0.01051,0.15965,0.17016,0,0,0,0.00000,0.00000,5
2021100302,2992,52451,Cole Kmet,pass_block,wing,0.00000,0.00000,0.00000,True,4,CHI,0,0.31931,0.34032,2,2,0,0.01051,0.15965,0.17016,0,0,0,0.00000,0.00000,5
2021100302,3288,39907,Darren Fells,pass_block,inline,0.00000,0.00000,0.00000,True,4,DET,0,0.31889,0.33039,1,1,0,0.01150,0.31889,0.33039,0,0,0,0.00000,0.00000,5
2021100302,3331,47791,T.J. Hockenson,chip_release,detached,0.00000,0.00000,0.00000,True,4,DET,0,0.26962,0.26962,1,0,1,0.00000,0.26962,0.26962,0,0,0,0.00000,0.00000,5
2021100302,3524,52451,Cole Kmet,pass_block,inline,0.00000,0.00000,1.00000,True,4,CHI,1,0.31072,0.32968,1,1,0,0.01896,-0.68928,-0.67032,0,0,1,1.00000,0.00000,5
2021100302,3946,47791,T.J. Hockenson,chip_release,inline,0.00000,0.00000,0.00000,True,4,DET,0,0.33421,0.33421,1,0,1,0.00000,0.33421,0.33421,0,0,0,0.00000,0.00000,5
2021100302,3982,47791,T.J. Hockenson,chip_release,inline,0.00000,0.00000,0.00000,True,4,DET,0,0.36939,0.36939,1,0,1,0.00000,0.36939,0.36939,0,0,0,0.00000,0.00000,5
2021100302,4116,52451,Cole Kmet,pass_block,inline,0.00000,0.00000,0.00000,True,4,CHI,0,0.57618,0.57878,1,1,0,0.00260,0.57618,0.57878,0,0,0,0.00000,0.00000,6
2021100303,370,45532,Blake Jarwin,chip_release,wing,0.00000,0.00000,0.00000,True,4,DAL,0,0.30726,0.30726,2,0,2,0.00000,0.15363,0.15363,0,0,0,0.00000,0.00000,5
2021100303,370,46206,Dalton Schultz,chip_release,inline,0.00000,0.00000,0.00000,True,4,DAL,0,0.30726,0.30726,2,0,2,0.00000,0.15363,0.15363,0,0,0,0.00000,0.00000,5
2021100303,559,45594,Colin Thompson,pass_block,wing,0.00000,0.00000,0.00000,True,4,CAR,0,0.33772,0.34176,2,2,0,0.00202,0.16886,0.17088,0,0,0,0.00000,0.00000,5
2021100303,559,46170,Ian Thomas,pass_block,inline,0.00000,0.00000,0.00000,True,4,CAR,0,0.33772,0.34176,2,2,0,0.00202,0.16886,0.17088,0,0,0,0.00000,0.00000,5
2021100303,1072,45532,Blake Jarwin,pass_block,wing,0.00000,0.00000,0.00000,True,4,DAL,0,0.34693,0.35024,2,2,0,0.00165,0.17347,0.17512,0,0,0,0.00000,0.00000,5
2021100303,1072,46206,Dalton Schultz,pass_block,inline,0.00000,0.00000,0.00000,True,4,DAL,0,0.34693,0.35024,2,2,0,0.00165,0.17347,0.17512,0,0,0,0.00000,0.00000,5
2021100303,1233,46170,Ian Thomas,chip_release,detached,0.00000,0.00000,0.00000,True,4,CAR,0,0.22498,0.22498,1,0,1,0.00000,0.22498,0.22498,0,0,0,0.00000,0.00000,5
2021100303,1294,46170,Ian Thomas,chip_release,inline,0.00000,0.00000,0.00000,True,4,CAR,0,0.21721,0.21721,1,0,1,0.00000,0.21721,0.21721,0,0,0,0.00000,0.00000,5
2021100303,1339,46170,Ian Thomas,pass_block,inline,0.00000,0.00000,0.00000,True,4,CAR,0,0.32422,0.32587,1,1,0,0.00164,0.32422,0.32587,0,0,0,0.00000,0.00000,5
2021100303,1365,46170,Ian Thomas,chip_release,detached,0.00000,0.00000,0.00000,True,4,CAR,1,0.83344,0.83344,1,0,1,0.00000,-0.16656,-0.16656,1,0,0,0.00000,1.00000,5
2021100303,1476,46170,Ian Thomas,pass_block,inline,0.00000,0.00000,0.00000,True,4,CAR,1,0.85275,0.85291,1,1,0,0.00016,-0.14725,-0.14709,1,0,0,0.00000,1.00000,5
2021100303,2637,46206,Dalton Schultz,chip_release,inline,0.00000,0.00000,0.00000,True,4,DAL,0,0.49982,0.49982,1,0,1,0.00000,0.49982,0.49982,0,0,0,0.00000,0.00000,5
2021100303,2662,46206,Dalton Schultz,chip_release,inline,0.00000,0.00000,0.00000,True,4,DAL,1,0.41036,0.41036,1,0,1,0.00000,-0.58964,-0.58964,0,1,0,0.00000,0.00000,5
2021100303,2713,46170,Ian Thomas,pass_block,inline,0.00000,0.00000,0.00000,True,4,CAR,1,0.65208,0.71754,1,1,0,0.06546,-0.34792,-0.28246,1,0,0,0.00000,1.00000,5
2021100303,3026,45594,Colin Thompson,pass_block,inline,0.00000,0.00000,0.00000,True,4,CAR,0,0.33125,0.33961,1,1,0,0.00836,0.33125,0.33961,0,0,0,0.00000,0.00000,5
2021100303,3219,53512,Tommy Tremble,chip_release,detached,0.00000,0.00000,0.00000,True,4,CAR,1,0.38416,0.38416,1,0,1,0.00000,-0.61584,-0.61584,0,0,1,0.00000,1.00000,6
2021100303,3392,46170,Ian Thomas,pass_block,inline,0.00000,0.00000,0.00000,True,4,CAR,0,0.36650,0.38460,1,1,0,0.01810,0.36650,0.38460,0,0,0,0.00000,0.00000,5
2021100303,3493,46170,Ian Thomas,pass_block,inline,0.00000,0.00000,0.00000,True,4,CAR,1,0.57225,0.59976,1,1,0,0.02751,-0.42775,-0.40024,1,0,0,0.00000,1.00000,5
2021100303,3612,46206,Dalton Schultz,chip_release,detached,0.00000,0.00000,0.00000,True,4,DAL,0,0.42986,0.42986,1,0,1,0.00000,0.42986,0.42986,0,0,0,0.00000,0.00000,5
2021100303,3703,46170,Ian Thomas,chip_release,detached,0.00000,0.00000,0.00000,True,4,CAR,0,0.27723,0.27723,1,0,1,0.00000,0.27723,0.27723,0,0,0,0.00000,0.00000,5
2021100304,258,44857,Adam Shaheen,pass_block,backfield,0.00000,0.00000,0.00000,True,4,MIA,0,0.17468,0.20326,2,2,0,0.01429,0.08734,0.10163,0,0,0,0.00000,0.00000,5
2021100304,258,46192,Durham Smythe,pass_block,inline,0.00000,0.00000,0.00000,True,4,MIA,0,0.17468,0.20326,2,2,0,0.01429,0.08734,0.10163,0,0,0,0.00000,0.00000,5
2021100304,602,44857,Adam Shaheen,pass_block,backfield,0.00000,0.00000,0.00000,True,4,MIA,0,0.21313,0.24548,2,2,0,0.01617,0.10657,0.12274,0,0,0,0.00000,0.00000,5
2021100304,602,46192,Durham Smythe,pass_block,inline,0.00000,0.00000,0.00000,True,4,MIA,0,0.21313,0.24548,2,2,0,0.01617,0.10657,0.12274,0,0,0,0.00000,0.00000,5
2021100304,703,44857,Adam Shaheen,pass_block,inline,0.00000,0.00000,0.00000,True,4,MIA,0,0.19691,0.20679,1,1,0,0.00987,0.19691,0.20679,0,0,0,0.00000,0.00000,5
2021100304,1219,53556,Kylen Granson,pass_block,detached,0.00000,0.00000,0.00000,True,4,IND,0,0.35621,0.36288,1,1,0,0.00667,0.35621,0.36288,0,0,0,0.00000,0.00000,6
2021100304,1243,44792,Mo Alie-Cox,pass_block,wing,0.00000,0.00000,0.00000,True,4,IND,0,0.21443,0.23305,1,1,0,0.01862,0.21443,0.23305,0,0,0,0.00000,0.00000,5
2021100304,1839,46111,Mike Gesicki,chip_release,inline,0.00000,0.00000,0.00000,True,4,MIA,1,0.21332,0.21332,1,0,1,0.00000,-0.78668,-0.78668,0,0,1,0.00000,1.00000,6
2021100304,1957,44792,Mo Alie-Cox,chip_release,inline,0.00000,0.00000,0.00000,True,4,IND,1,0.21960,0.21960,1,0,1,0.00000,-0.78040,-0.78040,1,0,0,0.00000,1.00000,5
2021100304,2383,53556,Kylen Granson,chip_release,inline,0.00000,0.00000,0.00000,True,4,IND,1,0.38849,0.38849,1,0,1,0.00000,-0.61151,-0.61151,0,1,0,0.00000,1.00000,5
2021100304,2948,46111,Mike Gesicki,pass_block,detached,0.00000,0.00000,0.00000,True,4,MIA,0,0.29480,0.30362,1,1,0,0.00881,0.29480,0.30362,0,0,0,0.00000,0.00000,6
2021100304,3102,44792,Mo Alie-Cox,pass_block,inline,0.00000,0.00000,0.00000,True,4,IND,1,0.31339,0.32672,1,1,0,0.01333,-0.68661,-0.67328,1,0,0,0.00000,1.00000,6
2021100305,200,52725,Ben Ellefson,pass_block,inline,0.00000,0.00000,0.00000,True,4,MIN,0,0.47543,0.47575,1,1,0,0.00032,0.47543,0.47575,0,0,0,0.00000,0.00000,6
2021100305,251,46226,Tyler Conklin,pass_block,inline,0.00000,0.00000,0.00000,True,4,MIN,0,0.35873,0.36045,1,1,0,0.00173,0.35873,0.36045,0,0,0,0.00000,0.00000,6
2021100305,555,43370,Austin Hooper,pass_block,detached,0.00000,0.00000,0.00000,True,4,CLE,0,0.54929,0.56832,1,1,0,0.01903,0.54929,0.56832,0,0,0,0.00000,0.00000,6
2021100305,888,43370,Austin Hooper,pass_block,inline,0.00000,0.00000,0.00000,True,4,CLE,0,0.28614,0.28641,1,1,0,0.00026,0.28614,0.28641,0,0,0,0.00000,0.00000,6
2021100305,936,44841,David Njoku,pass_block,backfield,0.00000,0.00000,0.00000,True,4,CLE,0,0.45255,0.48071,1,1,0,0.02816,0.45255,0.48071,0,0,0,0.00000,0.00000,5
2021100305,1003,46226,Tyler Conklin,pass_block,wing,0.00000,1.00000,0.00000,True,4,MIN,1,0.41026,0.41057,2,2,0,0.00016,-0.29487,-0.29472,0,1,0,1.00000,0.00000,5
2021100305,1003,52725,Ben Ellefson,pass_block,inline,0.00000,0.00000,0.00000,True,4,MIN,1,0.41026,0.41057,2,2,0,0.00016,-0.29487,-0.29472,0,1,0,0.00000,0.00000,5
2021100305,1262,44841,David Njoku,pass_block,inline,0.00000,0.00000,0.00000,True,4,CLE,0,0.33081,0.33247,1,1,0,0.00166,0.33081,0.33247,0,0,0,0.00000,0.00000,6
2021100305,1479,44841,David Njoku,pass_block,inline,0.00000,0.00000,0.00000,True,4,CLE,1,0.55031,0.55216,1,1,0,0.00185,-0.44969,-0.44784,1,0,0,0.00000,1.00000,5
2021100305,1553,44841,David Njoku,pass_block,inline,0.00000,0.00000,0.00000,True,4,CLE,0,0.46698,0.46730,1,1,0,0.00032,0.46698,0.46730,0,0,0,0.00000,0.00000,6
2021100305,1646,44841,David Njoku,pass_block,inline,0.00000,0.00000,0.00000,True,4,CLE,0,0.50032,0.50064,1,1,0,0.00032,0.50032,0.50064,0,0,0,0.00000,0.00000,6
2021100305,1859,46226,Tyler Conklin,chip_release,inline,0.00000,0.00000,0.00000,True,4,MIN,1,0.37736,0.37736,1,0,1,0.00000,-0.62264,-0.62264,1,0,0,0.00000,1.00000,5
2021100305,1975,43370,Austin Hooper,pass_block,inline,1.00000,0.00000,0.00000,True,4,CLE,1,0.29714,0.31986,1,1,0,0.02272,-0.70286,-0.68014,1,0,0,1.00000,2.00000,6
2021100305,2023,43370,Austin Hooper,pass_block,inline,0.00000,0.00000,0.00000,True,4,CLE,0,0.25217,0.27279,1,1,0,0.02061,0.25217,0.27279,0,0,0,0.00000,0.00000,6
2021100305,2052,43370,Austin Hooper,pass_block,inline,0.00000,0.00000,0.00000,True,4,CLE,0,0.26195,0.26340,1,1,0,0.00145,0.26195,0.26340,0,0,0,0.00000,0.00000,6
2021100305,2538,44841,David Njoku,pass_block,inline,0.00000,0.00000,0.00000,True,4,CLE,1,0.42528,0.44578,1,1,0,0.02050,-0.57472,-0.55422,1,0,0,0.00000,1.00000,6
2021100305,2579,46226,Tyler Conklin,pass_block,inline,0.00000,0.00000,0.00000,True,4,MIN,1,0.49234,0.49266,1,1,0,0.00032,-0.50766,-0.50734,1,1,0,0.00000,2.00000,6
2021100305,2655,46226,Tyler Conklin,pass_block,detached,0.00000,1.00000,0.00000,True,4,MIN,1,0.60548,0.69808,1,1,0,0.09260,-0.39452,-0.30192,0,1,0,1.00000,0.00000,6
2021100305,2929,46226,Tyler Conklin,pass_block,inline,0.00000,0.00000,0.00000,True,4,MIN,1,0.36925,0.37797,1,1,0,0.00872,-0.63075,-0.62203,0,0,1,0.00000,2.00000,6
2021100305,2967,46176,Christopher Herndon,chip_release,inline,0.00000,0.00000,0.00000,True,4,MIN,1,0.37736,0.37736,1,0,1,0.00000,-0.62264,-0.62264,1,0,0,0.00000,1.00000,5
2021100305,3091,46226,Tyler Conklin,chip_release,inline,0.00000,0.00000,0.00000,True,4,MIN,1,0.33841,0.33841,1,0,1,0.00000,-0.66159,-0.66159,1,1,0,0.00000,2.00000,5
2021100305,3335,43370,Austin Hooper,pass_block,inline,0.00000,0.00000,0.00000,True,4,CLE,0,0.28876,0.28902,1,1,0,0.00026,0.28876,0.28902,0,0,0,0.00000,0.00000,6
2021100305,3497,46226,Tyler Conklin,pass_block,inline,0.00000,0.00000,0.00000,True,4,MIN,0,0.24738,0.24878,1,1,0,0.00140,0.24738,0.24878,0,0,0,0.00000,0.00000,6
2021100305,3611,43370,Austin Hooper,pass_block,inline,0.00000,0.00000,0.00000,True,4,CLE,1,0.42638,0.44690,1,1,0,0.02051,-0.57362,-0.55310,1,0,0,0.00000,1.00000,6
2021100305,3958,43370,Austin Hooper,pass_block,inline,0.00000,0.00000,0.00000,True,4,CLE,0,0.35367,0.35538,1,1,0,0.00171,0.35367,0.35538,0,0,0,0.00000,0.00000,6
2021100305,4125,46226,Tyler Conklin,chip_release,inline,0.00000,0.00000,0.00000,True,4,MIN,1,0.28154,0.28154,1,0,1,0.00000,-0.71846,-0.71846,1,0,0,0.00000,1.00000,5
2021100305,4164,46226,Tyler Conklin,chip_release,inline,0.00000,0.00000,0.00000,True,4,MIN,0,0.37896,0.37896,1,0,1,0.00000,0.37896,0.37896,0,0,0,0.00000,0.00000,5
2021100305,4227,46226,Tyler Conklin,chip_release,detached,0.00000,0.00000,0.00000,True,4,MIN,0,0.28073,0.28073,1,0,1,0.00000,0.28073,0.28073,0,0,0,0.00000,0.00000,5
2021100306,104,37118,Kyle Rudolph,pass_block,detached,0.00000,0.00000,0.00000,True,4,NYG,1,0.45638,0.48457,1,1,0,0.02819,-0.54362,-0.51543,1,0,0,0.00000,0.00000,5
2021100306,679,37118,Kyle Rudolph,pass_block,inline,0.00000,0.00000,0.00000,True,4,NYG,0,0.40498,0.40678,2,1,1,0.00090,0.20249,0.20339,0,0,0,0.00000,0.00000,5
2021100306,679,44835,Evan Engram,chip_release,wing,0.00000,0.00000,0.00000,True,4,NYG,0,0.40498,0.40678,2,1,1,0.00090,0.20249,0.20339,0,0,0,0.00000,0.00000,5
2021100306,876,37118,Kyle Rudolph,pass_block,inline,0.00000,0.00000,0.00000,True,4,NYG,0,0.32202,0.32366,2,1,1,0.00082,0.16101,0.16183,0,0,0,0.00000,0.00000,5
2021100306,876,44835,Evan Engram,chip_release,wing,0.00000,0.00000,0.00000,True,4,NYG,0,0.32202,0.32366,2,1,1,0.00082,0.16101,0.16183,0,0,0,0.00000,0.00000,5
2021100306,956,47959,Kaden Smith,chip_release,inline,0.00000,0.00000,0.00000,True,4,NYG,0,0.40293,0.40293,1,0,1,0.00000,0.40293,0.40293,0,0,0,0.00000,0.00000,7
2021100306,1192,37118,Kyle Rudolph,pass_block,inline,0.00000,0.00000,0.00000,True,4,NYG,0,0.33891,0.34059,1,1,0,0.00168,0.33891,0.34059,0,0,0,0.00000,0.00000,5
2021100306,1910,44075,Garrett Griffin,pass_block,wing,0.00000,0.00000,0.00000,True,4,NO,0,0.28304,0.28671,1,1,0,0.00367,0.28304,0.28671,0,0,0,0.00000,0.00000,6
2021100306,2033,37118,Kyle Rudolph,pass_block,inline,0.00000,0.00000,0.00000,True,4,NYG,0,0.36752,0.36782,2,2,0,0.00015,0.18376,0.18391,0,0,0,0.00000,0.00000,5
2021100306,2033,44835,Evan Engram,pass_block,wing,0.00000,0.00000,0.00000,True,4,NYG,0,0.36752,0.36782,2,2,0,0.00015,0.18376,0.18391,0,0,0,0.00000,0.00000,5
2021100306,2139,37118,Kyle Rudolph,pass_block,inline,0.00000,0.00000,0.00000,True,4,NYG,0,0.24458,0.24793,2,1,1,0.00167,0.12229,0.12396,0,0,0,0.00000,0.00000,5
2021100306,2139,44835,Evan Engram,chip_release,wing,0.00000,0.00000,0.00000,True,4,NYG,0,0.24458,0.24793,2,1,1,0.00167,0.12229,0.12396,0,0,0,0.00000,0.00000,5
2021100306,2384,44075,Garrett Griffin,pass_block,inline,0.00000,0.00000,0.00000,True,4,NO,0,0.19254,0.19536,2,2,0,0.00141,0.09627,0.09768,0,0,0,0.00000,0.00000,5
2021100306,2384,52513,Adam Trautman,pass_block,inline,0.00000,0.00000,0.00000,True,4,NO,0,0.19254,0.19536,2,2,0,0.00141,0.09627,0.09768,0,0,0,0.00000,0.00000,5
2021100306,2968,37118,Kyle Rudolph,pass_block,inline,0.00000,0.00000,0.00000,True,4,NYG,1,0.61549,0.62982,2,1,1,0.00717,-0.19226,-0.18509,1,0,0,0.00000,1.00000,5
2021100306,2968,44835,Evan Engram,chip_release,wing,0.00000,0.00000,0.00000,True,4,NYG,1,0.61549,0.62982,2,1,1,0.00717,-0.19226,-0.18509,1,0,0,0.00000,1.00000,5
2021100306,3067,44835,Evan Engram,chip_release,detached,0.00000,0.00000,0.00000,True,4,NYG,1,0.37086,0.37086,1,0,1,0.00000,-0.62914,-0.62914,1,0,0,0.00000,1.00000,5
2021100306,3324,44075,Garrett Griffin,pass_block,inline,0.00000,0.00000,0.00000,True,4,NO,0,0.49336,0.49368,2,2,0,0.00016,0.24668,0.24684,0,0,0,0.00000,0.00000,5
2021100306,3324,52513,Adam Trautman,pass_block,inline,0.00000,0.00000,0.00000,True,4,NO,0,0.49336,0.49368,2,2,0,0.00016,0.24668,0.24684,0,0,0,0.00000,0.00000,5
2021100306,3602,37118,Kyle Rudolph,chip_release,detached,0.00000,0.00000,0.00000,True,4,NYG,0,0.25732,0.25732,1,0,1,0.00000,0.25732,0.25732,0,0,0,0.00000,0.00000,5
2021100306,3870,52942,Juwan Johnson,chip_release,inline,0.00000,0.00000,0.00000,True,4,NO,0,0.22598,0.22598,1,0,1,0.00000,0.22598,0.22598,0,0,0,0.00000,0.00000,5
2021100306,3947,37118,Kyle Rudolph,chip_release,wing,0.00000,0.00000,0.00000,True,4,NYG,0,0.16009,0.17163,2,1,1,0.00577,0.08005,0.08582,0,0,0,0.00000,0.00000,5
2021100306,3947,47959,Kaden Smith,pass_block,inline,0.00000,0.00000,0.00000,True,4,NYG,0,0.16009,0.17163,2,1,1,0.00577,0.08005,0.08582,0,0,0,0.00000,0.00000,5
2021100306,4025,44835,Evan Engram,chip_release,wing,0.00000,0.00000,0.00000,True,4,NYG,0,0.34416,0.34416,1,0,1,0.00000,0.34416,0.34416,0,0,0,0.00000,0.00000,5
2021100306,4114,37118,Kyle Rudolph,chip_release,detached,0.00000,0.00000,0.00000,True,4,NYG,0,0.27440,0.27440,1,0,1,0.00000,0.27440,0.27440,0,0,0,0.00000,0.00000,5
2021100307,109,42428,Tyler Kroft,pass_block,detached,0.00000,0.00000,0.00000,True,4,NYJ,0,0.53489,0.54985,1,1,0,0.01496,0.53489,0.54985,0,0,0,0.00000,0.00000,5
2021100307,156,42486,MyCole Pruitt,pass_block,inline,0.00000,0.00000,0.00000,True,4,TEN,0,0.30930,0.34253,1,1,0,0.03322,0.30930,0.34253,0,0,0,0.00000,0.00000,5
2021100307,203,42589,Geoff Swaim,pass_block,inline,0.00000,0.00000,1.00000,True,4,TEN,1,0.20794,0.23974,1,1,0,0.03180,-0.79206,-0.76026,1,0,1,1.00000,2.00000,6
2021100307,725,45355,Anthony Firkser,chip_release,detached,0.00000,0.00000,0.00000,True,4,TEN,0,0.40785,0.40785,1,0,1,0.00000,0.40785,0.40785,0,0,0,0.00000,0.00000,6
2021100307,818,42486,MyCole Pruitt,pass_block,inline,0.00000,0.00000,0.00000,True,4,TEN,1,0.72375,0.73583,2,2,0,0.00604,-0.13812,-0.13208,1,0,0,0.00000,1.00000,5
2021100307,818,42589,Geoff Swaim,pass_block,inline,0.00000,0.00000,0.00000,True,4,TEN,1,0.72375,0.73583,2,2,0,0.00604,-0.13812,-0.13208,1,0,0,0.00000,1.00000,5
2021100307,984,40149,Ryan Griffin,pass_block,inline,0.00000,0.00000,0.00000,True,4,NYJ,0,0.52120,0.52144,1,1,0,0.00024,0.52120,0.52144,0,0,0,0.00000,0.00000,5
2021100307,1088,45355,Anthony Firkser,chip_release,detached,0.00000,0.00000,0.00000,True,4,TEN,1,0.36740,0.36740,1,0,1,0.00000,-0.63260,-0.63260,1,0,1,0.00000,2.00000,5
2021100307,1183,40149,Ryan Griffin,pass_block,inline,0.00000,0.00000,0.00000,True,4,NYJ,1,0.83507,0.83520,1,1,0,0.00013,-0.16493,-0.16480,1,0,0,0.00000,3.00000,6
2021100307,1214,42428,Tyler Kroft,pass_block,detached,0.00000,0.00000,0.00000,True,4,NYJ,0,0.52290,0.62699,1,1,0,0.10410,0.52290,0.62699,0,0,0,0.00000,0.00000,5
2021100307,1254,40149,Ryan Griffin,pass_block,inline,0.00000,0.00000,0.00000,True,4,NYJ,0,0.34135,0.34377,2,1,1,0.00121,0.17068,0.17188,0,0,0,0.00000,0.00000,6
2021100307,1254,42428,Tyler Kroft,chip_release,inline,0.00000,0.00000,0.00000,True,4,NYJ,0,0.34135,0.34377,2,1,1,0.00121,0.17068,0.17188,0,0,0,0.00000,0.00000,6
2021100307,1283,42428,Tyler Kroft,chip_release,wing,0.00000,0.00000,0.00000,True,4,NYJ,0,0.21171,0.21171,1,0,1,0.00000,0.21171,0.21171,0,0,0,0.00000,0.00000,6
2021100307,1779,45355,Anthony Firkser,chip_release,detached,0.00000,0.00000,0.00000,True,4,TEN,0,0.28605,0.28605,1,0,1,0.00000,0.28605,0.28605,0,0,0,0.00000,0.00000,5
2021100307,2005,45355,Anthony Firkser,chip_release,detached,0.00000,0.00000,0.00000,True,4,TEN,0,0.50871,0.50871,1,0,1,0.00000,0.50871,0.50871,0,0,0,0.00000,0.00000,6
2021100307,2106,45355,Anthony Firkser,chip_release,inline,0.00000,0.00000,0.00000,True,4,TEN,0,0.36208,0.36208,1,0,1,0.00000,0.36208,0.36208,0,0,0,0.00000,0.00000,5
2021100307,2333,42486,MyCole Pruitt,pass_block,wing,0.00000,0.00000,0.00000,True,4,TEN,0,0.38387,0.39847,1,1,0,0.01459,0.38387,0.39847,0,0,0,0.00000,0.00000,6
2021100307,2412,42589,Geoff Swaim,chip_release,inline,0.00000,0.00000,0.00000,True,4,TEN,1,0.29423,0.29423,1,0,1,0.00000,-0.70577,-0.70577,1,0,0,0.00000,0.00000,5
2021100307,2529,42428,Tyler Kroft,pass_block,inline,0.00000,0.00000,0.00000,True,4,NYJ,0,0.29467,0.30580,1,1,0,0.01113,0.29467,0.30580,0,0,0,0.00000,0.00000,5
2021100307,2553,42428,Tyler Kroft,chip_release,inline,0.00000,0.00000,0.00000,True,4,NYJ,0,0.28122,0.28122,1,0,1,0.00000,0.28122,0.28122,0,0,0,0.00000,0.00000,5
2021100307,2598,42428,Tyler Kroft,pass_block,detached,0.00000,0.00000,0.00000,True,4,NYJ,1,0.72538,0.74059,1,1,0,0.01520,-0.27462,-0.25941,1,0,0,0.00000,0.00000,5
2021100307,2724,42486,MyCole Pruitt,chip_release,wing,0.00000,0.00000,0.00000,True,4,TEN,0,0.28682,0.28682,1,0,1,0.00000,0.28682,0.28682,0,0,0,0.00000,0.00000,5
2021100307,2942,40149,Ryan Griffin,chip_release,inline,0.00000,0.00000,0.00000,True,4,NYJ,1,0.64531,0.64531,1,0,1,0.00000,-0.35469,-0.35469,1,0,0,0.00000,0.00000,6
2021100307,2975,40149,Ryan Griffin,pass_block,inline,0.00000,0.00000,0.00000,True,4,NYJ,1,0.37240,0.38228,2,1,1,0.00494,-0.31380,-0.30886,1,0,0,0.00000,1.00000,6
2021100307,2975,42428,Tyler Kroft,chip_release,inline,0.00000,0.00000,0.00000,True,4,NYJ,1,0.37240,0.38228,2,1,1,0.00494,-0.31380,-0.30886,1,0,0,0.00000,1.00000,6
2021100307,2997,42428,Tyler Kroft,pass_block,inline,0.00000,0.00000,0.00000,True,4,NYJ,0,0.27686,0.29748,1,1,0,0.02062,0.27686,0.29748,0,0,0,0.00000,0.00000,6
2021100307,3049,42428,Tyler Kroft,pass_block,inline,0.00000,0.00000,0.00000,True,4,NYJ,0,0.23565,0.23759,1,1,0,0.00194,0.23565,0.23759,0,0,0,0.00000,0.00000,6
2021100307,3156,45355,Anthony Firkser,chip_release,detached,0.00000,0.00000,0.00000,True,4,TEN,1,0.38148,0.38148,1,0,1,0.00000,-0.61852,-0.61852,1,0,1,0.00000,1.00000,5
2021100307,3205,42428,Tyler Kroft,chip_release,inline,0.00000,0.00000,0.00000,True,4,NYJ,1,0.45357,0.45357,1,0,1,0.00000,-0.54643,-0.54643,1,0,0,0.00000,0.00000,6
2021100307,3261,42589,Geoff Swaim,chip_release,inline,0.00000,0.00000,0.00000,True,4,TEN,0,0.27066,0.27066,1,0,1,0.00000,0.27066,0.27066,0,0,0,0.00000,0.00000,5
2021100307,3308,45355,Anthony Firkser,chip_release,inline,0.00000,0.00000,0.00000,True,4,TEN,0,0.36976,0.36976,1,0,1,0.00000,0.36976,0.36976,0,0,0,0.00000,0.00000,5
2021100307,3349,40149,Ryan Griffin,pass_block,inline,1.00000,0.00000,0.00000,True,4,NYJ,1,0.43590,0.43614,1,1,0,0.00023,-0.56410,-0.56386,1,0,0,1.00000,0.00000,5
2021100307,3395,42428,Tyler Kroft,chip_release,detached,0.00000,0.00000,0.00000,True,4,NYJ,1,0.74541,0.74541,1,0,1,0.00000,-0.25459,-0.25459,1,0,0,0.00000,1.00000,5
2021100307,3510,42486,MyCole Pruitt,pass_block,inline,0.00000,0.00000,0.00000,True,4,TEN,1,0.52203,0.53729,2,2,0,0.00763,-0.23899,-0.23135,0,1,0,0.00000,1.00000,6
2021100307,3510,42589,Geoff Swaim,pass_block,inline,0.00000,0.00000,0.00000,True,4,TEN,1,0.52203,0.53729,2,2,0,0.00763,-0.23899,-0.23135,0,1,0,0.00000,1.00000,6
2021100307,3714,42486,MyCole Pruitt,pass_block,wing,0.00000,0.00000,0.00000,True,4,TEN,0,0.30337,0.31647,2,2,0,0.00655,0.15169,0.15824,0,0,0,0.00000,0.00000,5
2021100307,3714,42589,Geoff Swaim,pass_block,inline,0.00000,0.00000,0.00000,True,4,TEN,0,0.30337,0.31647,2,2,0,0.00655,0.15169,0.15824,0,0,0,0.00000,0.00000,5
2021100307,3794,40149,Ryan Griffin,chip_release,inline,0.00000,0.00000,0.00000,True,4,NYJ,1,0.55046,0.55046,1,0,1,0.00000,-0.44954,-0.44954,1,0,0,0.00000,0.00000,5
2021100307,3920,45355,Anthony Firkser,chip_release,detached,0.00000,0.00000,0.00000,True,4,TEN,0,0.29238,0.29238,1,0,1,0.00000,0.29238,0.29238,0,0,0,0.00000,0.00000,5
2021100307,4352,42428,Tyler Kroft,pass_block,inline,0.00000,0.00000,0.00000,True,4,NYJ,0,0.33179,0.33200,1,1,0,0.00021,0.33179,0.33200,0,0,0,0.00000,0.00000,5
2021100307,4480,40149,Ryan Griffin,pass_block,inline,0.00000,0.00000,0.00000,True,4,NYJ,1,0.73728,0.82836,1,1,0,0.09108,-0.26272,-0.17164,1,0,0,0.00000,1.00000,5
2021100307,4622,42428,Tyler Kroft,pass_block,detached,0.00000,0.00000,0.00000,True,4,NYJ,0,0.13078,0.15418,1,1,0,0.02340,0.13078,0.15418,0,0,0,0.00000,0.00000,5
2021100307,4668,40149,Ryan Griffin,chip_release,inline,0.00000,0.00000,0.00000,True,4,NYJ,0,0.34893,0.34893,1,0,1,0.00000,0.34893,0.34893,0,0,0,0.00000,0.00000,6
2021100307,4953,45355,Anthony Firkser,chip_release,detached,0.00000,0.00000,0.00000,True,4,TEN,0,0.35058,0.35058,1,0,1,0.00000,0.35058,0.35058,0,0,0,0.00000,0.00000,5
2021100307,5051,45355,Anthony Firkser,chip_release,detached,0.00000,0.00000,0.00000,True,4,TEN,1,0.22782,0.22782,1,0,1,0.00000,-0.77218,-0.77218,0,1,0,0.00000,1.00000,5
2021100308,78,47840,J.J. Arcega-Whiteside,chip_release,detached,0.00000,0.00000,0.00000,True,4,PHI,0,0.37667,0.37667,1,0,1,0.00000,0.37667,0.37667,0,0,0,0.00000,0.00000,5
2021100308,198,46118,Dallas Goedert,pass_block,detached,0.00000,0.00000,0.00000,True,4,PHI,1,0.67706,0.68336,1,1,0,0.00630,-0.32294,-0.31664,1,0,0,0.00000,0.00000,6
2021100308,465,48683,Joe Fortson,pass_block,inline,0.00000,0.00000,0.00000,True,4,KC,0,0.25156,0.26327,2,2,0,0.00586,0.12578,0.13164,0,0,0,0.00000,0.00000,5
2021100308,465,53591,Noah Gray,pass_block,detached,0.00000,0.00000,0.00000,True,4,KC,0,0.25156,0.26327,2,2,0,0.00586,0.12578,0.13164,0,0,0,0.00000,0.00000,5
2021100308,800,39983,Zach Ertz,chip_release,detached,0.00000,0.00000,0.00000,True,4,PHI,0,0.38128,0.38128,1,0,1,0.00000,0.38128,0.38128,0,0,0,0.00000,0.00000,5
2021100308,1258,42460,Blake Bell,pass_block,inline,0.00000,0.00000,0.00000,True,4,KC,1,0.65040,0.66420,2,2,0,0.00690,-0.17480,-0.16790,1,0,0,0.00000,1.00000,5
2021100308,1258,53591,Noah Gray,pass_block,wing,0.00000,0.00000,0.00000,True,4,KC,1,0.65040,0.66420,2,2,0,0.00690,-0.17480,-0.16790,1,0,0,0.00000,1.00000,5
2021100308,1586,47840,J.J. Arcega-Whiteside,chip_release,detached,0.00000,0.00000,0.00000,True,4,PHI,1,0.47705,0.47705,1,0,1,0.00000,-0.52295,-0.52295,0,1,0,0.00000,0.00000,5
2021100308,1788,46118,Dallas Goedert,pass_block,inline,0.00000,0.00000,0.00000,True,4,PHI,0,0.31467,0.32062,1,1,0,0.00594,0.31467,0.32062,0,0,0,0.00000,0.00000,6
2021100308,2217,39983,Zach Ertz,chip_release,detached,0.00000,0.00000,0.00000,True,4,PHI,0,0.22183,0.22183,1,0,1,0.00000,0.22183,0.22183,0,0,0,0.00000,0.00000,5
2021100308,2274,46118,Dallas Goedert,chip_release,inline,0.00000,0.00000,0.00000,True,4,PHI,0,0.27222,0.27222,1,0,1,0.00000,0.27222,0.27222,0,0,0,0.00000,0.00000,5
2021100308,2550,46118,Dallas Goedert,chip_release,detached,0.00000,0.00000,0.00000,True,4,PHI,0,0.32946,0.32946,2,0,2,0.00000,0.16473,0.16473,0,0,0,0.00000,0.00000,5
2021100308,2550,53946,Jack Stoll,chip_release,inline,0.00000,0.00000,0.00000,True,4,PHI,0,0.32946,0.32946,2,0,2,0.00000,0.16473,0.16473,0,0,0,0.00000,0.00000,5
2021100308,2759,46118,Dallas Goedert,pass_block,detached,1.00000,0.00000,0.00000,True,4,PHI,1,0.69132,0.70097,1,1,0,0.00966,-0.30868,-0.29903,1,0,0,1.00000,0.00000,6
2021100308,3017,48683,Joe Fortson,pass_block,inline,0.00000,0.00000,0.00000,True,4,KC,0,0.25156,0.26327,1,1,0,0.01171,0.25156,0.26327,0,0,0,0.00000,0.00000,5
2021100308,3062,42460,Blake Bell,pass_block,inline,0.00000,0.00000,0.00000,True,4,KC,0,0.27634,0.28876,1,1,0,0.01242,0.27634,0.28876,0,0,0,0.00000,0.00000,6
2021100308,3206,46118,Dallas Goedert,chip_release,inline,0.00000,0.00000,0.00000,True,4,PHI,1,0.31981,0.31981,1,0,1,0.00000,-0.68019,-0.68019,1,0,0,0.00000,0.00000,5
2021100308,3901,46118,Dallas Goedert,chip_release,detached,0.00000,0.00000,0.00000,True,4,PHI,1,0.17813,0.17813,1,0,1,0.00000,-0.82187,-0.82187,1,0,1,0.00000,1.00000,5
2021100309,76,43399,Tyler Higbee,pass_block,inline,0.00000,0.00000,0.00000,True,4,LA,1,0.40259,0.40915,1,1,0,0.00656,-0.59741,-0.59085,0,1,0,0.00000,1.00000,5
2021100309,311,42398,Maxx Williams,pass_block,detached,0.00000,0.00000,0.00000,True,4,ARI,0,0.40630,0.43038,1,1,0,0.02408,0.40630,0.43038,0,0,0,0.00000,0.00000,5
2021100309,427,43399,Tyler Higbee,pass_block,inline,0.00000,0.00000,0.00000,True,4,LA,0,0.24810,0.25731,2,2,0,0.00461,0.12405,0.12866,0,0,0,0.00000,0.00000,5
2021100309,427,45094,Johnny Mundt,pass_block,inline,0.00000,0.00000,0.00000,True,4,LA,0,0.24810,0.25731,2,2,0,0.00461,0.12405,0.12866,0,0,0,0.00000,0.00000,5
2021100309,541,42398,Maxx Williams,pass_block,inline,0.00000,0.00000,0.00000,True,4,ARI,0,0.31766,0.32359,1,1,0,0.00593,0.31766,0.32359,0,0,0,0.00000,0.00000,6
2021100309,703,43399,Tyler Higbee,chip_release,detached,0.00000,0.00000,0.00000,True,4,LA,0,0.14827,0.14827,1,0,1,0.00000,0.14827,0.14827,0,0,0,0.00000,0.00000,5
2021100309,1520,43399,Tyler Higbee,chip_release,inline,0.00000,0.00000,0.00000,True,4,LA,0,0.40675,0.40675,1,0,1,0.00000,0.40675,0.40675,0,0,0,0.00000,0.00000,5
2021100309,1689,42398,Maxx Williams,pass_block,detached,1.00000,0.00000,0.00000,True,4,ARI,1,0.23555,0.24049,1,1,0,0.00494,-0.76445,-0.75951,1,0,0,1.00000,0.00000,5
2021100309,1861,43399,Tyler Higbee,chip_release,inline,0.00000,0.00000,0.00000,True,4,LA,0,0.41802,0.41802,1,0,1,0.00000,0.41802,0.41802,0,0,0,0.00000,0.00000,5
2021100309,1908,43399,Tyler Higbee,chip_release,inline,0.00000,0.00000,0.00000,True,4,LA,0,0.29202,0.29202,1,0,1,0.00000,0.29202,0.29202,0,0,0,0.00000,0.00000,5
2021100309,1975,43399,Tyler Higbee,chip_release,inline,0.00000,0.00000,0.00000,True,4,LA,0,0.38418,0.38418,1,0,1,0.00000,0.38418,0.38418,0,0,0,0.00000,0.00000,5
2021100309,2720,42398,Maxx Williams,chip_release,inline,0.00000,0.00000,0.00000,True,4,ARI,0,0.33196,0.33196,1,0,1,0.00000,0.33196,0.33196,0,0,0,0.00000,0.00000,5
2021100309,2927,43399,Tyler Higbee,pass_block,inline,0.00000,0.00000,0.00000,True,4,LA,1,0.64201,0.64824,1,1,0,0.00623,-0.35799,-0.35176,1,1,0,0.00000,1.00000,6
2021100309,3658,43399,Tyler Higbee,chip_release,detached,0.00000,0.00000,0.00000,True,4,LA,1,0.12961,0.12961,1,0,1,0.00000,-0.87039,-0.87039,1,0,0,0.00000,1.00000,5
2021100310,359,44959,George Kittle,pass_block,inline,0.00000,0.00000,0.00000,True,4,SF,1,0.28283,0.28991,1,1,0,0.00708,-0.71717,-0.71009,0,1,0,0.00000,1.00000,5
2021100310,581,44959,George Kittle,chip_release,inline,0.00000,0.00000,0.00000,True,4,SF,0,0.24631,0.24631,1,0,1,0.00000,0.24631,0.24631,0,0,0,0.00000,0.00000,5
2021100310,809,46331,Ross Dwelley,pass_block,inline,0.00000,0.00000,0.00000,True,4,SF,0,0.45914,0.46776,1,1,0,0.00862,0.45914,0.46776,0,0,0,0.00000,0.00000,6
2021100310,865,44959,George Kittle,pass_block,wing,0.00000,0.00000,0.00000,True,4,SF,0,0.45568,0.46526,1,1,0,0.00958,0.45568,0.46526,0,0,0,0.00000,0.00000,6
2021100310,1522,52962,Tyler Mabry,pass_block,inline,0.00000,0.00000,0.00000,True,4,SEA,0,0.29161,0.29964,1,1,0,0.00803,0.29161,0.29964,0,0,0,0.00000,0.00000,5
2021100310,1592,52541,Colby Parkinson,chip_release,inline,0.00000,0.00000,0.00000,True,4,SEA,0,0.41066,0.41066,1,0,1,0.00000,0.41066,0.41066,0,0,0,0.00000,0.00000,6
2021100310,2086,52541,Colby Parkinson,pass_block,detached,0.00000,0.00000,0.00000,True,4,SEA,0,0.54502,0.55177,1,1,0,0.00674,0.54502,0.55177,0,0,0,0.00000,0.00000,5
2021100310,2328,46189,Will Dissly,pass_block,inline,0.00000,0.00000,0.00000,True,4,SEA,0,0.29694,0.30806,2,2,0,0.00556,0.14847,0.15403,0,0,0,0.00000,0.00000,5
2021100310,2328,52541,Colby Parkinson,pass_block,inline,0.00000,0.00000,0.00000,True,4,SEA,0,0.29694,0.30806,2,2,0,0.00556,0.14847,0.15403,0,0,0,0.00000,0.00000,5
2021100310,2803,46189,Will Dissly,pass_block,inline,0.00000,0.00000,0.00000,True,4,SEA,0,0.30578,0.33121,2,2,0,0.01272,0.15289,0.16561,0,0,0,0.00000,0.00000,5
2021100310,2803,52541,Colby Parkinson,pass_block,wing,0.00000,0.00000,0.00000,True,4,SEA,0,0.30578,0.33121,2,2,0,0.01272,0.15289,0.16561,0,0,0,0.00000,0.00000,5
2021100310,2920,46189,Will Dissly,pass_block,inline,0.00000,0.00000,0.00000,True,4,SEA,0,0.24520,0.24878,1,1,0,0.00358,0.24520,0.24878,0,0,0,0.00000,0.00000,6
2021100310,3013,46189,Will Dissly,chip_release,inline,0.00000,0.00000,0.00000,True,4,SEA,1,0.42969,0.42969,1,0,1,0.00000,-0.57031,-0.57031,1,0,0,0.00000,0.00000,5
2021100310,3230,44959,George Kittle,chip_release,inline,0.00000,0.00000,0.00000,True,4,SF,1,0.39544,0.39544,1,0,1,0.00000,-0.60456,-0.60456,1,0,1,0.00000,1.00000,5
2021100310,3268,52541,Colby Parkinson,pass_block,wing,0.00000,0.00000,0.00000,True,4,SEA,1,0.30304,0.31185,2,2,0,0.00440,-0.34848,-0.34407,0,1,0,0.00000,1.00000,5
2021100310,3268,52962,Tyler Mabry,pass_block,inline,0.00000,0.00000,0.00000,True,4,SEA,1,0.30304,0.31185,2,2,0,0.00440,-0.34848,-0.34407,0,1,0,0.00000,1.00000,5
2021100310,3381,44959,George Kittle,pass_block,inline,0.00000,0.00000,0.00000,True,4,SF,0,0.68404,0.69148,1,1,0,0.00744,0.68404,0.69148,0,0,0,0.00000,0.00000,6
2021100310,3407,44959,George Kittle,pass_block,inline,0.00000,0.00000,0.00000,True,4,SF,0,0.18848,0.21279,1,1,0,0.02431,0.18848,0.21279,0,0,0,0.00000,0.00000,6
2021100310,3478,44959,George Kittle,chip_release,inline,0.00000,0.00000,0.00000,True,4,SF,1,0.39780,0.39780,1,0,1,0.00000,-0.60220,-0.60220,1,0,0,0.00000,0.00000,5
2021100310,3915,44959,George Kittle,chip_release,inline,0.00000,0.00000,0.00000,True,4,SF,0,0.26503,0.26503,1,0,1,0.00000,0.26503,0.26503,0,0,0,0.00000,0.00000,5
2021100311,121,44987,Eric Saubert,pass_block,inline,0.00000,0.00000,0.00000,True,4,DEN,1,0.23479,0.26998,2,2,0,0.01760,-0.38261,-0.36501,0,1,0,0.00000,1.00000,5
2021100311,121,48096,Andrew Beck,pass_block,backfield,0.00000,0.00000,0.00000,True,4,DEN,1,0.23479,0.26998,2,2,0,0.01760,-0.38261,-0.36501,0,1,0,0.00000,1.00000,5
2021100311,165,47803,Noah Fant,chip_release,inline,0.00000,0.00000,0.00000,True,4,DEN,1,0.48318,0.48318,1,0,1,0.00000,-0.51682,-0.51682,0,0,1,0.00000,1.00000,6
2021100311,405,44987,Eric Saubert,pass_block,inline,0.00000,0.00000,0.00000,True,4,DEN,0,0.27704,0.29020,1,1,0,0.01316,0.27704,0.29020,0,0,0,0.00000,0.00000,5
2021100311,466,42721,Eric Tomlinson,chip_release,inline,0.00000,0.00000,0.00000,True,4,BAL,0,0.39500,0.39500,1,0,1,0.00000,0.39500,0.39500,0,0,0,0.00000,0.00000,6
2021100311,686,44987,Eric Saubert,pass_block,wing,0.00000,0.00000,0.00000,True,4,DEN,0,0.48770,0.50712,2,2,0,0.00971,0.24385,0.25356,0,0,0,0.00000,0.00000,5
2021100311,686,47803,Noah Fant,pass_block,inline,0.00000,0.00000,0.00000,True,4,DEN,0,0.48770,0.50712,2,2,0,0.00971,0.24385,0.25356,0,0,0,0.00000,0.00000,5
2021100311,842,47803,Noah Fant,chip_release,inline,0.00000,0.00000,0.00000,True,4,DEN,1,0.26939,0.26939,1,0,1,0.00000,-0.73061,-0.73061,1,0,0,0.00000,0.00000,5
2021100311,1401,42721,Eric Tomlinson,pass_block,inline,0.00000,0.00000,0.00000,True,4,BAL,0,0.36502,0.37448,1,1,0,0.00945,0.36502,0.37448,0,0,0,0.00000,0.00000,6
2021100311,1842,47803,Noah Fant,chip_release,inline,0.00000,0.00000,0.00000,True,4,DEN,1,0.39885,0.39885,1,0,1,0.00000,-0.60115,-0.60115,0,1,0,0.00000,1.00000,5
2021100311,2174,47852,Josh Oliver,chip_release,detached,0.00000,0.00000,0.00000,True,4,BAL,1,0.84059,0.84059,1,0,1,0.00000,-0.15941,-0.15941,1,0,0,0.00000,1.00000,5
2021100311,2279,52526,Albert Okwuegbunam,chip_release,detached,0.00000,0.00000,0.00000,True,4,DEN,1,0.42819,0.42819,1,0,1,0.00000,-0.57181,-0.57181,1,0,0,0.00000,0.00000,5
2021100311,2325,44987,Eric Saubert,pass_block,inline,0.00000,0.00000,0.00000,True,4,DEN,1,0.36071,0.37578,1,1,0,0.01507,-0.63929,-0.62422,0,0,1,0.00000,0.00000,5
2021100311,2569,47803,Noah Fant,pass_block,wing,0.00000,0.00000,0.00000,True,4,DEN,0,0.21030,0.22126,2,2,0,0.00548,0.10515,0.11063,0,0,0,0.00000,0.00000,5
2021100311,2569,52526,Albert Okwuegbunam,pass_block,inline,0.00000,0.00000,0.00000,True,4,DEN,0,0.21030,0.22126,2,2,0,0.00548,0.10515,0.11063,0,0,0,0.00000,0.00000,5
2021100311,2695,47803,Noah Fant,chip_release,inline,0.00000,0.00000,0.00000,True,4,DEN,1,0.39728,0.39728,1,0,1,0.00000,-0.60272,-0.60272,1,0,0,0.00000,1.00000,5
2021100311,2809,42721,Eric Tomlinson,pass_block,inline,0.00000,0.00000,0.00000,True,4,BAL,0,0.22143,0.23280,1,1,0,0.01137,0.22143,0.23280,0,0,0,0.00000,0.00000,6
2021100311,2964,42721,Eric Tomlinson,pass_block,detached,0.00000,0.00000,0.00000,True,4,BAL,0,0.47841,0.49847,1,1,0,0.02006,0.47841,0.49847,0,0,0,0.00000,0.00000,7
2021100311,3419,47803,Noah Fant,pass_block,inline,0.00000,0.00000,0.00000,True,4,DEN,1,0.48817,0.49976,1,1,0,0.01159,-0.51183,-0.50024,0,1,0,0.00000,1.00000,6
2021100311,3906,47803,Noah Fant,chip_release,inline,0.00000,0.00000,0.00000,True,4,DEN,0,0.29228,0.29228,1,0,1,0.00000,0.29228,0.29228,0,0,0,0.00000,0.00000,5
2021100311,3951,47803,Noah Fant,chip_release,inline,0.00000,0.00000,0.00000,True,4,DEN,1,0.26048,0.26048,1,0,1,0.00000,-0.73952,-0.73952,1,0,0,0.00000,1.00000,5
2021100311,3992,52526,Albert Okwuegbunam,pass_block,inline,0.00000,0.00000,0.00000,True,4,DEN,0,0.44374,0.45891,1,1,0,0.01517,0.44374,0.45891,0,0,0,0.00000,0.00000,6
2021100312,997,47924,Zach Gentry,pass_block,inline,0.00000,0.00000,0.00000,True,4,PIT,0,0.46175,0.48643,1,1,0,0.02468,0.46175,0.48643,0,0,0,0.00000,0.00000,6
2021100312,1395,53484,Pat Freiermuth,pass_block,inline,0.00000,0.00000,0.00000,True,4,PIT,0,0.30304,0.31185,1,1,0,0.00881,0.30304,0.31185,0,0,0,0.00000,0.00000,6
2021100312,1438,41236,Eric Ebron,chip_release,inline,0.00000,0.00000,0.00000,True,4,PIT,0,0.36748,0.36748,1,0,1,0.00000,0.36748,0.36748,0,0,0,0.00000,0.00000,5
2021100312,1522,30842,Marcedes Lewis,chip_release,inline,0.00000,0.00000,0.00000,True,4,GB,0,0.24662,0.24662,1,0,1,0.00000,0.24662,0.24662,0,0,0,0.00000,0.00000,5
2021100312,2091,30842,Marcedes Lewis,chip_release,inline,0.00000,0.00000,0.00000,True,4,GB,1,0.31079,0.31079,1,0,1,0.00000,-0.68921,-0.68921,0,1,0,0.00000,1.00000,6
2021100312,2619,41236,Eric Ebron,pass_block,inline,0.00000,0.00000,0.00000,True,4,PIT,0,0.31494,0.32394,1,1,0,0.00899,0.31494,0.32394,0,0,0,0.00000,0.00000,6
2021100312,2708,52502,Josiah Deguara,pass_block,inline,0.00000,0.00000,0.00000,True,4,GB,0,0.29360,0.30465,1,1,0,0.01105,0.29360,0.30465,0,0,0,0.00000,0.00000,5
2021100312,3301,30842,Marcedes Lewis,pass_block,inline,0.00000,0.00000,0.00000,True,4,GB,0,0.42616,0.43631,2,2,0,0.00507,0.21308,0.21815,0,0,0,0.00000,0.00000,6
2021100312,3301,52502,Josiah Deguara,pass_block,inline,0.00000,0.00000,0.00000,True,4,GB,0,0.42616,0.43631,2,2,0,0.00507,0.21308,0.21815,0,0,0,0.00000,0.00000,6
2021100312,3362,45635,Robert Tonyan,chip_release,detached,0.00000,0.00000,0.00000,True,4,GB,0,0.44261,0.44261,1,0,1,0.00000,0.44261,0.44261,0,0,0,0.00000,0.00000,5
2021100312,3384,41236,Eric Ebron,chip_release,inline,0.00000,0.00000,0.00000,True,4,PIT,0,0.26476,0.26476,1,0,1,0.00000,0.26476,0.26476,0,0,0,0.00000,0.00000,5
2021100313,109,43324,Hunter Henry,chip_release,detached,0.00000,0.00000,0.00000,True,4,NE,1,0.36130,0.36130,1,0,1,0.00000,-0.63870,-0.63870,1,0,0,0.00000,0.00000,6
2021100313,133,43324,Hunter Henry,pass_block,inline,0.00000,0.00000,0.00000,True,4,NE,1,0.32583,0.33757,1,1,0,0.01174,-0.67417,-0.66243,1,0,1,0.00000,2.00000,5
2021100313,161,43324,Hunter Henry,chip_release,detached,0.00000,0.00000,0.00000,True,4,NE,0,0.55194,0.55194,1,0,1,0.00000,0.55194,0.55194,0,0,0,0.00000,0.00000,6
2021100313,303,44831,O.J. Howard,pass_block,inline,0.00000,0.00000,0.00000,True,4,TB,0,0.29319,0.29338,1,1,0,0.00020,0.29319,0.29338,0,0,0,0.00000,0.00000,5
2021100313,494,43324,Hunter Henry,chip_release,detached,0.00000,0.00000,0.00000,True,4,NE,0,0.39592,0.39592,1,0,1,0.00000,0.39592,0.39592,0,0,0,0.00000,0.00000,5
2021100313,585,44831,O.J. Howard,pass_block,inline,0.00000,0.00000,0.00000,True,4,TB,1,0.31282,0.31481,1,1,0,0.00199,-0.68718,-0.68519,1,0,0,0.00000,1.00000,5
2021100313,678,44831,O.J. Howard,pass_block,inline,0.00000,0.00000,0.00000,True,4,TB,0,0.42814,0.42837,1,1,0,0.00023,0.42814,0.42837,0,0,0,0.00000,0.00000,5
2021100313,907,43324,Hunter Henry,chip_release,detached,0.00000,0.00000,0.00000,True,4,NE,1,0.55194,0.55194,1,0,1,0.00000,-0.44806,-0.44806,0,1,0,0.00000,0.00000,5
2021100313,970,44831,O.J. Howard,pass_block,inline,0.00000,0.00000,0.00000,True,4,TB,1,0.26432,0.26451,1,1,0,0.00019,-0.73568,-0.73549,1,0,0,0.00000,1.00000,5
2021100313,1475,44912,Jonnu Smith,chip_release,detached,0.00000,0.00000,0.00000,True,4,NE,0,0.42615,0.42615,1,0,1,0.00000,0.42615,0.42615,0,0,0,0.00000,0.00000,6
2021100313,1511,43324,Hunter Henry,chip_release,detached,0.00000,0.00000,0.00000,True,4,NE,0,0.35186,0.35186,1,0,1,0.00000,0.35186,0.35186,0,0,0,0.00000,0.00000,5
2021100313,1561,43324,Hunter Henry,pass_block,detached,0.00000,0.00000,0.00000,True,4,NE,1,0.68120,0.69662,1,1,0,0.01542,-0.31880,-0.30338,1,0,0,0.00000,0.00000,6
2021100313,2401,44831,O.J. Howard,chip_release,detached,0.00000,0.00000,0.00000,True,4,TB,1,0.65030,0.65030,1,0,1,0.00000,-0.34970,-0.34970,1,0,0,0.00000,1.00000,5
2021100313,2496,44912,Jonnu Smith,chip_release,inline,0.00000,0.00000,0.00000,True,4,NE,0,0.38867,0.38867,1,0,1,0.00000,0.38867,0.38867,0,0,0,0.00000,0.00000,6
2021100313,2702,44912,Jonnu Smith,chip_release,inline,0.00000,0.00000,0.00000,True,4,NE,1,0.43146,0.43146,1,0,1,0.00000,-0.56854,-0.56854,0,0,1,0.00000,1.00000,6
2021100313,2721,43324,Hunter Henry,chip_release,detached,0.00000,0.00000,0.00000,True,4,NE,1,0.37595,0.37595,1,0,1,0.00000,-0.62405,-0.62405,0,0,1,0.00000,1.00000,5
2021100313,2948,44831,O.J. Howard,pass_block,inline,1.00000,0.00000,0.00000,True,4,TB,1,0.79817,0.79832,1,1,0,0.00015,-0.20183,-0.20168,1,1,0,1.00000,0.00000,5
2021100313,3110,43324,Hunter Henry,pass_block,inline,0.00000,0.00000,0.00000,True,4,NE,0,0.43911,0.45219,2,2,0,0.00654,0.21955,0.22610,0,0,0,0.00000,0.00000,6
2021100313,3110,44912,Jonnu Smith,pass_block,wing,0.00000,0.00000,0.00000,True,4,NE,0,0.43911,0.45219,2,2,0,0.00654,0.21955,0.22610,0,0,0,0.00000,0.00000,6
2021100313,3158,44912,Jonnu Smith,pass_block,inline,0.00000,0.00000,0.00000,True,4,NE,0,0.38141,0.43552,1,1,0,0.05412,0.38141,0.43552,0,0,0,0.00000,0.00000,6
2021100313,3182,43324,Hunter Henry,pass_block,detached,0.00000,0.00000,0.00000,True,4,NE,0,0.42430,0.43729,1,1,0,0.01299,0.42430,0.43729,0,0,0,0.00000,0.00000,5
2021100313,3617,44831,O.J. Howard,pass_block,inline,0.00000,0.00000,0.00000,True,4,TB,0,0.28950,0.29171,1,1,0,0.00221,0.28950,0.29171,0,0,0,0.00000,0.00000,5
2021100313,4325,43324,Hunter Henry,pass_block,detached,0.00000,0.00000,0.00000,True,4,NE,1,0.37888,0.38141,1,1,0,0.00253,-0.62112,-0.61859,1,0,0,0.00000,1.00000,6
2021100400,532,43845,Stephen Anderson,pass_block,inline,0.00000,0.00000,0.00000,True,4,LAC,1,0.41499,0.41530,2,2,0,0.00016,-0.29250,-0.29235,1,0,0,0.00000,1.00000,6
2021100400,532,48456,Donald Parham,pass_block,inline,0.00000,0.00000,0.00000,True,4,LAC,1,0.41499,0.41530,2,2,0,0.00016,-0.29250,-0.29235,1,0,0,0.00000,1.00000,6
2021100400,644,42547,Darren Waller,pass_block,inline,0.00000,0.00000,0.00000,True,4,LV,0,0.46586,0.47515,1,1,0,0.00928,0.46586,0.47515,0,0,0,0.00000,0.00000,5
2021100400,841,34540,Jared Cook,chip_release,detached,0.00000,0.00000,0.00000,True,4,LAC,0,0.19728,0.19728,1,0,1,0.00000,0.19728,0.19728,0,0,0,0.00000,0.00000,5
2021100400,921,47920,Foster Moreau,chip_release,inline,0.00000,0.00000,0.00000,True,4,LV,1,0.23769,0.23769,1,0,1,0.00000,-0.76231,-0.76231,0,0,1,0.00000,1.00000,5
2021100400,1362,42547,Darren Waller,chip_release,inline,0.00000,0.00000,0.00000,True,4,LV,1,0.31893,0.32056,2,1,1,0.00081,-0.34053,-0.33972,0,1,0,0.00000,0.00000,5
2021100400,1362,47920,Foster Moreau,pass_block,inline,0.00000,1.00000,0.00000,True,4,LV,1,0.31893,0.32056,2,1,1,0.00081,-0.34053,-0.33972,0,1,0,1.00000,0.00000,5
2021100400,2023,48456,Donald Parham,chip_release,inline,0.00000,0.00000,0.00000,True,4,LAC,0,0.23426,0.23426,1,0,1,0.00000,0.23426,0.23426,0,0,0,0.00000,0.00000,5
2021100400,2858,42547,Darren Waller,chip_release,inline,0.00000,0.00000,0.00000,True,4,LV,0,0.39310,0.39310,1,0,1,0.00000,0.39310,0.39310,0,0,0,0.00000,0.00000,5
2021100400,2957,47920,Foster Moreau,pass_block,inline,0.00000,0.00000,0.00000,True,4,LV,1,0.50522,0.50554,1,1,0,0.00032,-0.49478,-0.49446,1,0,0,0.00000,1.00000,6
2021100400,3337,42547,Darren Waller,pass_block,inline,0.00000,0.00000,0.00000,True,4,LV,0,0.25671,0.25897,1,1,0,0.00226,0.25671,0.25897,0,0,0,0.00000,0.00000,5
2021100400,3838,42547,Darren Waller,chip_release,inline,0.00000,0.00000,0.00000,True,4,LV,1,0.66267,0.66267,1,0,1,0.00000,-0.33733,-0.33733,1,0,0,0.00000,0.00000,5
2021100400,4096,42547,Darren Waller,chip_release,inline,0.00000,0.00000,0.00000,True,4,LV,0,0.25508,0.25508,1,0,1,0.00000,0.25508,0.25508,0,0,0,0.00000,0.00000,5
2021100400,4118,42547,Darren Waller,chip_release,inline,0.00000,0.00000,0.00000,True,4,LV,1,0.73683,0.73683,1,0,1,0.00000,-0.26317,-0.26317,1,0,0,0.00000,1.00000,5
2021100400,4139,42547,Darren Waller,chip_release,detached,0.00000,0.00000,0.00000,True,4,LV,1,0.44578,0.44578,1,0,1,0.00000,-0.55422,-0.55422,1,0,0,0.00000,1.00000,5
2021100700,227,46189,Will Dissly,pass_block,inline,0.00000,0.00000,0.00000,True,5,SEA,0,0.27306,0.27890,1,1,0,0.00584,0.27306,0.27890,0,0,0,0.00000,0.00000,5
2021100700,545,46189,Will Dissly,chip_release,inline,0.00000,0.00000,0.00000,True,5,SEA,1,0.62550,0.63182,2,1,1,0.00316,-0.18725,-0.18409,1,0,0,0.00000,0.00000,5
2021100700,545,52541,Colby Parkinson,pass_block,detached,1.00000,0.00000,0.00000,True,5,SEA,1,0.62550,0.63182,2,1,1,0.00316,-0.18725,-0.18409,1,0,0,1.00000,0.00000,5
2021100700,734,43399,Tyler Higbee,pass_block,inline,0.00000,0.00000,0.00000,True,5,LA,1,0.36595,0.37276,1,1,0,0.00681,-0.63405,-0.62724,0,1,0,0.00000,1.00000,5
2021100700,780,43399,Tyler Higbee,pass_block,inline,0.00000,0.00000,1.00000,True,5,LA,1,0.24484,0.26704,1,1,0,0.02220,-0.75516,-0.73296,1,0,1,1.00000,0.00000,5
2021100700,920,46189,Will Dissly,pass_block,inline,0.00000,0.00000,0.00000,True,5,SEA,1,0.62906,0.64935,1,1,0,0.02029,-0.37094,-0.35065,1,0,0,0.00000,2.00000,5
2021100700,988,46189,Will Dissly,chip_release,detached,0.00000,0.00000,0.00000,True,5,SEA,0,0.26345,0.26345,2,0,2,0.00000,0.13173,0.13173,0,0,0,0.00000,0.00000,5
2021100700,988,52541,Colby Parkinson,chip_release,detached,0.00000,0.00000,0.00000,True,5,SEA,0,0.26345,0.26345,2,0,2,0.00000,0.13173,0.13173,0,0,0,0.00000,0.00000,5
2021100700,1014,43399,Tyler Higbee,pass_block,inline,0.00000,0.00000,0.00000,True,5,LA,1,0.27039,0.28350,2,2,0,0.00655,-0.36480,-0.35825,1,0,0,0.00000,1.00000,5
2021100700,1014,45094,Johnny Mundt,pass_block,wing,0.00000,0.00000,0.00000,True,5,LA,1,0.27039,0.28350,2,2,0,0.00655,-0.36480,-0.35825,1,0,0,0.00000,1.00000,5
2021100700,1143,46189,Will Dissly,pass_block,inline,0.00000,0.00000,0.00000,True,5,SEA,0,0.30143,0.33698,2,2,0,0.01778,0.15072,0.16849,0,0,0,0.00000,0.00000,5
2021100700,1143,52541,Colby Parkinson,pass_block,inline,0.00000,0.00000,0.00000,True,5,SEA,0,0.30143,0.33698,2,2,0,0.01778,0.15072,0.16849,0,0,0,0.00000,0.00000,5
2021100700,1336,45094,Johnny Mundt,pass_block,inline,0.00000,0.00000,0.00000,True,5,LA,0,0.33611,0.34491,1,1,0,0.00880,0.33611,0.34491,0,0,0,0.00000,0.00000,5
2021100700,1694,46189,Will Dissly,pass_block,detached,0.00000,0.00000,0.00000,True,5,SEA,1,0.55251,0.55903,1,1,0,0.00652,-0.44749,-0.44097,1,1,0,0.00000,2.00000,5
2021100700,1939,46189,Will Dissly,pass_block,inline,0.00000,0.00000,0.00000,True,5,SEA,1,0.26540,0.29478,2,2,0,0.01469,-0.36730,-0.35261,1,0,0,0.00000,1.00000,5
2021100700,1939,52541,Colby Parkinson,pass_block,inline,0.00000,0.00000,0.00000,True,5,SEA,1,0.26540,0.29478,2,2,0,0.01469,-0.36730,-0.35261,1,0,0,0.00000,1.00000,5
2021100700,1984,52541,Colby Parkinson,pass_block,detached,0.00000,0.00000,0.00000,True,5,SEA,1,0.39452,0.39690,1,1,0,0.00238,-0.60548,-0.60310,1,0,0,0.00000,0.00000,5
2021100700,2229,43399,Tyler Higbee,chip_release,inline,0.00000,0.00000,0.00000,True,5,LA,1,0.43550,0.43550,1,0,1,0.00000,-0.56450,-0.56450,0,1,0,0.00000,0.00000,5
2021100700,2490,43399,Tyler Higbee,chip_release,inline,0.00000,0.00000,0.00000,True,5,LA,0,0.26453,0.26453,1,0,1,0.00000,0.26453,0.26453,0,0,0,0.00000,0.00000,5
2021100700,2748,43399,Tyler Higbee,pass_block,inline,0.00000,0.00000,0.00000,True,5,LA,0,0.24880,0.25824,1,1,0,0.00944,0.24880,0.25824,0,0,0,0.00000,0.00000,5
2021100700,3230,43399,Tyler Higbee,chip_release,inline,0.00000,0.00000,0.00000,True,5,LA,0,0.26453,0.26453,1,0,1,0.00000,0.26453,0.26453,0,0,0,0.00000,0.00000,5
2021100700,3425,46189,Will Dissly,chip_release,detached,0.00000,0.00000,0.00000,True,5,SEA,0,0.35017,0.35017,1,0,1,0.00000,0.35017,0.35017,0,0,0,0.00000,0.00000,6
2021101000,121,37234,Lee Smith,pass_block,inline,0.00000,0.00000,0.00000,True,5,ATL,1,0.24919,0.27615,1,1,0,0.02696,-0.75081,-0.72385,0,1,0,0.00000,0.00000,6
2021101000,197,37234,Lee Smith,pass_block,wing,0.00000,0.00000,0.00000,True,5,ATL,0,0.49758,0.51873,2,2,0,0.01058,0.24879,0.25936,0,0,0,0.00000,0.00000,6
2021101000,197,46094,Hayden Hurst,pass_block,inline,0.00000,0.00000,0.00000,True,5,ATL,0,0.49758,0.51873,2,2,0,0.01058,0.24879,0.25936,0,0,0,0.00000,0.00000,6
2021101000,465,40149,Ryan Griffin,pass_block,inline,0.00000,0.00000,0.00000,True,5,NYJ,1,0.75634,0.77453,1,1,0,0.01819,-0.24366,-0.22547,1,0,0,0.00000,1.00000,5
2021101000,670,37234,Lee Smith,chip_release,wing,0.00000,0.00000,0.00000,True,5,ATL,0,0.33286,0.33286,1,0,1,0.00000,0.33286,0.33286,0,0,0,0.00000,0.00000,5
2021101000,828,40149,Ryan Griffin,pass_block,inline,0.00000,0.00000,0.00000,True,5,NYJ,0,0.28613,0.29642,2,2,0,0.00515,0.14306,0.14821,0,0,0,0.00000,0.00000,5
2021101000,828,47904,Trevon Wesco,pass_block,backfield,0.00000,0.00000,0.00000,True,5,NYJ,0,0.28613,0.29642,2,2,0,0.00515,0.14306,0.14821,0,0,0,0.00000,0.00000,5
2021101000,982,46094,Hayden Hurst,pass_block,inline,0.00000,0.00000,0.00000,True,5,ATL,0,0.27277,0.27861,1,1,0,0.00584,0.27277,0.27861,0,0,0,0.00000,0.00000,5
2021101000,1051,37234,Lee Smith,pass_block,inline,0.00000,0.00000,0.00000,True,5,ATL,1,0.46685,0.47361,2,2,0,0.00338,-0.26658,-0.26319,0,1,0,0.00000,1.00000,6
2021101000,1051,46094,Hayden Hurst,pass_block,inline,0.00000,0.00000,0.00000,True,5,ATL,1,0.46685,0.47361,2,2,0,0.00338,-0.26658,-0.26319,0,1,0,0.00000,1.00000,6
2021101000,1190,47904,Trevon Wesco,pass_block,backfield,0.00000,0.00000,0.00000,True,5,NYJ,0,0.17300,0.17774,1,1,0,0.00473,0.17300,0.17774,0,0,0,0.00000,0.00000,5
2021101000,1212,40149,Ryan Griffin,pass_block,inline,0.00000,0.00000,0.00000,True,5,NYJ,0,0.33137,0.33788,2,1,1,0.00325,0.16569,0.16894,0,0,0,0.00000,0.00000,5
2021101000,1212,47904,Trevon Wesco,chip_release,wing,0.00000,0.00000,0.00000,True,5,NYJ,0,0.33137,0.33788,2,1,1,0.00325,0.16569,0.16894,0,0,0,0.00000,0.00000,5
2021101000,1374,40149,Ryan Griffin,pass_block,inline,0.00000,0.00000,0.00000,True,5,NYJ,1,0.41393,0.42104,2,2,0,0.00355,-0.29304,-0.28948,1,0,0,0.00000,0.00000,5
2021101000,1374,47904,Trevon Wesco,pass_block,inline,1.00000,0.00000,0.00000,True,5,NYJ,1,0.41393,0.42104,2,2,0,0.00355,-0.29304,-0.28948,1,0,0,1.00000,0.00000,5
2021101000,1492,40149,Ryan Griffin,pass_block,inline,0.00000,0.00000,0.00000,True,5,NYJ,0,0.27358,0.29775,2,2,0,0.01209,0.13679,0.14887,0,0,0,0.00000,0.00000,5
2021101000,1492,47904,Trevon Wesco,pass_block,wing,0.00000,0.00000,0.00000,True,5,NYJ,0,0.27358,0.29775,2,2,0,0.01209,0.13679,0.14887,0,0,0,0.00000,0.00000,5
2021101000,1781,53433,Kyle Pitts,pass_block,inline,0.00000,0.00000,0.00000,True,5,ATL,1,0.21728,0.23082,1,1,0,0.01354,-0.78272,-0.76918,1,0,0,0.00000,2.00000,6
2021101000,2283,46094,Hayden Hurst,pass_block,inline,0.00000,0.00000,0.00000,True,5,ATL,0,0.27277,0.27861,1,1,0,0.00584,0.27277,0.27861,0,0,0,0.00000,0.00000,5
2021101000,2402,40149,Ryan Griffin,chip_release,inline,0.00000,0.00000,0.00000,True,5,NYJ,0,0.36963,0.37647,2,1,1,0.00342,0.18482,0.18823,0,0,0,0.00000,0.00000,5
2021101000,2402,47904,Trevon Wesco,pass_block,inline,0.00000,0.00000,0.00000,True,5,NYJ,0,0.36963,0.37647,2,1,1,0.00342,0.18482,0.18823,0,0,0,0.00000,0.00000,5
2021101000,2452,47904,Trevon Wesco,chip_release,backfield,0.00000,0.00000,0.00000,True,5,NYJ,1,0.16331,0.16331,1,0,1,0.00000,-0.83669,-0.83669,1,0,0,0.00000,0.00000,5
2021101000,2576,37234,Lee Smith,pass_block,inline,0.00000,0.00000,0.00000,True,5,ATL,0,0.30271,0.32405,1,1,0,0.02134,0.30271,0.32405,0,0,0,0.00000,0.00000,6
2021101000,3080,37234,Lee Smith,chip_release,wing,0.00000,0.00000,0.00000,True,5,ATL,1,0.58104,0.58104,1,0,1,0.00000,-0.41896,-0.41896,1,0,0,0.00000,1.00000,6
2021101000,3235,40149,Ryan Griffin,chip_release,inline,0.00000,0.00000,0.00000,True,5,NYJ,0,0.41305,0.41305,1,0,1,0.00000,0.41305,0.41305,0,0,0,0.00000,0.00000,6
2021101000,3397,37234,Lee Smith,pass_block,inline,0.00000,0.00000,0.00000,True,5,ATL,1,0.24834,0.27524,2,1,1,0.01345,-0.37583,-0.36238,0,1,0,0.00000,1.00000,6
2021101000,3397,53433,Kyle Pitts,chip_release,detached,0.00000,0.00000,0.00000,True,5,ATL,1,0.24834,0.27524,2,1,1,0.01345,-0.37583,-0.36238,0,1,0,0.00000,1.00000,6
2021101000,3729,40149,Ryan Griffin,chip_release,inline,0.00000,0.00000,0.00000,True,5,NYJ,1,0.16293,0.16293,1,0,1,0.00000,-0.83707,-0.83707,1,0,1,0.00000,1.00000,6
2021101000,3836,40149,Ryan Griffin,pass_block,detached,0.00000,0.00000,0.00000,True,5,NYJ,0,0.31077,0.33480,1,1,0,0.02402,0.31077,0.33480,0,0,0,0.00000,0.00000,6
2021101000,3889,43079,Daniel Brown,chip_release,inline,0.00000,0.00000,0.00000,True,5,NYJ,0,0.66498,0.66498,1,0,1,0.00000,0.66498,0.66498,0,0,0,0.00000,0.00000,5
2021101001,345,46170,Ian Thomas,chip_release,detached,0.00000,0.00000,0.00000,True,5,CAR,1,0.81167,0.81167,1,0,1,0.00000,-0.18833,-0.18833,1,0,0,0.00000,2.00000,5
2021101001,1184,46170,Ian Thomas,pass_block,inline,0.00000,0.00000,0.00000,True,5,CAR,0,0.24852,0.25366,1,1,0,0.00514,0.24852,0.25366,0,0,0,0.00000,0.00000,6
2021101001,1251,53512,Tommy Tremble,chip_release,inline,0.00000,0.00000,0.00000,True,5,CAR,1,0.38306,0.38306,1,0,1,0.00000,-0.61694,-0.61694,1,0,0,0.00000,1.00000,5
2021101001,1556,46118,Dallas Goedert,pass_block,wing,0.00000,0.00000,0.00000,True,5,PHI,1,0.76149,0.77955,2,2,0,0.00903,-0.11926,-0.11023,1,0,0,0.00000,1.00000,5
2021101001,1556,53946,Jack Stoll,pass_block,inline,0.00000,0.00000,0.00000,True,5,PHI,1,0.76149,0.77955,2,2,0,0.00903,-0.11926,-0.11023,1,0,0,0.00000,1.00000,5
2021101001,1602,46118,Dallas Goedert,chip_release,inline,0.00000,0.00000,0.00000,True,5,PHI,1,0.56465,0.56465,1,0,1,0.00000,-0.43535,-0.43535,1,0,0,0.00000,1.00000,5
2021101001,1679,46170,Ian Thomas,chip_release,inline,0.00000,0.00000,0.00000,True,5,CAR,1,0.15057,0.15057,1,0,1,0.00000,-0.84943,-0.84943,1,0,0,0.00000,2.00000,5
2021101001,2391,46170,Ian Thomas,pass_block,inline,0.00000,0.00000,0.00000,True,5,CAR,0,0.24602,0.26327,2,2,0,0.00863,0.12301,0.13164,0,0,0,0.00000,0.00000,5
2021101001,2391,53512,Tommy Tremble,pass_block,inline,0.00000,0.00000,0.00000,True,5,CAR,0,0.24602,0.26327,2,2,0,0.00863,0.12301,0.13164,0,0,0,0.00000,0.00000,5
2021101001,2437,46170,Ian Thomas,chip_release,inline,0.00000,0.00000,0.00000,True,5,CAR,0,0.50473,0.50473,1,0,1,0.00000,0.50473,0.50473,0,0,0,0.00000,0.00000,5
2021101001,2514,47840,J.J. Arcega-Whiteside,pass_block,detached,0.00000,0.00000,0.00000,True,5,PHI,0,0.41800,0.45229,1,1,0,0.03429,0.41800,0.45229,0,0,0,0.00000,0.00000,5
2021101001,3389,53512,Tommy Tremble,chip_release,detached,0.00000,0.00000,0.00000,True,5,CAR,1,0.42440,0.42440,1,0,1,0.00000,-0.57560,-0.57560,1,0,0,0.00000,0.00000,5
2021101001,3479,45594,Colin Thompson,pass_block,inline,1.00000,0.00000,0.00000,True,5,CAR,1,0.76695,0.77032,1,1,0,0.00336,-0.23305,-0.22968,1,0,0,1.00000,2.00000,6
2021101001,3836,46170,Ian Thomas,pass_block,inline,0.00000,0.00000,0.00000,True,5,CAR,0,0.28031,0.34618,1,1,0,0.06586,0.28031,0.34618,0,0,0,0.00000,0.00000,6
2021101001,4116,46170,Ian Thomas,chip_release,detached,0.00000,0.00000,0.00000,True,5,CAR,0,0.22002,0.22002,1,0,1,0.00000,0.22002,0.22002,0,0,0,0.00000,0.00000,5
2021101002,154,52502,Josiah Deguara,chip_release,inline,0.00000,0.00000,0.00000,True,5,GB,1,0.57164,0.57164,1,0,1,0.00000,-0.42836,-0.42836,1,0,0,0.00000,0.00000,5
2021101002,176,52502,Josiah Deguara,chip_release,detached,0.00000,0.00000,0.00000,True,5,GB,1,0.85427,0.85427,1,0,1,0.00000,-0.14573,-0.14573,1,0,0,0.00000,0.00000,5
2021101002,317,30842,Marcedes Lewis,pass_block,inline,0.00000,0.00000,0.00000,True,5,GB,1,0.51786,0.53694,1,1,0,0.01908,-0.48214,-0.46306,1,0,0,0.00000,1.00000,6
2021101002,422,42500,C.J. Uzomah,chip_release,inline,0.00000,0.00000,0.00000,True,5,CIN,1,0.35874,0.35874,1,0,1,0.00000,-0.64126,-0.64126,1,0,0,0.00000,1.00000,5
2021101002,680,42500,C.J. Uzomah,chip_release,inline,0.00000,0.00000,0.00000,True,5,CIN,0,0.26930,0.26930,1,0,1,0.00000,0.26930,0.26930,0,0,0,0.00000,0.00000,5
2021101002,752,42500,C.J. Uzomah,chip_release,inline,0.00000,0.00000,0.00000,True,5,CIN,0,0.30493,0.30493,1,0,1,0.00000,0.30493,0.30493,0,0,0,0.00000,0.00000,5
2021101002,808,30842,Marcedes Lewis,chip_release,inline,0.00000,0.00000,0.00000,True,5,GB,0,0.25860,0.25860,1,0,1,0.00000,0.25860,0.25860,0,0,0,0.00000,0.00000,5
2021101002,896,45635,Robert Tonyan,chip_release,detached,0.00000,0.00000,0.00000,True,5,GB,0,0.38299,0.38299,1,0,1,0.00000,0.38299,0.38299,0,0,0,0.00000,0.00000,5
2021101002,1337,42500,C.J. Uzomah,chip_release,inline,0.00000,0.00000,0.00000,True,5,CIN,0,0.81129,0.81129,1,0,1,0.00000,0.81129,0.81129,0,0,0,0.00000,0.00000,5
2021101002,1437,45635,Robert Tonyan,chip_release,detached,0.00000,0.00000,0.00000,True,5,GB,0,0.48649,0.48649,1,0,1,0.00000,0.48649,0.48649,0,0,0,0.00000,0.00000,5
2021101002,1482,30842,Marcedes Lewis,pass_block,inline,0.00000,0.00000,0.00000,True,5,GB,0,0.26168,0.29494,2,2,0,0.01663,0.13084,0.14747,0,0,0,0.00000,0.00000,5
2021101002,1482,52614,Tyler Davis,pass_block,inline,0.00000,0.00000,0.00000,True,5,GB,0,0.26168,0.29494,2,2,0,0.01663,0.13084,0.14747,0,0,0,0.00000,0.00000,5
2021101002,1575,30842,Marcedes Lewis,pass_block,wing,0.00000,0.00000,0.00000,True,5,GB,0,0.27627,0.31061,2,2,0,0.01717,0.13814,0.15531,0,0,0,0.00000,0.00000,5
2021101002,1575,52614,Tyler Davis,pass_block,inline,0.00000,0.00000,0.00000,True,5,GB,0,0.27627,0.31061,2,2,0,0.01717,0.13814,0.15531,0,0,0,0.00000,0.00000,5
2021101002,1929,47835,Drew Sample,chip_release,inline,0.00000,0.00000,0.00000,True,5,CIN,1,0.47259,0.47259,1,0,1,0.00000,-0.52741,-0.52741,1,0,0,0.00000,1.00000,6
2021101002,1957,30842,Marcedes Lewis,chip_release,inline,0.00000,0.00000,0.00000,True,5,GB,0,0.28248,0.28248,1,0,1,0.00000,0.28248,0.28248,0,0,0,0.00000,0.00000,5
2021101002,2452,42500,C.J. Uzomah,pass_block,inline,0.00000,0.00000,0.00000,True,5,CIN,0,0.56709,0.57376,1,1,0,0.00667,0.56709,0.57376,0,0,0,0.00000,0.00000,5
2021101002,2641,30842,Marcedes Lewis,pass_block,inline,0.00000,0.00000,0.00000,True,5,GB,0,0.29552,0.30121,1,1,0,0.00570,0.29552,0.30121,0,0,0,0.00000,0.00000,5
2021101002,2728,45635,Robert Tonyan,pass_block,inline,0.00000,0.00000,0.00000,True,5,GB,0,0.47261,0.47484,1,1,0,0.00223,0.47261,0.47484,0,0,0,0.00000,0.00000,6
2021101002,2866,42500,C.J. Uzomah,chip_release,inline,0.00000,0.00000,0.00000,True,5,CIN,0,0.34804,0.34804,1,0,1,0.00000,0.34804,0.34804,0,0,0,0.00000,0.00000,5
2021101002,3522,45635,Robert Tonyan,chip_release,detached,0.00000,0.00000,0.00000,True,5,GB,0,0.26641,0.26641,1,0,1,0.00000,0.26641,0.26641,0,0,0,0.00000,0.00000,5
2021101002,4007,30842,Marcedes Lewis,pass_block,inline,0.00000,0.00000,0.00000,True,5,GB,1,0.37382,0.38623,1,1,0,0.01242,-0.62618,-0.61377,0,0,1,0.00000,1.00000,6
2021101003,318,45339,Pharaoh Brown,pass_block,inline,0.00000,0.00000,0.00000,True,5,HOU,1,0.44716,0.44716,1,1,0,0.00000,-0.55284,-0.55284,1,1,0,0.00000,1.00000,5
2021101003,703,43324,Hunter Henry,pass_block,inline,0.00000,0.00000,0.00000,True,5,NE,0,0.35060,0.37402,1,1,0,0.02342,0.35060,0.37402,0,0,0,0.00000,0.00000,5
2021101003,846,45339,Pharaoh Brown,pass_block,inline,0.00000,0.00000,0.00000,True,5,HOU,0,0.20700,0.22336,1,1,0,0.01636,0.20700,0.22336,0,0,0,0.00000,0.00000,5
2021101003,1075,43324,Hunter Henry,pass_block,inline,0.00000,0.00000,0.00000,True,5,NE,0,0.39912,0.40615,1,1,0,0.00703,0.39912,0.40615,0,0,0,0.00000,0.00000,6
2021101003,1110,43324,Hunter Henry,pass_block,detached,0.00000,0.00000,0.00000,True,5,NE,0,0.39077,0.39723,1,1,0,0.00647,0.39077,0.39723,0,0,0,0.00000,0.00000,6
2021101003,1307,46167,Jordan Akins,chip_release,inline,0.00000,0.00000,0.00000,True,5,HOU,1,0.69407,0.69407,1,0,1,0.00000,-0.30593,-0.30593,1,0,0,0.00000,2.00000,5
2021101003,1414,45321,Antony Auclair,pass_block,inline,0.00000,0.00000,0.00000,True,5,HOU,1,0.79748,0.80023,2,1,1,0.00138,-0.10126,-0.09988,0,1,0,0.00000,1.00000,5
2021101003,1414,45339,Pharaoh Brown,chip_release,inline,0.00000,0.00000,0.00000,True,5,HOU,1,0.79748,0.80023,2,1,1,0.00138,-0.10126,-0.09988,0,1,0,0.00000,1.00000,5
2021101003,1459,45339,Pharaoh Brown,pass_block,inline,0.00000,0.00000,0.00000,True,5,HOU,0,0.49618,0.50278,1,1,0,0.00660,0.49618,0.50278,0,0,0,0.00000,0.00000,5
2021101003,1546,45339,Pharaoh Brown,pass_block,inline,0.00000,0.00000,0.00000,True,5,HOU,0,0.73226,0.74739,1,1,0,0.01512,0.73226,0.74739,0,0,0,0.00000,0.00000,5
2021101003,1966,43324,Hunter Henry,pass_block,detached,0.00000,1.00000,0.00000,True,5,NE,1,0.15742,0.18792,1,1,0,0.03050,-0.84258,-0.81208,0,1,0,1.00000,0.00000,6
2021101003,2523,45321,Antony Auclair,pass_block,wing,0.00000,0.00000,0.00000,True,5,HOU,0,0.34567,0.36376,2,2,0,0.00904,0.17283,0.18188,0,0,0,0.00000,0.00000,5
2021101003,2523,46167,Jordan Akins,pass_block,backfield,0.00000,0.00000,0.00000,True,5,HOU,0,0.34567,0.36376,2,2,0,0.00904,0.17283,0.18188,0,0,0,0.00000,0.00000,5
2021101003,2725,44912,Jonnu Smith,pass_block,inline,0.00000,0.00000,0.00000,True,5,NE,0,0.28843,0.31740,1,1,0,0.02897,0.28843,0.31740,0,0,0,0.00000,0.00000,6
2021101003,2972,45321,Antony Auclair,pass_block,inline,0.00000,0.00000,0.00000,True,5,HOU,0,0.28379,0.31356,2,2,0,0.01489,0.14189,0.15678,0,0,0,0.00000,0.00000,5
2021101003,2972,45339,Pharaoh Brown,pass_block,wing,0.00000,0.00000,0.00000,True,5,HOU,0,0.28379,0.31356,2,2,0,0.01489,0.14189,0.15678,0,0,0,0.00000,0.00000,5
2021101003,3280,46167,Jordan Akins,chip_release,inline,0.00000,0.00000,0.00000,True,5,HOU,0,0.57041,0.57041,1,0,1,0.00000,0.57041,0.57041,0,0,0,0.00000,0.00000,5
2021101003,3332,44912,Jonnu Smith,pass_block,inline,0.00000,0.00000,0.00000,True,5,NE,0,0.25107,0.25295,1,1,0,0.00188,0.25107,0.25295,0,0,0,0.00000,0.00000,7
2021101003,3397,44912,Jonnu Smith,pass_block,detached,0.00000,0.00000,0.00000,True,5,NE,1,0.25911,0.28211,1,1,0,0.02301,-0.74089,-0.71789,0,0,1,0.00000,1.00000,6
2021101003,3420,43324,Hunter Henry,pass_block,detached,0.00000,0.00000,0.00000,True,5,NE,1,0.32714,0.33582,1,1,0,0.00868,-0.67286,-0.66418,1,0,0,0.00000,1.00000,5
2021101003,3549,44912,Jonnu Smith,pass_block,inline,0.00000,0.00000,0.00000,True,5,NE,0,0.23992,0.26376,1,1,0,0.02383,0.23992,0.26376,0,0,0,0.00000,0.00000,6
2021101004,99,45785,Dan Arnold,chip_release,detached,0.00000,0.00000,0.00000,True,5,JAX,0,0.25745,0.25745,1,0,1,0.00000,0.25745,0.25745,0,0,0,0.00000,0.00000,5
2021101004,391,42486,MyCole Pruitt,pass_block,wing,0.00000,0.00000,0.00000,True,5,TEN,0,0.41445,0.42821,2,2,0,0.00688,0.20723,0.21411,0,0,0,0.00000,0.00000,5
2021101004,391,42589,Geoff Swaim,pass_block,inline,0.00000,0.00000,0.00000,True,5,TEN,0,0.41445,0.42821,2,2,0,0.00688,0.20723,0.21411,0,0,0,0.00000,0.00000,5
2021101004,479,42302,Chris Manhertz,pass_block,inline,1.00000,0.00000,0.00000,True,5,JAX,1,0.41742,0.44056,1,1,0,0.02315,-0.58258,-0.55944,1,0,0,1.00000,0.00000,5
2021101004,503,42302,Chris Manhertz,pass_block,inline,0.00000,0.00000,0.00000,True,5,JAX,0,0.65682,0.67615,2,2,0,0.00966,0.32841,0.33807,0,0,0,0.00000,0.00000,5
2021101004,503,45785,Dan Arnold,pass_block,wing,0.00000,0.00000,0.00000,True,5,JAX,0,0.65682,0.67615,2,2,0,0.00966,0.32841,0.33807,0,0,0,0.00000,0.00000,5
2021101004,609,45785,Dan Arnold,chip_release,detached,0.00000,0.00000,0.00000,True,5,JAX,1,0.76808,0.76808,1,0,1,0.00000,-0.23192,-0.23192,1,0,0,0.00000,0.00000,5
2021101004,727,42589,Geoff Swaim,pass_block,inline,0.00000,0.00000,0.00000,True,5,TEN,0,0.31171,0.33070,1,1,0,0.01899,0.31171,0.33070,0,0,0,0.00000,0.00000,5
2021101004,770,45355,Anthony Firkser,pass_block,detached,0.00000,1.00000,0.00000,True,5,TEN,1,0.64944,0.68109,1,1,0,0.03165,-0.35056,-0.31891,0,1,0,1.00000,0.00000,6
2021101004,845,45355,Anthony Firkser,chip_release,inline,0.00000,0.00000,0.00000,True,5,TEN,0,0.32141,0.32141,1,0,1,0.00000,0.32141,0.32141,0,0,0,0.00000,0.00000,5
2021101004,1182,42302,Chris Manhertz,pass_block,inline,0.00000,0.00000,0.00000,True,5,JAX,0,0.62537,0.63236,1,1,0,0.00699,0.62537,0.63236,0,0,0,0.00000,0.00000,5
2021101004,1233,42486,MyCole Pruitt,pass_block,wing,0.00000,1.00000,0.00000,True,5,TEN,1,0.39428,0.41620,2,2,0,0.01096,-0.30286,-0.29190,0,1,0,1.00000,0.00000,6
2021101004,1233,42589,Geoff Swaim,pass_block,inline,0.00000,0.00000,0.00000,True,5,TEN,1,0.39428,0.41620,2,2,0,0.01096,-0.30286,-0.29190,0,1,0,0.00000,0.00000,6
2021101004,1708,45355,Anthony Firkser,chip_release,detached,0.00000,0.00000,0.00000,True,5,TEN,0,0.31677,0.31677,1,0,1,0.00000,0.31677,0.31677,0,0,0,0.00000,0.00000,6
2021101004,1794,45355,Anthony Firkser,chip_release,detached,0.00000,0.00000,0.00000,True,5,TEN,1,0.36416,0.36416,1,0,1,0.00000,-0.63584,-0.63584,0,1,0,0.00000,1.00000,5
2021101004,1857,45785,Dan Arnold,chip_release,detached,0.00000,0.00000,0.00000,True,5,JAX,0,0.21689,0.21689,1,0,1,0.00000,0.21689,0.21689,0,0,0,0.00000,0.00000,5
2021101004,1917,45785,Dan Arnold,chip_release,detached,0.00000,0.00000,0.00000,True,5,JAX,0,0.28698,0.28698,1,0,1,0.00000,0.28698,0.28698,0,0,0,0.00000,0.00000,5
2021101004,2176,45355,Anthony Firkser,pass_block,detached,0.00000,0.00000,0.00000,True,5,TEN,0,0.34014,0.34922,1,1,0,0.00907,0.34014,0.34922,0,0,0,0.00000,0.00000,6
2021101004,2231,42486,MyCole Pruitt,pass_block,inline,0.00000,0.00000,0.00000,True,5,TEN,1,0.44735,0.46117,1,1,0,0.01381,-0.55265,-0.53883,0,1,0,0.00000,1.00000,6
2021101004,2552,42486,MyCole Pruitt,pass_block,inline,0.00000,0.00000,0.00000,True,5,TEN,0,0.25994,0.26523,1,1,0,0.00529,0.25994,0.26523,0,0,0,0.00000,0.00000,6
2021101004,2574,45355,Anthony Firkser,chip_release,detached,0.00000,0.00000,0.00000,True,5,TEN,1,0.34627,0.34627,1,0,1,0.00000,-0.65373,-0.65373,0,1,0,0.00000,0.00000,5
2021101004,2784,42302,Chris Manhertz,pass_block,inline,0.00000,0.00000,0.00000,True,5,JAX,1,0.46799,0.48969,2,2,0,0.01085,-0.26601,-0.25516,0,1,0,0.00000,1.00000,6
2021101004,2784,45785,Dan Arnold,pass_block,wing,0.00000,0.00000,0.00000,True,5,JAX,1,0.46799,0.48969,2,2,0,0.01085,-0.26601,-0.25516,0,1,0,0.00000,1.00000,6
2021101004,3129,42302,Chris Manhertz,pass_block,inline,0.00000,0.00000,0.00000,True,5,JAX,0,0.29503,0.31999,1,1,0,0.02497,0.29503,0.31999,0,0,0,0.00000,0.00000,5
2021101004,3157,53574,Luke Farrell,chip_release,inline,0.00000,0.00000,0.00000,True,5,JAX,0,0.44236,0.44236,1,0,1,0.00000,0.44236,0.44236,0,0,0,0.00000,0.00000,6
2021101004,3239,42302,Chris Manhertz,pass_block,inline,0.00000,0.00000,0.00000,True,5,JAX,0,0.43856,0.45891,1,1,0,0.02035,0.43856,0.45891,0,0,0,0.00000,0.00000,6
2021101004,3515,45281,Jacob Hollister,pass_block,inline,0.00000,0.00000,0.00000,True,5,JAX,0,0.56994,0.59842,1,1,0,0.02848,0.56994,0.59842,0,0,0,0.00000,0.00000,5
2021101005,445,46226,Tyler Conklin,pass_block,inline,0.00000,0.00000,0.00000,True,5,MIN,1,0.34091,0.38938,1,1,0,0.04847,-0.65909,-0.61062,1,0,0,0.00000,1.00000,5
2021101005,575,39907,Darren Fells,pass_block,inline,0.00000,0.00000,0.00000,True,5,DET,1,0.29609,0.29628,1,1,0,0.00020,-0.70391,-0.70372,1,0,0,0.00000,1.00000,5
2021101005,716,39907,Darren Fells,pass_block,inline,0.00000,0.00000,0.00000,True,5,DET,0,0.33929,0.36223,1,1,0,0.02294,0.33929,0.36223,0,0,0,0.00000,0.00000,7
2021101005,857,46226,Tyler Conklin,pass_block,inline,0.00000,0.00000,0.00000,True,5,MIN,0,0.79726,0.80752,1,1,0,0.01027,0.79726,0.80752,0,0,0,0.00000,0.00000,5
2021101005,1420,46226,Tyler Conklin,pass_block,inline,1.00000,0.00000,0.00000,True,5,MIN,1,0.35393,0.36807,1,1,0,0.01413,-0.64607,-0.63193,1,0,0,1.00000,0.00000,5
2021101005,1904,46226,Tyler Conklin,pass_block,inline,0.00000,0.00000,0.00000,True,5,MIN,1,0.34915,0.39269,1,1,0,0.04354,-0.65085,-0.60731,0,0,1,0.00000,1.00000,5
2021101005,2321,47791,T.J. Hockenson,pass_block,inline,0.00000,0.00000,0.00000,True,5,DET,0,0.34071,0.36144,1,1,0,0.02073,0.34071,0.36144,0,0,0,0.00000,0.00000,5
2021101005,2384,46226,Tyler Conklin,pass_block,inline,0.00000,0.00000,0.00000,True,5,MIN,0,0.38681,0.39683,1,1,0,0.01002,0.38681,0.39683,0,0,0,0.00000,0.00000,7
2021101005,2612,47791,T.J. Hockenson,chip_release,inline,0.00000,0.00000,0.00000,True,5,DET,1,0.30708,0.30708,1,0,1,0.00000,-0.69292,-0.69292,0,1,0,0.00000,0.00000,5
2021101005,2746,39907,Darren Fells,pass_block,inline,0.00000,0.00000,0.00000,True,5,DET,0,0.41047,0.43003,2,1,1,0.00978,0.20524,0.21502,0,0,0,0.00000,0.00000,5
2021101005,2746,47791,T.J. Hockenson,chip_release,wing,0.00000,0.00000,0.00000,True,5,DET,0,0.41047,0.43003,2,1,1,0.00978,0.20524,0.21502,0,0,0,0.00000,0.00000,5
2021101005,2779,47791,T.J. Hockenson,pass_block,inline,0.00000,0.00000,0.00000,True,5,DET,0,0.30601,0.31918,1,1,0,0.01317,0.30601,0.31918,0,0,0,0.00000,0.00000,5
2021101005,2910,46226,Tyler Conklin,pass_block,inline,0.00000,0.00000,0.00000,True,5,MIN,0,0.10121,0.11951,1,1,0,0.01830,0.10121,0.11951,0,0,0,0.00000,0.00000,5
2021101005,2968,46226,Tyler Conklin,pass_block,inline,0.00000,0.00000,0.00000,True,5,MIN,0,0.37541,0.39072,1,1,0,0.01531,0.37541,0.39072,0,0,0,0.00000,0.00000,5
2021101005,3095,52725,Ben Ellefson,pass_block,inline,0.00000,0.00000,1.00000,True,5,MIN,1,0.39870,0.41433,1,1,0,0.01563,-0.60130,-0.58567,0,0,1,1.00000,0.00000,5
2021101005,3136,46226,Tyler Conklin,pass_block,backfield,0.00000,0.00000,0.00000,True,5,MIN,0,0.36453,0.37533,1,1,0,0.01081,0.36453,0.37533,0,0,0,0.00000,0.00000,5
2021101005,3310,47791,T.J. Hockenson,pass_block,detached,0.00000,0.00000,0.00000,True,5,DET,1,0.37488,0.38581,1,1,0,0.01093,-0.62512,-0.61419,0,0,1,0.00000,1.00000,5
2021101006,653,47803,Noah Fant,chip_release,inline,0.00000,0.00000,0.00000,True,5,DEN,0,0.37610,0.37610,1,0,1,0.00000,0.37610,0.37610,0,0,0,0.00000,0.00000,5
2021101006,900,41236,Eric Ebron,chip_release,detached,0.00000,0.00000,0.00000,True,5,PIT,0,0.42944,0.42944,1,0,1,0.00000,0.42944,0.42944,0,0,0,0.00000,0.00000,6
2021101006,1188,44987,Eric Saubert,chip_release,inline,0.00000,0.00000,0.00000,True,5,DEN,0,0.28141,0.28141,1,0,1,0.00000,0.28141,0.28141,0,0,0,0.00000,0.00000,5
2021101006,1609,47803,Noah Fant,chip_release,inline,0.00000,0.00000,0.00000,True,5,DEN,0,0.32660,0.32660,1,0,1,0.00000,0.32660,0.32660,0,0,0,0.00000,0.00000,6
2021101006,1729,47803,Noah Fant,chip_release,inline,0.00000,0.00000,0.00000,True,5,DEN,0,0.29211,0.29211,1,0,1,0.00000,0.29211,0.29211,0,0,0,0.00000,0.00000,5
2021101006,1774,47803,Noah Fant,chip_release,inline,0.00000,0.00000,0.00000,True,5,DEN,1,0.35357,0.35357,1,0,1,0.00000,-0.64643,-0.64643,1,0,0,0.00000,0.00000,5
2021101006,2026,44987,Eric Saubert,chip_release,inline,0.00000,0.00000,0.00000,True,5,DEN,1,0.36173,0.37219,2,1,1,0.00523,-0.31914,-0.31391,1,0,0,0.00000,0.00000,5
2021101006,2026,47803,Noah Fant,pass_block,inline,1.00000,0.00000,0.00000,True,5,DEN,1,0.36173,0.37219,2,1,1,0.00523,-0.31914,-0.31391,1,0,0,1.00000,0.00000,5
2021101006,2076,44987,Eric Saubert,chip_release,inline,0.00000,0.00000,0.00000,True,5,DEN,1,0.68702,0.68702,1,0,1,0.00000,-0.31298,-0.31298,1,0,0,0.00000,0.00000,5
2021101006,2121,47803,Noah Fant,chip_release,inline,0.00000,0.00000,0.00000,True,5,DEN,1,0.40132,0.40132,1,0,1,0.00000,-0.59868,-0.59868,0,1,0,0.00000,1.00000,6
2021101006,2192,47803,Noah Fant,chip_release,inline,0.00000,0.00000,0.00000,True,5,DEN,0,0.33770,0.33770,1,0,1,0.00000,0.33770,0.33770,0,0,0,0.00000,0.00000,5
2021101006,2397,47924,Zach Gentry,pass_block,inline,0.00000,0.00000,0.00000,True,5,PIT,0,0.47665,0.48131,1,1,0,0.00466,0.47665,0.48131,0,0,0,0.00000,0.00000,5
2021101006,2687,44987,Eric Saubert,chip_release,inline,0.00000,0.00000,0.00000,True,5,DEN,0,0.41664,0.41664,2,0,2,0.00000,0.20832,0.20832,0,0,0,0.00000,0.00000,6
2021101006,2687,47803,Noah Fant,chip_release,inline,0.00000,0.00000,0.00000,True,5,DEN,0,0.41664,0.41664,2,0,2,0.00000,0.20832,0.20832,0,0,0,0.00000,0.00000,6
2021101006,2898,47803,Noah Fant,chip_release,inline,0.00000,0.00000,0.00000,True,5,DEN,1,0.36404,0.36404,1,0,1,0.00000,-0.63596,-0.63596,1,0,0,0.00000,1.00000,5
2021101006,2922,47803,Noah Fant,chip_release,inline,0.00000,0.00000,0.00000,True,5,DEN,0,0.58167,0.58167,1,0,1,0.00000,0.58167,0.58167,0,0,0,0.00000,0.00000,6
2021101006,2946,44987,Eric Saubert,pass_block,inline,0.00000,0.00000,0.00000,True,5,DEN,1,0.43300,0.43758,1,1,0,0.00459,-0.56700,-0.56242,0,1,0,0.00000,1.00000,5
2021101006,3013,47803,Noah Fant,chip_release,inline,0.00000,0.00000,0.00000,True,5,DEN,0,0.76145,0.76145,1,0,1,0.00000,0.76145,0.76145,0,0,0,0.00000,0.00000,5
2021101006,3342,47803,Noah Fant,chip_release,inline,0.00000,0.00000,0.00000,True,5,DEN,0,0.27709,0.27709,1,0,1,0.00000,0.27709,0.27709,0,0,0,0.00000,0.00000,5
2021101006,3704,47803,Noah Fant,chip_release,inline,0.00000,0.00000,0.00000,True,5,DEN,1,0.77468,0.77468,1,0,1,0.00000,-0.22532,-0.22532,1,0,0,0.00000,0.00000,5
2021101006,3774,47803,Noah Fant,chip_release,inline,0.00000,0.00000,0.00000,True,5,DEN,0,0.35898,0.35898,1,0,1,0.00000,0.35898,0.35898,0,0,0,0.00000,0.00000,5
2021101006,3825,47803,Noah Fant,chip_release,inline,0.00000,0.00000,0.00000,True,5,DEN,0,0.32117,0.32117,1,0,1,0.00000,0.32117,0.32117,0,0,0,0.00000,0.00000,5
2021101007,77,44857,Adam Shaheen,pass_block,inline,0.00000,0.00000,0.00000,True,5,MIA,1,0.81043,0.82425,1,1,0,0.01382,-0.18957,-0.17575,1,0,0,0.00000,1.00000,6
2021101007,295,44857,Adam Shaheen,pass_block,detached,0.00000,0.00000,0.00000,True,5,MIA,1,0.56923,0.58394,1,1,0,0.01471,-0.43077,-0.41606,1,0,0,0.00000,1.00000,6
2021101007,470,44831,O.J. Howard,pass_block,inline,0.00000,0.00000,0.00000,True,5,TB,0,0.30042,0.31346,1,1,0,0.01303,0.30042,0.31346,0,0,0,0.00000,0.00000,5
2021101007,522,44831,O.J. Howard,pass_block,inline,0.00000,0.00000,0.00000,True,5,TB,0,0.34305,0.35699,1,1,0,0.01394,0.34305,0.35699,0,0,0,0.00000,0.00000,5
2021101007,1359,44857,Adam Shaheen,pass_block,inline,0.00000,0.00000,0.00000,True,5,MIA,0,0.36290,0.37718,1,1,0,0.01428,0.36290,0.37718,0,0,0,0.00000,0.00000,6
2021101007,1434,44857,Adam Shaheen,pass_block,inline,0.00000,0.00000,0.00000,True,5,MIA,0,0.25068,0.25865,1,1,0,0.00798,0.25068,0.25865,0,0,0,0.00000,0.00000,6
2021101007,1589,44831,O.J. Howard,pass_block,inline,0.00000,0.00000,0.00000,True,5,TB,0,0.27634,0.28876,1,1,0,0.01242,0.27634,0.28876,0,0,0,0.00000,0.00000,5
2021101007,1681,42033,Cameron Brate,chip_release,wing,0.00000,0.00000,0.00000,True,5,TB,0,0.30519,0.33384,2,1,1,0.01432,0.15260,0.16692,0,0,0,0.00000,0.00000,5
2021101007,1681,44831,O.J. Howard,pass_block,inline,0.00000,0.00000,0.00000,True,5,TB,0,0.30519,0.33384,2,1,1,0.01432,0.15260,0.16692,0,0,0,0.00000,0.00000,5
2021101007,2395,45217,Cethan Carter,pass_block,inline,0.00000,0.00000,0.00000,True,5,MIA,0,0.28020,0.29273,2,2,0,0.00626,0.14010,0.14636,0,0,0,0.00000,0.00000,5
2021101007,2395,46192,Durham Smythe,pass_block,inline,0.00000,0.00000,0.00000,True,5,MIA,0,0.28020,0.29273,2,2,0,0.00626,0.14010,0.14636,0,0,0,0.00000,0.00000,5
2021101007,2474,46192,Durham Smythe,pass_block,inline,0.00000,0.00000,0.00000,True,5,MIA,1,0.33553,0.34933,1,1,0,0.01380,-0.66447,-0.65067,1,0,0,0.00000,1.00000,6
2021101007,2551,46192,Durham Smythe,pass_block,detached,0.00000,0.00000,0.00000,True,5,MIA,1,0.48671,0.49394,1,1,0,0.00723,-0.51329,-0.50606,1,0,0,0.00000,1.00000,6
2021101007,2849,44831,O.J. Howard,pass_block,inline,0.00000,0.00000,1.00000,True,5,TB,1,0.30260,0.31568,1,1,0,0.01309,-0.69740,-0.68432,0,0,1,1.00000,0.00000,5
2021101007,3096,46192,Durham Smythe,chip_release,inline,0.00000,0.00000,0.00000,True,5,MIA,0,0.24176,0.24176,1,0,1,0.00000,0.24176,0.24176,0,0,0,0.00000,0.00000,5
2021101007,3263,42033,Cameron Brate,pass_block,inline,0.00000,0.00000,0.00000,True,5,TB,0,0.32722,0.38628,1,1,0,0.05906,0.32722,0.38628,0,0,0,0.00000,0.00000,5
2021101008,133,44075,Garrett Griffin,pass_block,inline,0.00000,0.00000,0.00000,True,5,NO,1,0.44289,0.46448,2,2,0,0.01080,-0.27856,-0.26776,1,0,0,0.00000,1.00000,5
2021101008,133,52513,Adam Trautman,pass_block,detached,0.00000,0.00000,0.00000,True,5,NO,1,0.44289,0.46448,2,2,0,0.01080,-0.27856,-0.26776,1,0,0,0.00000,1.00000,5
2021101008,186,45481,Ricky Seals-Jones,pass_block,inline,0.00000,1.00000,0.00000,True,5,WAS,1,0.23038,0.24542,1,1,0,0.01504,-0.76962,-0.75458,0,1,0,1.00000,0.00000,5
2021101008,229,45481,Ricky Seals-Jones,pass_block,detached,0.00000,0.00000,0.00000,True,5,WAS,0,0.78730,0.79429,1,1,0,0.00699,0.78730,0.79429,0,0,0,0.00000,0.00000,5
2021101008,552,53553,John Bates,chip_release,detached,0.00000,0.00000,0.00000,True,5,WAS,0,0.28026,0.28026,1,0,1,0.00000,0.28026,0.28026,0,0,0,0.00000,0.00000,5
2021101008,800,45481,Ricky Seals-Jones,chip_release,inline,0.00000,0.00000,0.00000,True,5,WAS,1,0.28624,0.28624,1,0,1,0.00000,-0.71376,-0.71376,0,0,1,0.00000,1.00000,5
2021101008,899,45481,Ricky Seals-Jones,chip_release,detached,0.00000,0.00000,0.00000,True,5,WAS,0,0.44012,0.44012,1,0,1,0.00000,0.44012,0.44012,0,0,0,0.00000,0.00000,5
2021101008,1301,45481,Ricky Seals-Jones,pass_block,wing,0.00000,0.00000,0.00000,True,5,WAS,0,0.26554,0.28450,2,2,0,0.00948,0.13277,0.14225,0,0,0,0.00000,0.00000,5
2021101008,1301,53553,John Bates,pass_block,inline,0.00000,0.00000,0.00000,True,5,WAS,0,0.26554,0.28450,2,2,0,0.00948,0.13277,0.14225,0,0,0,0.00000,0.00000,5
2021101008,1330,45481,Ricky Seals-Jones,pass_block,detached,0.00000,0.00000,0.00000,True,5,WAS,0,0.26554,0.27173,1,1,0,0.00618,0.26554,0.27173,0,0,0,0.00000,0.00000,6
2021101008,1512,45481,Ricky Seals-Jones,pass_block,detached,0.00000,1.00000,0.00000,True,5,WAS,1,0.25001,0.26977,1,1,0,0.01976,-0.74999,-0.73023,0,1,0,1.00000,0.00000,5
2021101008,1617,52513,Adam Trautman,pass_block,inline,0.00000,0.00000,0.00000,True,5,NO,1,0.40433,0.41193,1,1,0,0.00760,-0.59567,-0.58807,0,1,0,0.00000,1.00000,7
2021101008,1840,45481,Ricky Seals-Jones,chip_release,detached,0.00000,0.00000,0.00000,True,5,WAS,1,0.50908,0.50908,1,0,1,0.00000,-0.49092,-0.49092,0,1,0,0.00000,1.00000,6
2021101008,1862,45481,Ricky Seals-Jones,chip_release,detached,0.00000,0.00000,0.00000,True,5,WAS,0,0.74718,0.74718,1,0,1,0.00000,0.74718,0.74718,0,0,0,0.00000,0.00000,5
2021101008,2261,45481,Ricky Seals-Jones,chip_release,detached,0.00000,0.00000,0.00000,True,5,WAS,1,0.27491,0.27491,1,0,1,0.00000,-0.72509,-0.72509,1,0,0,0.00000,1.00000,5
2021101008,2304,45481,Ricky Seals-Jones,chip_release,detached,0.00000,0.00000,0.00000,True,5,WAS,1,0.49766,0.49766,1,0,1,0.00000,-0.50234,-0.50234,0,1,0,0.00000,1.00000,5
2021101008,2647,44075,Garrett Griffin,chip_release,inline,0.00000,0.00000,0.00000,True,5,NO,1,0.37219,0.37219,1,0,1,0.00000,-0.62781,-0.62781,1,0,0,0.00000,1.00000,5
2021101008,2669,44075,Garrett Griffin,pass_block,wing,0.00000,0.00000,0.00000,True,5,NO,1,0.49077,0.50591,2,2,0,0.00757,-0.25461,-0.24704,1,0,0,0.00000,0.00000,5
2021101008,2669,52513,Adam Trautman,pass_block,inline,0.00000,0.00000,0.00000,True,5,NO,1,0.49077,0.50591,2,2,0,0.00757,-0.25461,-0.24704,1,0,0,0.00000,0.00000,5
2021101008,2743,45481,Ricky Seals-Jones,chip_release,detached,0.00000,0.00000,0.00000,True,5,WAS,0,0.24704,0.24704,1,0,1,0.00000,0.24704,0.24704,0,0,0,0.00000,0.00000,6
2021101008,2809,45481,Ricky Seals-Jones,chip_release,wing,0.00000,0.00000,0.00000,True,5,WAS,0,0.23434,0.23434,1,0,1,0.00000,0.23434,0.23434,0,0,0,0.00000,0.00000,5
2021101008,3105,52513,Adam Trautman,chip_release,wing,0.00000,0.00000,0.00000,True,5,NO,0,0.53029,0.53029,1,0,1,0.00000,0.53029,0.53029,0,0,0,0.00000,0.00000,6
2021101008,3196,52513,Adam Trautman,chip_release,inline,0.00000,0.00000,0.00000,True,5,NO,1,0.84483,0.84483,1,0,1,0.00000,-0.15517,-0.15517,1,0,0,0.00000,1.00000,5
2021101008,3305,45481,Ricky Seals-Jones,chip_release,detached,0.00000,0.00000,0.00000,True,5,WAS,0,0.47736,0.47736,1,0,1,0.00000,0.47736,0.47736,0,0,0,0.00000,0.00000,5
2021101008,3487,45481,Ricky Seals-Jones,pass_block,detached,1.00000,0.00000,0.00000,True,5,WAS,1,0.26834,0.28579,1,1,0,0.01745,-0.73166,-0.71421,1,0,0,1.00000,0.00000,5
2021101008,3597,45481,Ricky Seals-Jones,chip_release,detached,0.00000,0.00000,0.00000,True,5,WAS,0,0.62417,0.62417,1,0,1,0.00000,0.62417,0.62417,0,0,0,0.00000,0.00000,5
2021101008,3618,45481,Ricky Seals-Jones,chip_release,wing,0.00000,0.00000,0.00000,True,5,WAS,0,0.35854,0.35854,1,0,1,0.00000,0.35854,0.35854,0,0,0,0.00000,0.00000,5
2021101008,3644,45481,Ricky Seals-Jones,pass_block,wing,0.00000,0.00000,0.00000,True,5,WAS,1,0.26762,0.27287,2,2,0,0.00262,-0.36619,-0.36356,1,0,0,0.00000,0.00000,6
2021101008,3644,53553,John Bates,pass_block,inline,0.00000,0.00000,0.00000,True,5,WAS,1,0.26762,0.27287,2,2,0,0.00262,-0.36619,-0.36356,1,0,0,0.00000,0.00000,6
2021101008,3853,44075,Garrett Griffin,pass_block,wing,0.00000,1.00000,0.00000,True,5,NO,1,0.40985,0.43108,1,1,0,0.02123,-0.59015,-0.56892,0,1,0,1.00000,1.00000,6
2021101008,4008,45481,Ricky Seals-Jones,chip_release,detached,0.00000,0.00000,0.00000,True,5,WAS,1,0.43850,0.43850,1,0,1,0.00000,-0.56150,-0.56150,1,0,0,0.00000,1.00000,6
2021101008,4074,45481,Ricky Seals-Jones,chip_release,detached,0.00000,0.00000,0.00000,True,5,WAS,0,0.32305,0.32305,1,0,1,0.00000,0.32305,0.32305,0,0,0,0.00000,0.00000,5
2021101009,83,34540,Jared Cook,chip_release,inline,0.00000,0.00000,0.00000,True,5,LAC,0,0.24049,0.24049,1,0,1,0.00000,0.24049,0.24049,0,0,0,0.00000,0.00000,5
2021101009,311,44841,David Njoku,pass_block,inline,0.00000,0.00000,1.00000,True,5,CLE,1,0.44955,0.45161,1,1,0,0.00206,-0.55045,-0.54839,0,0,1,1.00000,0.00000,5
2021101009,519,43845,Stephen Anderson,chip_release,backfield,0.00000,0.00000,0.00000,True,5,LAC,0,0.16558,0.16558,1,0,1,0.00000,0.16558,0.16558,0,0,0,0.00000,0.00000,5
2021101009,543,48456,Donald Parham,chip_release,inline,0.00000,0.00000,0.00000,True,5,LAC,1,0.73487,0.73487,1,0,1,0.00000,-0.26513,-0.26513,1,0,0,0.00000,0.00000,5
2021101009,569,34540,Jared Cook,pass_block,wing,0.00000,0.00000,0.00000,True,5,LAC,0,0.15803,0.17184,2,2,0,0.00691,0.07901,0.08592,0,0,0,0.00000,0.00000,5
2021101009,569,48456,Donald Parham,pass_block,inline,0.00000,0.00000,0.00000,True,5,LAC,0,0.15803,0.17184,2,2,0,0.00691,0.07901,0.08592,0,0,0,0.00000,0.00000,5
2021101009,666,48456,Donald Parham,chip_release,inline,0.00000,0.00000,0.00000,True,5,LAC,0,0.29087,0.29087,1,0,1,0.00000,0.29087,0.29087,0,0,0,0.00000,0.00000,5
2021101009,965,43370,Austin Hooper,pass_block,inline,0.00000,0.00000,0.00000,True,5,CLE,0,0.19486,0.21212,1,1,0,0.01726,0.19486,0.21212,0,0,0,0.00000,0.00000,6
2021101009,1117,34540,Jared Cook,chip_release,detached,0.00000,0.00000,0.00000,True,5,LAC,0,0.35202,0.35202,1,0,1,0.00000,0.35202,0.35202,0,0,0,0.00000,0.00000,5
2021101009,1180,44841,David Njoku,pass_block,inline,0.00000,0.00000,0.00000,True,5,CLE,0,0.24895,0.25052,1,1,0,0.00156,0.24895,0.25052,0,0,0,0.00000,0.00000,6
2021101009,1301,44841,David Njoku,chip_release,detached,0.00000,0.00000,0.00000,True,5,CLE,0,0.40642,0.40642,1,0,1,0.00000,0.40642,0.40642,0,0,0,0.00000,0.00000,5
2021101009,1391,34540,Jared Cook,pass_block,wing,0.00000,0.00000,0.00000,True,5,LAC,0,0.31771,0.31934,2,2,0,0.00081,0.15886,0.15967,0,0,0,0.00000,0.00000,5
2021101009,1391,48456,Donald Parham,pass_block,inline,0.00000,0.00000,0.00000,True,5,LAC,0,0.31771,0.31934,2,2,0,0.00081,0.15886,0.15967,0,0,0,0.00000,0.00000,5
2021101009,1568,43370,Austin Hooper,chip_release,inline,0.00000,0.00000,0.00000,True,5,CLE,1,0.76291,0.76291,1,0,1,0.00000,-0.23709,-0.23709,1,0,0,0.00000,1.00000,5
2021101009,1937,44841,David Njoku,chip_release,detached,0.00000,0.00000,0.00000,True,5,CLE,0,0.26356,0.26356,1,0,1,0.00000,0.26356,0.26356,0,0,0,0.00000,0.00000,5
2021101009,2058,43370,Austin Hooper,pass_block,inline,0.00000,0.00000,0.00000,True,5,CLE,0,0.33978,0.35731,1,1,0,0.01753,0.33978,0.35731,0,0,0,0.00000,0.00000,6
2021101009,2253,34540,Jared Cook,chip_release,detached,0.00000,0.00000,0.00000,True,5,LAC,0,0.21823,0.21823,1,0,1,0.00000,0.21823,0.21823,0,0,0,0.00000,0.00000,5
2021101009,2309,34540,Jared Cook,pass_block,wing,0.00000,0.00000,0.00000,True,5,LAC,1,0.78523,0.78663,1,1,0,0.00140,-0.21477,-0.21337,1,1,0,0.00000,1.00000,6
2021101009,2431,34540,Jared Cook,chip_release,detached,0.00000,0.00000,0.00000,True,5,LAC,0,0.48957,0.48957,1,0,1,0.00000,0.48957,0.48957,0,0,0,0.00000,0.00000,5
2021101009,2457,34540,Jared Cook,chip_release,detached,0.00000,0.00000,0.00000,True,5,LAC,0,0.33562,0.33562,1,0,1,0.00000,0.33562,0.33562,0,0,0,0.00000,0.00000,5
2021101009,2668,44841,David Njoku,pass_block,inline,0.00000,0.00000,0.00000,True,5,CLE,0,0.78268,0.78395,1,1,0,0.00127,0.78268,0.78395,0,0,0,0.00000,0.00000,6
2021101009,2804,34540,Jared Cook,chip_release,detached,0.00000,0.00000,0.00000,True,5,LAC,1,0.20704,0.20704,1,0,1,0.00000,-0.79296,-0.79296,0,0,1,0.00000,1.00000,5
2021101009,2845,34540,Jared Cook,chip_release,detached,0.00000,0.00000,0.00000,True,5,LAC,0,0.36748,0.36748,1,0,1,0.00000,0.36748,0.36748,0,0,0,0.00000,0.00000,5
2021101009,3000,43370,Austin Hooper,chip_release,inline,0.00000,0.00000,0.00000,True,5,CLE,0,0.37562,0.37562,1,0,1,0.00000,0.37562,0.37562,0,0,0,0.00000,0.00000,5
2021101009,3120,48456,Donald Parham,pass_block,detached,0.00000,0.00000,0.00000,True,5,LAC,0,0.44161,0.44346,1,1,0,0.00185,0.44161,0.44346,0,0,0,0.00000,0.00000,5
2021101009,3277,43845,Stephen Anderson,chip_release,inline,0.00000,0.00000,0.00000,True,5,LAC,1,0.37414,0.37414,1,0,1,0.00000,-0.62586,-0.62586,0,1,0,0.00000,0.00000,5
2021101009,3525,48456,Donald Parham,pass_block,inline,0.00000,0.00000,0.00000,True,5,LAC,0,0.17860,0.19130,1,1,0,0.01270,0.17860,0.19130,0,0,0,0.00000,0.00000,5
2021101009,4115,43370,Austin Hooper,pass_block,inline,0.00000,0.00000,0.00000,True,5,CLE,0,0.34536,0.36302,1,1,0,0.01766,0.34536,0.36302,0,0,0,0.00000,0.00000,5
2021101009,4403,44841,David Njoku,chip_release,detached,0.00000,0.00000,0.00000,True,5,CLE,0,0.35163,0.35163,1,0,1,0.00000,0.35163,0.35163,0,0,0,0.00000,0.00000,6
2021101009,4553,44841,David Njoku,chip_release,inline,0.00000,0.00000,0.00000,True,5,CLE,0,0.24086,0.24086,1,0,1,0.00000,0.24086,0.24086,0,0,0,0.00000,0.00000,5
2021101010,1120,35534,Jimmy Graham,pass_block,inline,0.00000,0.00000,0.00000,True,5,CHI,1,0.17177,0.18147,2,2,0,0.00485,-0.41411,-0.40927,0,1,0,0.00000,0.00000,5
2021101010,1120,52451,Cole Kmet,pass_block,wing,0.00000,0.00000,0.00000,True,5,CHI,1,0.17177,0.18147,2,2,0,0.00485,-0.41411,-0.40927,0,1,0,0.00000,0.00000,5
2021101010,1436,52451,Cole Kmet,pass_block,inline,0.00000,0.00000,0.00000,True,5,CHI,0,0.21963,0.23765,1,1,0,0.01801,0.21963,0.23765,0,0,0,0.00000,0.00000,6
2021101010,2262,42547,Darren Waller,chip_release,inline,0.00000,0.00000,0.00000,True,5,LV,0,0.29997,0.29997,1,0,1,0.00000,0.29997,0.29997,0,0,0,0.00000,0.00000,5
2021101010,2377,52451,Cole Kmet,pass_block,inline,0.00000,0.00000,0.00000,True,5,CHI,1,0.83068,0.84847,1,1,0,0.01779,-0.16932,-0.15153,0,1,0,0.00000,1.00000,6
2021101010,2484,42547,Darren Waller,chip_release,inline,0.00000,0.00000,0.00000,True,5,LV,0,0.33688,0.33688,1,0,1,0.00000,0.33688,0.33688,0,0,0,0.00000,0.00000,5
2021101010,2513,47920,Foster Moreau,pass_block,inline,1.00000,0.00000,0.00000,True,5,LV,1,0.27894,0.28676,1,1,0,0.00782,-0.72106,-0.71324,1,0,0,1.00000,0.00000,5
2021101010,2558,42547,Darren Waller,pass_block,wing,0.00000,0.00000,0.00000,True,5,LV,1,0.27611,0.28676,2,2,0,0.00533,-0.36195,-0.35662,0,0,1,0.00000,0.00000,5
2021101010,2558,47920,Foster Moreau,pass_block,inline,0.00000,0.00000,1.00000,True,5,LV,1,0.27611,0.28676,2,2,0,0.00533,-0.36195,-0.35662,0,0,1,1.00000,0.00000,5
2021101010,2599,42547,Darren Waller,chip_release,inline,0.00000,0.00000,0.00000,True,5,LV,0,0.19154,0.19154,1,0,1,0.00000,0.19154,0.19154,0,0,0,0.00000,0.00000,5
2021101010,3121,42547,Darren Waller,chip_release,inline,0.00000,0.00000,0.00000,True,5,LV,0,0.33267,0.33267,1,0,1,0.00000,0.33267,0.33267,0,0,0,0.00000,0.00000,6
2021101010,3298,52451,Cole Kmet,pass_block,inline,0.00000,0.00000,0.00000,True,5,CHI,0,0.36591,0.42714,1,1,0,0.06123,0.36591,0.42714,0,0,0,0.00000,0.00000,6
2021101010,3621,42547,Darren Waller,chip_release,inline,0.00000,0.00000,0.00000,True,5,LV,1,0.36750,0.36750,1,0,1,0.00000,-0.63250,-0.63250,1,0,1,0.00000,1.00000,6
2021101010,3909,42547,Darren Waller,chip_release,inline,0.00000,0.00000,0.00000,True,5,LV,0,0.26095,0.26095,1,0,1,0.00000,0.26095,0.26095,0,0,0,0.00000,0.00000,5
2021101010,3933,42547,Darren Waller,chip_release,inline,0.00000,0.00000,0.00000,True,5,LV,1,0.27786,0.27786,1,0,1,0.00000,-0.72214,-0.72214,1,0,0,0.00000,0.00000,5
2021101010,3957,42547,Darren Waller,chip_release,inline,0.00000,0.00000,0.00000,True,5,LV,1,0.53453,0.53453,1,0,1,0.00000,-0.46547,-0.46547,1,0,0,0.00000,1.00000,5
2021101010,3990,42547,Darren Waller,chip_release,inline,0.00000,0.00000,0.00000,True,5,LV,1,0.68542,0.68542,1,0,1,0.00000,-0.31458,-0.31458,1,0,0,0.00000,2.00000,5
2021101011,85,46331,Ross Dwelley,pass_block,inline,0.00000,0.00000,0.00000,True,5,SF,0,0.38379,0.39565,1,1,0,0.01186,0.38379,0.39565,0,0,0,0.00000,0.00000,6
2021101011,408,46331,Ross Dwelley,chip_release,inline,0.00000,0.00000,0.00000,True,5,SF,0,0.50082,0.50082,1,0,1,0.00000,0.50082,0.50082,0,0,0,0.00000,0.00000,7
2021101011,441,46331,Ross Dwelley,pass_block,inline,0.00000,1.00000,0.00000,True,5,SF,1,0.43455,0.43963,1,1,0,0.00508,-0.56545,-0.56037,0,1,0,1.00000,1.00000,5
2021101011,719,46331,Ross Dwelley,pass_block,backfield,0.00000,0.00000,0.00000,True,5,SF,0,0.72730,0.73500,1,1,0,0.00770,0.72730,0.73500,0,0,0,0.00000,0.00000,6
2021101011,794,52598,Charlie Woerner,chip_release,inline,0.00000,0.00000,0.00000,True,5,SF,1,0.39565,0.39565,1,0,1,0.00000,-0.60435,-0.60435,1,0,0,0.00000,0.00000,6
2021101011,1017,46797,Tanner Hudson,pass_block,inline,0.00000,0.00000,0.00000,True,5,SF,1,0.38426,0.39890,2,1,1,0.00732,-0.30787,-0.30055,0,1,0,0.00000,1.00000,6
2021101011,1017,52598,Charlie Woerner,chip_release,inline,0.00000,0.00000,0.00000,True,5,SF,1,0.38426,0.39890,2,1,1,0.00732,-0.30787,-0.30055,0,1,0,0.00000,1.00000,6
2021101011,1039,46331,Ross Dwelley,chip_release,wing,1.00000,0.00000,0.00000,True,5,SF,1,0.66811,0.66811,1,0,1,0.00000,-0.33189,-0.33189,1,0,0,1.00000,0.00000,5
2021101011,1289,42398,Maxx Williams,pass_block,inline,0.00000,0.00000,0.00000,True,5,ARI,1,0.62783,0.63398,1,1,0,0.00615,-0.37217,-0.36602,1,0,0,0.00000,1.00000,6
2021101011,1402,42398,Maxx Williams,pass_block,detached,0.00000,0.00000,0.00000,True,5,ARI,0,0.51273,0.53234,1,1,0,0.01961,0.51273,0.53234,0,0,0,0.00000,0.00000,5
2021101011,1525,46331,Ross Dwelley,pass_block,inline,0.00000,0.00000,0.00000,True,5,SF,0,0.29044,0.31171,1,1,0,0.02128,0.29044,0.31171,0,0,0,0.00000,0.00000,5
2021101011,1647,42398,Maxx Williams,chip_release,backfield,0.00000,0.00000,0.00000,True,5,ARI,0,0.28822,0.28822,1,0,1,0.00000,0.28822,0.28822,0,0,0,0.00000,0.00000,5
2021101011,2069,46331,Ross Dwelley,chip_release,inline,0.00000,0.00000,0.00000,True,5,SF,1,0.74361,0.74361,1,0,1,0.00000,-0.25639,-0.25639,0,1,0,0.00000,1.00000,7
2021101011,2398,46331,Ross Dwelley,chip_release,inline,0.00000,0.00000,0.00000,True,5,SF,1,0.62922,0.62922,1,0,1,0.00000,-0.37078,-0.37078,1,0,0,0.00000,1.00000,5
2021101011,2996,46331,Ross Dwelley,pass_block,inline,0.00000,0.00000,0.00000,True,5,SF,1,0.66003,0.66593,1,1,0,0.00590,-0.33997,-0.33407,1,0,0,0.00000,0.00000,5
2021101011,3503,46331,Ross Dwelley,chip_release,inline,0.00000,0.00000,0.00000,True,5,SF,0,0.72797,0.72797,1,0,1,0.00000,0.72797,0.72797,0,0,0,0.00000,0.00000,6
2021101011,3686,43206,Ross Travis,chip_release,inline,0.00000,0.00000,0.00000,True,5,ARI,0,0.17276,0.17276,1,0,1,0.00000,0.17276,0.17276,0,0,0,0.00000,0.00000,6
2021101012,130,45532,Blake Jarwin,chip_release,wing,0.00000,0.00000,0.00000,True,5,DAL,1,0.30922,0.30922,1,0,1,0.00000,-0.69078,-0.69078,1,0,0,0.00000,1.00000,6
2021101012,271,44835,Evan Engram,chip_release,inline,0.00000,0.00000,0.00000,True,5,NYG,0,0.75288,0.75288,1,0,1,0.00000,0.75288,0.75288,0,0,0,0.00000,0.00000,5
2021101012,318,47959,Kaden Smith,chip_release,backfield,0.00000,0.00000,0.00000,True,5,NYG,0,0.29977,0.29977,1,0,1,0.00000,0.29977,0.29977,0,0,0,0.00000,0.00000,5
2021101012,1322,44835,Evan Engram,pass_block,detached,0.00000,0.00000,0.00000,True,5,NYG,0,0.26545,0.30340,1,1,0,0.03795,0.26545,0.30340,0,0,0,0.00000,0.00000,6
2021101012,2236,37118,Kyle Rudolph,pass_block,wing,0.00000,0.00000,0.00000,True,5,NYG,0,0.14172,0.16480,2,2,0,0.01154,0.07086,0.08240,0,0,0,0.00000,0.00000,5
2021101012,2236,47959,Kaden Smith,pass_block,inline,0.00000,0.00000,0.00000,True,5,NYG,0,0.14172,0.16480,2,2,0,0.01154,0.07086,0.08240,0,0,0,0.00000,0.00000,5
2021101012,2492,44967,Jeremy Sprinkle,pass_block,inline,0.00000,0.00000,0.00000,True,5,DAL,0,0.39604,0.43963,2,2,0,0.02180,0.19802,0.21981,0,0,0,0.00000,0.00000,6
2021101012,2492,45532,Blake Jarwin,pass_block,wing,0.00000,0.00000,0.00000,True,5,DAL,0,0.39604,0.43963,2,2,0,0.02180,0.19802,0.21981,0,0,0,0.00000,0.00000,6
2021101012,2563,45532,Blake Jarwin,pass_block,inline,0.00000,0.00000,0.00000,True,5,DAL,0,0.28720,0.29752,1,1,0,0.01032,0.28720,0.29752,0,0,0,0.00000,0.00000,5
2021101012,2611,46206,Dalton Schultz,chip_release,inline,0.00000,0.00000,0.00000,True,5,DAL,1,0.77573,0.77573,1,0,1,0.00000,-0.22427,-0.22427,1,0,0,0.00000,0.00000,6
2021101012,2687,46206,Dalton Schultz,pass_block,inline,0.00000,0.00000,0.00000,True,5,DAL,0,0.35551,0.35945,1,1,0,0.00393,0.35551,0.35945,0,0,0,0.00000,0.00000,5
2021101012,2743,37118,Kyle Rudolph,pass_block,inline,0.00000,0.00000,0.00000,True,5,NYG,0,0.28298,0.28895,1,1,0,0.00597,0.28298,0.28895,0,0,0,0.00000,0.00000,5
2021101012,3205,37118,Kyle Rudolph,pass_block,inline,0.00000,0.00000,0.00000,True,5,NYG,0,0.24910,0.27664,2,2,0,0.01377,0.12455,0.13832,0,0,0,0.00000,0.00000,5
2021101012,3205,47959,Kaden Smith,pass_block,wing,0.00000,0.00000,0.00000,True,5,NYG,0,0.24910,0.27664,2,2,0,0.01377,0.12455,0.13832,0,0,0,0.00000,0.00000,5
2021101012,3484,45532,Blake Jarwin,pass_block,wing,0.00000,0.00000,0.00000,True,5,DAL,0,0.46345,0.46345,1,1,0,0.00000,0.46345,0.46345,0,0,0,0.00000,0.00000,5
2021101012,4089,44967,Jeremy Sprinkle,pass_block,wing,0.00000,0.00000,0.00000,True,5,DAL,0,0.55879,0.56177,2,1,1,0.00149,0.27940,0.28089,0,0,0,0.00000,0.00000,5
2021101012,4089,46206,Dalton Schultz,chip_release,inline,0.00000,0.00000,0.00000,True,5,DAL,0,0.55879,0.56177,2,1,1,0.00149,0.27940,0.28089,0,0,0,0.00000,0.00000,5
2021101012,4221,44967,Jeremy Sprinkle,chip_release,inline,0.00000,0.00000,0.00000,True,5,DAL,0,0.47990,0.47990,1,0,1,0.00000,0.47990,0.47990,0,0,0,0.00000,0.00000,6
2021101013,137,42460,Blake Bell,pass_block,inline,0.00000,0.00000,0.00000,True,5,KC,0,0.23597,0.24310,1,1,0,0.00714,0.23597,0.24310,0,0,0,0.00000,0.00000,5
2021101013,310,42460,Blake Bell,pass_block,inline,0.00000,0.00000,0.00000,True,5,KC,0,0.71808,0.74064,1,1,0,0.02255,0.71808,0.74064,0,0,0,0.00000,0.00000,6
2021101013,535,42460,Blake Bell,chip_release,detached,0.00000,0.00000,0.00000,True,5,KC,0,0.43624,0.43624,1,0,1,0.00000,0.43624,0.43624,0,0,0,0.00000,0.00000,5
2021101013,1445,48011,Tommy Sweeney,chip_release,inline,0.00000,0.00000,0.00000,True,5,BUF,0,0.24926,0.24926,1,0,1,0.00000,0.24926,0.24926,0,0,0,0.00000,0.00000,5
2021101013,1536,47879,Dawson Knox,chip_release,detached,0.00000,0.00000,0.00000,True,5,BUF,0,0.19599,0.19599,1,0,1,0.00000,0.19599,0.19599,0,0,0,0.00000,0.00000,5
2021101013,1620,42460,Blake Bell,pass_block,inline,0.00000,0.00000,0.00000,True,5,KC,0,0.21381,0.22687,1,1,0,0.01306,0.21381,0.22687,0,0,0,0.00000,0.00000,6
2021101013,1695,47879,Dawson Knox,pass_block,inline,0.00000,0.00000,0.00000,True,5,BUF,1,0.80320,0.80589,2,2,0,0.00135,-0.09840,-0.09705,1,0,0,0.00000,1.00000,5
2021101013,1695,48011,Tommy Sweeney,pass_block,wing,0.00000,0.00000,0.00000,True,5,BUF,1,0.80320,0.80589,2,2,0,0.00135,-0.09840,-0.09705,1,0,0,0.00000,1.00000,5
2021101013,1738,47879,Dawson Knox,chip_release,detached,0.00000,0.00000,0.00000,True,5,BUF,1,0.27092,0.27092,1,0,1,0.00000,-0.72908,-0.72908,1,0,0,0.00000,1.00000,5
2021101013,2024,42460,Blake Bell,chip_release,detached,0.00000,0.00000,0.00000,True,5,KC,0,0.40163,0.40163,1,0,1,0.00000,0.40163,0.40163,0,0,0,0.00000,0.00000,5
2021101013,2150,40011,Travis Kelce,chip_release,inline,0.00000,0.00000,0.00000,True,5,KC,0,0.63794,0.63794,1,0,1,0.00000,0.63794,0.63794,0,0,0,0.00000,0.00000,5
2021101013,2318,40011,Travis Kelce,chip_release,inline,0.00000,0.00000,0.00000,True,5,KC,0,0.23472,0.23472,1,0,1,0.00000,0.23472,0.23472,0,0,0,0.00000,0.00000,5
2021101013,2818,48011,Tommy Sweeney,chip_release,inline,0.00000,0.00000,0.00000,True,5,BUF,0,0.31926,0.31926,1,0,1,0.00000,0.31926,0.31926,0,0,0,0.00000,0.00000,5
2021101013,2903,42460,Blake Bell,pass_block,inline,0.00000,0.00000,0.00000,True,5,KC,1,0.25524,0.28261,1,1,0,0.02737,-0.74476,-0.71739,0,1,0,0.00000,1.00000,6
2021101013,3067,40011,Travis Kelce,pass_block,inline,0.00000,0.00000,0.00000,True,5,KC,0,0.51482,0.54949,1,1,0,0.03467,0.51482,0.54949,0,0,0,0.00000,0.00000,5
2021101013,3175,42460,Blake Bell,chip_release,detached,0.00000,0.00000,0.00000,True,5,KC,1,0.46506,0.46506,1,0,1,0.00000,-0.53494,-0.53494,1,0,0,0.00000,0.00000,6
2021101013,3771,47879,Dawson Knox,chip_release,detached,0.00000,0.00000,0.00000,True,5,BUF,1,0.58648,0.58648,1,0,1,0.00000,-0.41352,-0.41352,1,0,0,0.00000,0.00000,6
2021101013,3808,47879,Dawson Knox,chip_release,detached,0.00000,0.00000,0.00000,True,5,BUF,1,0.39580,0.39580,1,0,1,0.00000,-0.60420,-0.60420,1,1,0,0.00000,2.00000,5
2021101013,3937,47879,Dawson Knox,chip_release,detached,0.00000,0.00000,0.00000,True,5,BUF,0,0.77059,0.77059,1,0,1,0.00000,0.77059,0.77059,0,0,0,0.00000,0.00000,5
2021101013,4133,40011,Travis Kelce,chip_release,detached,0.00000,0.00000,0.00000,True,5,KC,1,0.25685,0.25685,1,0,1,0.00000,-0.74315,-0.74315,1,0,0,0.00000,2.00000,5
2021101013,4291,40011,Travis Kelce,chip_release,detached,0.00000,0.00000,0.00000,True,5,KC,0,0.28529,0.28529,1,0,1,0.00000,0.28529,0.28529,0,0,0,0.00000,0.00000,5
2021101100,484,44792,Mo Alie-Cox,chip_release,inline,0.00000,0.00000,0.00000,True,5,IND,1,0.24736,0.24736,1,0,1,0.00000,-0.75264,-0.75264,1,0,0,0.00000,1.00000,5
2021101100,574,40641,Jack Doyle,pass_block,wing,0.00000,0.00000,0.00000,True,5,IND,1,0.20193,0.21257,1,1,0,0.01064,-0.79807,-0.78743,0,1,0,0.00000,0.00000,5
2021101100,937,44792,Mo Alie-Cox,pass_block,detached,0.00000,0.00000,0.00000,True,5,IND,0,0.24367,0.24904,1,1,0,0.00537,0.24367,0.24904,0,0,0,0.00000,0.00000,6
2021101100,965,44792,Mo Alie-Cox,chip_release,inline,0.00000,0.00000,0.00000,True,5,IND,1,0.37642,0.37642,1,0,1,0.00000,-0.62358,-0.62358,1,0,0,0.00000,1.00000,5
2021101100,1394,42721,Eric Tomlinson,pass_block,inline,0.00000,0.00000,0.00000,True,5,BAL,0,0.38113,0.39569,1,1,0,0.01456,0.38113,0.39569,0,0,0,0.00000,0.00000,6
2021101100,1540,46155,Mark Andrews,chip_release,inline,0.00000,0.00000,0.00000,True,5,BAL,0,0.21178,0.21178,1,0,1,0.00000,0.21178,0.21178,0,0,0,0.00000,0.00000,5
2021101100,1625,46155,Mark Andrews,chip_release,inline,0.00000,0.00000,0.00000,True,5,BAL,0,0.27584,0.27584,1,0,1,0.00000,0.27584,0.27584,0,0,0,0.00000,0.00000,6
2021101100,1795,40641,Jack Doyle,pass_block,detached,0.00000,0.00000,0.00000,True,5,IND,0,0.40736,0.40995,1,1,0,0.00259,0.40736,0.40995,0,0,0,0.00000,0.00000,6
2021101100,1887,40641,Jack Doyle,pass_block,detached,0.00000,0.00000,0.00000,True,5,IND,1,0.67413,0.68423,1,1,0,0.01010,-0.32587,-0.31577,0,1,0,0.00000,2.00000,6
2021101100,2018,40641,Jack Doyle,pass_block,wing,0.00000,0.00000,0.00000,True,5,IND,0,0.41253,0.42746,2,2,0,0.00746,0.20627,0.21373,0,0,0,0.00000,0.00000,6
2021101100,2018,44792,Mo Alie-Cox,pass_block,inline,0.00000,0.00000,0.00000,True,5,IND,0,0.41253,0.42746,2,2,0,0.00746,0.20627,0.21373,0,0,0,0.00000,0.00000,6
2021101100,2042,40641,Jack Doyle,chip_release,inline,0.00000,0.00000,0.00000,True,5,IND,1,0.62348,0.62348,1,0,1,0.00000,-0.37652,-0.37652,0,1,0,0.00000,1.00000,6
2021101100,2127,46155,Mark Andrews,chip_release,inline,0.00000,0.00000,0.00000,True,5,BAL,1,0.23382,0.23382,1,0,1,0.00000,-0.76618,-0.76618,1,0,0,0.00000,1.00000,5
2021101100,2686,40641,Jack Doyle,pass_block,inline,0.00000,0.00000,0.00000,True,5,IND,0,0.43923,0.48286,1,1,0,0.04364,0.43923,0.48286,0,0,0,0.00000,0.00000,5
2021101100,3148,46155,Mark Andrews,chip_release,inline,0.00000,0.00000,0.00000,True,5,BAL,0,0.24578,0.24578,1,0,1,0.00000,0.24578,0.24578,0,0,0,0.00000,0.00000,5
2021101100,3336,44792,Mo Alie-Cox,pass_block,wing,0.00000,0.00000,0.00000,True,5,IND,0,0.31971,0.33319,1,1,0,0.01347,0.31971,0.33319,0,0,0,0.00000,0.00000,5
2021101100,3598,46155,Mark Andrews,chip_release,inline,0.00000,0.00000,0.00000,True,5,BAL,1,0.23390,0.23390,1,0,1,0.00000,-0.76610,-0.76610,0,1,0,0.00000,1.00000,5
2021101100,3896,40641,Jack Doyle,pass_block,detached,0.00000,0.00000,0.00000,True,5,IND,0,0.19920,0.20092,1,1,0,0.00172,0.19920,0.20092,0,0,0,0.00000,0.00000,6
2021101100,4016,40641,Jack Doyle,pass_block,detached,0.00000,0.00000,0.00000,True,5,IND,0,0.28839,0.29060,1,1,0,0.00220,0.28839,0.29060,0,0,0,0.00000,0.00000,6
2021101100,4161,47852,Josh Oliver,chip_release,inline,0.00000,0.00000,0.00000,True,5,BAL,0,0.41624,0.41624,1,0,1,0.00000,0.41624,0.41624,0,0,0,0.00000,0.00000,5
2021101100,4269,47852,Josh Oliver,chip_release,inline,0.00000,0.00000,0.00000,True,5,BAL,0,0.40464,0.40464,1,0,1,0.00000,0.40464,0.40464,0,0,0,0.00000,0.00000,6
2021101400,145,44831,O.J. Howard,pass_block,inline,0.00000,0.00000,0.00000,True,6,TB,0,0.32907,0.33073,1,1,0,0.00166,0.32907,0.33073,0,0,0,0.00000,0.00000,5
2021101400,500,39983,Zach Ertz,chip_release,detached,0.00000,0.00000,0.00000,True,6,PHI,1,0.45255,0.45255,1,0,1,0.00000,-0.54745,-0.54745,1,1,0,0.00000,2.00000,5
2021101400,627,44831,O.J. Howard,pass_block,inline,0.00000,1.00000,0.00000,True,6,TB,1,0.26338,0.27987,1,1,0,0.01650,-0.73662,-0.72013,0,1,0,1.00000,0.00000,5
2021101400,1143,53946,Jack Stoll,pass_block,inline,0.00000,0.00000,0.00000,True,6,PHI,1,0.46175,0.46361,1,1,0,0.00186,-0.53825,-0.53639,1,0,0,0.00000,0.00000,6
2021101400,1923,42033,Cameron Brate,chip_release,detached,0.00000,0.00000,0.00000,True,6,TB,1,0.39327,0.39327,1,0,1,0.00000,-0.60673,-0.60673,1,0,0,0.00000,0.00000,5
2021101400,2016,39983,Zach Ertz,chip_release,detached,0.00000,0.00000,0.00000,True,6,PHI,1,0.51005,0.51005,1,0,1,0.00000,-0.48995,-0.48995,1,0,0,0.00000,1.00000,5
2021101400,2578,39983,Zach Ertz,pass_block,detached,0.00000,0.00000,0.00000,True,6,PHI,1,0.46996,0.47182,2,2,0,0.00093,-0.26502,-0.26409,0,1,0,0.00000,0.00000,5
2021101400,2578,53946,Jack Stoll,pass_block,inline,0.00000,0.00000,0.00000,True,6,PHI,1,0.46996,0.47182,2,2,0,0.00093,-0.26502,-0.26409,0,1,0,0.00000,0.00000,5
2021101400,2722,39983,Zach Ertz,pass_block,detached,0.00000,0.00000,0.00000,True,6,PHI,1,0.39305,0.41161,1,1,0,0.01856,-0.60695,-0.58839,1,0,0,0.00000,2.00000,6
2021101400,3023,47840,J.J. Arcega-Whiteside,pass_block,detached,1.00000,0.00000,0.00000,True,6,PHI,1,0.77219,0.77868,2,2,0,0.00324,-0.11390,-0.11066,1,1,0,1.00000,0.00000,5
2021101400,3023,53946,Jack Stoll,pass_block,inline,0.00000,0.00000,0.00000,True,6,PHI,1,0.77219,0.77868,2,2,0,0.00324,-0.11390,-0.11066,1,1,0,0.00000,0.00000,5
2021101400,3045,39983,Zach Ertz,pass_block,wing,0.00000,0.00000,0.00000,True,6,PHI,1,0.45702,0.46629,2,2,0,0.00463,-0.27149,-0.26686,1,0,0,0.00000,1.00000,5
2021101400,3045,53946,Jack Stoll,pass_block,inline,0.00000,0.00000,0.00000,True,6,PHI,1,0.45702,0.46629,2,2,0,0.00463,-0.27149,-0.26686,1,0,0,0.00000,1.00000,5
2021101400,3390,39983,Zach Ertz,pass_block,inline,0.00000,0.00000,0.00000,True,6,PHI,0,0.16904,0.18648,1,1,0,0.01744,0.16904,0.18648,0,0,0,0.00000,0.00000,5
2021101400,3509,39983,Zach Ertz,chip_release,inline,0.00000,0.00000,0.00000,True,6,PHI,1,0.50002,0.50002,1,0,1,0.00000,-0.49998,-0.49998,1,0,0,0.00000,0.00000,5
2021101400,3585,39983,Zach Ertz,pass_block,inline,0.00000,0.00000,0.00000,True,6,PHI,0,0.62748,0.69409,1,1,0,0.06661,0.62748,0.69409,0,0,0,0.00000,0.00000,6
2021101700,213,46192,Durham Smythe,pass_block,inline,1.00000,0.00000,0.00000,True,6,MIA,1,0.34345,0.35543,1,1,0,0.01198,-0.65655,-0.64457,1,1,0,1.00000,0.00000,6
2021101700,386,46192,Durham Smythe,pass_block,inline,0.00000,0.00000,0.00000,True,6,MIA,1,0.53160,0.54189,1,1,0,0.01029,-0.46840,-0.45811,1,0,0,0.00000,1.00000,6
2021101700,768,45217,Cethan Carter,pass_block,detached,0.00000,0.00000,0.00000,True,6,MIA,1,0.20303,0.23627,2,2,0,0.01662,-0.39849,-0.38187,1,0,0,0.00000,1.00000,5
2021101700,768,53510,Hunter Long,pass_block,inline,0.00000,0.00000,0.00000,True,6,MIA,1,0.20303,0.23627,2,2,0,0.01662,-0.39849,-0.38187,1,0,0,0.00000,1.00000,5
2021101700,802,46192,Durham Smythe,pass_block,inline,0.00000,0.00000,0.00000,True,6,MIA,1,0.33393,0.34001,1,1,0,0.00608,-0.66607,-0.65999,1,0,0,0.00000,1.00000,5
2021101700,994,42302,Chris Manhertz,pass_block,inline,0.00000,0.00000,0.00000,True,6,JAX,0,0.51926,0.52888,1,1,0,0.00962,0.51926,0.52888,0,0,0,0.00000,0.00000,5
2021101700,1077,45785,Dan Arnold,chip_release,detached,0.00000,0.00000,0.00000,True,6,JAX,1,0.40838,0.40838,1,0,1,0.00000,-0.59162,-0.59162,1,0,0,0.00000,1.00000,5
2021101700,1166,46192,Durham Smythe,pass_block,inline,0.00000,0.00000,0.00000,True,6,MIA,1,0.37617,0.39732,1,1,0,0.02115,-0.62383,-0.60268,0,1,0,0.00000,1.00000,6
2021101700,1337,46192,Durham Smythe,pass_block,inline,0.00000,0.00000,0.00000,True,6,MIA,0,0.32602,0.34503,2,2,0,0.00951,0.16301,0.17252,0,0,0,0.00000,0.00000,5
2021101700,1337,53510,Hunter Long,pass_block,wing,0.00000,0.00000,0.00000,True,6,MIA,0,0.32602,0.34503,2,2,0,0.00951,0.16301,0.17252,0,0,0,0.00000,0.00000,5
2021101700,1438,46192,Durham Smythe,pass_block,inline,0.00000,0.00000,0.00000,True,6,MIA,0,0.18090,0.18223,1,1,0,0.00133,0.18090,0.18223,0,0,0,0.00000,0.00000,6
2021101700,1462,46192,Durham Smythe,chip_release,inline,0.00000,0.00000,0.00000,True,6,MIA,1,0.45371,0.45371,1,0,1,0.00000,-0.54629,-0.54629,1,0,0,0.00000,0.00000,6
2021101700,1621,42302,Chris Manhertz,chip_release,inline,0.00000,0.00000,0.00000,True,6,JAX,0,0.19139,0.19139,1,0,1,0.00000,0.19139,0.19139,0,0,0,0.00000,0.00000,5
2021101700,1693,45785,Dan Arnold,pass_block,detached,0.00000,0.00000,0.00000,True,6,JAX,0,0.27514,0.29073,1,1,0,0.01560,0.27514,0.29073,0,0,0,0.00000,0.00000,5
2021101700,1765,42302,Chris Manhertz,chip_release,inline,0.00000,0.00000,0.00000,True,6,JAX,1,0.74681,0.74681,1,0,1,0.00000,-0.25319,-0.25319,1,0,0,0.00000,1.00000,5
2021101700,1853,45785,Dan Arnold,chip_release,detached,0.00000,0.00000,0.00000,True,6,JAX,1,0.51566,0.51566,1,0,1,0.00000,-0.48434,-0.48434,1,0,0,0.00000,1.00000,6
2021101700,2085,45785,Dan Arnold,pass_block,detached,0.00000,0.00000,0.00000,True,6,JAX,0,0.55864,0.56813,1,1,0,0.00948,0.55864,0.56813,0,0,0,0.00000,0.00000,5
2021101700,2536,45785,Dan Arnold,pass_block,detached,0.00000,1.00000,0.00000,True,6,JAX,1,0.28721,0.28826,1,1,0,0.00105,-0.71279,-0.71174,0,1,0,1.00000,0.00000,5
2021101700,2810,46192,Durham Smythe,chip_release,detached,0.00000,0.00000,0.00000,True,6,MIA,1,0.67075,0.67075,1,0,1,0.00000,-0.32925,-0.32925,1,0,0,0.00000,1.00000,6
2021101700,2904,46192,Durham Smythe,pass_block,detached,0.00000,0.00000,0.00000,True,6,MIA,0,0.24847,0.24942,1,1,0,0.00096,0.24847,0.24942,0,0,0,0.00000,0.00000,5
2021101700,3056,42302,Chris Manhertz,pass_block,inline,0.00000,0.00000,0.00000,True,6,JAX,0,0.42922,0.45643,2,2,0,0.01361,0.21461,0.22821,0,0,0,0.00000,0.00000,5
2021101700,3056,53574,Luke Farrell,pass_block,wing,0.00000,0.00000,0.00000,True,6,JAX,0,0.42922,0.45643,2,2,0,0.01361,0.21461,0.22821,0,0,0,0.00000,0.00000,5
2021101700,3080,42302,Chris Manhertz,chip_release,inline,0.00000,0.00000,0.00000,True,6,JAX,0,0.56299,0.56299,1,0,1,0.00000,0.56299,0.56299,0,0,0,0.00000,0.00000,5
2021101700,3106,42302,Chris Manhertz,pass_block,inline,0.00000,0.00000,0.00000,True,6,JAX,1,0.40414,0.43096,2,2,0,0.01341,-0.29793,-0.28452,1,0,0,0.00000,1.00000,5
2021101700,3106,53574,Luke Farrell,pass_block,inline,0.00000,0.00000,0.00000,True,6,JAX,1,0.40414,0.43096,2,2,0,0.01341,-0.29793,-0.28452,1,0,0,0.00000,1.00000,5
2021101700,3151,42302,Chris Manhertz,pass_block,inline,0.00000,0.00000,0.00000,True,6,JAX,1,0.27113,0.28652,1,1,0,0.01539,-0.72887,-0.71348,0,0,1,0.00000,1.00000,5
2021101700,3180,46192,Durham Smythe,pass_block,inline,0.00000,0.00000,0.00000,True,6,MIA,1,0.22817,0.24947,2,2,0,0.01065,-0.38591,-0.37526,1,0,0,0.00000,0.00000,5
2021101700,3180,53510,Hunter Long,pass_block,wing,0.00000,0.00000,0.00000,True,6,MIA,1,0.22817,0.24947,2,2,0,0.01065,-0.38591,-0.37526,1,0,0,0.00000,0.00000,5
2021101700,3206,42302,Chris Manhertz,pass_block,inline,0.00000,0.00000,0.00000,True,6,JAX,0,0.64240,0.68431,1,1,0,0.04191,0.64240,0.68431,0,0,0,0.00000,0.00000,5
2021101700,3309,53574,Luke Farrell,chip_release,inline,0.00000,0.00000,0.00000,True,6,JAX,0,0.34373,0.34373,1,0,1,0.00000,0.34373,0.34373,0,0,0,0.00000,0.00000,5
2021101700,3503,46192,Durham Smythe,chip_release,inline,0.00000,0.00000,0.00000,True,6,MIA,0,0.35205,0.35205,1,0,1,0.00000,0.35205,0.35205,0,0,0,0.00000,0.00000,6
2021101700,3631,45785,Dan Arnold,pass_block,detached,0.00000,0.00000,0.00000,True,6,JAX,0,0.73455,0.73554,1,1,0,0.00100,0.73455,0.73554,0,0,0,0.00000,0.00000,5
2021101700,3951,42302,Chris Manhertz,pass_block,inline,0.00000,0.00000,0.00000,True,6,JAX,0,0.21774,0.22104,1,1,0,0.00330,0.21774,0.22104,0,0,0,0.00000,0.00000,6
2021101700,3980,45785,Dan Arnold,pass_block,inline,1.00000,0.00000,0.00000,True,6,JAX,1,0.36835,0.37736,1,1,0,0.00902,-0.63165,-0.62264,1,0,0,1.00000,0.00000,5
2021101700,4025,42302,Chris Manhertz,pass_block,inline,0.00000,0.00000,0.00000,True,6,JAX,0,0.25987,0.28128,2,2,0,0.01070,0.12994,0.14064,0,0,0,0.00000,0.00000,5
2021101700,4025,53574,Luke Farrell,pass_block,wing,0.00000,0.00000,0.00000,True,6,JAX,0,0.25987,0.28128,2,2,0,0.01070,0.12994,0.14064,0,0,0,0.00000,0.00000,5
2021101700,4176,46192,Durham Smythe,chip_release,detached,0.00000,0.00000,0.00000,True,6,MIA,0,0.22518,0.22518,1,0,1,0.00000,0.22518,0.22518,0,0,0,0.00000,0.00000,5
2021101701,206,34540,Jared Cook,chip_release,wing,0.00000,0.00000,0.00000,True,6,LAC,0,0.24930,0.25157,2,1,1,0.00113,0.12465,0.12578,0,0,0,0.00000,0.00000,5
2021101701,206,48456,Donald Parham,pass_block,inline,0.00000,0.00000,0.00000,True,6,LAC,0,0.24930,0.25157,2,1,1,0.00113,0.12465,0.12578,0,0,0,0.00000,0.00000,5
2021101701,228,43845,Stephen Anderson,pass_block,inline,0.00000,0.00000,0.00000,True,6,LAC,0,0.30730,0.31356,1,1,0,0.00626,0.30730,0.31356,0,0,0,0.00000,0.00000,5
2021101701,403,42721,Eric Tomlinson,pass_block,inline,0.00000,0.00000,0.00000,True,6,BAL,1,0.39973,0.41175,1,1,0,0.01202,-0.60027,-0.58825,1,0,0,0.00000,1.00000,6
2021101701,459,47852,Josh Oliver,chip_release,inline,0.00000,0.00000,0.00000,True,6,BAL,0,0.41795,0.41795,1,0,1,0.00000,0.41795,0.41795,0,0,0,0.00000,0.00000,5
2021101701,1126,47852,Josh Oliver,chip_release,detached,0.00000,0.00000,0.00000,True,6,BAL,0,0.51775,0.51775,1,0,1,0.00000,0.51775,0.51775,0,0,0,0.00000,0.00000,5
2021101701,1276,34540,Jared Cook,chip_release,detached,0.00000,0.00000,0.00000,True,6,LAC,0,0.51747,0.51747,1,0,1,0.00000,0.51747,0.51747,0,0,0,0.00000,0.00000,6
2021101701,1427,43845,Stephen Anderson,chip_release,backfield,0.00000,0.00000,0.00000,True,6,LAC,1,0.76727,0.76727,1,0,1,0.00000,-0.23273,-0.23273,1,0,0,0.00000,1.00000,5
2021101701,1557,42721,Eric Tomlinson,pass_block,inline,0.00000,0.00000,0.00000,True,6,BAL,0,0.39476,0.40125,1,1,0,0.00649,0.39476,0.40125,0,0,0,0.00000,0.00000,6
2021101701,1630,48456,Donald Parham,pass_block,inline,0.00000,0.00000,0.00000,True,6,LAC,0,0.35149,0.35540,1,1,0,0.00391,0.35149,0.35540,0,0,0,0.00000,0.00000,7
2021101701,1844,46155,Mark Andrews,chip_release,detached,0.00000,0.00000,0.00000,True,6,BAL,1,0.37734,0.37734,1,0,1,0.00000,-0.62266,-0.62266,1,0,1,0.00000,2.00000,5
2021101701,2392,48456,Donald Parham,chip_release,inline,0.00000,0.00000,0.00000,True,6,LAC,1,0.64817,0.64817,1,0,1,0.00000,-0.35183,-0.35183,1,0,0,0.00000,0.00000,6
2021101701,2702,42721,Eric Tomlinson,chip_release,inline,0.00000,0.00000,0.00000,True,6,BAL,0,0.40706,0.40706,1,0,1,0.00000,0.40706,0.40706,0,0,0,0.00000,0.00000,5
2021101701,2947,34540,Jared Cook,pass_block,wing,0.00000,0.00000,0.00000,True,6,LAC,0,0.43144,0.43144,2,1,1,0.00000,0.21572,0.21572,0,0,0,0.00000,0.00000,6
2021101701,2947,48456,Donald Parham,chip_release,inline,0.00000,0.00000,0.00000,True,6,LAC,0,0.43144,0.43144,2,1,1,0.00000,0.21572,0.21572,0,0,0,0.00000,0.00000,6
2021101701,3113,48456,Donald Parham,chip_release,inline,0.00000,0.00000,0.00000,True,6,LAC,1,0.27099,0.27099,1,0,1,0.00000,-0.72901,-0.72901,1,0,0,0.00000,1.00000,5
2021101701,3172,34540,Jared Cook,chip_release,detached,0.00000,0.00000,0.00000,True,6,LAC,0,0.36832,0.36832,1,0,1,0.00000,0.36832,0.36832,0,0,0,0.00000,0.00000,5
2021101701,3476,34540,Jared Cook,pass_block,wing,0.00000,0.00000,0.00000,True,6,LAC,0,0.29337,0.29946,2,1,1,0.00305,0.14668,0.14973,0,0,0,0.00000,0.00000,5
2021101701,3476,48456,Donald Parham,chip_release,inline,0.00000,0.00000,0.00000,True,6,LAC,0,0.29337,0.29946,2,1,1,0.00305,0.14668,0.14973,0,0,0,0.00000,0.00000,5
2021101702,55,46170,Ian Thomas,pass_block,inline,0.00000,0.00000,0.00000,True,6,CAR,0,0.48898,0.48930,2,2,0,0.00016,0.24449,0.24465,0,0,0,0.00000,0.00000,5
2021101702,55,53512,Tommy Tremble,pass_block,detached,0.00000,0.00000,0.00000,True,6,CAR,0,0.48898,0.48930,2,2,0,0.00016,0.24449,0.24465,0,0,0,0.00000,0.00000,5
2021101702,354,46170,Ian Thomas,pass_block,inline,0.00000,0.00000,0.00000,True,6,CAR,1,0.38115,0.38292,2,2,0,0.00088,-0.30942,-0.30854,1,0,0,0.00000,1.00000,5
2021101702,354,53512,Tommy Tremble,pass_block,detached,0.00000,0.00000,0.00000,True,6,CAR,1,0.38115,0.38292,2,2,0,0.00088,-0.30942,-0.30854,1,0,0,0.00000,1.00000,5
2021101702,428,46226,Tyler Conklin,chip_release,inline,0.00000,0.00000,0.00000,True,6,MIN,1,0.20973,0.20973,1,0,1,0.00000,-0.79027,-0.79027,0,1,0,0.00000,1.00000,5
2021101702,606,46226,Tyler Conklin,pass_block,inline,0.00000,0.00000,0.00000,True,6,MIN,1,0.39835,0.40795,1,1,0,0.00960,-0.60165,-0.59205,1,0,0,0.00000,0.00000,5
2021101702,1126,37179,Luke Stocker,pass_block,inline,0.00000,0.00000,0.00000,True,6,MIN,0,0.32380,0.32700,1,1,0,0.00319,0.32380,0.32700,0,0,0,0.00000,0.00000,6
2021101702,2251,46170,Ian Thomas,chip_release,inline,0.00000,0.00000,0.00000,True,6,CAR,1,0.32310,0.32310,1,0,1,0.00000,-0.67690,-0.67690,1,0,0,0.00000,0.00000,6
2021101702,2415,46226,Tyler Conklin,chip_release,inline,0.00000,0.00000,0.00000,True,6,MIN,1,0.51234,0.51234,1,0,1,0.00000,-0.48766,-0.48766,0,1,0,0.00000,1.00000,5
2021101702,2601,46226,Tyler Conklin,chip_release,inline,0.00000,0.00000,0.00000,True,6,MIN,0,0.19643,0.19643,1,0,1,0.00000,0.19643,0.19643,0,0,0,0.00000,0.00000,5
2021101702,2697,46170,Ian Thomas,chip_release,detached,0.00000,0.00000,0.00000,True,6,CAR,0,0.72271,0.72271,1,0,1,0.00000,0.72271,0.72271,0,0,0,0.00000,0.00000,5
2021101702,2774,46170,Ian Thomas,chip_release,detached,0.00000,0.00000,0.00000,True,6,CAR,1,0.41346,0.41346,1,0,1,0.00000,-0.58654,-0.58654,1,0,1,0.00000,2.00000,5
2021101702,2793,46170,Ian Thomas,chip_release,inline,0.00000,0.00000,0.00000,True,6,CAR,0,0.76005,0.76005,1,0,1,0.00000,0.76005,0.76005,0,0,0,0.00000,0.00000,6
2021101702,3255,46170,Ian Thomas,pass_block,inline,0.00000,0.00000,0.00000,True,6,CAR,0,0.34911,0.35081,1,1,0,0.00170,0.34911,0.35081,0,0,0,0.00000,0.00000,5
2021101702,3295,46226,Tyler Conklin,pass_block,inline,0.00000,0.00000,0.00000,True,6,MIN,0,0.42479,0.42510,1,1,0,0.00031,0.42479,0.42510,0,0,0,0.00000,0.00000,5
2021101702,3345,46226,Tyler Conklin,pass_block,inline,0.00000,0.00000,0.00000,True,6,MIN,0,0.20944,0.22763,1,1,0,0.01818,0.20944,0.22763,0,0,0,0.00000,0.00000,6
2021101702,3367,46226,Tyler Conklin,pass_block,inline,0.00000,0.00000,0.00000,True,6,MIN,0,0.26537,0.28194,1,1,0,0.01658,0.26537,0.28194,0,0,0,0.00000,0.00000,6
2021101702,3489,46170,Ian Thomas,chip_release,inline,0.00000,0.00000,0.00000,True,6,CAR,0,0.71672,0.71672,1,0,1,0.00000,0.71672,0.71672,0,0,0,0.00000,0.00000,5
2021101702,3680,46226,Tyler Conklin,pass_block,inline,0.00000,0.00000,0.00000,True,6,MIN,0,0.29255,0.29760,1,1,0,0.00504,0.29255,0.29760,0,0,0,0.00000,0.00000,6
2021101702,4089,46170,Ian Thomas,chip_release,detached,0.00000,0.00000,0.00000,True,6,CAR,0,0.82171,0.82171,1,0,1,0.00000,0.82171,0.82171,0,0,0,0.00000,0.00000,5
2021101702,4412,46170,Ian Thomas,pass_block,inline,0.00000,0.00000,0.00000,True,6,CAR,0,0.24010,0.25565,1,1,0,0.01555,0.24010,0.25565,0,0,0,0.00000,0.00000,5
2021101702,5036,37179,Luke Stocker,pass_block,inline,0.00000,0.00000,0.00000,True,6,MIN,0,0.16747,0.18192,1,1,0,0.01446,0.16747,0.18192,0,0,0,0.00000,0.00000,6
2021101702,5087,37179,Luke Stocker,pass_block,inline,0.00000,0.00000,0.00000,True,6,MIN,0,0.47277,0.47309,1,1,0,0.00032,0.47277,0.47309,0,0,0,0.00000,0.00000,7
2021101702,5133,46226,Tyler Conklin,pass_block,inline,0.00000,0.00000,0.00000,True,6,MIN,0,0.42270,0.44885,1,1,0,0.02615,0.42270,0.44885,0,0,0,0.00000,0.00000,6
2021101703,343,35534,Jimmy Graham,pass_block,inline,0.00000,0.00000,0.00000,True,6,CHI,0,0.45261,0.46783,2,1,1,0.00761,0.22630,0.23391,0,0,0,0.00000,0.00000,5
2021101703,343,52451,Cole Kmet,chip_release,wing,0.00000,0.00000,0.00000,True,6,CHI,0,0.45261,0.46783,2,1,1,0.00761,0.22630,0.23391,0,0,0,0.00000,0.00000,5
2021101703,627,45635,Robert Tonyan,chip_release,detached,0.00000,0.00000,0.00000,True,6,GB,1,0.39077,0.39077,1,0,1,0.00000,-0.60923,-0.60923,1,0,0,0.00000,1.00000,5
2021101703,993,30842,Marcedes Lewis,pass_block,inline,0.00000,0.00000,0.00000,True,6,GB,1,0.41451,0.44960,1,1,0,0.03508,-0.58549,-0.55040,0,1,0,0.00000,1.00000,5
2021101703,1437,52451,Cole Kmet,chip_release,detached,0.00000,0.00000,0.00000,True,6,CHI,1,0.75232,0.75232,1,0,1,0.00000,-0.24768,-0.24768,1,0,1,0.00000,1.00000,5
2021101703,1779,35534,Jimmy Graham,chip_release,wing,0.00000,0.00000,0.00000,True,6,CHI,1,0.79250,0.79250,1,0,1,0.00000,-0.20750,-0.20750,1,0,0,0.00000,1.00000,5
2021101703,2221,42503,Jesse James,pass_block,inline,0.00000,0.00000,0.00000,True,6,CHI,1,0.47993,0.49317,1,1,0,0.01323,-0.52007,-0.50683,1,0,0,0.00000,1.00000,5
2021101703,2243,52451,Cole Kmet,chip_release,inline,0.00000,0.00000,0.00000,True,6,CHI,1,0.72259,0.72259,1,0,1,0.00000,-0.27741,-0.27741,1,0,0,0.00000,1.00000,5
2021101703,2306,30842,Marcedes Lewis,pass_block,wing,0.00000,0.00000,0.00000,True,6,GB,0,0.44374,0.45685,1,1,0,0.01311,0.44374,0.45685,0,0,0,0.00000,0.00000,6
2021101703,2431,52502,Josiah Deguara,pass_block,detached,0.00000,0.00000,0.00000,True,6,GB,0,0.28442,0.29532,1,1,0,0.01090,0.28442,0.29532,0,0,0,0.00000,0.00000,6
2021101703,2535,45635,Robert Tonyan,chip_release,inline,0.00000,0.00000,0.00000,True,6,GB,0,0.40156,0.40156,1,0,1,0.00000,0.40156,0.40156,0,0,0,0.00000,0.00000,5
2021101703,2564,30842,Marcedes Lewis,pass_block,inline,0.00000,0.00000,0.00000,True,6,GB,0,0.36592,0.37829,1,1,0,0.01238,0.36592,0.37829,0,0,0,0.00000,0.00000,5
2021101703,2656,52451,Cole Kmet,pass_block,inline,0.00000,0.00000,0.00000,True,6,CHI,0,0.31555,0.32711,1,1,0,0.01155,0.31555,0.32711,0,0,0,0.00000,0.00000,5
2021101703,2786,52451,Cole Kmet,pass_block,backfield,0.00000,0.00000,0.00000,True,6,CHI,1,0.28579,0.33365,1,1,0,0.04787,-0.71421,-0.66635,1,0,0,0.00000,1.00000,6
2021101703,2810,52451,Cole Kmet,pass_block,inline,0.00000,0.00000,0.00000,True,6,CHI,1,0.24498,0.25038,1,1,0,0.00539,-0.75502,-0.74962,0,1,0,0.00000,0.00000,6
2021101703,2868,30842,Marcedes Lewis,chip_release,wing,0.00000,0.00000,0.00000,True,6,GB,0,0.36987,0.36987,1,0,1,0.00000,0.36987,0.36987,0,0,0,0.00000,0.00000,5
2021101703,2962,52502,Josiah Deguara,chip_release,detached,0.00000,0.00000,0.00000,True,6,GB,1,0.46587,0.46587,1,0,1,0.00000,-0.53413,-0.53413,0,0,1,0.00000,1.00000,5
2021101703,3357,30842,Marcedes Lewis,pass_block,inline,0.00000,0.00000,0.00000,True,6,GB,0,0.54012,0.55325,1,1,0,0.01313,0.54012,0.55325,0,0,0,0.00000,0.00000,6
2021101703,3381,30842,Marcedes Lewis,pass_block,inline,0.00000,0.00000,0.00000,True,6,GB,1,0.36232,0.37465,1,1,0,0.01233,-0.63768,-0.62535,1,0,0,0.00000,2.00000,5
2021101703,3449,30842,Marcedes Lewis,chip_release,wing,0.00000,0.00000,0.00000,True,6,GB,0,0.52050,0.52050,1,0,1,0.00000,0.52050,0.52050,0,0,0,0.00000,0.00000,5
2021101704,210,42500,C.J. Uzomah,pass_block,inline,0.00000,0.00000,0.00000,True,6,CIN,1,0.73583,0.76425,2,2,0,0.01421,-0.13208,-0.11788,1,0,0,0.00000,1.00000,5
2021101704,210,47835,Drew Sample,pass_block,wing,0.00000,0.00000,0.00000,True,6,CIN,1,0.73583,0.76425,2,2,0,0.01421,-0.13208,-0.11788,1,0,0,0.00000,1.00000,5
2021101704,318,42500,C.J. Uzomah,chip_release,inline,0.00000,0.00000,0.00000,True,6,CIN,0,0.25936,0.27433,2,1,1,0.00749,0.12968,0.13716,0,0,0,0.00000,0.00000,5
2021101704,318,47835,Drew Sample,pass_block,inline,0.00000,0.00000,0.00000,True,6,CIN,0,0.25936,0.27433,2,1,1,0.00749,0.12968,0.13716,0,0,0,0.00000,0.00000,5
2021101704,521,42500,C.J. Uzomah,pass_block,wing,0.00000,0.00000,0.00000,True,6,CIN,0,0.27758,0.30901,2,2,0,0.01571,0.13879,0.15450,0,0,0,0.00000,0.00000,5
2021101704,521,47835,Drew Sample,pass_block,inline,0.00000,0.00000,0.00000,True,6,CIN,0,0.27758,0.30901,2,2,0,0.01571,0.13879,0.15450,0,0,0,0.00000,0.00000,5
2021101704,566,47835,Drew Sample,pass_block,inline,0.00000,0.00000,0.00000,True,6,CIN,0,0.49899,0.50025,1,1,0,0.00126,0.49899,0.50025,0,0,0,0.00000,0.00000,6
2021101704,704,42500,C.J. Uzomah,chip_release,inline,0.00000,0.00000,0.00000,True,6,CIN,0,0.26439,0.26439,1,0,1,0.00000,0.26439,0.26439,0,0,0,0.00000,0.00000,5
2021101704,746,47791,T.J. Hockenson,pass_block,inline,0.00000,0.00000,1.00000,True,6,DET,1,0.30822,0.31406,1,1,0,0.00583,-0.69178,-0.68594,0,0,1,1.00000,0.00000,5
2021101704,903,42500,C.J. Uzomah,chip_release,detached,0.00000,0.00000,0.00000,True,6,CIN,0,0.53571,0.53571,1,0,1,0.00000,0.53571,0.53571,0,0,0,0.00000,0.00000,6
2021101704,1264,47835,Drew Sample,pass_block,wing,0.00000,0.00000,0.00000,True,6,CIN,0,0.28715,0.29431,1,1,0,0.00717,0.28715,0.29431,0,0,0,0.00000,0.00000,6
2021101704,1867,42500,C.J. Uzomah,chip_release,inline,0.00000,0.00000,0.00000,True,6,CIN,0,0.26928,0.26928,1,0,1,0.00000,0.26928,0.26928,0,0,0,0.00000,0.00000,6
2021101704,1889,42500,C.J. Uzomah,chip_release,detached,0.00000,0.00000,0.00000,True,6,CIN,0,0.38268,0.38268,1,0,1,0.00000,0.38268,0.38268,0,0,0,0.00000,0.00000,5
2021101704,1913,42500,C.J. Uzomah,chip_release,inline,0.00000,0.00000,0.00000,True,6,CIN,0,0.26041,0.26041,1,0,1,0.00000,0.26041,0.26041,0,0,0,0.00000,0.00000,5
2021101704,2191,42500,C.J. Uzomah,chip_release,inline,0.00000,0.00000,0.00000,True,6,CIN,0,0.16043,0.16043,1,0,1,0.00000,0.16043,0.16043,0,0,0,0.00000,0.00000,5
2021101704,2260,47835,Drew Sample,pass_block,inline,0.00000,0.00000,0.00000,True,6,CIN,0,0.16327,0.17060,1,1,0,0.00733,0.16327,0.17060,0,0,0,0.00000,0.00000,5
2021101704,2631,47835,Drew Sample,chip_release,inline,0.00000,0.00000,0.00000,True,6,CIN,0,0.46425,0.46425,1,0,1,0.00000,0.46425,0.46425,0,0,0,0.00000,0.00000,5
2021101704,2809,47791,T.J. Hockenson,chip_release,inline,0.00000,0.00000,0.00000,True,6,DET,1,0.38440,0.38440,1,0,1,0.00000,-0.61560,-0.61560,0,1,0,0.00000,0.00000,5
2021101704,2948,47835,Drew Sample,pass_block,inline,0.00000,0.00000,0.00000,True,6,CIN,0,0.42539,0.45159,1,1,0,0.02620,0.42539,0.45159,0,0,0,0.00000,0.00000,6
2021101704,3012,42500,C.J. Uzomah,chip_release,inline,0.00000,0.00000,0.00000,True,6,CIN,1,0.31923,0.31923,1,0,1,0.00000,-0.68077,-0.68077,0,0,1,0.00000,1.00000,5
2021101705,206,44792,Mo Alie-Cox,pass_block,inline,0.00000,0.00000,1.00000,True,6,IND,1,0.72693,0.72981,1,1,0,0.00288,-0.27307,-0.27019,0,0,1,1.00000,0.00000,5
2021101705,585,46167,Jordan Akins,chip_release,inline,0.00000,0.00000,0.00000,True,6,HOU,1,0.55382,0.55382,1,0,1,0.00000,-0.44618,-0.44618,1,0,1,0.00000,1.00000,6
2021101705,861,45321,Antony Auclair,pass_block,backfield,0.00000,0.00000,0.00000,True,6,HOU,0,0.15609,0.15765,2,2,0,0.00078,0.07804,0.07883,0,0,0,0.00000,0.00000,6
2021101705,861,45339,Pharaoh Brown,pass_block,inline,0.00000,0.00000,0.00000,True,6,HOU,0,0.15609,0.15765,2,2,0,0.00078,0.07804,0.07883,0,0,0,0.00000,0.00000,6
2021101705,988,40641,Jack Doyle,pass_block,inline,0.00000,0.00000,0.00000,True,6,IND,0,0.37586,0.37927,1,1,0,0.00342,0.37586,0.37927,0,0,0,0.00000,0.00000,5
2021101705,1135,45321,Antony Auclair,pass_block,inline,0.00000,0.00000,0.00000,True,6,HOU,0,0.31234,0.31548,2,2,0,0.00157,0.15617,0.15774,0,0,0,0.00000,0.00000,6
2021101705,1135,45339,Pharaoh Brown,pass_block,wing,0.00000,0.00000,0.00000,True,6,HOU,0,0.31234,0.31548,2,2,0,0.00157,0.15617,0.15774,0,0,0,0.00000,0.00000,6
2021101705,1180,45321,Antony Auclair,pass_block,backfield,0.00000,0.00000,0.00000,True,6,HOU,0,0.29014,0.29186,1,1,0,0.00172,0.29014,0.29186,0,0,0,0.00000,0.00000,5
2021101705,1204,45339,Pharaoh Brown,pass_block,inline,0.00000,0.00000,0.00000,True,6,HOU,1,0.21168,0.22277,1,1,0,0.01109,-0.78832,-0.77723,1,0,0,0.00000,0.00000,5
2021101705,1228,45321,Antony Auclair,pass_block,inline,0.00000,0.00000,0.00000,True,6,HOU,1,0.37649,0.39510,2,2,0,0.00930,-0.31175,-0.30245,0,1,0,0.00000,0.00000,5
2021101705,1228,45339,Pharaoh Brown,pass_block,wing,0.00000,0.00000,0.00000,True,6,HOU,1,0.37649,0.39510,2,2,0,0.00930,-0.31175,-0.30245,0,1,0,0.00000,0.00000,5
2021101705,1674,44792,Mo Alie-Cox,chip_release,detached,0.00000,0.00000,0.00000,True,6,IND,0,0.42379,0.42379,1,0,1,0.00000,0.42379,0.42379,0,0,0,0.00000,0.00000,6
2021101705,2194,44792,Mo Alie-Cox,chip_release,detached,0.00000,0.00000,0.00000,True,6,IND,1,0.73723,0.73723,1,0,1,0.00000,-0.26277,-0.26277,1,0,1,0.00000,1.00000,5
2021101705,2243,45321,Antony Auclair,pass_block,inline,0.00000,0.00000,0.00000,True,6,HOU,0,0.31181,0.31494,2,2,0,0.00157,0.15591,0.15747,0,0,0,0.00000,0.00000,5
2021101705,2243,45339,Pharaoh Brown,pass_block,inline,0.00000,0.00000,0.00000,True,6,HOU,0,0.31181,0.31494,2,2,0,0.00157,0.15591,0.15747,0,0,0,0.00000,0.00000,5
2021101705,2374,45321,Antony Auclair,pass_block,inline,0.00000,0.00000,0.00000,True,6,HOU,0,0.30870,0.31181,1,1,0,0.00311,0.30870,0.31181,0,0,0,0.00000,0.00000,5
2021101705,2673,45339,Pharaoh Brown,pass_block,inline,0.00000,0.00000,0.00000,True,6,HOU,0,0.16929,0.17095,1,1,0,0.00167,0.16929,0.17095,0,0,0,0.00000,0.00000,5
2021101705,2739,46167,Jordan Akins,pass_block,backfield,0.00000,0.00000,0.00000,True,6,HOU,0,0.45442,0.45649,1,1,0,0.00207,0.45442,0.45649,0,0,0,0.00000,0.00000,5
2021101705,2863,45321,Antony Auclair,chip_release,backfield,0.00000,0.00000,0.00000,True,6,HOU,1,0.37479,0.37479,1,0,1,0.00000,-0.62521,-0.62521,0,1,0,0.00000,1.00000,6
2021101705,2947,46167,Jordan Akins,chip_release,inline,0.00000,0.00000,0.00000,True,6,HOU,1,0.75264,0.75264,1,0,1,0.00000,-0.24736,-0.24736,0,1,0,0.00000,0.00000,6
2021101705,3233,45321,Antony Auclair,pass_block,wing,0.00000,0.00000,0.00000,True,6,HOU,0,0.32927,0.34306,2,2,0,0.00689,0.16464,0.17153,0,0,0,0.00000,0.00000,5
2021101705,3233,46167,Jordan Akins,pass_block,inline,0.00000,0.00000,0.00000,True,6,HOU,0,0.32927,0.34306,2,2,0,0.00689,0.16464,0.17153,0,0,0,0.00000,0.00000,5
2021101706,73,37118,Kyle Rudolph,pass_block,inline,0.00000,0.00000,0.00000,True,6,NYG,1,0.44312,0.44985,1,1,0,0.00673,-0.55688,-0.55015,0,1,1,0.00000,2.00000,5
2021101706,123,44835,Evan Engram,chip_release,detached,0.00000,0.00000,0.00000,True,6,NYG,1,0.51636,0.51636,1,0,1,0.00000,-0.48364,-0.48364,1,0,0,0.00000,1.00000,5
2021101706,512,43399,Tyler Higbee,chip_release,inline,0.00000,0.00000,0.00000,True,6,LA,0,0.37782,0.37782,1,0,1,0.00000,0.37782,0.37782,0,0,0,0.00000,0.00000,6
2021101706,562,43399,Tyler Higbee,chip_release,inline,0.00000,0.00000,0.00000,True,6,LA,0,0.32775,0.32775,1,0,1,0.00000,0.32775,0.32775,0,0,0,0.00000,0.00000,5
2021101706,586,43399,Tyler Higbee,pass_block,inline,0.00000,0.00000,0.00000,True,6,LA,0,0.27419,0.31518,1,1,0,0.04099,0.27419,0.31518,0,0,0,0.00000,0.00000,5
2021101706,629,43399,Tyler Higbee,chip_release,detached,0.00000,0.00000,0.00000,True,6,LA,1,0.41753,0.41753,1,0,1,0.00000,-0.58247,-0.58247,0,0,1,0.00000,1.00000,5
2021101706,667,47959,Kaden Smith,chip_release,inline,0.00000,0.00000,0.00000,True,6,NYG,1,0.33196,0.33196,1,0,1,0.00000,-0.66804,-0.66804,1,0,0,0.00000,1.00000,5
2021101706,819,37118,Kyle Rudolph,pass_block,wing,1.00000,0.00000,0.00000,True,6,NYG,1,0.63818,0.64703,2,2,0,0.00443,-0.18091,-0.17648,1,0,0,1.00000,0.00000,5
2021101706,819,47959,Kaden Smith,pass_block,inline,0.00000,0.00000,0.00000,True,6,NYG,1,0.63818,0.64703,2,2,0,0.00443,-0.18091,-0.17648,1,0,0,0.00000,0.00000,5
2021101706,936,43399,Tyler Higbee,pass_block,inline,0.00000,0.00000,0.00000,True,6,LA,0,0.27797,0.32415,2,2,0,0.02309,0.13899,0.16208,0,0,0,0.00000,0.00000,5
2021101706,936,45094,Johnny Mundt,pass_block,inline,0.00000,0.00000,0.00000,True,6,LA,0,0.27797,0.32415,2,2,0,0.02309,0.13899,0.16208,0,0,0,0.00000,0.00000,5
2021101706,1492,45094,Johnny Mundt,pass_block,inline,0.00000,0.00000,0.00000,True,6,LA,1,0.52521,0.60101,1,1,0,0.07581,-0.47479,-0.39899,1,0,0,0.00000,1.00000,5
2021101706,1589,43399,Tyler Higbee,pass_block,inline,0.00000,0.00000,0.00000,True,6,LA,0,0.43001,0.43949,1,1,0,0.00947,0.43001,0.43949,0,0,0,0.00000,0.00000,5
2021101706,1778,43399,Tyler Higbee,pass_block,inline,0.00000,0.00000,0.00000,True,6,LA,1,0.44727,0.45585,1,1,0,0.00858,-0.55273,-0.54415,1,0,0,0.00000,1.00000,5
2021101706,2037,37118,Kyle Rudolph,chip_release,wing,0.00000,0.00000,0.00000,True,6,NYG,0,0.23591,0.23591,1,0,1,0.00000,0.23591,0.23591,0,0,0,0.00000,0.00000,5
2021101706,2436,44835,Evan Engram,chip_release,detached,0.00000,0.00000,0.00000,True,6,NYG,0,0.23251,0.23251,1,0,1,0.00000,0.23251,0.23251,0,0,0,0.00000,0.00000,5
2021101706,2472,43399,Tyler Higbee,chip_release,inline,0.00000,0.00000,0.00000,True,6,LA,0,0.14755,0.14755,1,0,1,0.00000,0.14755,0.14755,0,0,0,0.00000,0.00000,5
2021101706,2513,43399,Tyler Higbee,chip_release,inline,0.00000,0.00000,0.00000,True,6,LA,0,0.20289,0.20289,1,0,1,0.00000,0.20289,0.20289,0,0,0,0.00000,0.00000,5
2021101706,3245,43399,Tyler Higbee,chip_release,inline,0.00000,0.00000,0.00000,True,6,LA,0,0.27406,0.27406,1,0,1,0.00000,0.27406,0.27406,0,0,0,0.00000,0.00000,5
2021101706,3308,43399,Tyler Higbee,chip_release,inline,0.00000,0.00000,0.00000,True,6,LA,0,0.48861,0.48861,1,0,1,0.00000,0.48861,0.48861,0,0,0,0.00000,0.00000,5
2021101706,3371,37118,Kyle Rudolph,pass_block,inline,0.00000,0.00000,0.00000,True,6,NYG,0,0.23278,0.23370,2,2,0,0.00046,0.11639,0.11685,0,0,0,0.00000,0.00000,5
2021101706,3371,44835,Evan Engram,pass_block,wing,0.00000,0.00000,0.00000,True,6,NYG,0,0.23278,0.23370,2,2,0,0.00046,0.11639,0.11685,0,0,0,0.00000,0.00000,5
2021101706,3633,37118,Kyle Rudolph,chip_release,wing,0.00000,0.00000,0.00000,True,6,NYG,1,0.26816,0.28602,2,1,1,0.00893,-0.36592,-0.35699,1,0,0,0.00000,1.00000,5
2021101706,3633,47959,Kaden Smith,pass_block,inline,0.00000,0.00000,0.00000,True,6,NYG,1,0.26816,0.28602,2,1,1,0.00893,-0.36592,-0.35699,1,0,0,0.00000,1.00000,5
2021101707,306,40011,Travis Kelce,chip_release,inline,0.00000,0.00000,0.00000,True,6,KC,0,0.22122,0.22456,2,1,1,0.00167,0.11061,0.11228,0,0,0,0.00000,0.00000,6
2021101707,306,53591,Noah Gray,pass_block,inline,0.00000,0.00000,0.00000,True,6,KC,0,0.22122,0.22456,2,1,1,0.00167,0.11061,0.11228,0,0,0,0.00000,0.00000,6
2021101707,661,45481,Ricky Seals-Jones,pass_block,backfield,0.00000,0.00000,0.00000,True,6,WAS,0,0.51335,0.51558,1,1,0,0.00223,0.51335,0.51558,0,0,0,0.00000,0.00000,6
2021101707,881,40011,Travis Kelce,pass_block,inline,0.00000,0.00000,0.00000,True,6,KC,0,0.25353,0.25871,1,1,0,0.00519,0.25353,0.25871,0,0,0,0.00000,0.00000,5
2021101707,1019,40011,Travis Kelce,chip_release,detached,0.00000,0.00000,0.00000,True,6,KC,1,0.28313,0.28869,2,1,1,0.00278,-0.35843,-0.35565,0,1,0,0.00000,1.00000,5
2021101707,1019,53591,Noah Gray,pass_block,inline,0.00000,0.00000,0.00000,True,6,KC,1,0.28313,0.28869,2,1,1,0.00278,-0.35843,-0.35565,0,1,0,0.00000,1.00000,5
2021101707,1041,53591,Noah Gray,pass_block,inline,0.00000,0.00000,0.00000,True,6,KC,0,0.31113,0.31699,1,1,0,0.00586,0.31113,0.31699,0,0,0,0.00000,0.00000,5
2021101707,1536,45481,Ricky Seals-Jones,chip_release,inline,0.00000,0.00000,0.00000,True,6,WAS,0,0.22181,0.22181,1,0,1,0.00000,0.22181,0.22181,0,0,0,0.00000,0.00000,5
2021101707,1789,45481,Ricky Seals-Jones,chip_release,detached,0.00000,0.00000,0.00000,True,6,WAS,0,0.61030,0.61030,1,0,1,0.00000,0.61030,0.61030,0,0,0,0.00000,0.00000,5
2021101707,2130,48683,Joe Fortson,pass_block,inline,0.00000,0.00000,0.00000,True,6,KC,0,0.20775,0.20860,1,1,0,0.00084,0.20775,0.20860,0,0,0,0.00000,0.00000,6
2021101707,2152,40011,Travis Kelce,chip_release,detached,0.00000,0.00000,0.00000,True,6,KC,0,0.34262,0.34262,1,0,1,0.00000,0.34262,0.34262,0,0,0,0.00000,0.00000,5
2021101707,2535,45481,Ricky Seals-Jones,chip_release,wing,0.00000,0.00000,0.00000,True,6,WAS,0,0.50729,0.50729,1,0,1,0.00000,0.50729,0.50729,0,0,0,0.00000,0.00000,5
2021101707,2714,40011,Travis Kelce,chip_release,inline,0.00000,0.00000,0.00000,True,6,KC,0,0.38701,0.38701,1,0,1,0.00000,0.38701,0.38701,0,0,0,0.00000,0.00000,5
2021101707,3555,45481,Ricky Seals-Jones,pass_block,detached,0.00000,0.00000,0.00000,True,6,WAS,0,0.27196,0.27966,1,1,0,0.00770,0.27196,0.27966,0,0,0,0.00000,0.00000,5
2021101707,3770,40011,Travis Kelce,chip_release,detached,0.00000,0.00000,0.00000,True,6,KC,1,0.71741,0.71741,1,0,1,0.00000,-0.28259,-0.28259,1,0,0,0.00000,1.00000,5
2021101707,3837,53591,Noah Gray,chip_release,detached,0.00000,0.00000,0.00000,True,6,KC,1,0.49124,0.49124,1,0,1,0.00000,-0.50876,-0.50876,1,0,0,0.00000,1.00000,5
2021101708,198,45142,Darrell Daniels,chip_release,detached,0.00000,0.00000,0.00000,True,6,ARI,1,0.74619,0.74619,1,0,1,0.00000,-0.25381,-0.25381,1,0,0,0.00000,1.00000,6
2021101708,631,43370,Austin Hooper,chip_release,inline,0.00000,0.00000,0.00000,True,6,CLE,0,0.25422,0.25422,1,0,1,0.00000,0.25422,0.25422,0,0,0,0.00000,0.00000,5
2021101708,666,43370,Austin Hooper,chip_release,inline,0.00000,0.00000,0.00000,True,6,CLE,0,0.22844,0.22844,1,0,1,0.00000,0.22844,0.22844,0,0,0,0.00000,0.00000,5
2021101708,824,45142,Darrell Daniels,chip_release,inline,0.00000,0.00000,0.00000,True,6,ARI,1,0.41737,0.41737,1,0,1,0.00000,-0.58263,-0.58263,1,0,0,0.00000,1.00000,6
2021101708,902,45142,Darrell Daniels,chip_release,inline,0.00000,0.00000,0.00000,True,6,ARI,1,0.23734,0.23734,1,0,1,0.00000,-0.76266,-0.76266,1,0,0,0.00000,1.00000,5
2021101708,1500,44841,David Njoku,chip_release,inline,0.00000,0.00000,0.00000,True,6,CLE,0,0.22097,0.22097,1,0,1,0.00000,0.22097,0.22097,0,0,0,0.00000,0.00000,5
2021101708,1545,44841,David Njoku,chip_release,inline,0.00000,0.00000,0.00000,True,6,CLE,0,0.41347,0.41347,1,0,1,0.00000,0.41347,0.41347,0,0,0,0.00000,0.00000,5
2021101708,1703,43370,Austin Hooper,pass_block,inline,0.00000,0.00000,0.00000,True,6,CLE,0,0.33024,0.33190,1,1,0,0.00166,0.33024,0.33190,0,0,0,0.00000,0.00000,6
2021101708,2038,40615,Demetrius Harris,pass_block,inline,0.00000,0.00000,0.00000,True,6,ARI,1,0.26822,0.26848,1,1,0,0.00025,-0.73178,-0.73152,1,0,0,0.00000,0.00000,5
2021101708,2319,44841,David Njoku,chip_release,inline,0.00000,0.00000,0.00000,True,6,CLE,0,0.27440,0.27440,1,0,1,0.00000,0.27440,0.27440,0,0,0,0.00000,0.00000,5
2021101708,2341,44841,David Njoku,pass_block,inline,0.00000,0.00000,0.00000,True,6,CLE,0,0.26614,0.28746,1,1,0,0.02132,0.26614,0.28746,0,0,0,0.00000,0.00000,6
2021101708,2500,45142,Darrell Daniels,pass_block,inline,0.00000,0.00000,1.00000,True,6,ARI,1,0.41706,0.41737,1,1,0,0.00031,-0.58294,-0.58263,0,0,1,1.00000,0.00000,6
2021101708,2615,52523,Harrison Bryant,chip_release,inline,0.00000,0.00000,0.00000,True,6,CLE,1,0.36200,0.36200,1,0,1,0.00000,-0.63800,-0.63800,0,0,1,0.00000,0.00000,5
2021101708,2737,40615,Demetrius Harris,pass_block,inline,0.00000,0.00000,0.00000,True,6,ARI,0,0.29949,0.30107,1,1,0,0.00157,0.29949,0.30107,0,0,0,0.00000,0.00000,6
2021101708,2894,44841,David Njoku,pass_block,inline,1.00000,0.00000,0.00000,True,6,CLE,1,0.72275,0.72425,1,1,0,0.00150,-0.27725,-0.27575,1,0,0,1.00000,0.00000,5
2021101708,3260,43370,Austin Hooper,chip_release,backfield,0.00000,0.00000,0.00000,True,6,CLE,1,0.31879,0.31879,1,0,1,0.00000,-0.68121,-0.68121,1,0,0,0.00000,1.00000,5
2021101708,3284,43370,Austin Hooper,pass_block,inline,1.00000,0.00000,0.00000,True,6,CLE,1,0.35105,0.37028,1,1,0,0.01923,-0.64895,-0.62972,1,0,0,1.00000,0.00000,5
2021101708,3308,43370,Austin Hooper,chip_release,inline,0.00000,0.00000,0.00000,True,6,CLE,0,0.56037,0.56633,2,1,1,0.00298,0.28018,0.28317,0,0,0,0.00000,0.00000,6
2021101708,3308,52523,Harrison Bryant,pass_block,backfield,0.00000,0.00000,0.00000,True,6,CLE,0,0.56037,0.56633,2,1,1,0.00298,0.28018,0.28317,0,0,0,0.00000,0.00000,6
2021101708,3379,43370,Austin Hooper,chip_release,inline,0.00000,0.00000,0.00000,True,6,CLE,0,0.57776,0.57776,1,0,1,0.00000,0.57776,0.57776,0,0,0,0.00000,0.00000,5
2021101708,3656,40615,Demetrius Harris,pass_block,inline,0.00000,0.00000,0.00000,True,6,ARI,0,0.43400,0.43431,1,1,0,0.00031,0.43400,0.43431,0,0,0,0.00000,0.00000,6
2021101709,55,42547,Darren Waller,pass_block,inline,0.00000,0.00000,0.00000,True,6,LV,0,0.30457,0.36366,1,1,0,0.05909,0.30457,0.36366,0,0,0,0.00000,0.00000,6
2021101709,126,42547,Darren Waller,pass_block,inline,0.00000,0.00000,0.00000,True,6,LV,1,0.18976,0.20685,1,1,0,0.01709,-0.81024,-0.79315,0,1,0,0.00000,1.00000,5
2021101709,278,44987,Eric Saubert,pass_block,inline,0.00000,0.00000,0.00000,True,6,DEN,1,0.28291,0.28311,2,2,0,0.00010,-0.35854,-0.35845,1,0,0,0.00000,0.00000,5
2021101709,278,47803,Noah Fant,pass_block,inline,0.00000,0.00000,0.00000,True,6,DEN,1,0.28291,0.28311,2,2,0,0.00010,-0.35854,-0.35845,1,0,0,0.00000,0.00000,5
2021101709,374,47803,Noah Fant,chip_release,inline,0.00000,0.00000,0.00000,True,6,DEN,1,0.49927,0.49927,1,0,1,0.00000,-0.50073,-0.50073,1,0,0,0.00000,2.00000,5
2021101709,398,47803,Noah Fant,pass_block,inline,1.00000,0.00000,0.00000,True,6,DEN,1,0.58344,0.58828,1,1,0,0.00484,-0.41656,-0.41172,1,0,0,1.00000,1.00000,6
2021101709,703,42547,Darren Waller,pass_block,inline,0.00000,0.00000,0.00000,True,6,LV,1,0.44444,0.45591,1,1,0,0.01148,-0.55556,-0.54409,1,0,0,0.00000,1.00000,6
2021101709,813,47803,Noah Fant,pass_block,inline,0.00000,0.00000,0.00000,True,6,DEN,1,0.38955,0.38978,1,1,0,0.00023,-0.61045,-0.61022,0,1,0,0.00000,2.00000,5
2021101709,1113,47803,Noah Fant,chip_release,inline,0.00000,0.00000,0.00000,True,6,DEN,0,0.33960,0.33960,1,0,1,0.00000,0.33960,0.33960,0,0,0,0.00000,0.00000,5
2021101709,1153,47920,Foster Moreau,pass_block,inline,0.00000,0.00000,0.00000,True,6,LV,0,0.33781,0.39964,1,1,0,0.06183,0.33781,0.39964,0,0,0,0.00000,0.00000,6
2021101709,1332,44987,Eric Saubert,pass_block,inline,0.00000,0.00000,0.00000,True,6,DEN,0,0.20450,0.21619,2,1,1,0.00585,0.10225,0.10809,0,0,0,0.00000,0.00000,5
2021101709,1332,47803,Noah Fant,chip_release,wing,0.00000,0.00000,0.00000,True,6,DEN,0,0.20450,0.21619,2,1,1,0.00585,0.10225,0.10809,0,0,0,0.00000,0.00000,5
2021101709,1422,44987,Eric Saubert,pass_block,inline,1.00000,0.00000,0.00000,True,6,DEN,1,0.73218,0.73236,2,2,0,0.00009,-0.13391,-0.13382,1,1,0,1.00000,0.00000,5
2021101709,1422,47803,Noah Fant,pass_block,inline,1.00000,0.00000,0.00000,True,6,DEN,1,0.73218,0.73236,2,2,0,0.00009,-0.13391,-0.13382,1,1,0,1.00000,0.00000,5
2021101709,1444,47803,Noah Fant,chip_release,inline,0.00000,0.00000,0.00000,True,6,DEN,1,0.28053,0.28053,1,0,1,0.00000,-0.71947,-0.71947,0,0,1,0.00000,1.00000,5
2021101709,1544,47920,Foster Moreau,pass_block,inline,0.00000,0.00000,0.00000,True,6,LV,0,0.26391,0.26600,1,1,0,0.00209,0.26391,0.26600,0,0,0,0.00000,0.00000,5
2021101709,1568,42547,Darren Waller,pass_block,wing,0.00000,0.00000,0.00000,True,6,LV,1,0.82329,0.83203,2,2,0,0.00437,-0.08835,-0.08398,1,0,0,0.00000,0.00000,5
2021101709,1568,47920,Foster Moreau,pass_block,inline,0.00000,0.00000,0.00000,True,6,LV,1,0.82329,0.83203,2,2,0,0.00437,-0.08835,-0.08398,1,0,0,0.00000,0.00000,5
2021101709,1826,47803,Noah Fant,chip_release,inline,0.00000,0.00000,0.00000,True,6,DEN,0,0.18171,0.18171,1,0,1,0.00000,0.18171,0.18171,0,0,0,0.00000,0.00000,5
2021101709,2581,47803,Noah Fant,chip_release,inline,0.00000,0.00000,0.00000,True,6,DEN,1,0.40204,0.40204,1,0,1,0.00000,-0.59796,-0.59796,1,0,1,0.00000,0.00000,6
2021101709,2715,42547,Darren Waller,chip_release,inline,0.00000,0.00000,0.00000,True,6,LV,1,0.41748,0.41748,1,0,1,0.00000,-0.58252,-0.58252,1,1,0,0.00000,2.00000,5
2021101709,2778,47803,Noah Fant,chip_release,inline,0.00000,0.00000,0.00000,True,6,DEN,0,0.33293,0.33293,1,0,1,0.00000,0.33293,0.33293,0,0,0,0.00000,0.00000,5
2021101709,3305,47803,Noah Fant,chip_release,inline,0.00000,0.00000,0.00000,True,6,DEN,0,0.18497,0.18497,1,0,1,0.00000,0.18497,0.18497,0,0,0,0.00000,0.00000,5
2021101709,3689,47803,Noah Fant,chip_release,inline,0.00000,0.00000,0.00000,True,6,DEN,0,0.22710,0.22710,1,0,1,0.00000,0.22710,0.22710,0,0,0,0.00000,0.00000,5
2021101709,4233,47803,Noah Fant,chip_release,inline,0.00000,0.00000,0.00000,True,6,DEN,1,0.36625,0.36625,1,0,1,0.00000,-0.63375,-0.63375,1,0,0,0.00000,1.00000,5
2021101709,4257,47803,Noah Fant,chip_release,inline,0.00000,0.00000,0.00000,True,6,DEN,0,0.45799,0.45799,1,0,1,0.00000,0.45799,0.45799,0,0,0,0.00000,0.00000,5
2021101710,118,45532,Blake Jarwin,pass_block,wing,0.00000,0.00000,0.00000,True,6,DAL,0,0.66031,0.67013,2,2,0,0.00491,0.33016,0.33507,0,0,0,0.00000,0.00000,5
2021101710,118,46206,Dalton Schultz,pass_block,inline,0.00000,0.00000,0.00000,True,6,DAL,0,0.66031,0.67013,2,2,0,0.00491,0.33016,0.33507,0,0,0,0.00000,0.00000,5
2021101710,373,44967,Jeremy Sprinkle,pass_block,inline,0.00000,0.00000,0.00000,True,6,DAL,0,0.24212,0.26472,1,1,0,0.02260,0.24212,0.26472,0,0,0,0.00000,0.00000,6
2021101710,607,43324,Hunter Henry,chip_release,detached,0.00000,0.00000,0.00000,True,6,NE,0,0.32113,0.32113,1,0,1,0.00000,0.32113,0.32113,0,0,0,0.00000,0.00000,5
2021101710,719,46206,Dalton Schultz,pass_block,inline,0.00000,0.00000,0.00000,True,6,DAL,0,0.28641,0.29242,1,1,0,0.00601,0.28641,0.29242,0,0,0,0.00000,0.00000,5
2021101710,799,46206,Dalton Schultz,chip_release,inline,0.00000,0.00000,0.00000,True,6,DAL,1,0.83388,0.83388,1,0,1,0.00000,-0.16612,-0.16612,1,0,0,0.00000,2.00000,6
2021101710,971,45532,Blake Jarwin,pass_block,inline,0.00000,0.00000,0.00000,True,6,DAL,0,0.33484,0.34138,1,1,0,0.00654,0.33484,0.34138,0,0,0,0.00000,0.00000,5
2021101710,1146,43324,Hunter Henry,chip_release,detached,0.00000,0.00000,0.00000,True,6,NE,0,0.70468,0.70468,1,0,1,0.00000,0.70468,0.70468,0,0,0,0.00000,0.00000,5
2021101710,1202,44912,Jonnu Smith,chip_release,detached,0.00000,0.00000,0.00000,True,6,NE,1,0.40638,0.40638,1,0,1,0.00000,-0.59362,-0.59362,1,0,0,0.00000,1.00000,6
2021101710,1247,43324,Hunter Henry,pass_block,detached,0.00000,0.00000,0.00000,True,6,NE,0,0.70590,0.71149,1,1,0,0.00559,0.70590,0.71149,0,0,0,0.00000,0.00000,5
2021101710,1312,46206,Dalton Schultz,pass_block,inline,0.00000,0.00000,0.00000,True,6,DAL,0,0.28641,0.29242,1,1,0,0.00601,0.28641,0.29242,0,0,0,0.00000,0.00000,5
2021101710,1604,44912,Jonnu Smith,pass_block,inline,0.00000,0.00000,0.00000,True,6,NE,1,0.32964,0.33836,1,1,0,0.00871,-0.67036,-0.66164,1,0,0,0.00000,1.00000,5
2021101710,2400,45532,Blake Jarwin,pass_block,wing,0.00000,0.00000,0.00000,True,6,DAL,0,0.39965,0.40669,2,1,1,0.00352,0.19983,0.20334,0,0,0,0.00000,0.00000,5
2021101710,2400,46206,Dalton Schultz,chip_release,inline,0.00000,0.00000,0.00000,True,6,DAL,0,0.39965,0.40669,2,1,1,0.00352,0.19983,0.20334,0,0,0,0.00000,0.00000,5
2021101710,2540,46206,Dalton Schultz,chip_release,inline,0.00000,0.00000,0.00000,True,6,DAL,0,0.26573,0.26573,1,0,1,0.00000,0.26573,0.26573,0,0,0,0.00000,0.00000,5
2021101710,2630,45532,Blake Jarwin,pass_block,wing,0.00000,1.00000,0.00000,True,6,DAL,1,0.72364,0.72841,2,2,0,0.00238,-0.13818,-0.13580,0,1,0,1.00000,0.00000,5
2021101710,2630,46206,Dalton Schultz,pass_block,inline,0.00000,1.00000,0.00000,True,6,DAL,1,0.72364,0.72841,2,2,0,0.00238,-0.13818,-0.13580,0,1,0,1.00000,0.00000,5
2021101710,3276,43324,Hunter Henry,pass_block,detached,0.00000,1.00000,0.00000,True,6,NE,1,0.42344,0.43303,2,1,1,0.00480,-0.28828,-0.28348,0,1,0,1.00000,0.00000,6
2021101710,3276,44912,Jonnu Smith,chip_release,detached,0.00000,0.00000,0.00000,True,6,NE,1,0.42344,0.43303,2,1,1,0.00480,-0.28828,-0.28348,0,1,0,0.00000,0.00000,6
2021101710,3319,43324,Hunter Henry,chip_release,detached,0.00000,0.00000,0.00000,True,6,NE,0,0.40694,0.40694,1,0,1,0.00000,0.40694,0.40694,0,0,0,0.00000,0.00000,5
2021101710,3549,46206,Dalton Schultz,chip_release,inline,0.00000,0.00000,0.00000,True,6,DAL,0,0.29242,0.29242,1,0,1,0.00000,0.29242,0.29242,0,0,0,0.00000,0.00000,5
2021101710,3695,46206,Dalton Schultz,chip_release,detached,0.00000,0.00000,0.00000,True,6,DAL,1,0.84822,0.84822,1,0,1,0.00000,-0.15178,-0.15178,1,0,0,0.00000,1.00000,5
2021101710,3874,43324,Hunter Henry,chip_release,detached,0.00000,0.00000,0.00000,True,6,NE,0,0.27201,0.27201,1,0,1,0.00000,0.27201,0.27201,0,0,0,0.00000,0.00000,5
2021101710,4293,43324,Hunter Henry,chip_release,detached,0.00000,1.00000,0.00000,True,6,NE,1,0.40707,0.40707,1,0,1,0.00000,-0.59293,-0.59293,0,1,0,1.00000,0.00000,5
2021101710,4563,46206,Dalton Schultz,chip_release,inline,0.00000,0.00000,0.00000,True,6,DAL,0,0.49861,0.49861,1,0,1,0.00000,0.49861,0.49861,0,0,0,0.00000,0.00000,5
2021101711,328,47924,Zach Gentry,pass_block,inline,0.00000,0.00000,0.00000,True,6,PIT,0,0.27050,0.28045,1,1,0,0.00995,0.27050,0.28045,0,0,0,0.00000,0.00000,5
2021101711,493,44856,Gerald Everett,chip_release,inline,0.00000,0.00000,0.00000,True,6,SEA,0,0.38527,0.38527,1,0,1,0.00000,0.38527,0.38527,0,0,0,0.00000,0.00000,5
2021101711,594,44856,Gerald Everett,chip_release,detached,0.00000,0.00000,0.00000,True,6,SEA,0,0.37659,0.37659,1,0,1,0.00000,0.37659,0.37659,0,0,0,0.00000,0.00000,5
2021101711,747,47924,Zach Gentry,chip_release,inline,0.00000,0.00000,0.00000,True,6,PIT,0,0.40595,0.40595,1,0,1,0.00000,0.40595,0.40595,0,0,0,0.00000,0.00000,6
2021101711,1229,46189,Will Dissly,pass_block,inline,0.00000,0.00000,0.00000,True,6,SEA,0,0.42888,0.42888,1,1,0,0.00000,0.42888,0.42888,0,0,0,0.00000,0.00000,5
2021101711,1275,46189,Will Dissly,pass_block,inline,0.00000,0.00000,0.00000,True,6,SEA,1,0.23945,0.27508,1,1,0,0.03563,-0.76055,-0.72492,0,0,1,0.00000,1.00000,5
2021101711,1428,47924,Zach Gentry,pass_block,inline,0.00000,0.00000,0.00000,True,6,PIT,0,0.26586,0.27161,1,1,0,0.00574,0.26586,0.27161,0,0,0,0.00000,0.00000,5
2021101711,1529,41236,Eric Ebron,chip_release,inline,0.00000,0.00000,0.00000,True,6,PIT,0,0.30082,0.30082,1,0,1,0.00000,0.30082,0.30082,0,0,0,0.00000,0.00000,5
2021101711,1574,53484,Pat Freiermuth,pass_block,inline,0.00000,0.00000,0.00000,True,6,PIT,1,0.52025,0.56046,1,1,0,0.04021,-0.47975,-0.43954,0,1,0,0.00000,0.00000,6
2021101711,1894,44856,Gerald Everett,chip_release,inline,0.00000,0.00000,0.00000,True,6,SEA,1,0.38527,0.38527,1,0,1,0.00000,-0.61473,-0.61473,0,0,1,0.00000,1.00000,5
2021101711,2464,53484,Pat Freiermuth,pass_block,inline,0.00000,0.00000,0.00000,True,6,PIT,0,0.25138,0.28064,1,1,0,0.02927,0.25138,0.28064,0,0,0,0.00000,0.00000,6
2021101711,2739,46189,Will Dissly,pass_block,inline,0.00000,0.00000,0.00000,True,6,SEA,0,0.45453,0.56341,2,2,0,0.05444,0.22726,0.28170,0,0,0,0.00000,0.00000,5
2021101711,2739,52541,Colby Parkinson,pass_block,wing,0.00000,0.00000,0.00000,True,6,SEA,0,0.45453,0.56341,2,2,0,0.05444,0.22726,0.28170,0,0,0,0.00000,0.00000,5
2021101711,3494,41236,Eric Ebron,chip_release,inline,0.00000,0.00000,0.00000,True,6,PIT,0,0.32105,0.32105,1,0,1,0.00000,0.32105,0.32105,0,0,0,0.00000,0.00000,5
2021101711,3781,47924,Zach Gentry,pass_block,inline,0.00000,0.00000,0.00000,True,6,PIT,1,0.53948,0.58292,1,1,0,0.04344,-0.46052,-0.41708,1,0,0,0.00000,1.00000,6
2021101711,3836,47924,Zach Gentry,chip_release,inline,0.00000,0.00000,0.00000,True,6,PIT,0,0.40838,0.40838,1,0,1,0.00000,0.40838,0.40838,0,0,0,0.00000,0.00000,5
2021101711,4396,44856,Gerald Everett,chip_release,inline,0.00000,0.00000,0.00000,True,6,SEA,1,0.34487,0.34487,1,0,1,0.00000,-0.65513,-0.65513,0,0,1,0.00000,1.00000,5
2021101711,4533,44856,Gerald Everett,pass_block,wing,0.00000,0.00000,0.00000,True,6,SEA,1,0.48337,0.48765,2,2,0,0.00214,-0.25832,-0.25618,1,0,1,0.00000,0.00000,5
2021101711,4533,46189,Will Dissly,pass_block,inline,1.00000,0.00000,0.00000,True,6,SEA,1,0.48337,0.48765,2,2,0,0.00214,-0.25832,-0.25618,1,0,1,1.00000,0.00000,5
2021101800,161,42486,MyCole Pruitt,pass_block,inline,1.00000,0.00000,0.00000,True,6,TEN,1,0.30493,0.30652,2,2,0,0.00080,-0.34753,-0.34674,1,0,0,1.00000,0.00000,5
2021101800,161,42589,Geoff Swaim,pass_block,inline,0.00000,0.00000,0.00000,True,6,TEN,1,0.30493,0.30652,2,2,0,0.00080,-0.34753,-0.34674,1,0,0,0.00000,0.00000,5
2021101800,183,45355,Anthony Firkser,chip_release,detached,0.00000,0.00000,0.00000,True,6,TEN,0,0.39560,0.39560,1,0,1,0.00000,0.39560,0.39560,0,0,0,0.00000,0.00000,5
2021101800,462,47879,Dawson Knox,chip_release,detached,0.00000,0.00000,0.00000,True,6,BUF,0,0.14123,0.14123,1,0,1,0.00000,0.14123,0.14123,0,0,0,0.00000,0.00000,5
2021101800,628,45355,Anthony Firkser,chip_release,inline,0.00000,0.00000,0.00000,True,6,TEN,1,0.66390,0.66390,1,0,1,0.00000,-0.33610,-0.33610,1,0,0,0.00000,1.00000,5
2021101800,807,42486,MyCole Pruitt,pass_block,wing,0.00000,0.00000,0.00000,True,6,TEN,0,0.44392,0.44751,2,2,0,0.00180,0.22196,0.22376,0,0,0,0.00000,0.00000,5
2021101800,807,42589,Geoff Swaim,pass_block,inline,0.00000,0.00000,0.00000,True,6,TEN,0,0.44392,0.44751,2,2,0,0.00180,0.22196,0.22376,0,0,0,0.00000,0.00000,5
2021101800,873,42589,Geoff Swaim,chip_release,inline,0.00000,0.00000,0.00000,True,6,TEN,0,0.40316,0.40316,1,0,1,0.00000,0.40316,0.40316,0,0,0,0.00000,0.00000,5
2021101800,1557,42589,Geoff Swaim,pass_block,inline,0.00000,0.00000,0.00000,True,6,TEN,1,0.32529,0.34909,1,1,0,0.02380,-0.67471,-0.65091,1,0,0,0.00000,1.00000,6
2021101800,1590,45355,Anthony Firkser,chip_release,detached,0.00000,0.00000,0.00000,True,6,TEN,1,0.65040,0.65040,1,0,1,0.00000,-0.34960,-0.34960,1,0,0,0.00000,0.00000,6
2021101800,2072,47879,Dawson Knox,chip_release,backfield,0.00000,0.00000,0.00000,True,6,BUF,0,0.28554,0.28554,1,0,1,0.00000,0.28554,0.28554,0,0,0,0.00000,0.00000,5
2021101800,2346,47879,Dawson Knox,pass_block,backfield,0.00000,0.00000,0.00000,True,6,BUF,0,0.25045,0.25186,1,1,0,0.00141,0.25045,0.25186,0,0,0,0.00000,0.00000,5
2021101800,2412,47879,Dawson Knox,pass_block,backfield,0.00000,0.00000,0.00000,True,6,BUF,0,0.29356,0.29512,1,1,0,0.00156,0.29356,0.29512,0,0,0,0.00000,0.00000,6
2021101800,2486,42589,Geoff Swaim,chip_release,inline,0.00000,0.00000,0.00000,True,6,TEN,0,0.26359,0.26359,1,0,1,0.00000,0.26359,0.26359,0,0,0,0.00000,0.00000,6
2021101800,2620,42486,MyCole Pruitt,pass_block,inline,0.00000,0.00000,0.00000,True,6,TEN,1,0.31724,0.32040,2,2,0,0.00158,-0.34138,-0.33980,0,1,0,0.00000,1.00000,5
2021101800,2620,42589,Geoff Swaim,pass_block,inline,0.00000,0.00000,0.00000,True,6,TEN,1,0.31724,0.32040,2,2,0,0.00158,-0.34138,-0.33980,0,1,0,0.00000,1.00000,5
2021101800,2761,42589,Geoff Swaim,pass_block,inline,0.00000,0.00000,0.00000,True,6,TEN,0,0.29180,0.30961,1,1,0,0.01781,0.29180,0.30961,0,0,0,0.00000,0.00000,6
2021101800,2901,47879,Dawson Knox,chip_release,backfield,0.00000,0.00000,0.00000,True,6,BUF,0,0.32782,0.32782,1,0,1,0.00000,0.32782,0.32782,0,0,0,0.00000,0.00000,5
2021101800,2925,47879,Dawson Knox,chip_release,backfield,0.00000,0.00000,0.00000,True,6,BUF,0,0.23521,0.23521,1,0,1,0.00000,0.23521,0.23521,0,0,0,0.00000,0.00000,5
2021101800,3000,47879,Dawson Knox,chip_release,backfield,0.00000,0.00000,0.00000,True,6,BUF,0,0.76534,0.76534,1,0,1,0.00000,0.76534,0.76534,0,0,0,0.00000,0.00000,5
2021101800,3252,42589,Geoff Swaim,pass_block,inline,0.00000,0.00000,0.00000,True,6,TEN,0,0.30493,0.30652,1,1,0,0.00159,0.30493,0.30652,0,0,0,0.00000,0.00000,6
2021101800,3505,48011,Tommy Sweeney,chip_release,detached,0.00000,0.00000,0.00000,True,6,BUF,1,0.26570,0.26570,1,0,1,0.00000,-0.73430,-0.73430,0,0,1,0.00000,0.00000,5
2021101800,3636,42486,MyCole Pruitt,pass_block,inline,0.00000,0.00000,0.00000,True,6,TEN,0,0.27565,0.27715,2,2,0,0.00075,0.13783,0.13858,0,0,0,0.00000,0.00000,5
2021101800,3636,42589,Geoff Swaim,pass_block,inline,0.00000,0.00000,0.00000,True,6,TEN,0,0.27565,0.27715,2,2,0,0.00075,0.13783,0.13858,0,0,0,0.00000,0.00000,5
2021101800,3705,45355,Anthony Firkser,chip_release,inline,0.00000,0.00000,0.00000,True,6,TEN,0,0.34612,0.34612,1,0,1,0.00000,0.34612,0.34612,0,0,0,0.00000,0.00000,5
2021102100,486,44841,David Njoku,pass_block,detached,0.00000,0.00000,0.00000,False,7,CLE,0,0.41200,0.43134,2,1,1,0.00967,0.20600,0.21567,0,0,0,0.00000,0.00000,6
2021102100,486,52523,Harrison Bryant,chip_release,inline,0.00000,0.00000,0.00000,False,7,CLE,0,0.41200,0.43134,2,1,1,0.00967,0.20600,0.21567,0,0,0,0.00000,0.00000,6
2021102100,535,43370,Austin Hooper,pass_block,inline,0.00000,0.00000,0.00000,False,7,CLE,0,0.37137,0.38197,1,1,0,0.01060,0.37137,0.38197,0,0,0,0.00000,0.00000,6
2021102100,655,44841,David Njoku,chip_release,inline,0.00000,0.00000,0.00000,False,7,CLE,1,0.85108,0.85108,1,0,1,0.00000,-0.14892,-0.14892,1,0,0,0.00000,3.00000,5
2021102100,890,47803,Noah Fant,chip_release,inline,0.00000,0.00000,0.00000,False,7,DEN,0,0.40837,0.40837,1,0,1,0.00000,0.40837,0.40837,0,0,0,0.00000,0.00000,5
2021102100,1070,43370,Austin Hooper,chip_release,inline,0.00000,0.00000,0.00000,False,7,CLE,0,0.44807,0.44807,1,0,1,0.00000,0.44807,0.44807,0,0,0,0.00000,0.00000,5
2021102100,1205,47803,Noah Fant,chip_release,inline,0.00000,0.00000,0.00000,False,7,DEN,0,0.40837,0.40837,1,0,1,0.00000,0.40837,0.40837,0,0,0,0.00000,0.00000,5
2021102100,1337,44841,David Njoku,pass_block,inline,0.00000,0.00000,0.00000,False,7,CLE,1,0.50793,0.52443,2,2,0,0.00825,-0.24603,-0.23778,1,1,0,0.00000,1.00000,6
2021102100,1337,52523,Harrison Bryant,pass_block,wing,0.00000,1.00000,0.00000,False,7,CLE,1,0.50793,0.52443,2,2,0,0.00825,-0.24603,-0.23778,1,1,0,1.00000,1.00000,6
2021102100,1695,47803,Noah Fant,chip_release,inline,0.00000,0.00000,0.00000,False,7,DEN,1,0.53110,0.53110,1,0,1,0.00000,-0.46890,-0.46890,1,0,0,0.00000,0.00000,5
2021102100,1753,43370,Austin Hooper,chip_release,inline,0.00000,0.00000,0.00000,False,7,CLE,1,0.22526,0.22526,1,0,1,0.00000,-0.77474,-0.77474,1,0,0,0.00000,2.00000,5
2021102100,1820,43370,Austin Hooper,chip_release,inline,0.00000,0.00000,0.00000,False,7,CLE,1,0.36411,0.36411,1,0,1,0.00000,-0.63589,-0.63589,0,1,0,0.00000,0.00000,5
2021102100,1871,47803,Noah Fant,chip_release,inline,0.00000,0.00000,0.00000,False,7,DEN,0,0.59196,0.59196,1,0,1,0.00000,0.59196,0.59196,0,0,0,0.00000,0.00000,5
2021102100,1966,47803,Noah Fant,chip_release,inline,0.00000,0.00000,0.00000,False,7,DEN,1,0.29205,0.29205,1,0,1,0.00000,-0.70795,-0.70795,1,0,0,0.00000,0.00000,5
2021102100,2035,44987,Eric Saubert,pass_block,inline,0.00000,0.00000,0.00000,False,7,DEN,1,0.75192,0.77891,2,2,0,0.01349,-0.12404,-0.11054,1,0,0,0.00000,0.00000,5
2021102100,2035,48096,Andrew Beck,pass_block,wing,0.00000,0.00000,0.00000,False,7,DEN,1,0.75192,0.77891,2,2,0,0.01349,-0.12404,-0.11054,1,0,0,0.00000,0.00000,5
2021102100,2130,47803,Noah Fant,pass_block,inline,0.00000,0.00000,0.00000,False,7,DEN,0,0.43944,0.44750,1,1,0,0.00806,0.43944,0.44750,0,0,0,0.00000,0.00000,6
2021102100,2381,43370,Austin Hooper,chip_release,inline,0.00000,0.00000,0.00000,False,7,CLE,0,0.45667,0.45667,2,0,2,0.00000,0.22833,0.22833,0,0,0,0.00000,0.00000,6
2021102100,2381,52523,Harrison Bryant,chip_release,inline,0.00000,0.00000,0.00000,False,7,CLE,0,0.45667,0.45667,2,0,2,0.00000,0.22833,0.22833,0,0,0,0.00000,0.00000,6
2021102100,2405,43370,Austin Hooper,pass_block,inline,0.00000,0.00000,0.00000,False,7,CLE,0,0.32644,0.34199,2,1,1,0.00778,0.16322,0.17100,0,0,0,0.00000,0.00000,6
2021102100,2405,52523,Harrison Bryant,chip_release,backfield,0.00000,0.00000,0.00000,False,7,CLE,0,0.32644,0.34199,2,1,1,0.00778,0.16322,0.17100,0,0,0,0.00000,0.00000,6
2021102100,2655,43370,Austin Hooper,chip_release,inline,0.00000,0.00000,0.00000,False,7,CLE,0,0.43497,0.43497,1,0,1,0.00000,0.43497,0.43497,0,0,0,0.00000,0.00000,6
2021102100,2990,44841,David Njoku,pass_block,inline,0.00000,0.00000,0.00000,False,7,CLE,0,0.54095,0.57092,1,1,0,0.02996,0.54095,0.57092,0,0,0,0.00000,0.00000,6
2021102100,3103,44987,Eric Saubert,pass_block,inline,0.00000,0.00000,0.00000,False,7,DEN,0,0.27571,0.29183,2,2,0,0.00806,0.13786,0.14591,0,0,0,0.00000,0.00000,5
2021102100,3103,47803,Noah Fant,pass_block,wing,0.00000,0.00000,0.00000,False,7,DEN,0,0.27571,0.29183,2,2,0,0.00806,0.13786,0.14591,0,0,0,0.00000,0.00000,5
2021102100,3233,44987,Eric Saubert,pass_block,inline,0.00000,0.00000,0.00000,False,7,DEN,0,0.28160,0.30768,2,2,0,0.01304,0.14080,0.15384,0,0,0,0.00000,0.00000,5
2021102100,3233,47803,Noah Fant,pass_block,wing,0.00000,0.00000,0.00000,False,7,DEN,0,0.28160,0.30768,2,2,0,0.01304,0.14080,0.15384,0,0,0,0.00000,0.00000,5
2021102100,3304,44987,Eric Saubert,chip_release,inline,0.00000,0.00000,0.00000,False,7,DEN,0,0.21446,0.21446,1,0,1,0.00000,0.21446,0.21446,0,0,0,0.00000,0.00000,5
2021102100,3394,44987,Eric Saubert,chip_release,inline,0.00000,0.00000,0.00000,False,7,DEN,0,0.26001,0.26001,1,0,1,0.00000,0.26001,0.26001,0,0,0,0.00000,0.00000,5
2021102100,3673,43370,Austin Hooper,chip_release,wing,0.00000,0.00000,0.00000,False,7,CLE,0,0.57192,0.58082,2,1,1,0.00445,0.28596,0.29041,0,0,0,0.00000,0.00000,5
2021102100,3673,52523,Harrison Bryant,pass_block,inline,0.00000,0.00000,0.00000,False,7,CLE,0,0.57192,0.58082,2,1,1,0.00445,0.28596,0.29041,0,0,0,0.00000,0.00000,5
2021102100,3756,43370,Austin Hooper,pass_block,inline,0.00000,0.00000,0.00000,False,7,CLE,0,0.52717,0.60768,2,2,0,0.04025,0.26359,0.30384,0,0,0,0.00000,0.00000,5
2021102100,3756,44841,David Njoku,pass_block,inline,0.00000,0.00000,0.00000,False,7,CLE,0,0.52717,0.60768,2,2,0,0.04025,0.26359,0.30384,0,0,0,0.00000,0.00000,5
2021102400,56,42500,C.J. Uzomah,pass_block,inline,0.00000,0.00000,0.00000,False,7,CIN,1,0.69226,0.70002,1,1,0,0.00776,-0.30774,-0.29998,1,0,0,0.00000,1.00000,5
2021102400,385,46155,Mark Andrews,chip_release,inline,0.00000,0.00000,0.00000,False,7,BAL,1,0.22294,0.22294,1,0,1,0.00000,-0.77706,-0.77706,0,0,1,0.00000,0.00000,5
2021102400,564,42500,C.J. Uzomah,pass_block,backfield,0.00000,0.00000,0.00000,False,7,CIN,1,0.36803,0.39038,1,1,0,0.02235,-0.63197,-0.60962,1,1,0,0.00000,1.00000,5
2021102400,641,42721,Eric Tomlinson,pass_block,inline,0.00000,0.00000,0.00000,False,7,BAL,0,0.25421,0.27274,1,1,0,0.01852,0.25421,0.27274,0,0,0,0.00000,0.00000,6
2021102400,755,42500,C.J. Uzomah,pass_block,backfield,1.00000,0.00000,0.00000,False,7,CIN,1,0.47667,0.49708,1,1,0,0.02041,-0.52333,-0.50292,1,0,0,1.00000,0.00000,6
2021102400,1340,47835,Drew Sample,pass_block,inline,1.00000,0.00000,0.00000,False,7,CIN,1,0.43624,0.46163,1,1,0,0.02539,-0.56376,-0.53837,1,0,0,1.00000,0.00000,5
2021102400,1420,42721,Eric Tomlinson,pass_block,inline,0.00000,0.00000,0.00000,False,7,BAL,0,0.18110,0.18657,1,1,0,0.00547,0.18110,0.18657,0,0,0,0.00000,0.00000,5
2021102400,1825,42500,C.J. Uzomah,pass_block,backfield,0.00000,0.00000,0.00000,False,7,CIN,0,0.39837,0.41723,1,1,0,0.01886,0.39837,0.41723,0,0,0,0.00000,0.00000,5
2021102400,2134,47835,Drew Sample,pass_block,inline,0.00000,0.00000,0.00000,False,7,CIN,0,0.45200,0.46009,1,1,0,0.00810,0.45200,0.46009,0,0,0,0.00000,0.00000,5
2021102400,2760,42500,C.J. Uzomah,pass_block,backfield,0.00000,0.00000,0.00000,False,7,CIN,0,0.48665,0.51867,1,1,0,0.03202,0.48665,0.51867,0,0,0,0.00000,0.00000,6
2021102400,2832,42500,C.J. Uzomah,pass_block,backfield,0.00000,0.00000,0.00000,False,7,CIN,0,0.53343,0.55370,1,1,0,0.02027,0.53343,0.55370,0,0,0,0.00000,0.00000,5
2021102400,2872,42500,C.J. Uzomah,pass_block,inline,0.00000,0.00000,0.00000,False,7,CIN,0,0.19132,0.20685,1,1,0,0.01553,0.19132,0.20685,0,0,0,0.00000,0.00000,6
2021102400,2901,42500,C.J. Uzomah,pass_block,inline,0.00000,0.00000,0.00000,False,7,CIN,1,0.30852,0.32569,2,2,0,0.00859,-0.34574,-0.33715,0,0,1,0.00000,1.00000,5
2021102400,2901,47835,Drew Sample,pass_block,wing,0.00000,0.00000,0.00000,False,7,CIN,1,0.30852,0.32569,2,2,0,0.00859,-0.34574,-0.33715,0,0,1,0.00000,1.00000,5
2021102400,3070,42721,Eric Tomlinson,pass_block,inline,0.00000,0.00000,0.00000,False,7,BAL,0,0.30012,0.31315,2,2,0,0.00652,0.15006,0.15657,0,0,0,0.00000,0.00000,6
2021102400,3070,46155,Mark Andrews,pass_block,wing,0.00000,0.00000,0.00000,False,7,BAL,0,0.30012,0.31315,2,2,0,0.00652,0.15006,0.15657,0,0,0,0.00000,0.00000,6
2021102400,3152,47852,Josh Oliver,chip_release,detached,0.00000,0.00000,0.00000,False,7,BAL,0,0.20686,0.20686,1,0,1,0.00000,0.20686,0.20686,0,0,0,0.00000,0.00000,5
2021102400,3392,46155,Mark Andrews,chip_release,inline,0.00000,0.00000,0.00000,False,7,BAL,1,0.78046,0.78046,1,0,1,0.00000,-0.21954,-0.21954,1,0,0,0.00000,1.00000,5
2021102400,3971,47852,Josh Oliver,chip_release,inline,0.00000,0.00000,0.00000,False,7,BAL,1,0.72505,0.72505,1,0,1,0.00000,-0.27495,-0.27495,1,0,0,0.00000,0.00000,5
2021102401,55,30842,Marcedes Lewis,pass_block,inline,0.00000,0.00000,0.00000,False,7,GB,0,0.31787,0.33531,2,2,0,0.00872,0.15893,0.16766,0,0,0,0.00000,0.00000,6
2021102401,55,45635,Robert Tonyan,pass_block,wing,0.00000,0.00000,0.00000,False,7,GB,0,0.31787,0.33531,2,2,0,0.00872,0.15893,0.16766,0,0,0,0.00000,0.00000,6
2021102401,215,45635,Robert Tonyan,pass_block,inline,0.00000,0.00000,0.00000,False,7,GB,1,0.39478,0.40260,2,2,0,0.00391,-0.30261,-0.29870,0,0,1,0.00000,1.00000,5
2021102401,215,52502,Josiah Deguara,pass_block,detached,0.00000,0.00000,0.00000,False,7,GB,1,0.39478,0.40260,2,2,0,0.00391,-0.30261,-0.29870,0,0,1,0.00000,1.00000,5
2021102401,234,45635,Robert Tonyan,chip_release,detached,0.00000,0.00000,0.00000,False,7,GB,1,0.76789,0.76789,1,0,1,0.00000,-0.23211,-0.23211,1,0,0,0.00000,2.00000,5
2021102401,300,45635,Robert Tonyan,chip_release,inline,0.00000,0.00000,0.00000,False,7,GB,0,0.29712,0.29712,1,0,1,0.00000,0.29712,0.29712,0,0,0,0.00000,0.00000,5
2021102401,661,45635,Robert Tonyan,chip_release,detached,0.00000,0.00000,0.00000,False,7,GB,1,0.79396,0.79396,1,0,1,0.00000,-0.20604,-0.20604,0,0,1,0.00000,1.00000,5
2021102401,893,45481,Ricky Seals-Jones,pass_block,wing,0.00000,0.00000,0.00000,False,7,WAS,0,0.60928,0.63333,2,1,1,0.01202,0.30464,0.31666,0,0,0,0.00000,0.00000,6
2021102401,893,53553,John Bates,chip_release,inline,0.00000,0.00000,0.00000,False,7,WAS,0,0.60928,0.63333,2,1,1,0.01202,0.30464,0.31666,0,0,0,0.00000,0.00000,6
2021102401,1007,30842,Marcedes Lewis,chip_release,inline,0.00000,0.00000,0.00000,False,7,GB,0,0.36462,0.36462,1,0,1,0.00000,0.36462,0.36462,0,0,0,0.00000,0.00000,5
2021102401,1055,45635,Robert Tonyan,pass_block,inline,0.00000,0.00000,0.00000,False,7,GB,0,0.52884,0.55919,1,1,0,0.03035,0.52884,0.55919,0,0,0,0.00000,0.00000,5
2021102401,1312,30842,Marcedes Lewis,pass_block,inline,0.00000,0.00000,0.00000,False,7,GB,0,0.38651,0.41590,1,1,0,0.02939,0.38651,0.41590,0,0,0,0.00000,0.00000,6
2021102401,1899,45481,Ricky Seals-Jones,chip_release,wing,0.00000,0.00000,0.00000,False,7,WAS,0,0.52323,0.52323,1,0,1,0.00000,0.52323,0.52323,0,0,0,0.00000,0.00000,5
2021102401,1984,45481,Ricky Seals-Jones,chip_release,detached,0.00000,0.00000,0.00000,False,7,WAS,1,0.66578,0.66578,1,0,1,0.00000,-0.33422,-0.33422,0,1,0,0.00000,0.00000,5
2021102401,2098,45481,Ricky Seals-Jones,pass_block,detached,0.00000,0.00000,0.00000,False,7,WAS,1,0.81070,0.81891,1,1,0,0.00821,-0.18930,-0.18109,1,0,0,0.00000,1.00000,5
2021102401,2381,30842,Marcedes Lewis,pass_block,inline,0.00000,0.00000,0.00000,False,7,GB,1,0.32309,0.33321,1,1,0,0.01012,-0.67691,-0.66679,1,0,0,0.00000,0.00000,5
2021102401,2861,52502,Josiah Deguara,chip_release,inline,0.00000,0.00000,0.00000,False,7,GB,0,0.56056,0.56056,1,0,1,0.00000,0.56056,0.56056,0,0,0,0.00000,0.00000,6
2021102401,3743,45481,Ricky Seals-Jones,chip_release,detached,0.00000,0.00000,0.00000,False,7,WAS,0,0.25942,0.25942,1,0,1,0.00000,0.25942,0.25942,0,0,0,0.00000,0.00000,5
2021102401,3788,45481,Ricky Seals-Jones,pass_block,detached,0.00000,0.00000,0.00000,False,7,WAS,1,0.23090,0.23703,1,1,0,0.00614,-0.76910,-0.76297,0,1,0,0.00000,1.00000,5
2021102401,3861,45481,Ricky Seals-Jones,chip_release,detached,0.00000,0.00000,0.00000,False,7,WAS,0,0.27074,0.27074,1,0,1,0.00000,0.27074,0.27074,0,0,0,0.00000,0.00000,5
2021102401,3951,45481,Ricky Seals-Jones,pass_block,detached,0.00000,0.00000,0.00000,False,7,WAS,0,0.23375,0.25051,1,1,0,0.01676,0.23375,0.25051,0,0,0,0.00000,0.00000,5
2021102402,287,44857,Adam Shaheen,pass_block,wing,0.00000,0.00000,0.00000,False,7,MIA,1,0.28856,0.31446,1,1,0,0.02589,-0.71144,-0.68554,1,0,0,0.00000,1.00000,5
2021102402,483,46094,Hayden Hurst,chip_release,inline,0.00000,0.00000,0.00000,False,7,ATL,1,0.46907,0.46907,1,0,1,0.00000,-0.53093,-0.53093,1,0,0,0.00000,1.00000,5
2021102402,535,44857,Adam Shaheen,pass_block,inline,0.00000,0.00000,0.00000,False,7,MIA,0,0.23034,0.26036,1,1,0,0.03002,0.23034,0.26036,0,0,0,0.00000,0.00000,5
2021102402,557,44857,Adam Shaheen,pass_block,inline,0.00000,0.00000,0.00000,False,7,MIA,0,0.42202,0.43000,2,2,0,0.00399,0.21101,0.21500,0,0,0,0.00000,0.00000,5
2021102402,557,46192,Durham Smythe,pass_block,wing,0.00000,0.00000,0.00000,False,7,MIA,0,0.42202,0.43000,2,2,0,0.00399,0.21101,0.21500,0,0,0,0.00000,0.00000,5
2021102402,624,46094,Hayden Hurst,chip_release,inline,0.00000,0.00000,0.00000,False,7,ATL,0,0.34058,0.34058,1,0,1,0.00000,0.34058,0.34058,0,0,0,0.00000,0.00000,6
2021102402,648,37234,Lee Smith,pass_block,inline,0.00000,0.00000,0.00000,False,7,ATL,0,0.19942,0.21210,1,1,0,0.01268,0.19942,0.21210,0,0,0,0.00000,0.00000,5
2021102402,786,37234,Lee Smith,pass_block,inline,0.00000,0.00000,0.00000,False,7,ATL,1,0.30749,0.32885,2,2,0,0.01068,-0.34625,-0.33558,0,0,1,0.00000,0.00000,6
2021102402,786,46094,Hayden Hurst,pass_block,inline,0.00000,0.00000,0.00000,False,7,ATL,1,0.30749,0.32885,2,2,0,0.01068,-0.34625,-0.33558,0,0,1,0.00000,0.00000,6
2021102402,1000,44857,Adam Shaheen,pass_block,inline,0.00000,0.00000,0.00000,False,7,MIA,0,0.46774,0.49425,2,2,0,0.01325,0.23387,0.24712,0,0,0,0.00000,0.00000,5
2021102402,1000,46192,Durham Smythe,pass_block,inline,0.00000,0.00000,0.00000,False,7,MIA,0,0.46774,0.49425,2,2,0,0.01325,0.23387,0.24712,0,0,0,0.00000,0.00000,5
2021102402,1191,37234,Lee Smith,pass_block,inline,1.00000,0.00000,0.00000,False,7,ATL,1,0.38481,0.40928,1,1,0,0.02448,-0.61519,-0.59072,1,0,0,1.00000,0.00000,6
2021102402,1327,53433,Kyle Pitts,chip_release,inline,0.00000,0.00000,0.00000,False,7,ATL,0,0.36661,0.36661,1,0,1,0.00000,0.36661,0.36661,0,0,0,0.00000,0.00000,5
2021102402,2002,37234,Lee Smith,pass_block,inline,0.00000,0.00000,0.00000,False,7,ATL,1,0.29838,0.31525,2,2,0,0.00843,-0.35081,-0.34238,0,1,0,0.00000,1.00000,5
2021102402,2002,46094,Hayden Hurst,pass_block,inline,0.00000,0.00000,0.00000,False,7,ATL,1,0.29838,0.31525,2,2,0,0.00843,-0.35081,-0.34238,0,1,0,0.00000,1.00000,5
2021102402,2594,46094,Hayden Hurst,chip_release,inline,0.00000,0.00000,0.00000,False,7,ATL,1,0.29994,0.29994,1,0,1,0.00000,-0.70006,-0.70006,0,1,0,0.00000,0.00000,5
2021102402,2707,37234,Lee Smith,pass_block,inline,0.00000,0.00000,0.00000,False,7,ATL,0,0.31264,0.32258,1,1,0,0.00995,0.31264,0.32258,0,0,0,0.00000,0.00000,5
2021102402,2755,46094,Hayden Hurst,chip_release,inline,0.00000,0.00000,0.00000,False,7,ATL,1,0.40133,0.40133,1,0,1,0.00000,-0.59867,-0.59867,1,1,0,0.00000,1.00000,5
2021102402,2986,46094,Hayden Hurst,pass_block,inline,0.00000,1.00000,0.00000,False,7,ATL,1,0.51935,0.52749,1,1,0,0.00814,-0.48065,-0.47251,0,1,0,1.00000,0.00000,6
2021102402,3993,37234,Lee Smith,pass_block,inline,0.00000,0.00000,0.00000,False,7,ATL,0,0.19251,0.21740,1,1,0,0.02489,0.19251,0.21740,0,0,0,0.00000,0.00000,5
2021102403,94,43324,Hunter Henry,chip_release,inline,0.00000,0.00000,0.00000,False,7,NE,0,0.56630,0.56630,1,0,1,0.00000,0.56630,0.56630,0,0,0,0.00000,0.00000,5
2021102403,515,40149,Ryan Griffin,pass_block,inline,0.00000,0.00000,0.00000,False,7,NYJ,0,0.48493,0.51027,1,1,0,0.02534,0.48493,0.51027,0,0,0,0.00000,0.00000,5
2021102403,559,40149,Ryan Griffin,chip_release,detached,0.00000,0.00000,0.00000,False,7,NYJ,1,0.40821,0.40821,1,0,1,0.00000,-0.59179,-0.59179,1,0,0,0.00000,1.00000,5
2021102403,1090,40149,Ryan Griffin,pass_block,inline,0.00000,0.00000,0.00000,False,7,NYJ,1,0.75910,0.77496,1,1,0,0.01586,-0.24090,-0.22504,1,1,0,0.00000,0.00000,6
2021102403,1141,40149,Ryan Griffin,pass_block,inline,0.00000,0.00000,0.00000,False,7,NYJ,1,0.58064,0.60195,1,1,0,0.02131,-0.41936,-0.39805,0,1,0,0.00000,0.00000,5
2021102403,1268,40149,Ryan Griffin,pass_block,inline,0.00000,0.00000,0.00000,False,7,NYJ,0,0.35173,0.38231,1,1,0,0.03058,0.35173,0.38231,0,0,0,0.00000,0.00000,6
2021102403,1369,43324,Hunter Henry,chip_release,detached,0.00000,0.00000,0.00000,False,7,NE,1,0.41210,0.41210,1,0,1,0.00000,-0.58790,-0.58790,0,1,0,0.00000,1.00000,5
2021102403,1391,43324,Hunter Henry,pass_block,detached,0.00000,0.00000,0.00000,False,7,NE,0,0.46875,0.48914,1,1,0,0.02039,0.46875,0.48914,0,0,0,0.00000,0.00000,6
2021102403,1481,43324,Hunter Henry,chip_release,detached,0.00000,0.00000,0.00000,False,7,NE,0,0.36579,0.36579,1,0,1,0.00000,0.36579,0.36579,0,0,0,0.00000,0.00000,5
2021102403,1712,47904,Trevon Wesco,pass_block,inline,0.00000,0.00000,0.00000,False,7,NYJ,0,0.78786,0.80637,1,1,0,0.01850,0.78786,0.80637,0,0,0,0.00000,0.00000,5
2021102403,1741,47904,Trevon Wesco,chip_release,inline,0.00000,0.00000,0.00000,False,7,NYJ,0,0.22780,0.22780,1,0,1,0.00000,0.22780,0.22780,0,0,0,0.00000,0.00000,5
2021102403,2357,47904,Trevon Wesco,chip_release,inline,0.00000,0.00000,0.00000,False,7,NYJ,0,0.30642,0.30642,1,0,1,0.00000,0.30642,0.30642,0,0,0,0.00000,0.00000,5
2021102403,2885,40149,Ryan Griffin,pass_block,detached,0.00000,0.00000,0.00000,False,7,NYJ,0,0.26854,0.28872,1,1,0,0.02018,0.26854,0.28872,0,0,0,0.00000,0.00000,5
2021102403,3207,40149,Ryan Griffin,pass_block,detached,0.00000,0.00000,0.00000,False,7,NYJ,0,0.45269,0.47767,1,1,0,0.02498,0.45269,0.47767,0,0,0,0.00000,0.00000,5
2021102403,3308,43324,Hunter Henry,pass_block,inline,0.00000,0.00000,0.00000,False,7,NE,0,0.44277,0.45084,1,1,0,0.00807,0.44277,0.45084,0,0,0,0.00000,0.00000,6
2021102403,3474,40149,Ryan Griffin,pass_block,detached,0.00000,0.00000,0.00000,False,7,NYJ,0,0.28533,0.29572,1,1,0,0.01039,0.28533,0.29572,0,0,0,0.00000,0.00000,5
2021102403,3682,43324,Hunter Henry,chip_release,detached,0.00000,0.00000,0.00000,False,7,NE,0,0.36718,0.36718,1,0,1,0.00000,0.36718,0.36718,0,0,0,0.00000,0.00000,5
2021102403,3971,43324,Hunter Henry,chip_release,detached,0.00000,0.00000,0.00000,False,7,NE,0,0.44932,0.44932,1,0,1,0.00000,0.44932,0.44932,0,0,0,0.00000,0.00000,5
2021102404,108,53512,Tommy Tremble,chip_release,inline,0.00000,0.00000,0.00000,False,7,CAR,1,0.78784,0.78784,1,0,1,0.00000,-0.21216,-0.21216,1,0,0,0.00000,1.00000,5
2021102404,650,44835,Evan Engram,chip_release,wing,0.00000,0.00000,0.00000,False,7,NYG,0,0.37042,0.37042,1,0,1,0.00000,0.37042,0.37042,0,0,0,0.00000,0.00000,5
2021102404,742,37118,Kyle Rudolph,chip_release,wing,0.00000,0.00000,0.00000,False,7,NYG,0,0.28731,0.28731,1,0,1,0.00000,0.28731,0.28731,0,0,0,0.00000,0.00000,5
2021102404,782,37118,Kyle Rudolph,chip_release,inline,0.00000,0.00000,0.00000,False,7,NYG,0,0.20056,0.20056,2,0,2,0.00000,0.10028,0.10028,0,0,0,0.00000,0.00000,7
2021102404,782,47959,Kaden Smith,chip_release,wing,0.00000,0.00000,0.00000,False,7,NYG,0,0.20056,0.20056,2,0,2,0.00000,0.10028,0.10028,0,0,0,0.00000,0.00000,7
2021102404,858,37118,Kyle Rudolph,pass_block,inline,0.00000,0.00000,0.00000,False,7,NYG,1,0.40703,0.54495,3,2,1,0.04597,-0.19766,-0.15168,1,0,0,0.00000,0.00000,6
2021102404,858,44835,Evan Engram,chip_release,inline,0.00000,0.00000,0.00000,False,7,NYG,1,0.40703,0.54495,3,2,1,0.04597,-0.19766,-0.15168,1,0,0,0.00000,0.00000,6
2021102404,858,47959,Kaden Smith,pass_block,wing,0.00000,0.00000,0.00000,False,7,NYG,1,0.40703,0.54495,3,2,1,0.04597,-0.19766,-0.15168,1,0,0,0.00000,0.00000,6
2021102404,1325,47959,Kaden Smith,pass_block,inline,0.00000,0.00000,0.00000,False,7,NYG,0,0.45633,0.46444,1,1,0,0.00811,0.45633,0.46444,0,0,0,0.00000,0.00000,6
2021102404,1370,37118,Kyle Rudolph,pass_block,inline,0.00000,0.00000,0.00000,False,7,NYG,0,0.40357,0.42484,1,1,0,0.02127,0.40357,0.42484,0,0,0,0.00000,0.00000,6
2021102404,1415,37118,Kyle Rudolph,pass_block,inline,0.00000,0.00000,0.00000,False,7,NYG,0,0.20505,0.22077,1,1,0,0.01572,0.20505,0.22077,0,0,0,0.00000,0.00000,6
2021102404,1439,44835,Evan Engram,chip_release,detached,0.00000,0.00000,0.00000,False,7,NYG,1,0.53103,0.53103,1,0,1,0.00000,-0.46897,-0.46897,1,0,0,0.00000,0.00000,6
2021102404,1560,46170,Ian Thomas,chip_release,inline,0.00000,0.00000,0.00000,False,7,CAR,0,0.29093,0.29093,1,0,1,0.00000,0.29093,0.29093,0,0,0,0.00000,0.00000,5
2021102404,1584,53512,Tommy Tremble,pass_block,inline,0.00000,0.00000,0.00000,False,7,CAR,0,0.42141,0.43361,1,1,0,0.01220,0.42141,0.43361,0,0,0,0.00000,0.00000,5
2021102404,1698,46170,Ian Thomas,pass_block,inline,0.00000,0.00000,0.00000,False,7,CAR,1,0.43608,0.45373,2,1,1,0.00882,-0.28196,-0.27313,1,0,0,0.00000,0.00000,5
2021102404,1698,53512,Tommy Tremble,chip_release,wing,0.00000,0.00000,0.00000,False,7,CAR,1,0.43608,0.45373,2,1,1,0.00882,-0.28196,-0.27313,1,0,0,0.00000,0.00000,5
2021102404,1856,47959,Kaden Smith,pass_block,inline,0.00000,0.00000,0.00000,False,7,NYG,0,0.31354,0.35102,1,1,0,0.03748,0.31354,0.35102,0,0,0,0.00000,0.00000,6
2021102404,1897,37118,Kyle Rudolph,pass_block,inline,0.00000,0.00000,0.00000,False,7,NYG,0,0.32555,0.33599,1,1,0,0.01044,0.32555,0.33599,0,0,0,0.00000,0.00000,5
2021102404,1921,37118,Kyle Rudolph,pass_block,backfield,0.00000,0.00000,0.00000,False,7,NYG,1,0.52715,0.62971,1,1,0,0.10257,-0.47285,-0.37029,0,1,0,0.00000,1.00000,5
2021102404,2208,47959,Kaden Smith,pass_block,inline,0.00000,0.00000,0.00000,False,7,NYG,0,0.24744,0.26585,1,1,0,0.01841,0.24744,0.26585,0,0,0,0.00000,0.00000,6
2021102404,2263,44835,Evan Engram,chip_release,detached,0.00000,0.00000,0.00000,False,7,NYG,1,0.40985,0.40985,1,0,1,0.00000,-0.59015,-0.59015,1,0,1,0.00000,2.00000,5
2021102404,2345,46170,Ian Thomas,pass_block,inline,0.00000,0.00000,0.00000,False,7,CAR,1,0.23462,0.24614,1,1,0,0.01152,-0.76538,-0.75386,0,1,0,0.00000,0.00000,5
2021102404,2652,37118,Kyle Rudolph,pass_block,inline,1.00000,0.00000,0.00000,False,7,NYG,1,0.36391,0.39334,1,1,0,0.02943,-0.63609,-0.60666,1,0,0,1.00000,0.00000,5
2021102404,3102,37118,Kyle Rudolph,pass_block,inline,0.00000,0.00000,0.00000,False,7,NYG,0,0.21594,0.23620,2,1,1,0.01013,0.10797,0.11810,0,0,0,0.00000,0.00000,5
2021102404,3102,44835,Evan Engram,chip_release,wing,0.00000,0.00000,0.00000,False,7,NYG,0,0.21594,0.23620,2,1,1,0.01013,0.10797,0.11810,0,0,0,0.00000,0.00000,5
2021102404,3147,37118,Kyle Rudolph,pass_block,inline,0.00000,0.00000,0.00000,False,7,NYG,0,0.30305,0.31310,1,1,0,0.01006,0.30305,0.31310,0,0,0,0.00000,0.00000,6
2021102404,3173,47959,Kaden Smith,pass_block,inline,0.00000,0.00000,0.00000,False,7,NYG,1,0.24322,0.26494,1,1,0,0.02172,-0.75678,-0.73506,0,1,0,0.00000,1.00000,6
2021102404,3212,37118,Kyle Rudolph,pass_block,detached,0.00000,0.00000,0.00000,False,7,NYG,0,0.28442,0.32285,1,1,0,0.03843,0.28442,0.32285,0,0,0,0.00000,0.00000,6
2021102404,3529,37118,Kyle Rudolph,pass_block,inline,0.00000,0.00000,0.00000,False,7,NYG,0,0.21046,0.22648,1,1,0,0.01602,0.21046,0.22648,0,0,0,0.00000,0.00000,6
2021102404,3572,37118,Kyle Rudolph,pass_block,detached,0.00000,0.00000,0.00000,False,7,NYG,0,0.48313,0.51742,1,1,0,0.03429,0.48313,0.51742,0,0,0,0.00000,0.00000,6
2021102404,3617,47959,Kaden Smith,pass_block,inline,0.00000,0.00000,0.00000,False,7,NYG,1,0.38466,0.40291,1,1,0,0.01825,-0.61534,-0.59709,0,1,0,0.00000,1.00000,6
2021102404,3694,46170,Ian Thomas,pass_block,detached,0.00000,0.00000,0.00000,False,7,CAR,0,0.17687,0.19565,1,1,0,0.01878,0.17687,0.19565,0,0,0,0.00000,0.00000,5
2021102404,3880,46170,Ian Thomas,chip_release,detached,0.00000,0.00000,0.00000,False,7,CAR,0,0.19100,0.19100,1,0,1,0.00000,0.19100,0.19100,0,0,0,0.00000,0.00000,5
2021102404,3946,53512,Tommy Tremble,chip_release,detached,0.00000,0.00000,0.00000,False,7,CAR,0,0.82440,0.82440,1,0,1,0.00000,0.82440,0.82440,0,0,0,0.00000,0.00000,5
2021102405,64,42589,Geoff Swaim,pass_block,inline,0.00000,0.00000,0.00000,False,7,TEN,0,0.40673,0.41463,1,1,0,0.00790,0.40673,0.41463,0,0,0,0.00000,0.00000,5
2021102405,159,42589,Geoff Swaim,pass_block,inline,0.00000,0.00000,0.00000,False,7,TEN,0,0.58303,0.59296,1,1,0,0.00993,0.58303,0.59296,0,0,0,0.00000,0.00000,5
2021102405,389,40011,Travis Kelce,pass_block,inline,0.00000,0.00000,0.00000,False,7,KC,0,0.34284,0.36389,1,1,0,0.02105,0.34284,0.36389,0,0,0,0.00000,0.00000,5
2021102405,481,40011,Travis Kelce,chip_release,inline,0.00000,0.00000,0.00000,False,7,KC,1,0.81912,0.81912,1,0,1,0.00000,-0.18088,-0.18088,1,0,0,0.00000,0.00000,5
2021102405,661,42589,Geoff Swaim,pass_block,inline,0.00000,0.00000,0.00000,False,7,TEN,0,0.20319,0.21136,1,1,0,0.00817,0.20319,0.21136,0,0,0,0.00000,0.00000,5
2021102405,903,42460,Blake Bell,pass_block,inline,0.00000,0.00000,0.00000,False,7,KC,0,0.22927,0.23538,1,1,0,0.00611,0.22927,0.23538,0,0,0,0.00000,0.00000,5
2021102405,1074,45355,Anthony Firkser,chip_release,detached,0.00000,0.00000,0.00000,False,7,TEN,0,0.73929,0.73929,1,0,1,0.00000,0.73929,0.73929,0,0,0,0.00000,0.00000,5
2021102405,1404,42486,MyCole Pruitt,pass_block,inline,0.00000,0.00000,0.00000,False,7,TEN,1,0.61755,0.63732,2,2,0,0.00988,-0.19123,-0.18134,0,1,0,0.00000,0.00000,5
2021102405,1404,42589,Geoff Swaim,pass_block,inline,0.00000,1.00000,0.00000,False,7,TEN,1,0.61755,0.63732,2,2,0,0.00988,-0.19123,-0.18134,0,1,0,1.00000,0.00000,5
2021102405,1479,42486,MyCole Pruitt,pass_block,inline,0.00000,0.00000,0.00000,False,7,TEN,0,0.45530,0.47764,1,1,0,0.02234,0.45530,0.47764,0,0,0,0.00000,0.00000,6
2021102405,1548,42486,MyCole Pruitt,chip_release,detached,0.00000,0.00000,0.00000,False,7,TEN,0,0.48705,0.48705,1,0,1,0.00000,0.48705,0.48705,0,0,0,0.00000,0.00000,5
2021102405,1801,42589,Geoff Swaim,pass_block,inline,0.00000,0.00000,0.00000,False,7,TEN,0,0.46950,0.47764,1,1,0,0.00814,0.46950,0.47764,0,0,0,0.00000,0.00000,5
2021102405,2215,42460,Blake Bell,pass_block,inline,0.00000,0.00000,0.00000,False,7,KC,0,0.23854,0.25652,2,2,0,0.00899,0.11927,0.12826,0,0,0,0.00000,0.00000,5
2021102405,2215,53591,Noah Gray,pass_block,detached,0.00000,0.00000,0.00000,False,7,KC,0,0.23854,0.25652,2,2,0,0.00899,0.11927,0.12826,0,0,0,0.00000,0.00000,5
2021102405,2580,42486,MyCole Pruitt,pass_block,inline,0.00000,0.00000,0.00000,False,7,TEN,0,0.23301,0.24201,1,1,0,0.00900,0.23301,0.24201,0,0,0,0.00000,0.00000,5
2021102405,2625,42486,MyCole Pruitt,pass_block,inline,0.00000,0.00000,0.00000,False,7,TEN,0,0.46857,0.47671,1,1,0,0.00814,0.46857,0.47671,0,0,0,0.00000,0.00000,6
2021102405,2647,42486,MyCole Pruitt,chip_release,inline,0.00000,0.00000,0.00000,False,7,TEN,1,0.45537,0.45537,1,0,1,0.00000,-0.54463,-0.54463,1,1,0,0.00000,2.00000,6
2021102405,2881,40011,Travis Kelce,chip_release,inline,0.00000,0.00000,0.00000,False,7,KC,1,0.82237,0.82237,1,0,1,0.00000,-0.17763,-0.17763,1,0,0,0.00000,0.00000,5
2021102405,3714,53591,Noah Gray,chip_release,detached,0.00000,0.00000,0.00000,False,7,KC,0,0.20234,0.20234,1,0,1,0.00000,0.20234,0.20234,0,0,0,0.00000,0.00000,5
2021102405,4123,53591,Noah Gray,chip_release,detached,0.00000,0.00000,0.00000,False,7,KC,0,0.44916,0.44916,1,0,1,0.00000,0.44916,0.44916,0,0,0,0.00000,0.00000,5
2021102406,896,39907,Darren Fells,pass_block,inline,0.00000,0.00000,0.00000,False,7,DET,1,0.72194,0.72876,1,1,0,0.00682,-0.27806,-0.27124,1,0,0,0.00000,1.00000,5
2021102406,1194,43399,Tyler Higbee,pass_block,inline,0.00000,0.00000,0.00000,False,7,LA,0,0.25530,0.28379,1,1,0,0.02849,0.25530,0.28379,0,0,0,0.00000,0.00000,5
2021102406,1433,53959,Brock Wright,pass_block,detached,0.00000,0.00000,0.00000,False,7,DET,1,0.65222,0.66146,1,1,0,0.00924,-0.34778,-0.33854,1,0,0,0.00000,2.00000,5
2021102406,1848,43399,Tyler Higbee,chip_release,inline,0.00000,0.00000,0.00000,False,7,LA,1,0.32272,0.32272,1,0,1,0.00000,-0.67728,-0.67728,1,0,0,0.00000,0.00000,5
2021102406,2304,43399,Tyler Higbee,chip_release,inline,0.00000,0.00000,0.00000,False,7,LA,1,0.27087,0.27087,1,0,1,0.00000,-0.72913,-0.72913,1,0,0,0.00000,1.00000,5
2021102406,2383,43399,Tyler Higbee,pass_block,inline,0.00000,0.00000,0.00000,False,7,LA,0,0.29800,0.30769,1,1,0,0.00969,0.29800,0.30769,0,0,0,0.00000,0.00000,5
2021102406,2412,43399,Tyler Higbee,chip_release,inline,0.00000,0.00000,0.00000,False,7,LA,0,0.23538,0.23538,1,0,1,0.00000,0.23538,0.23538,0,0,0,0.00000,0.00000,5
2021102406,2537,39907,Darren Fells,pass_block,inline,0.00000,0.00000,0.00000,False,7,DET,1,0.44621,0.47682,2,2,0,0.01530,-0.27689,-0.26159,1,0,1,0.00000,1.00000,6
2021102406,2537,53959,Brock Wright,pass_block,detached,0.00000,0.00000,0.00000,False,7,DET,1,0.44621,0.47682,2,2,0,0.01530,-0.27689,-0.26159,1,0,1,0.00000,1.00000,6
2021102406,3350,43399,Tyler Higbee,chip_release,inline,0.00000,0.00000,0.00000,False,7,LA,0,0.47135,0.47135,1,0,1,0.00000,0.47135,0.47135,0,0,0,0.00000,0.00000,5
2021102407,136,47840,J.J. Arcega-Whiteside,chip_release,wing,0.00000,0.00000,0.00000,False,7,PHI,0,0.24985,0.26167,2,1,1,0.00591,0.12493,0.13083,0,0,0,0.00000,0.00000,5
2021102407,136,53946,Jack Stoll,pass_block,inline,0.00000,0.00000,0.00000,False,7,PHI,0,0.24985,0.26167,2,1,1,0.00591,0.12493,0.13083,0,0,0,0.00000,0.00000,5
2021102407,319,47920,Foster Moreau,pass_block,inline,0.00000,0.00000,0.00000,False,7,LV,0,0.17289,0.18454,1,1,0,0.01165,0.17289,0.18454,0,0,0,0.00000,0.00000,6
2021102407,462,47920,Foster Moreau,chip_release,inline,0.00000,0.00000,0.00000,False,7,LV,0,0.30727,0.30727,1,0,1,0.00000,0.30727,0.30727,0,0,0,0.00000,0.00000,5
2021102407,510,47920,Foster Moreau,chip_release,inline,0.00000,0.00000,0.00000,False,7,LV,1,0.38136,0.38136,1,0,1,0.00000,-0.61864,-0.61864,1,0,0,0.00000,1.00000,5
2021102407,801,47920,Foster Moreau,pass_block,inline,0.00000,0.00000,0.00000,False,7,LV,0,0.16130,0.17480,1,1,0,0.01350,0.16130,0.17480,0,0,0,0.00000,0.00000,6
2021102407,979,47920,Foster Moreau,pass_block,inline,0.00000,0.00000,0.00000,False,7,LV,0,0.17484,0.17720,1,1,0,0.00235,0.17484,0.17720,0,0,0,0.00000,0.00000,5
2021102407,1177,46118,Dallas Goedert,chip_release,detached,0.00000,0.00000,0.00000,False,7,PHI,1,0.78940,0.78940,2,0,2,0.00000,-0.10530,-0.10530,1,0,0,0.00000,1.00000,5
2021102407,1177,53946,Jack Stoll,chip_release,inline,0.00000,0.00000,0.00000,False,7,PHI,1,0.78940,0.78940,2,0,2,0.00000,-0.10530,-0.10530,1,0,0,0.00000,1.00000,5
2021102407,1448,47920,Foster Moreau,chip_release,inline,0.00000,0.00000,0.00000,False,7,LV,0,0.24257,0.24257,1,0,1,0.00000,0.24257,0.24257,0,0,0,0.00000,0.00000,6
2021102407,1489,47920,Foster Moreau,pass_block,inline,0.00000,0.00000,0.00000,False,7,LV,0,0.17571,0.17614,1,1,0,0.00043,0.17571,0.17614,0,0,0,0.00000,0.00000,5
2021102407,2169,47840,J.J. Arcega-Whiteside,chip_release,detached,0.00000,0.00000,0.00000,False,7,PHI,0,0.78693,0.78693,2,0,2,0.00000,0.39346,0.39346,0,0,0,0.00000,0.00000,5
2021102407,2169,53946,Jack Stoll,chip_release,inline,0.00000,0.00000,0.00000,False,7,PHI,0,0.78693,0.78693,2,0,2,0.00000,0.39346,0.39346,0,0,0,0.00000,0.00000,5
2021102407,2869,46118,Dallas Goedert,pass_block,inline,0.00000,0.00000,0.00000,False,7,PHI,0,0.64143,0.65709,1,1,0,0.01566,0.64143,0.65709,0,0,0,0.00000,0.00000,5
2021102407,3074,47920,Foster Moreau,pass_block,inline,0.00000,0.00000,0.00000,False,7,LV,1,0.27487,0.28823,1,1,0,0.01336,-0.72513,-0.71177,1,0,0,0.00000,1.00000,6
2021102407,3830,46118,Dallas Goedert,chip_release,detached,0.00000,0.00000,0.00000,False,7,PHI,1,0.72945,0.72945,1,0,1,0.00000,-0.27055,-0.27055,0,1,0,0.00000,0.00000,5
2021102407,3881,53946,Jack Stoll,chip_release,inline,0.00000,0.00000,0.00000,False,7,PHI,1,0.73537,0.73537,1,0,1,0.00000,-0.26463,-0.26463,0,0,1,0.00000,1.00000,5
2021102408,85,39983,Zach Ertz,chip_release,inline,0.00000,0.00000,0.00000,False,7,ARI,0,0.32670,0.34438,2,1,1,0.00884,0.16335,0.17219,0,0,0,0.00000,0.00000,6
2021102408,85,40615,Demetrius Harris,pass_block,inline,0.00000,0.00000,0.00000,False,7,ARI,0,0.32670,0.34438,2,1,1,0.00884,0.16335,0.17219,0,0,0,0.00000,0.00000,6
2021102408,439,45339,Pharaoh Brown,pass_block,inline,0.00000,0.00000,0.00000,False,7,HOU,0,0.35468,0.36555,1,1,0,0.01087,0.35468,0.36555,0,0,0,0.00000,0.00000,5
2021102408,679,45339,Pharaoh Brown,pass_block,inline,0.00000,0.00000,0.00000,False,7,HOU,0,0.41364,0.42158,1,1,0,0.00794,0.41364,0.42158,0,0,0,0.00000,0.00000,5
2021102408,922,39983,Zach Ertz,chip_release,detached,0.00000,0.00000,0.00000,False,7,ARI,0,0.35244,0.35244,1,0,1,0.00000,0.35244,0.35244,0,0,0,0.00000,0.00000,5
2021102408,1385,45339,Pharaoh Brown,pass_block,inline,0.00000,0.00000,0.00000,False,7,HOU,1,0.28181,0.29119,1,1,0,0.00938,-0.71819,-0.70881,1,0,0,0.00000,1.00000,5
2021102408,1414,45321,Antony Auclair,pass_block,inline,0.00000,0.00000,1.00000,False,7,HOU,1,0.45200,0.46009,1,1,0,0.00810,-0.54800,-0.53991,1,0,1,1.00000,2.00000,5
2021102408,1616,39983,Zach Ertz,pass_block,wing,0.00000,0.00000,0.00000,False,7,ARI,1,0.77040,0.78257,2,2,0,0.00608,-0.11480,-0.10872,1,0,0,0.00000,0.00000,6
2021102408,1616,40615,Demetrius Harris,pass_block,inline,0.00000,0.00000,0.00000,False,7,ARI,1,0.77040,0.78257,2,2,0,0.00608,-0.11480,-0.10872,1,0,0,0.00000,0.00000,6
2021102408,2172,45321,Antony Auclair,pass_block,backfield,0.00000,0.00000,0.00000,False,7,HOU,0,0.19262,0.20547,1,1,0,0.01285,0.19262,0.20547,0,0,0,0.00000,0.00000,6
2021102408,2260,45339,Pharaoh Brown,pass_block,inline,0.00000,0.00000,0.00000,False,7,HOU,1,0.45571,0.47852,1,1,0,0.02281,-0.54429,-0.52148,1,0,0,0.00000,1.00000,5
2021102408,2317,46167,Jordan Akins,chip_release,inline,0.00000,0.00000,0.00000,False,7,HOU,0,0.39299,0.39299,1,0,1,0.00000,0.39299,0.39299,0,0,0,0.00000,0.00000,5
2021102408,2406,40615,Demetrius Harris,pass_block,inline,0.00000,0.00000,0.00000,False,7,ARI,0,0.33409,0.34437,1,1,0,0.01029,0.33409,0.34437,0,0,0,0.00000,0.00000,5
2021102408,2451,39983,Zach Ertz,chip_release,inline,0.00000,0.00000,0.00000,False,7,ARI,0,0.33952,0.33952,1,0,1,0.00000,0.33952,0.33952,0,0,0,0.00000,0.00000,5
2021102408,2520,40615,Demetrius Harris,chip_release,inline,0.00000,0.00000,0.00000,False,7,ARI,0,0.30283,0.30283,1,0,1,0.00000,0.30283,0.30283,0,0,0,0.00000,0.00000,5
2021102408,3101,46167,Jordan Akins,pass_block,inline,0.00000,0.00000,0.00000,False,7,HOU,0,0.38553,0.42901,1,1,0,0.04348,0.38553,0.42901,0,0,0,0.00000,0.00000,6
2021102408,3698,45339,Pharaoh Brown,pass_block,inline,0.00000,0.00000,0.00000,False,7,HOU,0,0.27456,0.29420,2,2,0,0.00982,0.13728,0.14710,0,0,0,0.00000,0.00000,5
2021102408,3698,46167,Jordan Akins,pass_block,inline,0.00000,0.00000,0.00000,False,7,HOU,0,0.27456,0.29420,2,2,0,0.00982,0.13728,0.14710,0,0,0,0.00000,0.00000,5
2021102408,3766,46167,Jordan Akins,pass_block,inline,1.00000,0.00000,0.00000,False,7,HOU,1,0.62168,0.74065,1,1,0,0.11897,-0.37832,-0.25935,1,0,0,1.00000,0.00000,6
2021102409,75,42503,Jesse James,pass_block,inline,0.00000,0.00000,0.00000,False,7,CHI,1,0.46309,0.49383,2,2,0,0.01537,-0.26845,-0.25309,1,0,1,0.00000,2.00000,6
2021102409,75,52451,Cole Kmet,pass_block,wing,0.00000,0.00000,0.00000,False,7,CHI,1,0.46309,0.49383,2,2,0,0.01537,-0.26845,-0.25309,1,0,1,0.00000,2.00000,6
2021102409,104,42503,Jesse James,chip_release,inline,0.00000,0.00000,0.00000,False,7,CHI,0,0.26763,0.26763,2,0,2,0.00000,0.13381,0.13381,0,0,0,0.00000,0.00000,5
2021102409,104,52451,Cole Kmet,chip_release,detached,0.00000,0.00000,0.00000,False,7,CHI,0,0.26763,0.26763,2,0,2,0.00000,0.13381,0.13381,0,0,0,0.00000,0.00000,5
2021102409,158,44831,O.J. Howard,chip_release,inline,0.00000,0.00000,0.00000,False,7,TB,0,0.56660,0.56660,1,0,1,0.00000,0.56660,0.56660,0,0,0,0.00000,0.00000,5
2021102409,288,42503,Jesse James,pass_block,inline,0.00000,0.00000,0.00000,False,7,CHI,1,0.69379,0.69818,1,1,0,0.00439,-0.30621,-0.30182,1,0,0,0.00000,1.00000,6
2021102409,498,52451,Cole Kmet,pass_block,inline,0.00000,0.00000,0.00000,False,7,CHI,0,0.26310,0.28242,1,1,0,0.01932,0.26310,0.28242,0,0,0,0.00000,0.00000,6
2021102409,604,44831,O.J. Howard,chip_release,inline,0.00000,0.00000,0.00000,False,7,TB,0,0.37935,0.37935,1,0,1,0.00000,0.37935,0.37935,0,0,0,0.00000,0.00000,5
2021102409,769,52451,Cole Kmet,pass_block,inline,0.00000,0.00000,0.00000,False,7,CHI,0,0.31264,0.32258,1,1,0,0.00995,0.31264,0.32258,0,0,0,0.00000,0.00000,5
2021102409,1266,52451,Cole Kmet,pass_block,inline,0.00000,0.00000,0.00000,False,7,CHI,0,0.29533,0.30302,1,1,0,0.00769,0.29533,0.30302,0,0,0,0.00000,0.00000,5
2021102409,1451,42503,Jesse James,chip_release,inline,0.00000,0.00000,0.00000,False,7,CHI,0,0.36661,0.36661,2,0,2,0.00000,0.18331,0.18331,0,0,0,0.00000,0.00000,5
2021102409,1451,52451,Cole Kmet,chip_release,detached,0.00000,0.00000,0.00000,False,7,CHI,0,0.36661,0.36661,2,0,2,0.00000,0.18331,0.18331,0,0,0,0.00000,0.00000,5
2021102409,1625,42503,Jesse James,pass_block,inline,1.00000,0.00000,0.00000,False,7,CHI,1,0.53280,0.66458,1,1,0,0.13178,-0.46720,-0.33542,1,0,0,1.00000,0.00000,6
2021102409,1781,44831,O.J. Howard,chip_release,inline,0.00000,0.00000,0.00000,False,7,TB,0,0.36654,0.36654,1,0,1,0.00000,0.36654,0.36654,0,0,0,0.00000,0.00000,5
2021102409,2016,42033,Cameron Brate,chip_release,detached,0.00000,0.00000,0.00000,False,7,TB,0,0.22933,0.22933,1,0,1,0.00000,0.22933,0.22933,0,0,0,0.00000,0.00000,5
2021102409,2656,42503,Jesse James,chip_release,inline,0.00000,0.00000,0.00000,False,7,CHI,0,0.41361,0.42155,2,1,1,0.00397,0.20681,0.21078,0,0,0,0.00000,0.00000,5
2021102409,2656,52451,Cole Kmet,pass_block,inline,0.00000,0.00000,0.00000,False,7,CHI,0,0.41361,0.42155,2,1,1,0.00397,0.20681,0.21078,0,0,0,0.00000,0.00000,5
2021102409,3507,42503,Jesse James,chip_release,inline,0.00000,0.00000,0.00000,False,7,CHI,1,0.41313,0.41313,2,0,2,0.00000,-0.29344,-0.29344,0,1,0,0.00000,0.00000,5
2021102409,3507,52451,Cole Kmet,chip_release,detached,0.00000,0.00000,0.00000,False,7,CHI,1,0.41313,0.41313,2,0,2,0.00000,-0.29344,-0.29344,0,1,0,0.00000,0.00000,5
2021102409,3701,44831,O.J. Howard,pass_block,inline,0.00000,0.00000,0.00000,False,7,TB,1,0.46213,0.47025,2,1,1,0.00406,-0.26894,-0.26488,1,0,0,0.00000,0.00000,5
2021102409,3701,46544,Deon Yelder,chip_release,inline,1.00000,0.00000,0.00000,False,7,TB,1,0.46213,0.47025,2,1,1,0.00406,-0.26894,-0.26488,1,0,0,1.00000,0.00000,5
2021102409,3725,46544,Deon Yelder,chip_release,inline,0.00000,0.00000,0.00000,False,7,TB,0,0.33782,0.33782,1,0,1,0.00000,0.33782,0.33782,0,0,0,0.00000,0.00000,5
2021102409,3766,42503,Jesse James,chip_release,inline,0.00000,0.00000,0.00000,False,7,CHI,1,0.48276,0.48276,1,0,1,0.00000,-0.51724,-0.51724,1,0,0,0.00000,0.00000,5
2021102409,3956,42503,Jesse James,chip_release,inline,0.00000,0.00000,0.00000,False,7,CHI,0,0.31092,0.31092,1,0,1,0.00000,0.31092,0.31092,0,0,0,0.00000,0.00000,5
2021102410,62,52598,Charlie Woerner,chip_release,inline,0.00000,0.00000,0.00000,False,7,SF,0,0.24285,0.24285,1,0,1,0.00000,0.24285,0.24285,0,0,0,0.00000,0.00000,5
2021102410,141,52598,Charlie Woerner,chip_release,inline,0.00000,0.00000,0.00000,False,7,SF,0,0.43194,0.43194,1,0,1,0.00000,0.43194,0.43194,0,0,0,0.00000,0.00000,5
2021102410,503,44792,Mo Alie-Cox,chip_release,detached,0.00000,0.00000,0.00000,False,7,IND,1,0.39090,0.39090,1,0,1,0.00000,-0.60910,-0.60910,1,0,0,0.00000,1.00000,5
2021102410,679,52598,Charlie Woerner,pass_block,inline,0.00000,0.00000,0.00000,False,7,SF,0,0.42507,0.43729,1,1,0,0.01222,0.42507,0.43729,0,0,0,0.00000,0.00000,6
2021102410,754,46331,Ross Dwelley,pass_block,backfield,0.00000,0.00000,0.00000,False,7,SF,0,0.32769,0.33609,1,1,0,0.00839,0.32769,0.33609,0,0,0,0.00000,0.00000,5
2021102410,810,40641,Jack Doyle,pass_block,wing,0.00000,0.00000,0.00000,False,7,IND,0,0.18992,0.20304,2,2,0,0.00656,0.09496,0.10152,0,0,0,0.00000,0.00000,6
2021102410,810,44792,Mo Alie-Cox,pass_block,inline,0.00000,0.00000,0.00000,False,7,IND,0,0.18992,0.20304,2,2,0,0.00656,0.09496,0.10152,0,0,0,0.00000,0.00000,6
2021102410,995,52598,Charlie Woerner,pass_block,inline,0.00000,0.00000,0.00000,False,7,SF,0,0.21558,0.22181,1,1,0,0.00623,0.21558,0.22181,0,0,0,0.00000,0.00000,5
2021102410,1635,46331,Ross Dwelley,pass_block,inline,0.00000,0.00000,0.00000,False,7,SF,0,0.53981,0.66366,1,1,0,0.12384,0.53981,0.66366,0,0,0,0.00000,0.00000,6
2021102410,2368,46331,Ross Dwelley,pass_block,inline,0.00000,0.00000,0.00000,False,7,SF,0,0.25283,0.29079,1,1,0,0.03796,0.25283,0.29079,0,0,0,0.00000,0.00000,5
2021102410,2461,52598,Charlie Woerner,pass_block,inline,0.00000,0.00000,0.00000,False,7,SF,0,0.36811,0.39825,1,1,0,0.03015,0.36811,0.39825,0,0,0,0.00000,0.00000,5
2021102410,2485,52598,Charlie Woerner,pass_block,inline,0.00000,0.00000,0.00000,False,7,SF,0,0.20260,0.22540,1,1,0,0.02280,0.20260,0.22540,0,0,0,0.00000,0.00000,5
2021102410,2719,52598,Charlie Woerner,pass_block,inline,0.00000,0.00000,0.00000,False,7,SF,0,0.30449,0.33037,1,1,0,0.02587,0.30449,0.33037,0,0,0,0.00000,0.00000,5
2021102410,2754,46331,Ross Dwelley,pass_block,inline,1.00000,0.00000,0.00000,False,7,SF,1,0.30609,0.34831,1,1,0,0.04223,-0.69391,-0.65169,1,0,0,1.00000,0.00000,5
2021102410,3041,52598,Charlie Woerner,pass_block,inline,0.00000,0.00000,0.00000,False,7,SF,0,0.18123,0.20726,1,1,0,0.02603,0.18123,0.20726,0,0,0,0.00000,0.00000,6
2021102410,3137,46331,Ross Dwelley,pass_block,inline,0.00000,1.00000,0.00000,False,7,SF,1,0.59755,0.60737,1,1,0,0.00982,-0.40245,-0.39263,1,1,0,1.00000,2.00000,6
2021102410,3287,44792,Mo Alie-Cox,chip_release,detached,0.00000,0.00000,0.00000,False,7,IND,0,0.24614,0.24614,1,0,1,0.00000,0.24614,0.24614,0,0,0,0.00000,0.00000,5
2021102410,3434,40641,Jack Doyle,chip_release,detached,0.00000,0.00000,0.00000,False,7,IND,1,0.40296,0.40296,1,0,1,0.00000,-0.59704,-0.59704,0,1,0,0.00000,1.00000,5
2021102410,3600,44792,Mo Alie-Cox,chip_release,inline,0.00000,0.00000,0.00000,False,7,IND,0,0.76484,0.76484,1,0,1,0.00000,0.76484,0.76484,0,0,0,0.00000,0.00000,5
2021102410,3692,40641,Jack Doyle,pass_block,wing,0.00000,0.00000,0.00000,False,7,IND,0,0.51860,0.52674,2,2,0,0.00407,0.25930,0.26337,0,0,0,0.00000,0.00000,5
2021102410,3692,44792,Mo Alie-Cox,pass_block,inline,0.00000,0.00000,0.00000,False,7,IND,0,0.51860,0.52674,2,2,0,0.00407,0.25930,0.26337,0,0,0,0.00000,0.00000,5
2021102410,3714,40641,Jack Doyle,pass_block,detached,0.00000,0.00000,0.00000,False,7,IND,0,0.37269,0.39068,1,1,0,0.01799,0.37269,0.39068,0,0,0,0.00000,0.00000,6
2021102410,3781,46331,Ross Dwelley,chip_release,inline,0.00000,0.00000,0.00000,False,7,SF,0,0.22393,0.22393,1,0,1,0.00000,0.22393,0.22393,0,0,0,0.00000,0.00000,5
2021102410,3882,52598,Charlie Woerner,chip_release,inline,0.00000,0.00000,0.00000,False,7,SF,0,0.26330,0.26330,1,0,1,0.00000,0.26330,0.26330,0,0,0,0.00000,0.00000,5
2021102500,326,46189,Will Dissly,pass_block,inline,0.00000,0.00000,0.00000,False,7,SEA,0,0.28787,0.30097,1,1,0,0.01311,0.28787,0.30097,0,0,0,0.00000,0.00000,5
2021102500,474,52513,Adam Trautman,pass_block,inline,1.00000,0.00000,0.00000,False,7,NO,1,0.25692,0.26653,1,1,0,0.00961,-0.74308,-0.73347,1,0,0,1.00000,0.00000,5
2021102500,786,52513,Adam Trautman,chip_release,inline,0.00000,0.00000,0.00000,False,7,NO,1,0.36323,0.36323,1,0,1,0.00000,-0.63677,-0.63677,0,0,1,0.00000,1.00000,5
2021102500,833,44856,Gerald Everett,pass_block,wing,0.00000,0.00000,0.00000,False,7,SEA,1,0.69496,0.70962,2,2,0,0.00733,-0.15252,-0.14519,1,0,0,0.00000,1.00000,5
2021102500,833,46189,Will Dissly,pass_block,inline,0.00000,0.00000,0.00000,False,7,SEA,1,0.69496,0.70962,2,2,0,0.00733,-0.15252,-0.14519,1,0,0,0.00000,1.00000,5
2021102500,894,52541,Colby Parkinson,chip_release,wing,0.00000,0.00000,0.00000,False,7,SEA,0,0.47612,0.47612,1,0,1,0.00000,0.47612,0.47612,0,0,0,0.00000,0.00000,5
2021102500,1104,44075,Garrett Griffin,chip_release,wing,0.00000,0.00000,0.00000,False,7,NO,0,0.44277,0.45084,2,1,1,0.00403,0.22138,0.22542,0,0,0,0.00000,0.00000,5
2021102500,1104,52513,Adam Trautman,pass_block,inline,0.00000,0.00000,0.00000,False,7,NO,0,0.44277,0.45084,2,1,1,0.00403,0.22138,0.22542,0,0,0,0.00000,0.00000,5
2021102500,1240,52513,Adam Trautman,chip_release,inline,0.00000,0.00000,0.00000,False,7,NO,0,0.31675,0.31675,1,0,1,0.00000,0.31675,0.31675,0,0,0,0.00000,0.00000,5
2021102500,1347,52513,Adam Trautman,pass_block,inline,0.00000,0.00000,0.00000,False,7,NO,0,0.30310,0.31288,1,1,0,0.00978,0.30310,0.31288,0,0,0,0.00000,0.00000,5
2021102500,1597,46189,Will Dissly,pass_block,inline,0.00000,0.00000,0.00000,False,7,SEA,0,0.27040,0.27955,1,1,0,0.00915,0.27040,0.27955,0,0,0,0.00000,0.00000,5
2021102500,1751,44856,Gerald Everett,chip_release,inline,0.00000,0.00000,0.00000,False,7,SEA,1,0.38998,0.38998,1,0,1,0.00000,-0.61002,-0.61002,1,0,0,0.00000,1.00000,5
2021102500,1792,52942,Juwan Johnson,chip_release,inline,0.00000,0.00000,0.00000,False,7,NO,0,0.24596,0.24596,1,0,1,0.00000,0.24596,0.24596,0,0,0,0.00000,0.00000,5
2021102500,2293,46189,Will Dissly,pass_block,inline,1.00000,0.00000,0.00000,False,7,SEA,1,0.25381,0.26335,1,1,0,0.00953,-0.74619,-0.73665,1,0,0,1.00000,0.00000,5
2021102500,2436,46189,Will Dissly,pass_block,inline,1.00000,0.00000,0.00000,False,7,SEA,1,0.70290,0.71463,1,1,0,0.01173,-0.29710,-0.28537,1,0,1,1.00000,0.00000,5
2021102500,2553,44075,Garrett Griffin,pass_block,wing,0.00000,0.00000,0.00000,False,7,NO,0,0.29083,0.30746,2,2,0,0.00831,0.14541,0.15373,0,0,0,0.00000,0.00000,5
2021102500,2553,52513,Adam Trautman,pass_block,inline,0.00000,0.00000,0.00000,False,7,NO,0,0.29083,0.30746,2,2,0,0.00831,0.14541,0.15373,0,0,0,0.00000,0.00000,5
2021102500,2625,52513,Adam Trautman,chip_release,inline,0.00000,0.00000,0.00000,False,7,NO,0,0.29495,0.29495,1,0,1,0.00000,0.29495,0.29495,0,0,0,0.00000,0.00000,5
2021102500,2835,52513,Adam Trautman,chip_release,inline,0.00000,0.00000,0.00000,False,7,NO,0,0.16730,0.16730,1,0,1,0.00000,0.16730,0.16730,0,0,0,0.00000,0.00000,5
2021102500,3238,46189,Will Dissly,chip_release,inline,0.00000,0.00000,0.00000,False,7,SEA,0,0.50459,0.50459,1,0,1,0.00000,0.50459,0.50459,0,0,0,0.00000,0.00000,5
2021102500,3305,46189,Will Dissly,pass_block,inline,0.00000,0.00000,0.00000,False,7,SEA,0,0.29142,0.30179,1,1,0,0.01037,0.29142,0.30179,0,0,0,0.00000,0.00000,5
2021102500,3424,44856,Gerald Everett,chip_release,inline,0.00000,0.00000,0.00000,False,7,SEA,1,0.67414,0.67414,1,0,1,0.00000,-0.32586,-0.32586,0,0,1,0.00000,1.00000,6
2021102500,3484,44075,Garrett Griffin,pass_block,inline,0.00000,0.00000,0.00000,False,7,NO,0,0.47454,0.48268,2,2,0,0.00407,0.23727,0.24134,0,0,0,0.00000,0.00000,5
2021102500,3484,52513,Adam Trautman,pass_block,inline,0.00000,0.00000,0.00000,False,7,NO,0,0.47454,0.48268,2,2,0,0.00407,0.23727,0.24134,0,0,0,0.00000,0.00000,5
2021102500,3536,52513,Adam Trautman,pass_block,inline,0.00000,0.00000,0.00000,False,7,NO,0,0.30548,0.31530,1,1,0,0.00982,0.30548,0.31530,0,0,0,0.00000,0.00000,5
2021102500,3998,44856,Gerald Everett,chip_release,inline,0.00000,0.00000,0.00000,False,7,SEA,1,0.73713,0.73713,1,0,1,0.00000,-0.26287,-0.26287,1,0,0,0.00000,1.00000,5
2021102800,368,30842,Marcedes Lewis,chip_release,inline,0.00000,0.00000,0.00000,False,8,GB,1,0.30174,0.30174,1,0,1,0.00000,-0.69826,-0.69826,1,0,0,0.00000,1.00000,6
2021102800,471,39983,Zach Ertz,chip_release,detached,0.00000,0.00000,0.00000,False,8,ARI,1,0.28982,0.28982,1,0,1,0.00000,-0.71018,-0.71018,1,1,0,0.00000,2.00000,5
2021102800,874,30842,Marcedes Lewis,pass_block,wing,0.00000,0.00000,0.00000,False,8,GB,0,0.40853,0.43354,1,1,0,0.02502,0.40853,0.43354,0,0,0,0.00000,0.00000,5
2021102800,1155,39983,Zach Ertz,chip_release,detached,0.00000,0.00000,0.00000,False,8,ARI,1,0.42296,0.42296,1,0,1,0.00000,-0.57704,-0.57704,0,0,1,0.00000,0.00000,5
2021102800,1454,53172,Dominique Dafney,pass_block,wing,0.00000,0.00000,0.00000,False,8,GB,1,0.44723,0.45958,1,1,0,0.01235,-0.55277,-0.54042,1,0,0,0.00000,1.00000,6
2021102800,1489,30842,Marcedes Lewis,chip_release,inline,0.00000,0.00000,0.00000,False,8,GB,1,0.48241,0.48241,1,0,1,0.00000,-0.51759,-0.51759,1,0,0,0.00000,1.00000,6
2021102800,1511,30842,Marcedes Lewis,chip_release,inline,0.00000,0.00000,0.00000,False,8,GB,0,0.39039,0.39039,1,0,1,0.00000,0.39039,0.39039,0,0,0,0.00000,0.00000,5
2021102800,1651,40615,Demetrius Harris,pass_block,inline,0.00000,0.00000,0.00000,False,8,ARI,1,0.72226,0.72956,1,1,0,0.00730,-0.27774,-0.27044,1,0,0,0.00000,2.00000,5
2021102800,2897,52502,Josiah Deguara,pass_block,detached,0.00000,0.00000,0.00000,False,8,GB,1,0.32618,0.36941,1,1,0,0.04323,-0.67382,-0.63059,1,0,0,0.00000,1.00000,6
2021102800,3007,40615,Demetrius Harris,pass_block,wing,0.00000,0.00000,0.00000,False,8,ARI,0,0.52738,0.55255,1,1,0,0.02517,0.52738,0.55255,0,0,0,0.00000,0.00000,5
2021102800,3052,39983,Zach Ertz,chip_release,inline,0.00000,0.00000,0.00000,False,8,ARI,1,0.71257,0.71257,1,0,1,0.00000,-0.28743,-0.28743,1,0,0,0.00000,0.00000,5
2021102800,3279,53172,Dominique Dafney,chip_release,wing,0.00000,0.00000,0.00000,False,8,GB,1,0.42005,0.42005,1,0,1,0.00000,-0.57995,-0.57995,0,0,1,0.00000,0.00000,5
2021102800,3797,39983,Zach Ertz,chip_release,detached,0.00000,0.00000,0.00000,False,8,ARI,0,0.25942,0.25942,1,0,1,0.00000,0.25942,0.25942,0,0,0,0.00000,0.00000,5
2021103100,113,37234,Lee Smith,pass_block,inline,0.00000,0.00000,1.00000,False,8,ATL,1,0.31266,0.33377,1,1,0,0.02111,-0.68734,-0.66623,0,0,1,1.00000,0.00000,6
2021103100,843,37234,Lee Smith,pass_block,inline,0.00000,0.00000,0.00000,False,8,ATL,0,0.44756,0.46603,2,2,0,0.00923,0.22378,0.23301,0,0,0,0.00000,0.00000,6
2021103100,843,46094,Hayden Hurst,pass_block,backfield,0.00000,0.00000,0.00000,False,8,ATL,0,0.44756,0.46603,2,2,0,0.00923,0.22378,0.23301,0,0,0,0.00000,0.00000,6
2021103100,1151,46170,Ian Thomas,pass_block,inline,0.00000,0.00000,0.00000,False,8,CAR,0,0.20973,0.22155,1,1,0,0.01182,0.20973,0.22155,0,0,0,0.00000,0.00000,6
2021103100,1252,53512,Tommy Tremble,chip_release,detached,0.00000,0.00000,0.00000,False,8,CAR,0,0.46292,0.46292,1,0,1,0.00000,0.46292,0.46292,0,0,0,0.00000,0.00000,5
2021103100,1307,37234,Lee Smith,pass_block,inline,0.00000,0.00000,0.00000,False,8,ATL,0,0.36965,0.38517,2,2,0,0.00776,0.18483,0.19259,0,0,0,0.00000,0.00000,6
2021103100,1307,46094,Hayden Hurst,pass_block,wing,0.00000,0.00000,0.00000,False,8,ATL,0,0.36965,0.38517,2,2,0,0.00776,0.18483,0.19259,0,0,0,0.00000,0.00000,6
2021103100,1352,37234,Lee Smith,pass_block,inline,0.00000,0.00000,0.00000,False,8,ATL,0,0.26536,0.28191,2,2,0,0.00827,0.13268,0.14096,0,0,0,0.00000,0.00000,5
2021103100,1352,46094,Hayden Hurst,pass_block,backfield,0.00000,0.00000,0.00000,False,8,ATL,0,0.26536,0.28191,2,2,0,0.00827,0.13268,0.14096,0,0,0,0.00000,0.00000,5
2021103100,1602,46170,Ian Thomas,pass_block,inline,0.00000,0.00000,0.00000,False,8,CAR,0,0.29238,0.31275,2,2,0,0.01018,0.14619,0.15637,0,0,0,0.00000,0.00000,5
2021103100,1602,53512,Tommy Tremble,pass_block,wing,0.00000,0.00000,0.00000,False,8,CAR,0,0.29238,0.31275,2,2,0,0.01018,0.14619,0.15637,0,0,0,0.00000,0.00000,5
2021103100,1624,46170,Ian Thomas,chip_release,inline,0.00000,0.00000,0.00000,False,8,CAR,1,0.79902,0.79902,1,0,1,0.00000,-0.20098,-0.20098,1,0,0,0.00000,1.00000,6
2021103100,1879,46170,Ian Thomas,chip_release,detached,0.00000,0.00000,0.00000,False,8,CAR,0,0.21664,0.21664,1,0,1,0.00000,0.21664,0.21664,0,0,0,0.00000,0.00000,5
2021103100,1908,46170,Ian Thomas,chip_release,detached,0.00000,0.00000,0.00000,False,8,CAR,0,0.24833,0.24833,1,0,1,0.00000,0.24833,0.24833,0,0,0,0.00000,0.00000,5
2021103100,2051,37234,Lee Smith,pass_block,inline,0.00000,0.00000,0.00000,False,8,ATL,0,0.25506,0.27383,1,1,0,0.01877,0.25506,0.27383,0,0,0,0.00000,0.00000,6
2021103100,2242,46170,Ian Thomas,pass_block,inline,0.00000,0.00000,0.00000,False,8,CAR,0,0.49282,0.51723,1,1,0,0.02441,0.49282,0.51723,0,0,0,0.00000,0.00000,6
2021103100,2263,45594,Colin Thompson,pass_block,inline,0.00000,0.00000,0.00000,False,8,CAR,0,0.20973,0.22155,1,1,0,0.01182,0.20973,0.22155,0,0,0,0.00000,0.00000,6
2021103100,3261,46094,Hayden Hurst,chip_release,detached,0.00000,0.00000,0.00000,False,8,ATL,1,0.51263,0.51263,1,0,1,0.00000,-0.48737,-0.48737,0,0,1,0.00000,1.00000,6
2021103101,184,44857,Adam Shaheen,chip_release,inline,0.00000,0.00000,0.00000,False,8,MIA,1,0.69659,0.69659,1,0,1,0.00000,-0.30341,-0.30341,0,1,0,0.00000,1.00000,5
2021103101,210,46192,Durham Smythe,chip_release,detached,0.00000,0.00000,0.00000,False,8,MIA,0,0.36699,0.36699,1,0,1,0.00000,0.36699,0.36699,0,0,0,0.00000,0.00000,5
2021103101,338,44857,Adam Shaheen,pass_block,inline,0.00000,0.00000,0.00000,False,8,MIA,0,0.32549,0.34314,1,1,0,0.01765,0.32549,0.34314,0,0,0,0.00000,0.00000,6
2021103101,383,46192,Durham Smythe,pass_block,inline,0.00000,0.00000,0.00000,False,8,MIA,1,0.53523,0.63725,1,1,0,0.10202,-0.46477,-0.36275,1,0,0,0.00000,0.00000,5
2021103101,799,46192,Durham Smythe,chip_release,inline,0.00000,0.00000,0.00000,False,8,MIA,0,0.33531,0.33531,1,0,1,0.00000,0.33531,0.33531,0,0,0,0.00000,0.00000,5
2021103101,1321,48011,Tommy Sweeney,pass_block,backfield,1.00000,0.00000,0.00000,False,8,BUF,1,0.61516,0.74944,1,1,0,0.13429,-0.38484,-0.25056,1,0,0,1.00000,0.00000,6
2021103101,1368,44857,Adam Shaheen,chip_release,inline,0.00000,0.00000,0.00000,False,8,MIA,0,0.29768,0.29768,1,0,1,0.00000,0.29768,0.29768,0,0,0,0.00000,0.00000,5
2021103101,1485,44857,Adam Shaheen,pass_block,inline,0.00000,0.00000,0.00000,False,8,MIA,0,0.29844,0.31530,1,1,0,0.01687,0.29844,0.31530,0,0,0,0.00000,0.00000,6
2021103101,1582,46111,Mike Gesicki,chip_release,detached,0.00000,0.00000,0.00000,False,8,MIA,0,0.45912,0.45912,2,0,2,0.00000,0.22956,0.22956,0,0,0,0.00000,0.00000,5
2021103101,1582,46192,Durham Smythe,chip_release,detached,0.00000,0.00000,0.00000,False,8,MIA,0,0.45912,0.45912,2,0,2,0.00000,0.22956,0.22956,0,0,0,0.00000,0.00000,5
2021103101,2120,46192,Durham Smythe,pass_block,inline,0.00000,0.00000,0.00000,False,8,MIA,1,0.50651,0.52621,1,1,0,0.01970,-0.49349,-0.47379,1,0,0,0.00000,1.00000,6
2021103101,2352,46111,Mike Gesicki,pass_block,detached,1.00000,0.00000,0.00000,False,8,MIA,1,0.50172,0.51217,2,2,0,0.00523,-0.24914,-0.24391,1,0,0,1.00000,0.00000,5
2021103101,2352,46192,Durham Smythe,pass_block,detached,0.00000,0.00000,0.00000,False,8,MIA,1,0.50172,0.51217,2,2,0,0.00523,-0.24914,-0.24391,1,0,0,0.00000,0.00000,5
2021103101,2527,48011,Tommy Sweeney,chip_release,detached,0.00000,0.00000,0.00000,False,8,BUF,0,0.37729,0.37729,1,0,1,0.00000,0.37729,0.37729,0,0,0,0.00000,0.00000,5
2021103101,2813,48011,Tommy Sweeney,chip_release,inline,0.00000,0.00000,0.00000,False,8,BUF,1,0.50092,0.50092,1,0,1,0.00000,-0.49908,-0.49908,1,0,0,0.00000,1.00000,6
2021103101,2908,44857,Adam Shaheen,pass_block,inline,0.00000,0.00000,0.00000,False,8,MIA,0,0.31099,0.33852,2,2,0,0.01376,0.15550,0.16926,0,0,0,0.00000,0.00000,5
2021103101,2908,46192,Durham Smythe,pass_block,inline,0.00000,0.00000,0.00000,False,8,MIA,0,0.31099,0.33852,2,2,0,0.01376,0.15550,0.16926,0,0,0,0.00000,0.00000,5
2021103101,3290,48011,Tommy Sweeney,chip_release,inline,0.00000,0.00000,0.00000,False,8,BUF,1,0.60283,0.60283,1,0,1,0.00000,-0.39717,-0.39717,0,1,0,0.00000,1.00000,5
2021103101,3350,44857,Adam Shaheen,chip_release,inline,0.00000,0.00000,0.00000,False,8,MIA,1,0.33531,0.33531,1,0,1,0.00000,-0.66469,-0.66469,1,0,0,0.00000,1.00000,5
2021103101,3401,44857,Adam Shaheen,pass_block,inline,0.00000,0.00000,0.00000,False,8,MIA,1,0.49553,0.50369,1,1,0,0.00816,-0.50447,-0.49631,1,0,0,0.00000,1.00000,6
2021103101,3496,46192,Durham Smythe,pass_block,detached,0.00000,0.00000,0.00000,False,8,MIA,0,0.34799,0.35663,1,1,0,0.00864,0.34799,0.35663,0,0,0,0.00000,0.00000,5
2021103101,3808,48011,Tommy Sweeney,pass_block,inline,0.00000,0.00000,0.00000,False,8,BUF,0,0.39269,0.41146,1,1,0,0.01878,0.39269,0.41146,0,0,0,0.00000,0.00000,6
2021103101,3830,48011,Tommy Sweeney,pass_block,inline,0.00000,0.00000,0.00000,False,8,BUF,0,0.48971,0.51014,1,1,0,0.02043,0.48971,0.51014,0,0,0,0.00000,0.00000,6
2021103102,295,52598,Charlie Woerner,chip_release,inline,0.00000,0.00000,0.00000,False,8,SF,1,0.36651,0.36651,1,0,1,0.00000,-0.63349,-0.63349,1,0,0,0.00000,0.00000,5
2021103102,377,42503,Jesse James,chip_release,inline,0.00000,0.00000,0.00000,False,8,CHI,0,0.72370,0.72370,1,0,1,0.00000,0.72370,0.72370,0,0,0,0.00000,0.00000,5
2021103102,398,52451,Cole Kmet,pass_block,backfield,0.00000,0.00000,0.00000,False,8,CHI,0,0.52101,0.54136,1,1,0,0.02035,0.52101,0.54136,0,0,0,0.00000,0.00000,5
2021103102,804,42503,Jesse James,chip_release,detached,0.00000,0.00000,0.00000,False,8,CHI,1,0.35323,0.35323,1,0,1,0.00000,-0.64677,-0.64677,1,0,0,0.00000,0.00000,5
2021103102,894,42503,Jesse James,pass_block,inline,1.00000,0.00000,0.00000,False,8,CHI,1,0.33714,0.34747,2,1,1,0.00517,-0.33143,-0.32626,1,0,0,1.00000,1.00000,5
2021103102,894,52451,Cole Kmet,chip_release,inline,0.00000,0.00000,0.00000,False,8,CHI,1,0.33714,0.34747,2,1,1,0.00517,-0.33143,-0.32626,1,0,0,0.00000,1.00000,5
2021103102,996,42503,Jesse James,chip_release,inline,0.00000,0.00000,0.00000,False,8,CHI,1,0.75736,0.75736,1,0,1,0.00000,-0.24264,-0.24264,1,0,0,0.00000,0.00000,6
2021103102,1083,52451,Cole Kmet,chip_release,wing,0.00000,0.00000,0.00000,False,8,CHI,0,0.55518,0.55518,1,0,1,0.00000,0.55518,0.55518,0,0,0,0.00000,0.00000,5
2021103102,1200,52598,Charlie Woerner,chip_release,inline,0.00000,0.00000,0.00000,False,8,SF,0,0.27911,0.27911,1,0,1,0.00000,0.27911,0.27911,0,0,0,0.00000,0.00000,5
2021103102,1383,42503,Jesse James,pass_block,inline,0.00000,0.00000,0.00000,False,8,CHI,0,0.38723,0.41037,2,2,0,0.01157,0.19361,0.20518,0,0,0,0.00000,0.00000,5
2021103102,1383,44009,J.P. Holtz,pass_block,wing,0.00000,0.00000,0.00000,False,8,CHI,0,0.38723,0.41037,2,2,0,0.01157,0.19361,0.20518,0,0,0,0.00000,0.00000,5
2021103102,1405,52451,Cole Kmet,pass_block,inline,0.00000,0.00000,0.00000,False,8,CHI,0,0.53324,0.55351,1,1,0,0.02027,0.53324,0.55351,0,0,0,0.00000,0.00000,6
2021103102,1471,42503,Jesse James,pass_block,inline,0.00000,0.00000,0.00000,False,8,CHI,0,0.27258,0.28795,1,1,0,0.01537,0.27258,0.28795,0,0,0,0.00000,0.00000,6
2021103102,1646,42503,Jesse James,chip_release,detached,0.00000,0.00000,0.00000,False,8,CHI,1,0.70382,0.70382,1,0,1,0.00000,-0.29618,-0.29618,1,0,0,0.00000,0.00000,5
2021103102,1716,52451,Cole Kmet,chip_release,detached,0.00000,0.00000,0.00000,False,8,CHI,0,0.29595,0.29595,1,0,1,0.00000,0.29595,0.29595,0,0,0,0.00000,0.00000,5
2021103102,2077,42503,Jesse James,chip_release,inline,0.00000,0.00000,0.00000,False,8,CHI,1,0.49203,0.49203,2,0,2,0.00000,-0.25399,-0.25399,1,0,0,0.00000,1.00000,5
2021103102,2077,52451,Cole Kmet,chip_release,inline,0.00000,0.00000,0.00000,False,8,CHI,1,0.49203,0.49203,2,0,2,0.00000,-0.25399,-0.25399,1,0,0,0.00000,1.00000,5
2021103102,2143,42503,Jesse James,pass_block,inline,0.00000,0.00000,0.00000,False,8,CHI,0,0.44202,0.46426,1,1,0,0.02224,0.44202,0.46426,0,0,0,0.00000,0.00000,6
2021103102,2954,52598,Charlie Woerner,pass_block,inline,0.00000,0.00000,0.00000,False,8,SF,0,0.32804,0.33823,1,1,0,0.01020,0.32804,0.33823,0,0,0,0.00000,0.00000,5
2021103102,3146,42503,Jesse James,pass_block,inline,0.00000,0.00000,0.00000,False,8,CHI,1,0.78694,0.79846,2,2,0,0.00576,-0.10653,-0.10077,1,0,1,0.00000,1.00000,5
2021103102,3146,52451,Cole Kmet,pass_block,inline,0.00000,0.00000,0.00000,False,8,CHI,1,0.78694,0.79846,2,2,0,0.00576,-0.10653,-0.10077,1,0,1,0.00000,1.00000,5
2021103102,3256,42503,Jesse James,chip_release,detached,0.00000,0.00000,0.00000,False,8,CHI,0,0.26843,0.26843,1,0,1,0.00000,0.26843,0.26843,0,0,0,0.00000,0.00000,5
2021103102,3280,42503,Jesse James,pass_block,inline,0.00000,0.00000,0.00000,False,8,CHI,0,0.41788,0.42584,1,1,0,0.00796,0.41788,0.42584,0,0,0,0.00000,0.00000,6
2021103102,3347,42503,Jesse James,chip_release,inline,0.00000,0.00000,0.00000,False,8,CHI,1,0.66096,0.66096,1,0,1,0.00000,-0.33904,-0.33904,1,0,0,0.00000,0.00000,5
2021103102,3651,42503,Jesse James,chip_release,inline,0.00000,0.00000,0.00000,False,8,CHI,0,0.27222,0.27222,2,0,2,0.00000,0.13611,0.13611,0,0,0,0.00000,0.00000,5
2021103102,3651,52451,Cole Kmet,chip_release,inline,0.00000,0.00000,0.00000,False,8,CHI,0,0.27222,0.27222,2,0,2,0.00000,0.13611,0.13611,0,0,0,0.00000,0.00000,5
2021103102,3962,52451,Cole Kmet,chip_release,detached,0.00000,0.00000,0.00000,False,8,CHI,1,0.74843,0.74843,1,0,1,0.00000,-0.25157,-0.25157,0,1,0,0.00000,1.00000,5
2021103103,105,43370,Austin Hooper,pass_block,inline,0.00000,0.00000,0.00000,False,8,CLE,0,0.27796,0.29416,1,1,0,0.01620,0.27796,0.29416,0,0,0,0.00000,0.00000,6
2021103103,148,43370,Austin Hooper,pass_block,inline,0.00000,0.00000,0.00000,False,8,CLE,0,0.32208,0.34453,1,1,0,0.02244,0.32208,0.34453,0,0,0,0.00000,0.00000,6
2021103103,262,44841,David Njoku,pass_block,inline,0.00000,0.00000,0.00000,False,8,CLE,0,0.30968,0.32689,1,1,0,0.01721,0.30968,0.32689,0,0,0,0.00000,0.00000,6
2021103103,712,44841,David Njoku,pass_block,inline,0.00000,0.00000,0.00000,False,8,CLE,0,0.44638,0.45247,1,1,0,0.00609,0.44638,0.45247,0,0,0,0.00000,0.00000,6
2021103103,736,44841,David Njoku,chip_release,inline,0.00000,0.00000,0.00000,False,8,CLE,0,0.33033,0.33033,1,0,1,0.00000,0.33033,0.33033,0,0,0,0.00000,0.00000,5
2021103103,765,44841,David Njoku,pass_block,inline,0.00000,0.00000,0.00000,False,8,CLE,1,0.70156,0.72192,1,1,0,0.02036,-0.29844,-0.27808,1,0,0,0.00000,2.00000,5
2021103103,944,47924,Zach Gentry,pass_block,inline,0.00000,0.00000,0.00000,False,8,PIT,0,0.29396,0.30872,1,1,0,0.01476,0.29396,0.30872,0,0,0,0.00000,0.00000,5
2021103103,1233,43370,Austin Hooper,chip_release,inline,0.00000,0.00000,0.00000,False,8,CLE,0,0.25149,0.25149,1,0,1,0.00000,0.25149,0.25149,0,0,0,0.00000,0.00000,5
2021103103,2353,43370,Austin Hooper,pass_block,inline,0.00000,0.00000,0.00000,False,8,CLE,0,0.39361,0.47322,2,2,0,0.03981,0.19680,0.23661,0,0,0,0.00000,0.00000,5
2021103103,2353,44841,David Njoku,pass_block,inline,0.00000,0.00000,0.00000,False,8,CLE,0,0.39361,0.47322,2,2,0,0.03981,0.19680,0.23661,0,0,0,0.00000,0.00000,5
2021103103,2955,44841,David Njoku,chip_release,inline,0.00000,0.00000,0.00000,False,8,CLE,0,0.36859,0.36859,1,0,1,0.00000,0.36859,0.36859,0,0,0,0.00000,0.00000,5
2021103103,3361,47924,Zach Gentry,pass_block,inline,0.00000,0.00000,0.00000,False,8,PIT,0,0.34688,0.46575,2,2,0,0.05944,0.17344,0.23287,0,0,0,0.00000,0.00000,5
2021103103,3361,53484,Pat Freiermuth,pass_block,wing,0.00000,0.00000,0.00000,False,8,PIT,0,0.34688,0.46575,2,2,0,0.05944,0.17344,0.23287,0,0,0,0.00000,0.00000,5
2021103103,3400,47924,Zach Gentry,pass_block,inline,0.00000,0.00000,0.00000,False,8,PIT,0,0.34945,0.37201,1,1,0,0.02257,0.34945,0.37201,0,0,0,0.00000,0.00000,6
2021103103,3476,43370,Austin Hooper,pass_block,inline,0.00000,0.00000,0.00000,False,8,CLE,1,0.42489,0.44696,2,1,1,0.01103,-0.28755,-0.27652,1,0,0,0.00000,1.00000,6
2021103103,3476,52523,Harrison Bryant,chip_release,wing,0.00000,0.00000,0.00000,False,8,CLE,1,0.42489,0.44696,2,1,1,0.01103,-0.28755,-0.27652,1,0,0,0.00000,1.00000,6
2021103103,3636,43370,Austin Hooper,pass_block,inline,0.00000,0.00000,0.00000,False,8,CLE,0,0.28587,0.30234,3,2,1,0.00549,0.09529,0.10078,0,0,0,0.00000,0.00000,5
2021103103,3636,44841,David Njoku,pass_block,inline,0.00000,0.00000,0.00000,False,8,CLE,0,0.28587,0.30234,3,2,1,0.00549,0.09529,0.10078,0,0,0,0.00000,0.00000,5
2021103103,3636,52523,Harrison Bryant,chip_release,wing,0.00000,0.00000,0.00000,False,8,CLE,0,0.28587,0.30234,3,2,1,0.00549,0.09529,0.10078,0,0,0,0.00000,0.00000,5
2021103103,3876,43370,Austin Hooper,chip_release,inline,0.00000,0.00000,0.00000,False,8,CLE,0,0.23196,0.23196,2,0,2,0.00000,0.11598,0.11598,0,0,0,0.00000,0.00000,5
2021103103,3876,52523,Harrison Bryant,chip_release,inline,0.00000,0.00000,0.00000,False,8,CLE,0,0.23196,0.23196,2,0,2,0.00000,0.11598,0.11598,0,0,0,0.00000,0.00000,5
2021103103,3915,44841,David Njoku,pass_block,inline,0.00000,0.00000,0.00000,False,8,CLE,1,0.52606,0.53956,1,1,0,0.01351,-0.47394,-0.46044,0,1,0,0.00000,0.00000,5
2021103103,3948,44841,David Njoku,chip_release,inline,0.00000,0.00000,0.00000,False,8,CLE,1,0.67969,0.70370,2,1,1,0.01201,-0.16016,-0.14815,1,0,0,0.00000,1.00000,6
2021103103,3948,52523,Harrison Bryant,pass_block,backfield,0.00000,0.00000,0.00000,False,8,CLE,1,0.67969,0.70370,2,1,1,0.01201,-0.16016,-0.14815,1,0,0,0.00000,1.00000,6
2021103103,4014,43370,Austin Hooper,chip_release,inline,0.00000,0.00000,0.00000,False,8,CLE,1,0.42558,0.42558,1,0,1,0.00000,-0.57442,-0.57442,1,0,0,0.00000,1.00000,5
2021103103,4249,47924,Zach Gentry,pass_block,inline,0.00000,0.00000,0.00000,False,8,PIT,0,0.80869,0.82595,2,2,0,0.00863,0.40434,0.41297,0,0,0,0.00000,0.00000,6
2021103103,4249,53484,Pat Freiermuth,pass_block,detached,0.00000,0.00000,0.00000,False,8,PIT,0,0.80869,0.82595,2,2,0,0.00863,0.40434,0.41297,0,0,0,0.00000,0.00000,6
2021103104,787,47791,T.J. Hockenson,chip_release,detached,0.00000,0.00000,0.00000,False,8,DET,1,0.51233,0.51233,1,0,1,0.00000,-0.48767,-0.48767,0,0,1,0.00000,0.00000,5
2021103104,1073,47791,T.J. Hockenson,chip_release,inline,0.00000,0.00000,0.00000,False,8,DET,0,0.41922,0.41922,1,0,1,0.00000,0.41922,0.41922,0,0,0,0.00000,0.00000,5
2021103104,1167,53959,Brock Wright,pass_block,inline,0.00000,0.00000,0.00000,False,8,DET,0,0.38647,0.40796,1,1,0,0.02149,0.38647,0.40796,0,0,0,0.00000,0.00000,5
2021103104,2033,46118,Dallas Goedert,pass_block,inline,0.00000,0.00000,0.00000,False,8,PHI,1,0.73532,0.75717,2,2,0,0.01093,-0.13234,-0.12141,1,0,0,0.00000,0.00000,5
2021103104,2033,53946,Jack Stoll,pass_block,wing,0.00000,0.00000,0.00000,False,8,PHI,1,0.73532,0.75717,2,2,0,0.01093,-0.13234,-0.12141,1,0,0,0.00000,0.00000,5
2021103104,2108,41327,Richard Rodgers,chip_release,wing,0.00000,0.00000,0.00000,False,8,PHI,0,0.33590,0.33590,1,0,1,0.00000,0.33590,0.33590,0,0,0,0.00000,0.00000,5
2021103104,2325,47791,T.J. Hockenson,pass_block,inline,0.00000,0.00000,0.00000,False,8,DET,0,0.43890,0.44696,1,1,0,0.00805,0.43890,0.44696,0,0,0,0.00000,0.00000,5
2021103104,2755,53959,Brock Wright,chip_release,inline,0.00000,0.00000,0.00000,False,8,DET,1,0.22657,0.22657,1,0,1,0.00000,-0.77343,-0.77343,1,0,0,0.00000,1.00000,5
2021103104,3275,53959,Brock Wright,chip_release,inline,0.00000,0.00000,0.00000,False,8,DET,1,0.27347,0.27347,1,0,1,0.00000,-0.72653,-0.72653,1,0,0,0.00000,1.00000,5
2021103105,166,43399,Tyler Higbee,chip_release,inline,0.00000,0.00000,0.00000,False,8,LA,0,0.39760,0.39760,1,0,1,0.00000,0.39760,0.39760,0,0,0,0.00000,0.00000,5
2021103105,292,43399,Tyler Higbee,chip_release,inline,0.00000,0.00000,0.00000,False,8,LA,0,0.32329,0.32329,1,0,1,0.00000,0.32329,0.32329,0,0,0,0.00000,0.00000,5
2021103105,391,53576,Brevin Jordan,pass_block,inline,0.00000,0.00000,0.00000,False,8,HOU,1,0.72127,0.72843,1,1,0,0.00716,-0.27873,-0.27157,1,0,0,0.00000,2.00000,6
2021103105,1032,43399,Tyler Higbee,pass_block,inline,0.00000,0.00000,0.00000,False,8,LA,0,0.32931,0.33952,1,1,0,0.01021,0.32931,0.33952,0,0,0,0.00000,0.00000,5
2021103105,1366,43399,Tyler Higbee,pass_block,inline,0.00000,0.00000,0.00000,False,8,LA,1,0.69915,0.70770,1,1,0,0.00855,-0.30085,-0.29230,0,1,0,0.00000,1.00000,6
2021103105,1455,45321,Antony Auclair,pass_block,backfield,0.00000,0.00000,0.00000,False,8,HOU,0,0.41556,0.43476,2,2,0,0.00960,0.20778,0.21738,0,0,0,0.00000,0.00000,6
2021103105,1455,46167,Jordan Akins,pass_block,inline,0.00000,0.00000,0.00000,False,8,HOU,0,0.41556,0.43476,2,2,0,0.00960,0.20778,0.21738,0,0,0,0.00000,0.00000,6
2021103105,1842,46167,Jordan Akins,chip_release,inline,0.00000,0.00000,0.00000,False,8,HOU,1,0.78198,0.78198,1,0,1,0.00000,-0.21802,-0.21802,1,0,0,0.00000,0.00000,5
2021103105,2077,46167,Jordan Akins,pass_block,inline,0.00000,0.00000,0.00000,False,8,HOU,0,0.31809,0.33288,1,1,0,0.01480,0.31809,0.33288,0,0,0,0.00000,0.00000,6
2021103105,2120,46167,Jordan Akins,chip_release,inline,0.00000,0.00000,0.00000,False,8,HOU,1,0.51867,0.51867,1,0,1,0.00000,-0.48133,-0.48133,1,0,1,0.00000,3.00000,6
2021103105,2206,43399,Tyler Higbee,chip_release,inline,0.00000,0.00000,0.00000,False,8,LA,0,0.41454,0.41454,1,0,1,0.00000,0.41454,0.41454,0,0,0,0.00000,0.00000,6
2021103105,2333,46167,Jordan Akins,chip_release,detached,0.00000,0.00000,0.00000,False,8,HOU,1,0.54082,0.54082,1,0,1,0.00000,-0.45918,-0.45918,1,0,1,0.00000,2.00000,6
2021103105,2438,48766,Kendall Blanton,pass_block,inline,0.00000,0.00000,0.00000,False,8,LA,0,0.32025,0.33033,1,1,0,0.01007,0.32025,0.33033,0,0,0,0.00000,0.00000,5
2021103105,2931,45321,Antony Auclair,pass_block,inline,0.00000,0.00000,0.00000,False,8,HOU,0,0.43811,0.44388,1,1,0,0.00577,0.43811,0.44388,0,0,0,0.00000,0.00000,5
2021103105,3593,45321,Antony Auclair,pass_block,inline,0.00000,0.00000,0.00000,False,8,HOU,1,0.76635,0.77355,1,1,0,0.00719,-0.23365,-0.22645,1,0,0,0.00000,1.00000,6
2021103105,4042,46167,Jordan Akins,chip_release,detached,0.00000,0.00000,0.00000,False,8,HOU,0,0.40536,0.40536,1,0,1,0.00000,0.40536,0.40536,0,0,0,0.00000,0.00000,5
2021103106,357,40641,Jack Doyle,pass_block,inline,0.00000,0.00000,0.00000,False,8,IND,1,0.51734,0.54581,1,1,0,0.02847,-0.48266,-0.45419,1,0,0,0.00000,1.00000,5
2021103106,434,42589,Geoff Swaim,chip_release,backfield,0.00000,0.00000,0.00000,False,8,TEN,0,0.31083,0.31083,1,0,1,0.00000,0.31083,0.31083,0,0,0,0.00000,0.00000,5
2021103106,697,44792,Mo Alie-Cox,pass_block,inline,0.00000,0.00000,0.00000,False,8,IND,0,0.35028,0.36453,1,1,0,0.01425,0.35028,0.36453,0,0,0,0.00000,0.00000,5
2021103106,719,40641,Jack Doyle,chip_release,detached,0.00000,0.00000,0.00000,False,8,IND,0,0.18749,0.18749,1,0,1,0.00000,0.18749,0.18749,0,0,0,0.00000,0.00000,5
2021103106,808,42589,Geoff Swaim,chip_release,detached,0.00000,0.00000,0.00000,False,8,TEN,0,0.19058,0.19058,1,0,1,0.00000,0.19058,0.19058,0,0,0,0.00000,0.00000,5
2021103106,862,42589,Geoff Swaim,chip_release,inline,0.00000,0.00000,0.00000,False,8,TEN,1,0.27142,0.27142,1,0,1,0.00000,-0.72858,-0.72858,1,1,0,0.00000,2.00000,5
2021103106,950,42486,MyCole Pruitt,chip_release,inline,0.00000,0.00000,0.00000,False,8,TEN,1,0.24337,0.24337,2,0,2,0.00000,-0.37831,-0.37831,1,0,0,0.00000,1.00000,5
2021103106,950,42589,Geoff Swaim,chip_release,inline,0.00000,0.00000,0.00000,False,8,TEN,1,0.24337,0.24337,2,0,2,0.00000,-0.37831,-0.37831,1,0,0,0.00000,1.00000,5
2021103106,1333,42589,Geoff Swaim,chip_release,inline,0.00000,0.00000,0.00000,False,8,TEN,0,0.25324,0.25324,1,0,1,0.00000,0.25324,0.25324,0,0,0,0.00000,0.00000,5
2021103106,1460,42589,Geoff Swaim,chip_release,detached,0.00000,0.00000,0.00000,False,8,TEN,1,0.24257,0.24257,1,0,1,0.00000,-0.75743,-0.75743,1,0,1,0.00000,1.00000,5
2021103106,1524,42486,MyCole Pruitt,pass_block,inline,0.00000,0.00000,0.00000,False,8,TEN,0,0.49124,0.50776,3,2,1,0.00551,0.16375,0.16925,0,0,0,0.00000,0.00000,6
2021103106,1524,42589,Geoff Swaim,pass_block,inline,0.00000,0.00000,0.00000,False,8,TEN,0,0.49124,0.50776,3,2,1,0.00551,0.16375,0.16925,0,0,0,0.00000,0.00000,6
2021103106,1524,45355,Anthony Firkser,chip_release,wing,0.00000,0.00000,0.00000,False,8,TEN,0,0.49124,0.50776,3,2,1,0.00551,0.16375,0.16925,0,0,0,0.00000,0.00000,6
2021103106,2665,42486,MyCole Pruitt,chip_release,inline,0.00000,0.00000,0.00000,False,8,TEN,0,0.40918,0.40918,2,0,2,0.00000,0.20459,0.20459,0,0,0,0.00000,0.00000,5
2021103106,2665,45355,Anthony Firkser,chip_release,inline,0.00000,0.00000,0.00000,False,8,TEN,0,0.40918,0.40918,2,0,2,0.00000,0.20459,0.20459,0,0,0,0.00000,0.00000,5
2021103106,3069,42486,MyCole Pruitt,pass_block,wing,0.00000,0.00000,0.00000,False,8,TEN,0,0.24126,0.25937,2,2,0,0.00905,0.12063,0.12968,0,0,0,0.00000,0.00000,5
2021103106,3069,42589,Geoff Swaim,pass_block,inline,0.00000,0.00000,0.00000,False,8,TEN,0,0.24126,0.25937,2,2,0,0.00905,0.12063,0.12968,0,0,0,0.00000,0.00000,5
2021103106,3163,45355,Anthony Firkser,chip_release,detached,0.00000,0.00000,0.00000,False,8,TEN,0,0.57310,0.57310,1,0,1,0.00000,0.57310,0.57310,0,0,0,0.00000,0.00000,5
2021103106,3261,40641,Jack Doyle,chip_release,inline,0.00000,0.00000,0.00000,False,8,IND,1,0.31530,0.31530,2,0,2,0.00000,-0.34235,-0.34235,1,0,0,0.00000,1.00000,5
2021103106,3261,44792,Mo Alie-Cox,chip_release,inline,0.00000,0.00000,0.00000,False,8,IND,1,0.31530,0.31530,2,0,2,0.00000,-0.34235,-0.34235,1,0,0,0.00000,1.00000,5
2021103106,3445,40641,Jack Doyle,pass_block,inline,0.00000,0.00000,0.00000,False,8,IND,0,0.23854,0.25652,2,2,0,0.00899,0.11927,0.12826,0,0,0,0.00000,0.00000,5
2021103106,3445,44792,Mo Alie-Cox,pass_block,inline,0.00000,0.00000,0.00000,False,8,IND,0,0.23854,0.25652,2,2,0,0.00899,0.11927,0.12826,0,0,0,0.00000,0.00000,5
2021103106,3492,40641,Jack Doyle,pass_block,detached,0.00000,0.00000,0.00000,False,8,IND,1,0.72035,0.74260,1,1,0,0.02225,-0.27965,-0.25740,0,0,1,0.00000,1.00000,6
2021103106,3784,45355,Anthony Firkser,chip_release,detached,0.00000,0.00000,0.00000,False,8,TEN,1,0.78564,0.78564,1,0,1,0.00000,-0.21436,-0.21436,1,0,0,0.00000,1.00000,5
2021103106,4334,45355,Anthony Firkser,chip_release,detached,0.00000,0.00000,0.00000,False,8,TEN,1,0.23033,0.23033,1,0,1,0.00000,-0.76967,-0.76967,0,0,1,0.00000,1.00000,5
2021103106,4456,44792,Mo Alie-Cox,pass_block,inline,0.00000,0.00000,0.00000,False,8,IND,1,0.74512,0.74954,1,1,0,0.00442,-0.25488,-0.25046,1,1,0,0.00000,2.00000,5
2021103106,4518,42486,MyCole Pruitt,pass_block,inline,0.00000,0.00000,0.00000,False,8,TEN,0,0.21828,0.25708,2,2,0,0.01940,0.10914,0.12854,0,0,0,0.00000,0.00000,5
2021103106,4518,42589,Geoff Swaim,pass_block,inline,0.00000,0.00000,0.00000,False,8,TEN,0,0.21828,0.25708,2,2,0,0.01940,0.10914,0.12854,0,0,0,0.00000,0.00000,5
2021103106,4561,42486,MyCole Pruitt,chip_release,inline,0.00000,0.00000,0.00000,False,8,TEN,0,0.38931,0.38931,2,0,2,0.00000,0.19465,0.19465,0,0,0,0.00000,0.00000,5
2021103106,4561,45355,Anthony Firkser,chip_release,inline,0.00000,0.00000,0.00000,False,8,TEN,0,0.38931,0.38931,2,0,2,0.00000,0.19465,0.19465,0,0,0,0.00000,0.00000,5
2021103106,4670,44792,Mo Alie-Cox,chip_release,inline,0.00000,0.00000,0.00000,False,8,IND,0,0.25652,0.25652,1,0,1,0.00000,0.25652,0.25652,0,0,0,0.00000,0.00000,5
2021103106,4728,42589,Geoff Swaim,pass_block,inline,0.00000,0.00000,0.00000,False,8,TEN,0,0.47158,0.48401,1,1,0,0.01244,0.47158,0.48401,0,0,0,0.00000,0.00000,5
2021103107,79,40149,Ryan Griffin,pass_block,inline,0.00000,0.00000,0.00000,False,8,NYJ,0,0.18951,0.19520,2,1,1,0.00285,0.09475,0.09760,0,0,0,0.00000,0.00000,5
2021103107,79,42428,Tyler Kroft,chip_release,inline,0.00000,0.00000,0.00000,False,8,NYJ,0,0.18951,0.19520,2,1,1,0.00285,0.09475,0.09760,0,0,0,0.00000,0.00000,5
2021103107,138,40149,Ryan Griffin,pass_block,inline,0.00000,0.00000,0.00000,False,8,NYJ,1,0.22755,0.23640,1,1,0,0.00886,-0.77245,-0.76360,1,0,0,0.00000,1.00000,5
2021103107,488,40149,Ryan Griffin,pass_block,inline,0.00000,0.00000,0.00000,False,8,NYJ,1,0.74937,0.76230,1,1,0,0.01293,-0.25063,-0.23770,1,0,0,0.00000,1.00000,6
2021103107,787,42428,Tyler Kroft,pass_block,backfield,0.00000,0.00000,0.00000,False,8,NYJ,1,0.25899,0.26268,1,1,0,0.00369,-0.74101,-0.73732,1,1,0,0.00000,2.00000,5
2021103107,866,42500,C.J. Uzomah,pass_block,inline,0.00000,1.00000,0.00000,False,8,CIN,1,0.64926,0.65854,1,1,0,0.00928,-0.35074,-0.34146,1,1,0,1.00000,1.00000,5
2021103107,899,47835,Drew Sample,pass_block,inline,0.00000,0.00000,0.00000,False,8,CIN,0,0.19106,0.20343,1,1,0,0.01237,0.19106,0.20343,0,0,0,0.00000,0.00000,6
2021103107,1101,42428,Tyler Kroft,chip_release,detached,0.00000,0.00000,0.00000,False,8,NYJ,1,0.28898,0.28898,1,0,1,0.00000,-0.71102,-0.71102,0,1,0,0.00000,0.00000,6
2021103107,1470,42500,C.J. Uzomah,pass_block,backfield,0.00000,0.00000,0.00000,False,8,CIN,1,0.33579,0.35398,1,1,0,0.01819,-0.66421,-0.64602,1,0,0,0.00000,0.00000,5
2021103107,1601,47835,Drew Sample,pass_block,inline,0.00000,0.00000,0.00000,False,8,CIN,1,0.34266,0.36074,2,2,0,0.00904,-0.32867,-0.31963,1,0,0,0.00000,1.00000,6
2021103107,1601,52673,Mitchell Wilcox,pass_block,inline,0.00000,0.00000,0.00000,False,8,CIN,1,0.34266,0.36074,2,2,0,0.00904,-0.32867,-0.31963,1,0,0,0.00000,1.00000,6
2021103107,1758,42500,C.J. Uzomah,pass_block,inline,0.00000,0.00000,0.00000,False,8,CIN,0,0.24582,0.25953,1,1,0,0.01371,0.24582,0.25953,0,0,0,0.00000,0.00000,6
2021103107,2425,42500,C.J. Uzomah,chip_release,inline,0.00000,0.00000,0.00000,False,8,CIN,0,0.43649,0.43649,1,0,1,0.00000,0.43649,0.43649,0,0,0,0.00000,0.00000,5
2021103107,2487,42428,Tyler Kroft,pass_block,inline,0.00000,0.00000,0.00000,False,8,NYJ,0,0.30165,0.31489,1,1,0,0.01323,0.30165,0.31489,0,0,0,0.00000,0.00000,5
2021103107,2532,42428,Tyler Kroft,pass_block,wing,0.00000,0.00000,0.00000,False,8,NYJ,1,0.75489,0.76772,1,1,0,0.01283,-0.24511,-0.23228,1,0,1,0.00000,1.00000,5
2021103107,2551,40149,Ryan Griffin,pass_block,detached,0.00000,0.00000,0.00000,False,8,NYJ,1,0.58688,0.61039,1,1,0,0.02351,-0.41312,-0.38961,1,0,0,0.00000,0.00000,5
2021103107,2575,40149,Ryan Griffin,pass_block,inline,0.00000,0.00000,0.00000,False,8,NYJ,0,0.24845,0.27413,1,1,0,0.02568,0.24845,0.27413,0,0,0,0.00000,0.00000,5
2021103107,2620,40149,Ryan Griffin,pass_block,inline,0.00000,0.00000,0.00000,False,8,NYJ,1,0.36962,0.39786,1,1,0,0.02824,-0.63038,-0.60214,1,1,0,0.00000,1.00000,5
2021103107,2762,40149,Ryan Griffin,chip_release,inline,0.00000,0.00000,0.00000,False,8,NYJ,1,0.24952,0.24952,1,0,1,0.00000,-0.75048,-0.75048,1,0,0,0.00000,1.00000,6
2021103107,2865,42500,C.J. Uzomah,pass_block,inline,0.00000,0.00000,0.00000,False,8,CIN,0,0.32427,0.34577,2,2,0,0.01075,0.16213,0.17288,0,0,0,0.00000,0.00000,5
2021103107,2865,47835,Drew Sample,pass_block,inline,0.00000,0.00000,0.00000,False,8,CIN,0,0.32427,0.34577,2,2,0,0.01075,0.16213,0.17288,0,0,0,0.00000,0.00000,5
2021103107,3015,40149,Ryan Griffin,chip_release,inline,0.00000,0.00000,0.00000,False,8,NYJ,0,0.19146,0.19146,1,0,1,0.00000,0.19146,0.19146,0,0,0,0.00000,0.00000,5
2021103107,4133,42428,Tyler Kroft,pass_block,detached,0.00000,0.00000,0.00000,False,8,NYJ,0,0.19186,0.19980,1,1,0,0.00794,0.19186,0.19980,0,0,0,0.00000,0.00000,5
2021103108,99,48456,Donald Parham,pass_block,inline,0.00000,0.00000,0.00000,False,8,LAC,0,0.29962,0.31931,1,1,0,0.01969,0.29962,0.31931,0,0,0,0.00000,0.00000,5
2021103108,128,34540,Jared Cook,chip_release,detached,0.00000,0.00000,0.00000,False,8,LAC,0,0.39334,0.39334,1,0,1,0.00000,0.39334,0.39334,0,0,0,0.00000,0.00000,6
2021103108,341,44912,Jonnu Smith,chip_release,detached,0.00000,0.00000,0.00000,False,8,NE,0,0.23965,0.23965,1,0,1,0.00000,0.23965,0.23965,0,0,0,0.00000,0.00000,5
2021103108,393,44912,Jonnu Smith,chip_release,inline,0.00000,0.00000,0.00000,False,8,NE,0,0.41240,0.41240,1,0,1,0.00000,0.41240,0.41240,0,0,0,0.00000,0.00000,5
2021103108,670,48456,Donald Parham,pass_block,detached,0.00000,0.00000,1.00000,False,8,LAC,1,0.32127,0.33495,1,1,0,0.01368,-0.67873,-0.66505,0,0,1,1.00000,0.00000,5
2021103108,1273,43324,Hunter Henry,pass_block,detached,0.00000,0.00000,0.00000,False,8,NE,0,0.30521,0.31436,1,1,0,0.00915,0.30521,0.31436,0,0,0,0.00000,0.00000,6
2021103108,1770,43324,Hunter Henry,chip_release,detached,0.00000,0.00000,0.00000,False,8,NE,0,0.39245,0.39245,1,0,1,0.00000,0.39245,0.39245,0,0,0,0.00000,0.00000,5
2021103108,1908,43324,Hunter Henry,chip_release,detached,0.00000,0.00000,0.00000,False,8,NE,0,0.27066,0.27066,1,0,1,0.00000,0.27066,0.27066,0,0,0,0.00000,0.00000,5
2021103108,1932,43324,Hunter Henry,chip_release,detached,0.00000,0.00000,0.00000,False,8,NE,0,0.25032,0.25032,1,0,1,0.00000,0.25032,0.25032,0,0,0,0.00000,0.00000,5
2021103108,2354,34540,Jared Cook,pass_block,detached,1.00000,0.00000,0.00000,False,8,LAC,1,0.80528,0.82108,2,2,0,0.00790,-0.09736,-0.08946,1,0,0,1.00000,0.00000,5
2021103108,2354,48456,Donald Parham,pass_block,inline,0.00000,0.00000,0.00000,False,8,LAC,1,0.80528,0.82108,2,2,0,0.00790,-0.09736,-0.08946,1,0,0,0.00000,0.00000,5
2021103108,2404,48456,Donald Parham,pass_block,detached,0.00000,0.00000,0.00000,False,8,LAC,1,0.31910,0.33273,1,1,0,0.01363,-0.68090,-0.66727,1,0,0,0.00000,1.00000,5
2021103108,3185,34540,Jared Cook,chip_release,detached,0.00000,0.00000,0.00000,False,8,LAC,0,0.23479,0.23479,1,0,1,0.00000,0.23479,0.23479,0,0,0,0.00000,0.00000,5
2021103108,3252,34540,Jared Cook,chip_release,detached,0.00000,0.00000,0.00000,False,8,LAC,0,0.42715,0.42715,1,0,1,0.00000,0.42715,0.42715,0,0,0,0.00000,0.00000,5
2021103108,3279,43324,Hunter Henry,pass_block,detached,0.00000,0.00000,0.00000,False,8,NE,0,0.56697,0.58024,1,1,0,0.01327,0.56697,0.58024,0,0,0,0.00000,0.00000,6
2021103108,3386,34540,Jared Cook,chip_release,detached,0.00000,0.00000,0.00000,False,8,LAC,1,0.26844,0.26844,1,0,1,0.00000,-0.73156,-0.73156,1,0,0,0.00000,1.00000,5
2021103108,3671,44912,Jonnu Smith,pass_block,inline,0.00000,0.00000,0.00000,False,8,NE,1,0.42002,0.43619,1,1,0,0.01618,-0.57998,-0.56381,0,1,0,0.00000,1.00000,7
2021103108,3872,34540,Jared Cook,chip_release,detached,0.00000,0.00000,0.00000,False,8,LAC,1,0.30295,0.30295,1,0,1,0.00000,-0.69705,-0.69705,0,0,1,0.00000,1.00000,5
2021103108,3919,34540,Jared Cook,chip_release,detached,0.00000,0.00000,0.00000,False,8,LAC,0,0.39985,0.39985,1,0,1,0.00000,0.39985,0.39985,0,0,0,0.00000,0.00000,5
2021103108,3989,48456,Donald Parham,chip_release,inline,0.00000,0.00000,0.00000,False,8,LAC,0,0.31265,0.31265,1,0,1,0.00000,0.31265,0.31265,0,0,0,0.00000,0.00000,5
2021103108,4065,34540,Jared Cook,chip_release,detached,0.00000,0.00000,0.00000,False,8,LAC,0,0.27111,0.27111,1,0,1,0.00000,0.27111,0.27111,0,0,0,0.00000,0.00000,5
2021103109,141,45785,Dan Arnold,pass_block,inline,0.00000,0.00000,0.00000,False,8,JAX,1,0.27903,0.30428,1,1,0,0.02525,-0.72097,-0.69572,1,0,0,0.00000,1.00000,5
2021103109,414,46189,Will Dissly,pass_block,inline,1.00000,0.00000,0.00000,False,8,SEA,1,0.37287,0.38367,1,1,0,0.01079,-0.62713,-0.61633,1,0,0,1.00000,0.00000,5
2021103109,734,44856,Gerald Everett,chip_release,inline,0.00000,0.00000,0.00000,False,8,SEA,0,0.46810,0.46810,1,0,1,0.00000,0.46810,0.46810,0,0,0,0.00000,0.00000,6
2021103109,903,42302,Chris Manhertz,pass_block,inline,0.00000,0.00000,0.00000,False,8,JAX,0,0.48711,0.56793,1,1,0,0.08081,0.48711,0.56793,0,0,0,0.00000,0.00000,5
2021103109,1144,44856,Gerald Everett,pass_block,inline,0.00000,0.00000,0.00000,False,8,SEA,0,0.34463,0.36276,1,1,0,0.01813,0.34463,0.36276,0,0,0,0.00000,0.00000,6
2021103109,1609,46189,Will Dissly,pass_block,inline,0.00000,0.00000,0.00000,False,8,SEA,0,0.20694,0.21912,1,1,0,0.01217,0.20694,0.21912,0,0,0,0.00000,0.00000,6
2021103109,1747,46189,Will Dissly,pass_block,inline,0.00000,0.00000,0.00000,False,8,SEA,1,0.53668,0.66044,2,2,0,0.06188,-0.23166,-0.16978,1,0,1,0.00000,1.00000,6
2021103109,1747,52541,Colby Parkinson,pass_block,inline,0.00000,0.00000,0.00000,False,8,SEA,1,0.53668,0.66044,2,2,0,0.06188,-0.23166,-0.16978,1,0,1,0.00000,1.00000,6
2021103109,1944,46189,Will Dissly,pass_block,detached,0.00000,0.00000,0.00000,False,8,SEA,1,0.44277,0.45084,1,1,0,0.00807,-0.55723,-0.54916,1,0,0,0.00000,0.00000,6
2021103109,2031,42302,Chris Manhertz,pass_block,inline,0.00000,0.00000,0.00000,False,8,JAX,0,0.31396,0.33140,1,1,0,0.01743,0.31396,0.33140,0,0,0,0.00000,0.00000,5
2021103109,2167,46189,Will Dissly,pass_block,inline,0.00000,0.00000,0.00000,False,8,SEA,1,0.75077,0.75757,1,1,0,0.00680,-0.24923,-0.24243,1,0,0,0.00000,1.00000,5
2021103109,2688,42302,Chris Manhertz,pass_block,inline,0.00000,0.00000,0.00000,False,8,JAX,1,0.39603,0.43543,1,1,0,0.03940,-0.60397,-0.56457,1,0,0,0.00000,0.00000,5
2021103109,2869,45785,Dan Arnold,chip_release,inline,0.00000,0.00000,0.00000,False,8,JAX,1,0.82629,0.82629,1,0,1,0.00000,-0.17371,-0.17371,1,1,0,0.00000,2.00000,6
2021103109,2977,44856,Gerald Everett,chip_release,inline,0.00000,0.00000,0.00000,False,8,SEA,0,0.23602,0.23602,1,0,1,0.00000,0.23602,0.23602,0,0,0,0.00000,0.00000,5
2021103109,3276,45785,Dan Arnold,chip_release,detached,0.00000,0.00000,0.00000,False,8,JAX,1,0.41341,0.41341,1,0,1,0.00000,-0.58659,-0.58659,0,1,0,0.00000,1.00000,5
2021103109,3473,45785,Dan Arnold,pass_block,inline,0.00000,0.00000,0.00000,False,8,JAX,1,0.72178,0.72908,1,1,0,0.00730,-0.27822,-0.27092,1,0,0,0.00000,1.00000,5
2021103110,228,53553,John Bates,pass_block,wing,0.00000,0.00000,0.00000,False,8,WAS,0,0.52955,0.57988,1,1,0,0.05033,0.52955,0.57988,0,0,0,0.00000,0.00000,7
2021103110,252,52526,Albert Okwuegbunam,chip_release,inline,0.00000,0.00000,0.00000,False,8,DEN,0,0.24208,0.24208,1,0,1,0.00000,0.24208,0.24208,0,0,0,0.00000,0.00000,6
2021103110,454,47803,Noah Fant,pass_block,inline,0.00000,0.00000,1.00000,False,8,DEN,1,0.27225,0.29994,1,1,0,0.02769,-0.72775,-0.70006,0,0,1,1.00000,0.00000,5
2021103110,530,52526,Albert Okwuegbunam,chip_release,inline,0.00000,0.00000,0.00000,False,8,DEN,0,0.39957,0.39957,1,0,1,0.00000,0.39957,0.39957,0,0,0,0.00000,0.00000,5
2021103110,599,45481,Ricky Seals-Jones,chip_release,detached,0.00000,0.00000,0.00000,False,8,WAS,1,0.39635,0.39635,1,0,1,0.00000,-0.60365,-0.60365,1,0,0,0.00000,2.00000,5
2021103110,783,45481,Ricky Seals-Jones,pass_block,wing,0.00000,0.00000,0.00000,False,8,WAS,0,0.36125,0.38065,2,2,0,0.00970,0.18063,0.19033,0,0,0,0.00000,0.00000,5
2021103110,783,53553,John Bates,pass_block,inline,0.00000,0.00000,0.00000,False,8,WAS,0,0.36125,0.38065,2,2,0,0.00970,0.18063,0.19033,0,0,0,0.00000,0.00000,5
2021103110,894,45481,Ricky Seals-Jones,pass_block,detached,0.00000,0.00000,0.00000,False,8,WAS,1,0.48819,0.50041,1,1,0,0.01222,-0.51181,-0.49959,1,0,0,0.00000,1.00000,5
2021103110,986,47803,Noah Fant,pass_block,wing,1.00000,0.00000,0.00000,False,8,DEN,1,0.46034,0.48108,2,2,0,0.01037,-0.26983,-0.25946,1,0,0,1.00000,0.00000,6
2021103110,986,52526,Albert Okwuegbunam,pass_block,inline,0.00000,0.00000,0.00000,False,8,DEN,1,0.46034,0.48108,2,2,0,0.01037,-0.26983,-0.25946,1,0,0,0.00000,0.00000,6
2021103110,1111,45481,Ricky Seals-Jones,chip_release,inline,0.00000,0.00000,0.00000,False,8,WAS,0,0.27720,0.27720,1,0,1,0.00000,0.27720,0.27720,0,0,0,0.00000,0.00000,5
2021103110,1227,45481,Ricky Seals-Jones,chip_release,inline,0.00000,0.00000,0.00000,False,8,WAS,0,0.44729,0.44729,1,0,1,0.00000,0.44729,0.44729,0,0,0,0.00000,0.00000,6
2021103110,1372,47803,Noah Fant,chip_release,inline,0.00000,0.00000,0.00000,False,8,DEN,0,0.35978,0.35978,1,0,1,0.00000,0.35978,0.35978,0,0,0,0.00000,0.00000,5
2021103110,1459,47803,Noah Fant,chip_release,inline,0.00000,0.00000,0.00000,False,8,DEN,1,0.33531,0.33531,1,0,1,0.00000,-0.66469,-0.66469,1,0,0,0.00000,1.00000,6
2021103110,1742,45481,Ricky Seals-Jones,chip_release,detached,0.00000,0.00000,0.00000,False,8,WAS,1,0.38738,0.38738,1,0,1,0.00000,-0.61262,-0.61262,0,0,1,0.00000,1.00000,5
2021103110,2325,53553,John Bates,chip_release,wing,0.00000,0.00000,0.00000,False,8,WAS,0,0.31503,0.31503,1,0,1,0.00000,0.31503,0.31503,0,0,0,0.00000,0.00000,5
2021103110,2881,45481,Ricky Seals-Jones,chip_release,detached,0.00000,0.00000,0.00000,False,8,WAS,0,0.52937,0.52937,1,0,1,0.00000,0.52937,0.52937,0,0,0,0.00000,0.00000,5
2021103110,2974,47803,Noah Fant,chip_release,inline,0.00000,0.00000,0.00000,False,8,DEN,0,0.41260,0.41260,1,0,1,0.00000,0.41260,0.41260,0,0,0,0.00000,0.00000,5
2021103110,3017,47803,Noah Fant,chip_release,inline,0.00000,0.00000,0.00000,False,8,DEN,1,0.54633,0.54633,1,0,1,0.00000,-0.45367,-0.45367,1,0,0,0.00000,0.00000,5
2021103110,3532,52526,Albert Okwuegbunam,pass_block,wing,0.00000,0.00000,0.00000,False,8,DEN,0,0.36740,0.39196,1,1,0,0.02456,0.36740,0.39196,0,0,0,0.00000,0.00000,5
2021103111,715,52513,Adam Trautman,chip_release,inline,0.00000,0.00000,0.00000,False,8,NO,0,0.54739,0.54739,1,0,1,0.00000,0.54739,0.54739,0,0,0,0.00000,0.00000,5
2021103111,789,52513,Adam Trautman,chip_release,inline,0.00000,0.00000,0.00000,False,8,NO,0,0.23965,0.23965,1,0,1,0.00000,0.23965,0.23965,0,0,0,0.00000,0.00000,5
2021103111,1185,52513,Adam Trautman,pass_block,inline,0.00000,0.00000,0.00000,False,8,NO,1,0.75007,0.75639,1,1,0,0.00632,-0.24993,-0.24361,1,0,0,0.00000,1.00000,5
2021103111,1220,44075,Garrett Griffin,pass_block,inline,0.00000,0.00000,0.00000,False,8,NO,1,0.43420,0.44223,1,1,0,0.00804,-0.56580,-0.55777,0,1,0,0.00000,2.00000,6
2021103111,1293,52513,Adam Trautman,pass_block,inline,0.00000,0.00000,0.00000,False,8,NO,0,0.49247,0.64273,1,1,0,0.15027,0.49247,0.64273,0,0,0,0.00000,0.00000,6
2021103111,1448,44831,O.J. Howard,chip_release,detached,0.00000,0.00000,0.00000,False,8,TB,0,0.54802,0.54802,1,0,1,0.00000,0.54802,0.54802,0,0,0,0.00000,0.00000,6
2021103111,1477,44831,O.J. Howard,chip_release,inline,0.00000,0.00000,0.00000,False,8,TB,0,0.26335,0.26335,1,0,1,0.00000,0.26335,0.26335,0,0,0,0.00000,0.00000,5
2021103111,1591,52513,Adam Trautman,pass_block,inline,0.00000,0.00000,0.00000,False,8,NO,0,0.28827,0.29534,1,1,0,0.00708,0.28827,0.29534,0,0,0,0.00000,0.00000,5
2021103111,1615,52513,Adam Trautman,pass_block,inline,0.00000,0.00000,0.00000,False,8,NO,1,0.35891,0.37519,1,1,0,0.01628,-0.64109,-0.62481,0,1,0,0.00000,0.00000,5
2021103111,1955,42033,Cameron Brate,chip_release,detached,0.00000,0.00000,0.00000,False,8,TB,1,0.36068,0.36068,1,0,1,0.00000,-0.63932,-0.63932,1,0,0,0.00000,2.00000,5
2021103111,2222,52513,Adam Trautman,pass_block,inline,0.00000,0.00000,0.00000,False,8,NO,0,0.35748,0.37561,1,1,0,0.01814,0.35748,0.37561,0,0,0,0.00000,0.00000,6
2021103111,2318,52513,Adam Trautman,pass_block,inline,0.00000,0.00000,0.00000,False,8,NO,1,0.45824,0.46436,1,1,0,0.00611,-0.54176,-0.53564,0,1,0,0.00000,0.00000,6
2021103111,2367,44075,Garrett Griffin,chip_release,inline,0.00000,0.00000,0.00000,False,8,NO,0,0.49994,0.49994,1,0,1,0.00000,0.49994,0.49994,0,0,0,0.00000,0.00000,7
2021103111,2717,42033,Cameron Brate,chip_release,inline,0.00000,0.00000,0.00000,False,8,TB,0,0.24303,0.24303,1,0,1,0.00000,0.24303,0.24303,0,0,0,0.00000,0.00000,5
2021103111,2909,44075,Garrett Griffin,pass_block,inline,0.00000,0.00000,0.00000,False,8,NO,1,0.31585,0.32585,2,1,1,0.00500,-0.34208,-0.33708,0,0,1,0.00000,0.00000,5
2021103111,2909,52513,Adam Trautman,chip_release,inline,0.00000,0.00000,0.00000,False,8,NO,1,0.31585,0.32585,2,1,1,0.00500,-0.34208,-0.33708,0,0,1,0.00000,0.00000,5
2021103111,3198,52513,Adam Trautman,pass_block,inline,0.00000,0.00000,0.00000,False,8,NO,0,0.18909,0.20048,1,1,0,0.01139,0.18909,0.20048,0,0,0,0.00000,0.00000,6
2021103111,3882,44831,O.J. Howard,chip_release,inline,0.00000,0.00000,0.00000,False,8,TB,0,0.36068,0.36068,1,0,1,0.00000,0.36068,0.36068,0,0,0,0.00000,0.00000,6
2021103111,3991,52513,Adam Trautman,pass_block,inline,0.00000,0.00000,0.00000,False,8,NO,0,0.40868,0.42856,1,1,0,0.01989,0.40868,0.42856,0,0,0,0.00000,0.00000,5
2021103111,4251,52513,Adam Trautman,pass_block,inline,0.00000,0.00000,0.00000,False,8,NO,1,0.40808,0.42708,1,1,0,0.01900,-0.59192,-0.57292,1,0,0,0.00000,0.00000,5
2021103111,4342,42033,Cameron Brate,chip_release,detached,0.00000,0.00000,0.00000,False,8,TB,1,0.23843,0.23843,1,0,1,0.00000,-0.76157,-0.76157,1,0,0,0.00000,1.00000,6
2021103111,4364,42033,Cameron Brate,chip_release,detached,0.00000,0.00000,0.00000,False,8,TB,0,0.40053,0.40053,1,0,1,0.00000,0.40053,0.40053,0,0,0,0.00000,0.00000,6
2021103111,4429,42033,Cameron Brate,chip_release,detached,0.00000,0.00000,0.00000,False,8,TB,1,0.23843,0.23843,1,0,1,0.00000,-0.76157,-0.76157,1,0,1,0.00000,2.00000,5
2021103111,4489,42033,Cameron Brate,chip_release,inline,0.00000,0.00000,0.00000,False,8,TB,0,0.38098,0.38098,1,0,1,0.00000,0.38098,0.38098,0,0,0,0.00000,0.00000,5
2021103111,4515,42033,Cameron Brate,chip_release,detached,0.00000,0.00000,0.00000,False,8,TB,1,0.54784,0.54784,1,0,1,0.00000,-0.45216,-0.45216,0,0,1,0.00000,1.00000,5
2021103112,55,46226,Tyler Conklin,pass_block,inline,0.00000,0.00000,0.00000,False,8,MIN,0,0.72554,0.73787,1,1,0,0.01233,0.72554,0.73787,0,0,0,0.00000,0.00000,5
2021103112,184,46226,Tyler Conklin,pass_block,inline,0.00000,0.00000,0.00000,False,8,MIN,1,0.57227,0.59845,1,1,0,0.02617,-0.42773,-0.40155,1,0,0,0.00000,1.00000,6
2021103112,646,37179,Luke Stocker,chip_release,inline,0.00000,0.00000,0.00000,False,8,MIN,0,0.34525,0.34525,1,0,1,0.00000,0.34525,0.34525,0,0,0,0.00000,0.00000,5
2021103112,788,44967,Jeremy Sprinkle,pass_block,wing,0.00000,0.00000,0.00000,False,8,DAL,0,0.46144,0.47789,1,1,0,0.01646,0.46144,0.47789,0,0,0,0.00000,0.00000,7
2021103112,821,45532,Blake Jarwin,chip_release,wing,0.00000,0.00000,0.00000,False,8,DAL,0,0.54879,0.54879,1,0,1,0.00000,0.54879,0.54879,0,0,0,0.00000,0.00000,5
2021103112,1045,46176,Christopher Herndon,pass_block,wing,0.00000,0.00000,0.00000,False,8,MIN,0,0.43040,0.43645,2,2,0,0.00302,0.21520,0.21822,0,0,0,0.00000,0.00000,5
2021103112,1045,46226,Tyler Conklin,pass_block,inline,0.00000,0.00000,0.00000,False,8,MIN,0,0.43040,0.43645,2,2,0,0.00302,0.21520,0.21822,0,0,0,0.00000,0.00000,5
2021103112,1113,46206,Dalton Schultz,chip_release,inline,0.00000,0.00000,0.00000,False,8,DAL,1,0.42701,0.42701,1,0,1,0.00000,-0.57299,-0.57299,1,0,0,0.00000,1.00000,5
2021103112,1469,37179,Luke Stocker,chip_release,inline,0.00000,0.00000,0.00000,False,8,MIN,0,0.21075,0.21075,1,0,1,0.00000,0.21075,0.21075,0,0,0,0.00000,0.00000,5
2021103112,1535,37179,Luke Stocker,pass_block,wing,0.00000,0.00000,0.00000,False,8,MIN,0,0.31653,0.32435,1,1,0,0.00782,0.31653,0.32435,0,0,0,0.00000,0.00000,6
2021103112,1831,46206,Dalton Schultz,chip_release,inline,0.00000,0.00000,0.00000,False,8,DAL,1,0.53458,0.53458,1,0,1,0.00000,-0.46542,-0.46542,1,0,0,0.00000,2.00000,6
2021103112,2050,46206,Dalton Schultz,chip_release,inline,0.00000,0.00000,0.00000,False,8,DAL,0,0.42210,0.42210,1,0,1,0.00000,0.42210,0.42210,0,0,0,0.00000,0.00000,5
2021103112,2128,46226,Tyler Conklin,pass_block,inline,0.00000,0.00000,0.00000,False,8,MIN,0,0.60480,0.62188,1,1,0,0.01708,0.60480,0.62188,0,0,0,0.00000,0.00000,5
2021103112,2423,37179,Luke Stocker,pass_block,inline,0.00000,0.00000,0.00000,False,8,MIN,0,0.40959,0.41751,1,1,0,0.00792,0.40959,0.41751,0,0,0,0.00000,0.00000,5
2021103112,2813,46226,Tyler Conklin,pass_block,inline,0.00000,0.00000,0.00000,False,8,MIN,1,0.32673,0.34795,1,1,0,0.02123,-0.67327,-0.65205,1,0,0,0.00000,1.00000,5
2021103112,2860,46206,Dalton Schultz,chip_release,inline,0.00000,0.00000,0.00000,False,8,DAL,0,0.57917,0.57917,1,0,1,0.00000,0.57917,0.57917,0,0,0,0.00000,0.00000,5
2021103112,3091,46226,Tyler Conklin,pass_block,inline,0.00000,0.00000,0.00000,False,8,MIN,0,0.54146,0.58859,1,1,0,0.04713,0.54146,0.58859,0,0,0,0.00000,0.00000,6
2021103112,3145,45532,Blake Jarwin,pass_block,wing,0.00000,0.00000,0.00000,False,8,DAL,0,0.29844,0.31530,2,2,0,0.00843,0.14922,0.15765,0,0,0,0.00000,0.00000,5
2021103112,3145,46206,Dalton Schultz,pass_block,inline,0.00000,0.00000,0.00000,False,8,DAL,0,0.29844,0.31530,2,2,0,0.00843,0.14922,0.15765,0,0,0,0.00000,0.00000,5
2021103112,3169,45532,Blake Jarwin,pass_block,wing,0.00000,0.00000,0.00000,False,8,DAL,0,0.43454,0.45084,2,2,0,0.00815,0.21727,0.22542,0,0,0,0.00000,0.00000,6
2021103112,3169,46206,Dalton Schultz,pass_block,inline,0.00000,0.00000,0.00000,False,8,DAL,0,0.43454,0.45084,2,2,0,0.00815,0.21727,0.22542,0,0,0,0.00000,0.00000,6
2021103112,3193,45532,Blake Jarwin,pass_block,wing,0.00000,0.00000,0.00000,False,8,DAL,0,0.29844,0.31530,2,2,0,0.00843,0.14922,0.15765,0,0,0,0.00000,0.00000,5
2021103112,3193,46206,Dalton Schultz,pass_block,inline,0.00000,0.00000,0.00000,False,8,DAL,0,0.29844,0.31530,2,2,0,0.00843,0.14922,0.15765,0,0,0,0.00000,0.00000,5
2021103112,3363,46226,Tyler Conklin,pass_block,inline,0.00000,0.00000,0.00000,False,8,MIN,1,0.45596,0.47332,1,1,0,0.01737,-0.54404,-0.52668,0,1,0,0.00000,1.00000,6
2021103112,3507,46206,Dalton Schultz,chip_release,inline,0.00000,0.00000,0.00000,False,8,DAL,0,0.41318,0.41318,1,0,1,0.00000,0.41318,0.41318,0,0,0,0.00000,0.00000,6
2021103112,3785,46226,Tyler Conklin,pass_block,inline,1.00000,0.00000,0.00000,False,8,MIN,1,0.36907,0.37982,1,1,0,0.01075,-0.63093,-0.62018,1,0,0,1.00000,0.00000,5
2021103112,4288,46226,Tyler Conklin,chip_release,inline,0.00000,0.00000,0.00000,False,8,MIN,1,0.27308,0.27308,1,0,1,0.00000,-0.72692,-0.72692,1,0,0,0.00000,1.00000,5
2021103112,4317,46226,Tyler Conklin,chip_release,inline,0.00000,0.00000,0.00000,False,8,MIN,1,0.27308,0.27308,1,0,1,0.00000,-0.72692,-0.72692,1,0,0,0.00000,1.00000,5
2021103112,4409,46226,Tyler Conklin,chip_release,inline,0.00000,0.00000,0.00000,False,8,MIN,1,0.37615,0.37615,1,0,1,0.00000,-0.62385,-0.62385,0,1,0,0.00000,1.00000,5
2021110100,183,42460,Blake Bell,pass_block,inline,0.00000,0.00000,0.00000,False,8,KC,0,0.27041,0.28304,1,1,0,0.01263,0.27041,0.28304,0,0,0,0.00000,0.00000,5
2021110100,775,42460,Blake Bell,chip_release,inline,0.00000,0.00000,0.00000,False,8,KC,1,0.41723,0.41723,1,0,1,0.00000,-0.58277,-0.58277,1,0,0,0.00000,1.00000,5
2021110100,847,37118,Kyle Rudolph,pass_block,inline,0.00000,0.00000,0.00000,False,8,NYG,0,0.64482,0.66041,1,1,0,0.01559,0.64482,0.66041,0,0,0,0.00000,0.00000,5
2021110100,917,44835,Evan Engram,chip_release,detached,0.00000,0.00000,0.00000,False,8,NYG,0,0.41613,0.41613,1,0,1,0.00000,0.41613,0.41613,0,0,0,0.00000,0.00000,5
2021110100,1037,37118,Kyle Rudolph,pass_block,inline,0.00000,0.00000,0.00000,False,8,NYG,0,0.24833,0.26213,1,1,0,0.01380,0.24833,0.26213,0,0,0,0.00000,0.00000,6
2021110100,1083,37118,Kyle Rudolph,chip_release,inline,0.00000,0.00000,0.00000,False,8,NYG,0,0.54691,0.54691,1,0,1,0.00000,0.54691,0.54691,0,0,0,0.00000,0.00000,7
2021110100,1267,44835,Evan Engram,pass_block,detached,0.00000,0.00000,0.00000,False,8,NYG,1,0.23035,0.23648,1,1,0,0.00613,-0.76965,-0.76352,0,1,0,0.00000,1.00000,5
2021110100,1396,40011,Travis Kelce,pass_block,wing,0.00000,0.00000,0.00000,False,8,KC,0,0.23073,0.26923,2,1,1,0.01925,0.11537,0.13462,0,0,0,0.00000,0.00000,5
2021110100,1396,42460,Blake Bell,chip_release,inline,0.00000,0.00000,0.00000,False,8,KC,0,0.23073,0.26923,2,1,1,0.01925,0.11537,0.13462,0,0,0,0.00000,0.00000,5
2021110100,1664,37118,Kyle Rudolph,chip_release,inline,0.00000,0.00000,0.00000,False,8,NYG,0,0.33595,0.33595,1,0,1,0.00000,0.33595,0.33595,0,0,0,0.00000,0.00000,5
2021110100,1736,47959,Kaden Smith,pass_block,inline,0.00000,0.00000,0.00000,False,8,NYG,1,0.77798,0.78199,1,1,0,0.00402,-0.22202,-0.21801,0,1,0,0.00000,0.00000,5
2021110100,1833,44835,Evan Engram,pass_block,detached,0.00000,0.00000,0.00000,False,8,NYG,0,0.26345,0.28330,1,1,0,0.01985,0.26345,0.28330,0,0,0,0.00000,0.00000,6
2021110100,2032,40011,Travis Kelce,chip_release,detached,0.00000,0.00000,0.00000,False,8,KC,1,0.77555,0.77555,1,0,1,0.00000,-0.22445,-0.22445,1,0,0,0.00000,0.00000,5
2021110100,2226,44835,Evan Engram,chip_release,detached,0.00000,0.00000,0.00000,False,8,NYG,1,0.55502,0.55502,1,0,1,0.00000,-0.44498,-0.44498,1,0,0,0.00000,0.00000,5
2021110100,2643,37118,Kyle Rudolph,chip_release,detached,0.00000,0.00000,0.00000,False,8,NYG,0,0.33531,0.33531,2,0,2,0.00000,0.16766,0.16766,0,0,0,0.00000,0.00000,5
2021110100,2643,44835,Evan Engram,chip_release,detached,0.00000,0.00000,0.00000,False,8,NYG,0,0.33531,0.33531,2,0,2,0.00000,0.16766,0.16766,0,0,0,0.00000,0.00000,5
2021110100,2761,42460,Blake Bell,pass_block,inline,0.00000,0.00000,0.00000,False,8,KC,0,0.19824,0.23296,1,1,0,0.03472,0.19824,0.23296,0,0,0,0.00000,0.00000,5
2021110100,2783,40011,Travis Kelce,chip_release,inline,0.00000,0.00000,0.00000,False,8,KC,0,0.38630,0.38630,1,0,1,0.00000,0.38630,0.38630,0,0,0,0.00000,0.00000,5
2021110100,2881,42460,Blake Bell,pass_block,inline,0.00000,0.00000,0.00000,False,8,KC,0,0.16986,0.18985,1,1,0,0.01999,0.16986,0.18985,0,0,0,0.00000,0.00000,6
2021110100,2954,42460,Blake Bell,pass_block,inline,1.00000,0.00000,0.00000,False,8,KC,1,0.60502,0.66105,1,1,0,0.05603,-0.39498,-0.33895,1,0,0,1.00000,0.00000,5
2021110100,3016,47959,Kaden Smith,pass_block,inline,1.00000,0.00000,0.00000,False,8,NYG,1,0.72178,0.72908,1,1,0,0.00730,-0.27822,-0.27092,1,0,0,1.00000,0.00000,5
2021110100,3089,47959,Kaden Smith,pass_block,inline,0.00000,0.00000,0.00000,False,8,NYG,0,0.23829,0.25574,1,1,0,0.01745,0.23829,0.25574,0,0,0,0.00000,0.00000,6
2021110100,3421,42460,Blake Bell,pass_block,inline,0.00000,0.00000,0.00000,False,8,KC,0,0.24754,0.26335,2,2,0,0.00791,0.12377,0.13167,0,0,0,0.00000,0.00000,5
2021110100,3421,53591,Noah Gray,pass_block,wing,0.00000,0.00000,0.00000,False,8,KC,0,0.24754,0.26335,2,2,0,0.00791,0.12377,0.13167,0,0,0,0.00000,0.00000,5
2021110100,3876,37118,Kyle Rudolph,pass_block,inline,0.00000,0.00000,0.00000,False,8,NYG,0,0.56630,0.58694,1,1,0,0.02065,0.56630,0.58694,0,0,0,0.00000,0.00000,6
2021110100,3909,47959,Kaden Smith,pass_block,inline,0.00000,0.00000,0.00000,False,8,NYG,0,0.72750,0.73471,1,1,0,0.00721,0.72750,0.73471,0,0,0,0.00000,0.00000,5
2021110100,4049,40011,Travis Kelce,pass_block,inline,0.00000,0.00000,0.00000,False,8,KC,1,0.16474,0.19585,1,1,0,0.03111,-0.83526,-0.80415,0,1,0,0.00000,1.00000,6
2021110100,4363,44835,Evan Engram,chip_release,detached,0.00000,0.00000,0.00000,False,8,NYG,1,0.72945,0.72945,1,0,1,0.00000,-0.27055,-0.27055,1,0,0,0.00000,1.00000,5
2021110100,4433,44835,Evan Engram,chip_release,detached,0.00000,0.00000,0.00000,False,8,NYG,1,0.56115,0.56115,1,0,1,0.00000,-0.43885,-0.43885,1,0,1,0.00000,2.00000,5
