gameId,playId,nflId,displayName,week,is_train,assignment,alignment,release_t,protection_window_seconds,threat_time,expected_protection_window_seconds,protection_time_lift_seconds,availability_score,availability_separation,availability_lane,availability_depth,availability_sideline,pav,pressure,expected_pressure_rate,mean_match_distance
2021090900,349,46206,Dalton Schultz,1,True,chip_release,inline,2.1000,2.2000,2.2000,2.6224,-0.4224,0.7509,1.0000,0.0035,1.0000,1.0000,-0.3172,1.0000,0.7431,2.5983
2021090900,1312,35481,Rob Gronkowski,1,True,chip_release,inline,2.1000,2.9000,,3.7379,-0.8379,0.9649,0.8597,1.0000,1.0000,1.0000,-0.8086,0.0000,0.5005,2.8193
2021090900,3014,45532,Blake Jarwin,1,True,chip_release,wing,2.1000,3.6000,3.6000,2.0883,1.5117,1.0000,1.0000,1.0000,1.0000,1.0000,1.5117,1.0000,0.6395,2.9130
2021090900,3014,46206,Dalton Schultz,1,True,chip_release,inline,2.7000,3.6000,3.6000,2.3864,1.2136,0.5709,1.0000,0.2835,0.0000,1.0000,0.6928,1.0000,0.6612,2.6942
2021090900,3793,35481,Rob Gronkowski,1,True,chip_release,inline,2.0000,3.2000,,2.7251,0.4749,0.8655,1.0000,0.4619,1.0000,1.0000,0.4110,0.0000,0.2577,1.4836
2021090900,4189,45532,Blake Jarwin,1,True,chip_release,detached,2.4000,2.7000,2.7000,2.7362,-0.0362,1.0000,1.0000,1.0000,1.0000,1.0000,-0.0362,1.0000,0.1591,1.6739
2021090900,4624,35481,Rob Gronkowski,1,True,chip_release,detached,2.2000,2.8000,2.8000,2.9441,-0.1441,0.6502,1.0000,0.6007,0.0000,1.0000,-0.0937,1.0000,0.2364,1.7477
2021091200,3145,46094,Hayden Hurst,1,True,chip_release,inline,2.2000,2.8000,,4.7257,-1.9257,0.8322,1.0000,0.3289,1.0000,1.0000,-1.6026,0.0000,0.1182,3.0763
2021091200,3145,53433,Kyle Pitts,1,True,chip_release,inline,1.8000,2.8000,,4.8408,-2.0408,0.8890,1.0000,0.5558,1.0000,1.0000,-1.8142,0.0000,0.1221,2.9134
2021091200,3798,46094,Hayden Hurst,1,True,chip_release,inline,1.9000,2.9000,,3.1388,-0.2388,0.8004,1.0000,0.2018,1.0000,1.0000,-0.1911,0.0000,0.1393,1.1770
2021091200,4112,53433,Kyle Pitts,1,True,chip_release,detached,2.2000,2.5000,2.5000,2.3275,0.1725,1.0000,1.0000,1.0000,1.0000,1.0000,0.1725,1.0000,0.3685,2.3375
2021091200,4346,46094,Hayden Hurst,1,True,chip_release,inline,2.4000,2.5000,2.5000,3.0334,-0.5334,1.0000,1.0000,1.0000,1.0000,1.0000,-0.5334,1.0000,0.5066,6.2595
2021091201,406,47879,Dawson Knox,1,True,chip_release,detached,2.1000,2.7000,,2.8550,-0.1550,0.9026,1.0000,0.6105,1.0000,1.0000,-0.1399,0.0000,0.3496,2.2437
2021091201,589,47879,Dawson Knox,1,True,chip_release,detached,2.2000,2.9000,2.9000,2.7748,0.1252,1.0000,1.0000,1.0000,1.0000,1.0000,0.1252,1.0000,0.3904,2.0404
2021091201,1172,47879,Dawson Knox,1,True,chip_release,inline,1.6000,3.9000,,3.0143,0.8857,0.7649,1.0000,0.0596,1.0000,1.0000,0.6775,0.0000,0.1068,2.1745
2021091201,1605,47879,Dawson Knox,1,True,chip_release,backfield,0.9000,2.3000,,3.0616,-0.7616,1.0000,1.0000,1.0000,1.0000,1.0000,-0.7616,0.0000,0.2397,3.2081
2021091201,2590,47879,Dawson Knox,1,True,chip_release,backfield,2.2000,3.1000,3.1000,2.9376,0.1624,1.0000,1.0000,1.0000,1.0000,1.0000,0.1624,1.0000,0.3709,2.8667
2021091202,1297,40149,Ryan Griffin,1,True,chip_release,inline,0.7000,2.6000,2.6000,3.7096,-1.1096,1.0000,1.0000,1.0000,1.0000,1.0000,-1.1096,1.0000,0.7643,2.3723
2021091202,1297,42428,Tyler Kroft,1,True,chip_release,wing,1.0000,2.6000,2.6000,3.4395,-0.8395,0.9170,0.6680,1.0000,1.0000,1.0000,-0.7698,1.0000,0.7553,2.5776
2021091202,1620,42428,Tyler Kroft,1,True,chip_release,inline,2.0000,2.6000,2.6000,2.9997,-0.3997,0.9103,1.0000,0.6412,1.0000,1.0000,-0.3639,1.0000,0.6596,3.2634
2021091202,3745,42428,Tyler Kroft,1,True,chip_release,backfield,1.7000,3.8000,3.8000,2.9415,0.8585,0.8359,1.0000,0.3435,1.0000,1.0000,0.7176,1.0000,0.4837,2.7036
2021091203,223,46226,Tyler Conklin,1,True,chip_release,inline,1.9000,2.7000,2.7000,2.4517,0.2483,1.0000,1.0000,1.0000,1.0000,1.0000,0.2483,1.0000,0.3773,2.4811
2021091203,672,46176,Christopher Herndon,1,True,chip_release,inline,0.9000,2.1000,2.1000,2.8213,-0.7213,0.8297,0.3768,0.9420,1.0000,1.0000,-0.5985,1.0000,0.6099,2.9529
2021091203,1809,46226,Tyler Conklin,1,True,chip_release,inline,2.3000,3.3000,3.3000,2.6808,0.6192,0.8522,0.7626,0.6463,1.0000,1.0000,0.5277,0.0000,0.2808,1.9669
2021091203,1967,42500,C.J. Uzomah,1,True,chip_release,inline,1.8000,3.0000,3.0000,2.2383,0.7617,0.9267,1.0000,0.7068,1.0000,1.0000,0.7059,0.0000,0.2444,2.2594
2021091203,2685,46226,Tyler Conklin,1,True,chip_release,inline,2.6000,3.5000,3.5000,3.0990,0.4010,1.0000,1.0000,1.0000,1.0000,1.0000,0.4010,1.0000,0.4998,2.3263
2021091203,3623,42500,C.J. Uzomah,1,True,chip_release,inline,0.9000,3.9000,3.9000,4.4351,-0.5351,0.8213,0.3672,0.9179,1.0000,1.0000,-0.4394,1.0000,0.3710,2.3924
2021091204,1163,39907,Darren Fells,1,True,chip_release,inline,2.7000,3.3000,,3.7313,-0.4313,1.0000,1.0000,1.0000,1.0000,1.0000,-0.4313,0.0000,0.6551,2.2362
2021091204,1488,46331,Ross Dwelley,1,True,chip_release,wing,1.0000,3.6000,,3.8360,-0.2360,1.0000,1.0000,1.0000,1.0000,1.0000,-0.2360,0.0000,0.6179,2.6701
2021091204,1641,47791,T.J. Hockenson,1,True,chip_release,wing,2.7000,4.6000,,3.6127,0.9873,0.9483,1.0000,0.7931,1.0000,1.0000,0.9362,0.0000,0.0000,2.6344
2021091204,2742,47791,T.J. Hockenson,1,True,chip_release,detached,1.4000,3.3000,,2.5801,0.7199,1.0000,1.0000,1.0000,1.0000,1.0000,0.7199,0.0000,0.1884,1.2423
2021091204,2766,47791,T.J. Hockenson,1,True,chip_release,detached,1.7000,4.2000,4.2000,2.6526,1.5474,0.8019,0.7217,0.4861,1.0000,1.0000,1.2409,0.0000,0.3753,1.4692
2021091204,3479,39907,Darren Fells,1,True,chip_release,detached,1.8000,2.9000,,2.5669,0.3331,0.9962,1.0000,0.9848,1.0000,1.0000,0.3318,0.0000,0.4750,1.1320
2021091204,3808,39907,Darren Fells,1,True,chip_release,detached,1.0000,3.1000,3.1000,2.4188,0.6812,0.7915,1.0000,0.1659,1.0000,1.0000,0.5391,0.0000,0.3690,1.4884
2021091204,4082,47791,T.J. Hockenson,1,True,chip_release,detached,1.3000,2.7000,2.7000,2.5131,0.1869,0.9968,1.0000,0.9873,1.0000,1.0000,0.1863,1.0000,0.2513,1.7918
2021091204,4135,47791,T.J. Hockenson,1,True,chip_release,detached,1.0000,3.2000,,2.7010,0.4990,0.7660,1.0000,0.0641,1.0000,1.0000,0.3822,0.0000,0.7591,1.9582
2021091204,4401,46331,Ross Dwelley,1,True,chip_release,inline,1.1000,2.4000,2.4000,3.1292,-0.7292,0.8616,0.4465,1.0000,1.0000,1.0000,-0.6283,1.0000,0.3653,3.1045
2021091204,4441,47791,T.J. Hockenson,1,True,chip_release,detached,1.5000,2.3000,,2.7016,-0.4016,0.9046,1.0000,0.6185,1.0000,1.0000,-0.3633,0.0000,0.0730,0.8545
2021091204,4463,47791,T.J. Hockenson,1,True,chip_release,detached,1.8000,3.2000,,2.6677,0.5323,1.0000,1.0000,1.0000,1.0000,1.0000,0.5323,0.0000,0.2198,1.0429
2021091204,4555,47791,T.J. Hockenson,1,True,chip_release,detached,1.9000,2.6000,2.6000,2.8556,-0.2556,0.8374,0.3856,0.9640,1.0000,1.0000,-0.2141,1.0000,0.2457,1.3039
2021091204,4581,47791,T.J. Hockenson,1,True,chip_release,detached,1.2000,2.9000,2.9000,2.7729,0.1271,1.0000,1.0000,1.0000,1.0000,1.0000,0.1271,1.0000,0.6436,1.9763
2021091204,4629,47791,T.J. Hockenson,1,True,chip_release,detached,1.4000,3.6000,3.6000,2.9413,0.6587,0.7411,0.2755,0.6888,1.0000,1.0000,0.4882,1.0000,0.5048,2.0695
2021091205,337,45321,Antony Auclair,1,True,chip_release,inline,3.0000,4.5000,4.5000,3.5142,0.9858,0.6454,0.3074,0.2742,1.0000,1.0000,0.6363,1.0000,0.2447,3.1696
2021091205,1091,42516,James O'Shaughnessy,1,True,chip_release,detached,1.7000,3.1000,3.1000,3.0615,0.0385,1.0000,1.0000,1.0000,1.0000,1.0000,0.0385,1.0000,0.4997,2.1900
2021091205,1667,42516,James O'Shaughnessy,1,True,chip_release,inline,1.9000,4.1000,4.1000,3.0233,1.0767,0.7645,1.0000,0.0578,1.0000,1.0000,0.8231,1.0000,0.3664,1.8287
2021091205,1739,42302,Chris Manhertz,1,True,chip_release,inline,1.4000,3.3000,3.3000,3.0263,0.2737,0.9859,1.0000,0.9435,1.0000,1.0000,0.2699,1.0000,0.3734,2.0171
2021091205,1988,45339,Pharaoh Brown,1,True,chip_release,wing,2.5000,4.1000,4.1000,3.0828,1.0172,0.8592,0.4368,1.0000,1.0000,1.0000,0.8740,1.0000,0.6295,3.1824
2021091205,2838,42516,James O'Shaughnessy,1,True,chip_release,inline,1.6000,2.5000,2.5000,2.5202,-0.0202,0.8662,1.0000,0.4649,1.0000,1.0000,-0.0175,1.0000,0.6191,1.8413
2021091205,3687,42516,James O'Shaughnessy,1,True,chip_release,inline,1.7000,2.8000,2.8000,2.5994,0.2006,1.0000,1.0000,1.0000,1.0000,1.0000,0.2006,0.0000,0.0000,2.0656
2021091205,3711,42516,James O'Shaughnessy,1,True,chip_release,detached,1.8000,3.1000,,2.3524,0.7476,0.7500,1.0000,1.0000,0.0000,1.0000,0.5607,0.0000,0.1196,2.0915
2021091205,3783,42516,James O'Shaughnessy,1,True,chip_release,detached,1.8000,3.6000,,3.8326,-0.2326,0.9568,1.0000,0.8272,1.0000,1.0000,-0.2226,0.0000,0.7684,2.2242
2021091205,4122,42516,James O'Shaughnessy,1,True,chip_release,detached,2.0000,3.3000,3.3000,2.3846,0.9154,0.8805,0.5222,1.0000,1.0000,1.0000,0.8060,1.0000,0.6567,1.9006
2021091205,4141,53574,Luke Farrell,1,True,chip_release,inline,1.9000,3.8000,3.8000,2.8596,0.9404,1.0000,1.0000,1.0000,1.0000,1.0000,0.9404,1.0000,0.3853,2.9609
2021091206,903,46189,Will Dissly,1,True,chip_release,inline,1.1000,3.4000,,3.1723,0.2277,1.0000,1.0000,1.0000,1.0000,1.0000,0.2277,0.0000,0.2389,2.6429
2021091206,1824,40641,Jack Doyle,1,True,chip_release,detached,1.5000,3.1000,,2.7543,0.3457,0.8513,1.0000,0.4053,1.0000,1.0000,0.2943,0.0000,0.0000,1.7472
2021091206,1921,46189,Will Dissly,1,True,chip_release,inline,1.1000,3.6000,3.6000,2.5562,1.0438,0.8822,0.5731,0.9558,1.0000,1.0000,0.9209,0.0000,0.6232,1.7113
2021091206,2210,46189,Will Dissly,1,True,chip_release,inline,1.0000,4.6000,,3.4976,1.1024,0.6167,0.4133,0.0534,1.0000,1.0000,0.6798,1.0000,0.3669,2.0386
2021091206,2419,46189,Will Dissly,1,True,chip_release,inline,1.0000,2.3000,,3.3217,-1.0217,1.0000,1.0000,1.0000,1.0000,1.0000,-1.0217,0.0000,0.2500,1.9224
2021091206,3287,44792,Mo Alie-Cox,1,True,chip_release,inline,1.8000,3.0000,3.0000,2.5721,0.4279,1.0000,1.0000,1.0000,1.0000,1.0000,0.4279,0.0000,0.1435,1.7588
2021091206,3353,44792,Mo Alie-Cox,1,True,chip_release,inline,1.5000,5.2000,5.2000,3.5365,1.6635,0.9133,1.0000,0.6533,1.0000,1.0000,1.5193,0.0000,0.1290,2.3663
2021091206,3382,44792,Mo Alie-Cox,1,True,chip_release,detached,1.9000,2.8000,2.8000,3.0600,-0.2600,0.9010,0.6041,1.0000,1.0000,1.0000,-0.2343,1.0000,0.1340,1.5400
2021091206,3761,44792,Mo Alie-Cox,1,True,chip_release,detached,2.1000,3.1000,3.1000,2.8263,0.2737,1.0000,1.0000,1.0000,1.0000,1.0000,0.2737,1.0000,0.5104,2.0139
2021091207,100,45355,Anthony Firkser,1,True,chip_release,detached,1.6000,3.0000,3.0000,2.7167,0.2833,0.8573,1.0000,0.4293,1.0000,1.0000,0.2429,0.0000,0.2266,1.5071
2021091207,218,42398,Maxx Williams,1,True,chip_release,detached,1.3000,4.2000,,2.7954,1.4046,0.7948,0.8186,0.3607,1.0000,1.0000,1.1164,1.0000,0.1184,3.1257
2021091207,954,45355,Anthony Firkser,1,True,chip_release,inline,0.9000,3.7000,,2.3461,1.3539,1.0000,1.0000,1.0000,1.0000,1.0000,1.3539,0.0000,0.0000,2.4453
2021091207,1053,45355,Anthony Firkser,1,True,chip_release,detached,1.7000,2.6000,2.6000,2.7631,-0.1631,0.8862,0.9240,0.6208,1.0000,1.0000,-0.1446,1.0000,0.8882,2.1280
2021091207,1540,45355,Anthony Firkser,1,True,chip_release,inline,1.8000,2.8000,2.8000,2.4302,0.3698,0.9746,1.0000,0.8984,1.0000,1.0000,0.3604,0.0000,0.0000,1.7246
2021091207,2222,45355,Anthony Firkser,1,True,chip_release,detached,2.1000,2.5000,,2.5574,-0.0574,1.0000,1.0000,1.0000,1.0000,1.0000,-0.0574,0.0000,0.3715,2.5783
2021091207,2244,45355,Anthony Firkser,1,True,chip_release,detached,1.1000,3.1000,3.1000,2.6004,0.4996,1.0000,1.0000,1.0000,1.0000,1.0000,0.4996,0.0000,0.5362,1.8957
2021091207,3148,45355,Anthony Firkser,1,True,chip_release,detached,1.5000,2.7000,2.7000,2.8223,-0.1223,0.8662,0.4648,1.0000,1.0000,1.0000,-0.1060,1.0000,0.1299,1.5548
2021091207,3488,45355,Anthony Firkser,1,True,chip_release,detached,2.0000,3.3000,3.3000,2.7163,0.5837,1.0000,1.0000,1.0000,1.0000,1.0000,0.5837,0.0000,0.2333,1.5278
2021091207,3527,45355,Anthony Firkser,1,True,chip_release,detached,1.2000,3.2000,3.2000,2.7977,0.4023,0.7806,0.5653,0.5572,1.0000,1.0000,0.3141,1.0000,0.4938,2.2721
2021091207,3828,45355,Anthony Firkser,1,True,chip_release,inline,1.4000,2.3000,2.3000,2.4248,-0.1248,1.0000,1.0000,1.0000,1.0000,1.0000,-0.1248,1.0000,0.1264,2.7980
2021091208,764,43845,Stephen Anderson,1,True,chip_release,inline,0.9000,2.3000,,3.0315,-0.7315,0.9284,0.7135,1.0000,1.0000,1.0000,-0.6791,0.0000,0.3763,2.4517
2021091208,1675,43845,Stephen Anderson,1,True,chip_release,inline,2.2000,2.7000,2.7000,2.9718,-0.2718,1.0000,1.0000,1.0000,1.0000,1.0000,-0.2718,0.0000,0.2347,2.8893
2021091208,2670,34540,Jared Cook,1,True,chip_release,detached,1.4000,3.6000,3.6000,2.5725,1.0275,0.9222,0.6886,1.0000,1.0000,1.0000,0.9476,0.0000,0.3768,1.8439
2021091208,3375,43845,Stephen Anderson,1,True,chip_release,inline,1.9000,2.8000,,3.1487,-0.3487,0.9593,0.8374,1.0000,1.0000,1.0000,-0.3345,0.0000,0.5041,2.7313
2021091209,265,43370,Austin Hooper,1,True,chip_release,detached,1.9000,3.7000,,2.5757,1.1243,1.0000,1.0000,1.0000,1.0000,1.0000,1.1243,0.0000,0.4664,1.6225
2021091209,710,48683,Joe Fortson,1,True,chip_release,inline,1.3000,3.0000,3.0000,2.6504,0.3496,0.8534,0.4136,1.0000,1.0000,1.0000,0.2983,1.0000,0.6245,2.5076
2021091209,768,43370,Austin Hooper,1,True,chip_release,inline,1.1000,3.1000,,3.0661,0.0339,1.0000,1.0000,1.0000,1.0000,1.0000,0.0339,0.0000,0.2453,2.6700
2021091209,797,44841,David Njoku,1,True,chip_release,inline,1.0000,2.6000,,3.7045,-1.1045,1.0000,1.0000,1.0000,1.0000,1.0000,-1.1045,0.0000,0.6495,2.1576
2021091209,797,52523,Harrison Bryant,1,True,chip_release,wing,2.1000,2.6000,,3.5294,-0.9294,1.0000,1.0000,1.0000,1.0000,1.0000,-0.9294,0.0000,0.8831,2.5597
2021091209,1247,42460,Blake Bell,1,True,chip_release,inline,1.1000,3.0000,3.0000,3.0630,-0.0630,0.7500,1.0000,1.0000,0.0000,1.0000,-0.0473,0.0000,0.3947,1.9682
2021091209,1295,48683,Joe Fortson,1,True,chip_release,inline,2.1000,3.8000,3.8000,3.2376,0.5624,0.8218,0.3681,0.9190,1.0000,1.0000,0.4621,1.0000,0.6267,2.9704
2021091209,1894,44841,David Njoku,1,True,chip_release,inline,2.1000,4.8000,4.8000,2.4676,2.3324,1.0000,1.0000,1.0000,1.0000,1.0000,2.3324,1.0000,0.3281,1.8949
2021091209,1916,44841,David Njoku,1,True,chip_release,detached,2.0000,3.8000,,2.5752,1.2248,1.0000,1.0000,1.0000,1.0000,1.0000,1.2248,1.0000,0.2502,1.5619
2021091209,2777,40011,Travis Kelce,1,True,chip_release,detached,1.5000,3.1000,3.1000,3.1712,-0.0712,0.7580,0.3127,0.7192,1.0000,1.0000,-0.0539,1.0000,0.5069,2.3454
2021091209,3168,44841,David Njoku,1,True,chip_release,inline,1.2000,2.9000,2.9000,2.4413,0.4587,0.9266,1.0000,0.7062,1.0000,1.0000,0.4250,1.0000,0.3605,1.7055
2021091210,200,43324,Hunter Henry,1,True,chip_release,detached,1.4000,3.0000,3.0000,2.8711,0.1289,1.0000,1.0000,1.0000,1.0000,1.0000,0.1289,1.0000,0.4976,3.2315
2021091210,726,46192,Durham Smythe,1,True,chip_release,detached,3.0000,2.7000,2.7000,2.6255,0.0745,1.0000,1.0000,1.0000,1.0000,1.0000,0.0745,1.0000,0.4996,2.4135
2021091210,1081,43324,Hunter Henry,1,True,chip_release,detached,1.6000,2.8000,,2.2605,0.5395,0.8376,1.0000,0.3505,1.0000,1.0000,0.4519,0.0000,0.5034,2.5700
2021091211,1443,45635,Robert Tonyan,1,True,chip_release,detached,1.5000,3.1000,3.1000,2.5096,0.5904,0.7500,1.0000,1.0000,0.0000,1.0000,0.4428,0.0000,0.3711,2.3640
2021091211,2471,30842,Marcedes Lewis,1,True,chip_release,inline,1.9000,3.6000,,2.5152,1.0848,0.9188,0.7421,0.9331,1.0000,1.0000,0.9967,1.0000,0.1380,3.4284
2021091211,2755,45635,Robert Tonyan,1,True,chip_release,detached,2.2000,6.5000,6.5000,2.7888,3.7112,1.0000,1.0000,1.0000,1.0000,1.0000,3.7112,1.0000,0.2736,2.1428
2021091211,3060,53172,Dominique Dafney,1,True,chip_release,detached,1.4000,2.6000,,2.2885,0.3115,1.0000,1.0000,1.0000,1.0000,1.0000,0.3115,0.0000,0.5018,2.0229
2021091212,489,44987,Eric Saubert,1,True,chip_release,inline,2.5000,3.1000,3.1000,3.1804,-0.0804,0.8126,1.0000,0.2505,1.0000,1.0000,-0.0653,1.0000,0.1159,2.1185
2021091212,657,47803,Noah Fant,1,True,chip_release,inline,2.0000,3.5000,3.5000,2.8018,0.6982,0.7514,0.9931,0.0124,1.0000,1.0000,0.5246,1.0000,0.2536,3.1026
2021091212,935,47959,Kaden Smith,1,True,chip_release,wing,1.2000,3.3000,,3.6415,-0.3415,0.9762,1.0000,0.9047,1.0000,1.0000,-0.3334,0.0000,0.1169,2.2098
2021091212,1004,47959,Kaden Smith,1,True,chip_release,detached,1.7000,3.5000,,2.4516,1.0484,1.0000,1.0000,1.0000,1.0000,1.0000,1.0484,0.0000,0.4041,1.3059
2021091212,1260,52526,Albert Okwuegbunam,1,True,chip_release,inline,1.7000,2.7000,,3.7473,-1.0473,1.0000,1.0000,1.0000,1.0000,1.0000,-1.0473,0.0000,0.6232,3.1491
2021091212,2008,52526,Albert Okwuegbunam,1,True,chip_release,inline,1.8000,3.0000,3.0000,3.0281,-0.0281,1.0000,1.0000,1.0000,1.0000,1.0000,-0.0281,1.0000,0.2753,1.8213
2021091212,2630,44987,Eric Saubert,1,True,chip_release,backfield,1.1000,2.8000,2.8000,3.0495,-0.2495,0.9267,0.7068,1.0000,1.0000,1.0000,-0.2312,1.0000,0.5180,2.9493
2021091212,2947,47959,Kaden Smith,1,True,chip_release,wing,2.7000,3.7000,3.7000,3.4297,0.2703,1.0000,1.0000,1.0000,1.0000,1.0000,0.2703,0.0000,0.2546,2.2866
2021091212,3342,37118,Kyle Rudolph,1,True,chip_release,inline,1.0000,3.2000,3.2000,2.6414,0.5586,0.8438,1.0000,0.3751,1.0000,1.0000,0.4713,0.0000,0.2524,1.8585
2021091213,538,43399,Tyler Higbee,1,True,chip_release,detached,2.5000,3.5000,,2.3043,1.1957,0.9164,0.6655,1.0000,1.0000,1.0000,1.0957,0.0000,0.1481,1.3792
2021091213,962,45094,Johnny Mundt,1,True,chip_release,wing,2.5000,4.4000,,3.0630,1.3370,0.8560,0.4241,1.0000,1.0000,1.0000,1.1445,0.0000,0.3628,3.8458
2021091213,1421,42503,Jesse James,1,True,chip_release,inline,0.8000,2.2000,,2.7948,-0.5948,0.9193,1.0000,0.6771,1.0000,1.0000,-0.5468,0.0000,0.2525,2.8850
2021091213,1421,52451,Cole Kmet,1,True,chip_release,wing,1.9000,2.2000,,3.0542,-0.8542,1.0000,1.0000,1.0000,1.0000,1.0000,-0.8542,0.0000,0.2455,2.9480
2021091213,1794,43399,Tyler Higbee,1,True,chip_release,inline,2.1000,4.2000,4.2000,2.6700,1.5300,0.8107,1.0000,0.2427,1.0000,1.0000,1.2404,0.0000,0.1564,1.5223
2021091213,1818,43399,Tyler Higbee,1,True,chip_release,inline,1.5000,4.1000,4.1000,2.7252,1.3748,1.0000,1.0000,1.0000,1.0000,1.0000,1.3748,1.0000,0.1174,1.8439
2021091213,2012,42503,Jesse James,1,True,chip_release,inline,1.0000,4.4000,,3.1791,1.2209,1.0000,1.0000,1.0000,1.0000,1.0000,1.2209,1.0000,0.3742,2.3029
2021091213,2012,52451,Cole Kmet,1,True,chip_release,wing,1.8000,4.4000,,3.3155,1.0845,0.7800,0.3200,0.8000,1.0000,1.0000,0.8459,1.0000,0.2630,2.3898
2021091213,2881,52451,Cole Kmet,1,True,chip_release,inline,1.1000,3.3000,3.3000,2.8067,0.4933,1.0000,1.0000,1.0000,1.0000,1.0000,0.4933,0.0000,0.2477,2.8778
2021091300,880,39109,Derek Carrier,1,True,chip_release,inline,1.7000,3.5000,,2.9261,0.5739,0.8718,0.4872,1.0000,1.0000,1.0000,0.5003,0.0000,0.2377,2.3790
2021091300,1875,47920,Foster Moreau,1,True,chip_release,detached,1.3000,2.3000,2.3000,3.1154,-0.8154,1.0000,1.0000,1.0000,1.0000,1.0000,-0.8154,0.0000,0.6223,2.2563
2021091300,1921,42547,Darren Waller,1,True,chip_release,inline,1.7000,2.9000,2.9000,2.6370,0.2630,0.8865,1.0000,0.5462,1.0000,1.0000,0.2331,1.0000,0.7569,2.1081
2021091300,2655,42547,Darren Waller,1,True,chip_release,inline,1.3000,0.5000,0.5000,2.6047,-2.1047,0.7929,0.3347,0.8368,1.0000,1.0000,-1.6687,0.0000,0.6277,3.4329
2021091300,3211,42721,Eric Tomlinson,1,True,chip_release,inline,1.8000,3.5000,,3.2249,0.2751,1.0000,1.0000,1.0000,1.0000,1.0000,0.2751,0.0000,0.2340,2.1808
2021091300,3664,47920,Foster Moreau,1,True,chip_release,detached,1.6000,2.7000,,2.8620,-0.1620,1.0000,1.0000,1.0000,1.0000,1.0000,-0.1620,0.0000,0.1406,1.7725
2021091300,3734,42547,Darren Waller,1,True,chip_release,detached,1.5000,4.0000,4.0000,2.6330,1.3670,1.0000,1.0000,1.0000,1.0000,1.0000,1.3670,1.0000,0.6247,2.7623
2021091300,4454,42547,Darren Waller,1,True,chip_release,inline,1.8000,4.5000,,2.2455,2.2545,1.0000,1.0000,1.0000,1.0000,1.0000,2.2545,1.0000,0.3633,2.8175
2021091600,261,47959,Kaden Smith,2,True,chip_release,wing,2.4000,3.8000,3.8000,3.3816,0.4184,1.0000,1.0000,1.0000,1.0000,1.0000,0.4184,1.0000,0.6460,2.8246
2021091600,280,37118,Kyle Rudolph,2,True,chip_release,detached,2.4000,3.2000,3.2000,2.9974,0.2026,0.8263,1.0000,0.3053,1.0000,1.0000,0.1675,1.0000,0.5826,1.4738
2021091600,727,37118,Kyle Rudolph,2,True,chip_release,detached,2.1000,2.7000,2.7000,2.4195,0.2805,0.8013,1.0000,0.2052,1.0000,1.0000,0.2248,1.0000,0.4030,1.8874
2021091600,2185,47959,Kaden Smith,2,True,chip_release,detached,2.3000,3.7000,3.7000,2.2038,1.4962,1.0000,1.0000,1.0000,1.0000,1.0000,1.4962,1.0000,0.2238,2.1422
2021091600,2493,41349,Logan Thomas,2,True,chip_release,inline,2.1000,3.9000,3.9000,3.5635,0.3365,0.8011,0.6940,0.5104,1.0000,1.0000,0.2696,0.0000,0.6415,2.4461
2021091600,3001,41349,Logan Thomas,2,True,chip_release,detached,2.2000,2.3000,2.3000,3.9381,-1.6381,1.0000,1.0000,1.0000,1.0000,1.0000,-1.6381,1.0000,0.2446,2.6801
2021091600,3440,41349,Logan Thomas,2,True,chip_release,detached,0.7000,2.9000,2.9000,3.2865,-0.3865,1.0000,1.0000,1.0000,1.0000,1.0000,-0.3865,1.0000,0.3829,2.4683
2021091600,3509,41349,Logan Thomas,2,True,chip_release,detached,1.8000,2.5000,,2.3345,0.1655,0.8615,1.0000,0.4458,1.0000,1.0000,0.1426,0.0000,0.3551,1.8632
2021091600,3743,37118,Kyle Rudolph,2,True,chip_release,detached,2.0000,4.3000,,2.6244,1.6756,0.9662,0.8649,1.0000,1.0000,1.0000,1.6190,0.0000,0.6193,2.8569
2021091600,3972,37118,Kyle Rudolph,2,True,chip_release,detached,1.6000,4.5000,4.5000,2.7804,1.7196,0.6919,0.2193,0.5482,1.0000,1.0000,1.1897,0.0000,0.2786,1.9497
2021091900,1024,53512,Tommy Tremble,2,True,chip_release,inline,3.0000,4.2000,4.2000,3.7697,0.4303,1.0000,1.0000,1.0000,1.0000,1.0000,0.4303,0.0000,0.7463,3.1225
2021091900,1850,45785,Dan Arnold,2,True,chip_release,detached,2.3000,2.5000,2.5000,2.6565,-0.1565,0.6304,0.4166,0.1049,1.0000,1.0000,-0.0987,1.0000,0.2867,1.9402
2021091900,2536,46170,Ian Thomas,2,True,chip_release,inline,1.1000,4.5000,,3.0462,1.4538,0.7094,0.2394,0.5984,1.0000,1.0000,1.0314,0.0000,0.7320,3.0107
2021091900,2536,53512,Tommy Tremble,2,True,chip_release,wing,1.0000,4.5000,,3.5172,0.9828,0.9331,0.7325,1.0000,1.0000,1.0000,0.9171,0.0000,0.5013,3.0989
2021091900,3310,45785,Dan Arnold,2,True,chip_release,inline,1.7000,2.6000,2.6000,3.1374,-0.5374,0.9273,1.0000,0.7093,1.0000,1.0000,-0.4983,1.0000,0.0000,1.9485
2021091900,3538,52942,Juwan Johnson,2,True,chip_release,inline,1.2000,2.9000,,2.9911,-0.0911,1.0000,1.0000,1.0000,1.0000,1.0000,-0.0911,0.0000,0.2492,2.5262
2021091900,3603,52942,Juwan Johnson,2,True,chip_release,inline,1.1000,3.5000,3.5000,2.8972,0.6028,1.0000,1.0000,1.0000,1.0000,1.0000,0.6028,1.0000,0.5085,2.8199
2021091901,646,42500,C.J. Uzomah,2,True,chip_release,inline,2.5000,2.8000,2.8000,2.9057,-0.1057,1.0000,1.0000,1.0000,1.0000,1.0000,-0.1057,1.0000,0.2440,1.8490
2021091901,1205,42500,C.J. Uzomah,2,True,chip_release,wing,1.9000,3.1000,3.1000,2.8792,0.2208,0.7306,1.0000,0.9223,0.0000,1.0000,0.1613,0.0000,0.5470,2.4817
2021091901,1385,52451,Cole Kmet,2,True,chip_release,detached,1.1000,2.4000,2.4000,2.5447,-0.1447,0.8691,1.0000,0.4763,1.0000,1.0000,-0.1258,1.0000,0.2663,1.5218
2021091901,1856,35534,Jimmy Graham,2,True,chip_release,detached,2.5000,3.2000,3.2000,2.5945,0.6055,1.0000,1.0000,1.0000,1.0000,1.0000,0.6055,1.0000,0.5088,1.5464
2021091901,2113,42500,C.J. Uzomah,2,True,chip_release,inline,1.2000,3.9000,3.9000,3.1473,0.7527,0.8287,0.4073,0.9076,1.0000,1.0000,0.6238,1.0000,0.3714,2.0361
2021091901,2154,42500,C.J. Uzomah,2,True,chip_release,inline,3.6000,3.1000,3.1000,3.8073,-0.7073,1.0000,1.0000,1.0000,1.0000,1.0000,-0.7073,1.0000,0.5144,2.4254
2021091901,2443,35534,Jimmy Graham,2,True,chip_release,inline,2.4000,3.5000,,3.5809,-0.0809,0.6403,0.3905,0.1708,1.0000,1.0000,-0.0518,0.0000,0.6450,2.7471
2021091901,3233,52451,Cole Kmet,2,True,chip_release,detached,1.0000,3.4000,,2.6030,0.7970,0.8285,1.0000,0.3141,1.0000,1.0000,0.6603,0.0000,0.2326,2.5960
2021091901,3535,42500,C.J. Uzomah,2,True,chip_release,detached,1.8000,3.0000,3.0000,2.4366,0.5634,0.8323,1.0000,0.3292,1.0000,1.0000,0.4689,0.0000,0.2477,2.0986
2021091901,3564,42500,C.J. Uzomah,2,True,chip_release,inline,1.9000,2.7000,,2.2999,0.4001,1.0000,1.0000,1.0000,1.0000,1.0000,0.4001,0.0000,0.2563,2.0130
2021091902,164,44841,David Njoku,2,True,chip_release,inline,2.1000,3.7000,3.7000,2.8649,0.8351,1.0000,1.0000,1.0000,1.0000,1.0000,0.8351,1.0000,0.4838,1.9392
2021091902,434,45339,Pharaoh Brown,2,True,chip_release,inline,2.5000,3.0000,3.0000,2.6719,0.3281,0.7958,1.0000,0.1831,1.0000,1.0000,0.2611,1.0000,0.2517,1.5318
2021091902,676,43370,Austin Hooper,2,True,chip_release,inline,2.5000,3.0000,,3.2217,-0.2217,1.0000,1.0000,1.0000,1.0000,1.0000,-0.2217,0.0000,0.3789,3.3214
2021091902,985,43370,Austin Hooper,2,True,chip_release,inline,1.5000,2.9000,2.9000,2.8904,0.0096,0.9383,0.7533,1.0000,1.0000,1.0000,0.0090,1.0000,0.4885,2.9465
2021091902,1029,44841,David Njoku,2,True,chip_release,inline,0.9000,3.5000,3.5000,3.7378,-0.2378,1.0000,1.0000,1.0000,1.0000,1.0000,-0.2378,1.0000,0.1721,1.9991
2021091902,1436,43370,Austin Hooper,2,True,chip_release,inline,1.0000,2.4000,,3.4503,-1.0503,0.7633,0.3010,0.7524,1.0000,1.0000,-0.8018,0.0000,0.4882,2.8008
2021091902,1751,46167,Jordan Akins,2,True,chip_release,inline,1.4000,2.8000,2.8000,2.6782,0.1218,0.9966,1.0000,0.9862,1.0000,1.0000,0.1214,1.0000,0.3844,1.8489
2021091902,3651,46167,Jordan Akins,2,True,chip_release,detached,1.2000,2.7000,,2.5684,0.1316,0.7584,1.0000,0.0336,1.0000,1.0000,0.0998,0.0000,0.1178,1.7510
2021091902,3710,46167,Jordan Akins,2,True,chip_release,detached,1.7000,2.6000,2.6000,2.7280,-0.1280,0.7828,0.3232,0.8081,1.0000,1.0000,-0.1002,1.0000,0.5179,1.8988
2021091902,3761,46167,Jordan Akins,2,True,chip_release,detached,1.4000,5.0000,,3.4195,1.5805,0.7616,0.2989,0.7473,1.0000,1.0000,1.2036,1.0000,0.2420,1.7539
2021091902,3820,46167,Jordan Akins,2,True,chip_release,detached,1.7000,2.8000,2.8000,3.3283,-0.5283,0.8759,0.5035,1.0000,1.0000,1.0000,-0.4627,1.0000,0.6291,2.5310
2021091903,289,44792,Mo Alie-Cox,2,True,chip_release,inline,1.0000,2.5000,2.5000,3.4444,-0.9444,0.8581,0.5675,0.8650,1.0000,1.0000,-0.8104,1.0000,0.0000,3.2604
2021091903,377,43399,Tyler Higbee,2,True,chip_release,inline,1.3000,3.7000,3.7000,2.3726,1.3274,0.9804,1.0000,0.9217,1.0000,1.0000,1.3014,0.0000,0.0000,1.6920
2021091903,1149,43399,Tyler Higbee,2,True,chip_release,inline,1.8000,2.6000,,2.3553,0.2447,0.9356,0.7424,1.0000,1.0000,1.0000,0.2289,0.0000,0.3985,1.8223
2021091903,1613,44792,Mo Alie-Cox,2,True,chip_release,detached,1.4000,2.7000,2.7000,2.1798,0.5202,0.9003,1.0000,0.6013,1.0000,1.0000,0.4683,0.0000,0.2439,1.7048
2021091903,1920,44792,Mo Alie-Cox,2,True,chip_release,detached,1.2000,2.9000,2.9000,2.3783,0.5217,0.7270,0.2594,0.6485,1.0000,1.0000,0.3792,1.0000,0.5204,1.9030
2021091903,2148,40641,Jack Doyle,2,True,chip_release,inline,1.9000,3.4000,,2.8285,0.5715,0.7617,1.0000,0.0468,1.0000,1.0000,0.4353,0.0000,0.2519,2.1774
2021091903,2409,43399,Tyler Higbee,2,True,chip_release,inline,1.6000,4.0000,,2.6643,1.3357,1.0000,1.0000,1.0000,1.0000,1.0000,1.3357,0.0000,0.5032,2.1405
2021091903,2509,53556,Kylen Granson,2,True,chip_release,wing,2.3000,4.1000,4.1000,3.5102,0.5898,0.8419,0.3907,0.9767,1.0000,1.0000,0.4965,1.0000,0.3879,2.6960
2021091903,2755,43399,Tyler Higbee,2,True,chip_release,inline,0.9000,3.0000,,2.9782,0.0218,1.0000,1.0000,1.0000,1.0000,1.0000,0.0218,0.0000,0.1442,2.3076
2021091903,3684,40641,Jack Doyle,2,True,chip_release,detached,1.7000,3.0000,3.0000,2.8283,0.1717,1.0000,1.0000,1.0000,1.0000,1.0000,0.1717,0.0000,0.2370,2.7489
2021091904,174,42302,Chris Manhertz,2,True,chip_release,detached,1.7000,2.7000,2.7000,2.4950,0.2050,1.0000,1.0000,1.0000,1.0000,1.0000,0.2050,1.0000,0.3757,2.3241
2021091904,259,42302,Chris Manhertz,2,True,chip_release,detached,2.0000,2.8000,,3.1811,-0.3811,0.7701,0.3086,0.7716,1.0000,1.0000,-0.2935,0.0000,0.3606,1.7873
2021091904,420,52526,Albert Okwuegbunam,2,True,chip_release,inline,1.3000,3.7000,3.7000,3.3035,0.3965,0.8733,1.0000,0.4932,1.0000,1.0000,0.3463,1.0000,0.4778,2.3289
2021091904,805,53574,Luke Farrell,2,True,chip_release,inline,2.1000,4.6000,4.6000,2.8794,1.7206,1.0000,1.0000,1.0000,1.0000,1.0000,1.7206,0.0000,0.2403,1.9565
2021091904,846,52526,Albert Okwuegbunam,2,True,chip_release,inline,2.4000,2.6000,,4.1099,-1.5099,0.8348,0.8915,0.4479,1.0000,1.0000,-1.2605,0.0000,0.2167,2.3873
2021091904,936,52526,Albert Okwuegbunam,2,True,chip_release,inline,2.5000,3.3000,3.3000,2.6379,0.6621,1.0000,1.0000,1.0000,1.0000,1.0000,0.6621,0.0000,0.3338,1.4258
2021091904,1222,47803,Noah Fant,2,True,chip_release,inline,1.9000,3.0000,3.0000,2.7685,0.2315,1.0000,1.0000,1.0000,1.0000,1.0000,0.2315,0.0000,0.4913,1.8797
2021091904,1472,47803,Noah Fant,2,True,chip_release,inline,1.8000,2.9000,,2.8887,0.0113,0.7879,1.0000,0.1518,1.0000,1.0000,0.0089,0.0000,0.1224,2.5070
2021091904,1940,47803,Noah Fant,2,True,chip_release,inline,2.1000,3.0000,3.0000,2.4741,0.5259,0.7500,1.0000,1.0000,0.0000,1.0000,0.3944,1.0000,0.1571,1.3827
2021091904,1962,47803,Noah Fant,2,True,chip_release,inline,1.7000,2.7000,2.7000,3.0328,-0.3328,1.0000,1.0000,1.0000,1.0000,1.0000,-0.3328,0.0000,0.3552,1.5721
2021091904,1991,47803,Noah Fant,2,True,chip_release,inline,2.0000,2.7000,2.7000,2.6728,0.0272,1.0000,1.0000,1.0000,1.0000,1.0000,0.0272,0.0000,0.3769,2.2130
2021091904,2261,42302,Chris Manhertz,2,True,chip_release,detached,1.6000,2.9000,2.9000,2.6690,0.2310,1.0000,1.0000,1.0000,1.0000,1.0000,0.2310,1.0000,0.7929,1.3232
2021091904,2382,47803,Noah Fant,2,True,chip_release,inline,1.9000,2.8000,2.8000,2.7461,0.0539,1.0000,1.0000,1.0000,1.0000,1.0000,0.0539,0.0000,0.2569,1.9448
2021091904,2939,44987,Eric Saubert,2,True,chip_release,inline,1.0000,3.6000,3.6000,3.5538,0.0462,1.0000,1.0000,1.0000,1.0000,1.0000,0.0462,0.0000,0.4934,2.7984
2021091904,3113,53574,Luke Farrell,2,True,chip_release,inline,1.7000,3.6000,,2.5818,1.0182,1.0000,1.0000,1.0000,1.0000,1.0000,1.0182,0.0000,0.2711,2.2574
2021091904,3676,52526,Albert Okwuegbunam,2,True,chip_release,wing,1.4000,2.5000,,2.7644,-0.2644,0.9700,1.0000,0.8801,1.0000,1.0000,-0.2565,0.0000,0.2472,3.0238
2021091905,945,47879,Dawson Knox,2,True,chip_release,detached,2.4000,4.0000,4.0000,2.8061,1.1939,1.0000,1.0000,1.0000,1.0000,1.0000,1.1939,1.0000,0.6174,3.4648
2021091905,3002,47879,Dawson Knox,2,True,chip_release,backfield,2.1000,3.5000,3.5000,3.2740,0.2260,1.0000,1.0000,1.0000,1.0000,1.0000,0.2260,1.0000,0.4906,3.0027
2021091905,3388,47879,Dawson Knox,2,True,chip_release,inline,2.0000,3.3000,,3.0354,0.2646,1.0000,1.0000,1.0000,1.0000,1.0000,0.2646,0.0000,0.3797,2.9239
2021091906,126,43324,Hunter Henry,2,True,chip_release,inline,1.9000,3.4000,,3.3155,0.0845,1.0000,1.0000,1.0000,1.0000,1.0000,0.0845,0.0000,0.4200,1.9108
2021091906,126,44912,Jonnu Smith,2,True,chip_release,detached,1.9000,3.4000,,3.3652,0.0348,0.8277,1.0000,0.3109,1.0000,1.0000,0.0288,0.0000,0.4857,2.2787
2021091906,179,43324,Hunter Henry,2,True,chip_release,detached,1.1000,3.4000,,3.1410,0.2590,1.0000,1.0000,1.0000,1.0000,1.0000,0.2590,0.0000,0.5188,2.1604
2021091906,1100,43324,Hunter Henry,2,True,chip_release,inline,1.6000,0.5000,0.5000,3.2831,-2.7831,0.6447,0.4130,0.1658,1.0000,1.0000,-1.7943,1.0000,0.4933,2.7183
2021091906,1153,43324,Hunter Henry,2,True,chip_release,detached,1.8000,3.4000,3.4000,3.1835,0.2165,1.0000,1.0000,1.0000,1.0000,1.0000,0.2165,1.0000,0.2677,2.1850
2021091906,1645,43324,Hunter Henry,2,True,chip_release,detached,2.4000,3.5000,,2.9158,0.5842,1.0000,1.0000,1.0000,1.0000,1.0000,0.5842,0.0000,0.0000,1.9359
2021091906,1989,40149,Ryan Griffin,2,True,chip_release,inline,1.6000,5.3000,5.3000,2.2655,3.0345,0.7538,1.0000,0.0151,1.0000,1.0000,2.2873,0.0000,0.5062,3.1688
2021091906,1989,42428,Tyler Kroft,2,True,chip_release,inline,1.0000,5.3000,5.3000,2.6961,2.6039,1.0000,1.0000,1.0000,1.0000,1.0000,2.6039,0.0000,0.6136,3.1766
2021091906,2134,43324,Hunter Henry,2,True,chip_release,inline,2.6000,3.2000,,3.3099,-0.1099,0.8860,1.0000,0.5438,1.0000,1.0000,-0.0974,0.0000,0.6302,1.7889
2021091906,2373,40149,Ryan Griffin,2,True,chip_release,inline,1.3000,3.6000,,3.8085,-0.2085,0.9329,1.0000,0.7314,1.0000,1.0000,-0.1945,0.0000,0.6155,3.0101
2021091906,3437,44912,Jonnu Smith,2,True,chip_release,inline,1.0000,2.0000,,3.3514,-1.3514,0.7757,1.0000,0.1029,1.0000,1.0000,-1.0483,0.0000,0.4883,2.2768
2021091906,3522,42428,Tyler Kroft,2,True,chip_release,detached,1.5000,3.3000,3.3000,2.8454,0.4546,0.9645,1.0000,0.8579,1.0000,1.0000,0.4385,0.0000,0.5594,1.5363
2021091906,3836,40149,Ryan Griffin,2,True,chip_release,detached,1.7000,3.5000,3.5000,2.5000,1.0000,1.0000,1.0000,1.0000,1.0000,1.0000,1.0000,1.0000,0.2400,1.6350
2021091906,3877,40149,Ryan Griffin,2,True,chip_release,detached,1.9000,3.7000,3.7000,3.0536,0.6464,0.7632,1.0000,0.0528,1.0000,1.0000,0.4933,1.0000,0.5087,2.3319
2021091907,1134,44959,George Kittle,2,True,chip_release,inline,1.7000,0.5000,0.5000,3.3189,-2.8189,0.7500,1.0000,1.0000,0.0000,1.0000,-2.1141,0.0000,0.4351,2.2663
2021091907,1374,44959,George Kittle,2,True,chip_release,inline,1.5000,3.2000,3.2000,2.6394,0.5606,0.8457,1.0000,0.3827,1.0000,1.0000,0.4741,0.0000,0.1173,3.2807
2021091908,497,41236,Eric Ebron,2,True,chip_release,inline,1.7000,2.8000,2.8000,2.9737,-0.1737,1.0000,1.0000,1.0000,1.0000,1.0000,-0.1737,1.0000,0.4910,2.2312
2021091908,1231,53484,Pat Freiermuth,2,True,chip_release,inline,1.0000,0.6000,0.6000,3.1905,-2.5905,1.0000,1.0000,1.0000,1.0000,1.0000,-2.5905,0.0000,0.1195,2.1839
2021091908,1326,41236,Eric Ebron,2,True,chip_release,inline,1.2000,2.5000,2.5000,2.6822,-0.1822,0.8525,1.0000,0.4098,1.0000,1.0000,-0.1553,0.0000,0.2225,2.1337
2021091908,2103,42547,Darren Waller,2,True,chip_release,inline,1.8000,6.5000,,3.3166,3.1834,0.9126,1.0000,0.6506,1.0000,1.0000,2.9053,0.0000,0.7704,2.1911
2021091909,754,46176,Christopher Herndon,2,True,chip_release,inline,1.9000,3.1000,,3.0147,0.0853,1.0000,1.0000,1.0000,1.0000,1.0000,0.0853,0.0000,0.2131,1.9725
2021091909,1943,46226,Tyler Conklin,2,True,chip_release,inline,1.8000,3.6000,3.6000,2.5629,1.0371,1.0000,1.0000,1.0000,1.0000,1.0000,1.0371,0.0000,0.0000,2.2031
2021091909,2031,46226,Tyler Conklin,2,True,chip_release,inline,2.5000,3.4000,,2.0177,1.3823,0.8740,0.9658,0.5301,1.0000,1.0000,1.2081,0.0000,0.0953,1.3242
2021091909,3299,42398,Maxx Williams,2,True,chip_release,detached,1.2000,4.3000,4.3000,2.6448,1.6552,1.0000,1.0000,1.0000,1.0000,1.0000,1.6552,1.0000,0.7535,1.1134
2021091909,3383,46226,Tyler Conklin,2,True,chip_release,inline,1.5000,1.9000,,2.0642,-0.1642,1.0000,1.0000,1.0000,1.0000,1.0000,-0.1642,0.0000,0.1678,2.2131
2021091909,3589,45142,Darrell Daniels,2,True,chip_release,inline,1.8000,3.5000,3.5000,2.9941,0.5059,0.8736,1.0000,0.4945,1.0000,1.0000,0.4419,1.0000,0.4937,2.8159
2021091910,1671,37234,Lee Smith,2,True,chip_release,inline,2.0000,2.5000,,2.6058,-0.1058,0.9237,1.0000,0.6950,1.0000,1.0000,-0.0978,0.0000,0.2535,2.4019
2021091910,1695,46094,Hayden Hurst,2,True,chip_release,inline,2.0000,2.9000,2.9000,2.7565,0.1435,0.8599,1.0000,0.4395,1.0000,1.0000,0.1234,1.0000,0.3658,2.2573
2021091910,2907,35481,Rob Gronkowski,2,True,chip_release,inline,2.0000,3.0000,3.0000,2.6775,0.3225,1.0000,1.0000,1.0000,1.0000,1.0000,0.3225,1.0000,0.2357,2.0430
2021091911,521,43845,Stephen Anderson,2,True,chip_release,backfield,2.7000,3.3000,3.3000,2.8058,0.4942,0.6473,1.0000,0.5891,0.0000,1.0000,0.3199,0.0000,0.3513,2.9232
2021091911,1080,43845,Stephen Anderson,2,True,chip_release,wing,1.2000,3.5000,,3.2967,0.2033,0.6202,0.4382,0.0427,1.0000,1.0000,0.1261,0.0000,0.8843,3.0731
2021091911,2468,43845,Stephen Anderson,2,True,chip_release,backfield,1.0000,3.2000,3.2000,2.7102,0.4898,1.0000,1.0000,1.0000,1.0000,1.0000,0.4898,0.0000,0.3472,2.4833
2021091911,2944,48456,Donald Parham,2,True,chip_release,inline,0.9000,2.6000,2.6000,2.6589,-0.0589,1.0000,1.0000,1.0000,1.0000,1.0000,-0.0589,1.0000,0.3458,2.3611
2021091911,3506,43845,Stephen Anderson,2,True,chip_release,inline,2.1000,3.5000,3.5000,3.4987,0.0013,0.7633,1.0000,0.0534,1.0000,1.0000,0.0010,0.0000,0.6184,2.0634
2021091912,204,42589,Geoff Swaim,2,True,chip_release,detached,1.9000,2.5000,2.5000,2.9093,-0.4093,0.8237,1.0000,0.2947,1.0000,1.0000,-0.3371,0.0000,0.1511,1.7687
2021091912,508,53065,Tommy Hudson,2,True,chip_release,detached,1.6000,3.4000,,2.9412,0.4588,0.7500,1.0000,1.0000,0.0000,1.0000,0.3441,0.0000,0.3840,1.5671
2021091912,601,42589,Geoff Swaim,2,True,chip_release,detached,2.0000,3.2000,3.2000,2.4924,0.7076,1.0000,1.0000,1.0000,1.0000,1.0000,0.7076,0.0000,0.4611,1.5242
2021091912,1025,44856,Gerald Everett,2,True,chip_release,inline,1.1000,2.6000,2.6000,2.9331,-0.3331,0.8115,0.6655,0.5807,1.0000,1.0000,-0.2703,1.0000,0.4652,1.9430
2021091912,1115,42589,Geoff Swaim,2,True,chip_release,inline,1.0000,4.3000,,3.1549,1.1451,0.8582,0.4329,1.0000,1.0000,1.0000,0.9827,0.0000,0.3655,1.9065
2021091912,2874,53065,Tommy Hudson,2,True,chip_release,detached,1.6000,2.2000,2.2000,2.4753,-0.2753,0.6509,0.6600,0.9436,0.0000,1.0000,-0.1792,0.0000,0.5768,1.4912
2021091912,3443,42486,MyCole Pruitt,2,True,chip_release,inline,1.8000,3.4000,3.4000,2.1236,1.2764,0.6211,1.0000,0.4845,0.0000,1.0000,0.7928,0.0000,0.3874,2.7606
2021091912,3443,42589,Geoff Swaim,2,True,chip_release,inline,2.0000,3.4000,3.4000,2.5963,0.8037,1.0000,1.0000,1.0000,1.0000,1.0000,0.8037,0.0000,0.5037,2.7188
2021091912,3516,53065,Tommy Hudson,2,True,chip_release,inline,1.9000,3.0000,3.0000,2.7107,0.2893,0.9404,1.0000,0.7616,1.0000,1.0000,0.2720,1.0000,0.2413,2.2987
2021091912,3540,53065,Tommy Hudson,2,True,chip_release,detached,3.6000,2.8000,2.8000,2.5554,0.2446,0.7500,1.0000,1.0000,0.0000,1.0000,0.1835,1.0000,0.8861,1.8386
2021091912,4126,44856,Gerald Everett,2,True,chip_release,inline,1.7000,3.3000,,2.5784,0.7216,1.0000,1.0000,1.0000,1.0000,1.0000,0.7216,0.0000,0.3838,1.9197
2021091912,4167,44856,Gerald Everett,2,True,chip_release,inline,1.1000,3.3000,3.3000,2.9152,0.3848,0.9042,0.6169,1.0000,1.0000,1.0000,0.3480,1.0000,0.5185,2.6895
2021091913,579,46155,Mark Andrews,2,True,chip_release,detached,1.7000,2.8000,,2.2893,0.5107,0.8858,0.6879,0.8554,1.0000,1.0000,0.4524,0.0000,0.7529,2.6520
2021091913,806,42460,Blake Bell,2,True,chip_release,inline,2.0000,4.0000,4.0000,3.3699,0.6301,1.0000,1.0000,1.0000,1.0000,1.0000,0.6301,1.0000,0.6323,2.7391
2021091913,1220,48683,Joe Fortson,2,True,chip_release,inline,1.2000,7.1000,7.1000,2.9582,4.1418,0.9316,0.7262,1.0000,1.0000,1.0000,3.8584,1.0000,0.4993,2.7132
2021091913,1866,47852,Josh Oliver,2,True,chip_release,inline,1.3000,3.3000,,2.8548,0.4452,1.0000,1.0000,1.0000,1.0000,1.0000,0.4452,1.0000,0.2685,2.3976
2021091913,2388,46155,Mark Andrews,2,True,chip_release,inline,2.2000,3.5000,,2.8065,0.6935,0.9155,1.0000,0.6619,1.0000,1.0000,0.6349,0.0000,0.1156,2.8415
2021091913,2561,40011,Travis Kelce,2,True,chip_release,detached,1.5000,5.5000,,2.6561,2.8439,0.7477,0.4992,0.4917,1.0000,1.0000,2.1265,0.0000,0.3725,2.6465
2021091913,3555,46155,Mark Andrews,2,True,chip_release,inline,1.3000,3.1000,,3.6838,-0.5838,0.9058,0.6232,1.0000,1.0000,1.0000,-0.5288,0.0000,0.2388,2.9906
2021092000,924,30842,Marcedes Lewis,2,True,chip_release,wing,2.2000,2.5000,,3.2278,-0.7278,0.7500,1.0000,1.0000,0.0000,1.0000,-0.5459,0.0000,0.3410,2.1607
2021092000,1923,30842,Marcedes Lewis,2,True,chip_release,inline,1.2000,2.8000,2.8000,2.2727,0.5273,0.7087,0.5750,0.2600,1.0000,1.0000,0.3737,1.0000,0.1365,1.9211
2021092000,1942,45635,Robert Tonyan,2,True,chip_release,detached,2.1000,3.8000,3.8000,2.4975,1.3025,0.9353,0.7412,1.0000,1.0000,1.0000,1.2183,0.0000,0.1268,2.1542
2021092000,2645,45635,Robert Tonyan,2,True,chip_release,inline,1.7000,2.4000,,2.3102,0.0898,0.9310,0.7238,1.0000,1.0000,1.0000,0.0836,0.0000,0.2284,1.4780
2021092000,3623,47791,T.J. Hockenson,2,True,chip_release,detached,1.8000,2.8000,,2.5266,0.2734,1.0000,1.0000,1.0000,1.0000,1.0000,0.2734,0.0000,0.1468,1.3859
2021092300,341,46170,Ian Thomas,3,True,chip_release,detached,1.6000,2.5000,2.5000,3.3792,-0.8792,0.8517,0.4068,1.0000,1.0000,1.0000,-0.7488,1.0000,0.7406,2.0729
2021092300,904,46170,Ian Thomas,3,True,chip_release,inline,1.1000,3.7000,,3.2587,0.4413,1.0000,1.0000,1.0000,1.0000,1.0000,0.4413,0.0000,0.4194,2.2039
2021092300,1945,45785,Dan Arnold,3,True,chip_release,detached,2.3000,3.3000,3.3000,2.6473,0.6527,1.0000,1.0000,1.0000,1.0000,1.0000,0.6527,1.0000,0.2545,1.5703
2021092300,2524,46170,Ian Thomas,3,True,chip_release,inline,1.0000,3.4000,,3.0883,0.3117,0.9932,0.9729,1.0000,1.0000,1.0000,0.3096,1.0000,0.4811,2.0323
2021092300,2774,45785,Dan Arnold,3,True,chip_release,detached,1.3000,2.4000,2.4000,2.5266,-0.1266,0.7322,0.3428,0.5861,1.0000,1.0000,-0.0927,1.0000,0.1096,1.4782
2021092300,3189,46167,Jordan Akins,3,True,chip_release,inline,1.1000,2.3000,2.3000,4.5690,-2.2690,0.9285,0.7140,1.0000,1.0000,1.0000,-2.1068,1.0000,0.7313,2.3994
2021092300,3351,45785,Dan Arnold,3,True,chip_release,detached,1.3000,2.8000,2.8000,2.7017,0.0983,1.0000,1.0000,1.0000,1.0000,1.0000,0.0983,1.0000,0.6040,2.8575
2021092600,223,48011,Tommy Sweeney,3,True,chip_release,detached,2.4000,4.9000,,2.1858,2.7142,0.7588,1.0000,0.0351,1.0000,1.0000,2.0595,1.0000,0.5214,2.2204
2021092600,258,47879,Dawson Knox,3,True,chip_release,inline,1.9000,5.5000,,3.0775,2.4225,0.8754,0.5014,1.0000,1.0000,1.0000,2.1206,1.0000,0.2467,2.6444
2021092600,1758,47879,Dawson Knox,3,True,chip_release,backfield,0.8000,2.6000,2.6000,2.8814,-0.2814,0.7804,1.0000,0.1218,1.0000,1.0000,-0.2196,1.0000,0.6247,2.6032
2021092600,2202,47879,Dawson Knox,3,True,chip_release,detached,2.5000,2.5000,2.5000,2.9060,-0.4060,1.0000,1.0000,1.0000,1.0000,1.0000,-0.4060,1.0000,0.4888,1.9581
2021092600,2507,47879,Dawson Knox,3,True,chip_release,backfield,1.4000,2.8000,2.8000,3.4353,-0.6353,0.6240,1.0000,0.4959,0.0000,1.0000,-0.3964,0.0000,0.3812,2.7386
2021092601,473,44841,David Njoku,3,True,chip_release,inline,2.1000,3.0000,3.0000,2.7938,0.2062,1.0000,1.0000,1.0000,1.0000,1.0000,0.2062,1.0000,0.2272,2.6813
2021092601,982,43370,Austin Hooper,3,True,chip_release,inline,2.8000,3.2000,,2.7083,0.4917,0.8762,0.5046,1.0000,1.0000,1.0000,0.4308,0.0000,0.2481,2.8592
2021092601,1112,52451,Cole Kmet,3,True,chip_release,inline,1.8000,3.6000,3.6000,2.9310,0.6690,1.0000,1.0000,1.0000,1.0000,1.0000,0.6690,1.0000,0.4901,2.5114
2021092601,1227,44841,David Njoku,3,True,chip_release,inline,2.1000,3.3000,3.3000,2.6865,0.6135,0.9570,0.8279,1.0000,1.0000,1.0000,0.5871,1.0000,0.6618,2.0401
2021092601,1354,44841,David Njoku,3,True,chip_release,inline,1.2000,3.0000,3.0000,2.6148,0.3852,0.9672,0.8687,1.0000,1.0000,1.0000,0.3726,1.0000,0.3587,1.7181
2021092601,2107,52451,Cole Kmet,3,True,chip_release,inline,1.6000,2.6000,2.6000,2.9302,-0.3302,1.0000,1.0000,1.0000,1.0000,1.0000,-0.3302,1.0000,0.2491,2.3781
2021092601,2294,43370,Austin Hooper,3,True,chip_release,inline,2.1000,3.3000,3.3000,2.9254,0.3746,0.9035,0.6141,1.0000,1.0000,1.0000,0.3384,1.0000,0.2699,3.4259
2021092601,2382,42503,Jesse James,3,True,chip_release,inline,1.0000,4.1000,4.1000,3.0589,1.0411,0.9705,0.8820,1.0000,1.0000,1.0000,1.0104,1.0000,0.8247,1.6028
2021092601,2507,44841,David Njoku,3,True,chip_release,inline,2.3000,2.8000,2.8000,2.3718,0.4282,0.8753,0.5012,1.0000,1.0000,1.0000,0.3748,1.0000,0.4876,2.0012
2021092601,3909,52451,Cole Kmet,3,True,chip_release,inline,2.9000,2.3000,2.3000,3.1539,-0.8539,0.9895,0.9580,1.0000,1.0000,1.0000,-0.8449,1.0000,0.3946,2.1458
2021092602,653,39907,Darren Fells,3,True,chip_release,inline,1.1000,3.1000,,3.2240,-0.1240,1.0000,1.0000,1.0000,1.0000,1.0000,-0.1240,0.0000,0.3773,2.8808
2021092602,981,47791,T.J. Hockenson,3,True,chip_release,inline,2.1000,4.6000,4.6000,3.2864,1.3136,0.9735,0.8940,1.0000,1.0000,1.0000,1.2788,1.0000,0.7429,3.1671
2021092602,1058,39907,Darren Fells,3,True,chip_release,detached,1.8000,2.7000,2.7000,3.6998,-0.9998,1.0000,1.0000,1.0000,1.0000,1.0000,-0.9998,1.0000,0.6284,3.0525
2021092602,2205,47791,T.J. Hockenson,3,True,chip_release,detached,2.2000,2.5000,2.5000,3.5295,-1.0295,0.6376,0.4579,0.0926,1.0000,1.0000,-0.6564,1.0000,0.5428,2.4233
2021092602,2570,39907,Darren Fells,3,True,chip_release,detached,2.6000,3.0000,3.0000,2.4312,0.5688,1.0000,1.0000,1.0000,1.0000,1.0000,0.5688,0.0000,0.1186,2.2841
2021092602,3495,42721,Eric Tomlinson,3,True,chip_release,inline,1.3000,3.8000,,3.0034,0.7966,0.9263,1.0000,0.7052,1.0000,1.0000,0.7378,0.0000,0.6310,3.1110
2021092602,3926,46155,Mark Andrews,3,True,chip_release,inline,2.5000,3.3000,3.3000,2.4582,0.8418,0.6919,0.2193,0.5482,1.0000,1.0000,0.5824,1.0000,0.2457,2.0179
2021092604,210,42460,Blake Bell,3,True,chip_release,inline,2.0000,3.5000,3.5000,3.5841,-0.0841,1.0000,1.0000,1.0000,1.0000,1.0000,-0.0841,0.0000,0.6375,2.2866
2021092604,564,34540,Jared Cook,3,True,chip_release,detached,1.2000,2.6000,2.6000,3.5022,-0.9022,1.0000,1.0000,1.0000,1.0000,1.0000,-0.9022,1.0000,0.7489,2.0818
2021092604,673,40011,Travis Kelce,3,True,chip_release,inline,1.3000,4.0000,4.0000,2.4415,1.5585,0.9868,1.0000,0.9471,1.0000,1.0000,1.5379,1.0000,0.1167,2.3226
2021092604,673,42460,Blake Bell,3,True,chip_release,inline,1.7000,4.0000,4.0000,2.7808,1.2192,1.0000,1.0000,1.0000,1.0000,1.0000,1.2192,1.0000,0.1209,2.2566
2021092604,788,48456,Donald Parham,3,True,chip_release,inline,1.2000,0.5000,0.5000,3.2544,-2.7544,0.7525,1.0000,0.0101,1.0000,1.0000,-2.0727,0.0000,0.6224,2.1838
2021092604,854,48456,Donald Parham,3,True,chip_release,inline,1.9000,3.4000,3.4000,2.5881,0.8119,1.0000,1.0000,1.0000,1.0000,1.0000,0.8119,0.0000,0.1197,1.5813
2021092604,940,48456,Donald Parham,3,True,chip_release,inline,1.0000,4.1000,,3.0117,1.0883,1.0000,1.0000,1.0000,1.0000,1.0000,1.0883,0.0000,0.4955,2.8938
2021092604,1553,34540,Jared Cook,3,True,chip_release,detached,2.2000,5.0000,5.0000,3.0830,1.9170,0.5291,0.5188,0.5978,0.0000,1.0000,1.0143,0.0000,0.7631,1.6639
2021092604,1869,40011,Travis Kelce,3,True,chip_release,inline,1.5000,3.8000,3.8000,2.3734,1.4266,0.6621,0.1853,0.4632,1.0000,1.0000,0.9446,1.0000,0.5834,2.2647
2021092604,2045,40011,Travis Kelce,3,True,chip_release,inline,1.2000,3.2000,3.2000,2.4741,0.7259,0.8658,1.0000,0.4634,1.0000,1.0000,0.6285,0.0000,0.2328,2.3237
2021092604,2045,42460,Blake Bell,3,True,chip_release,inline,1.6000,3.2000,3.2000,2.7820,0.4180,0.7570,1.0000,0.0281,1.0000,1.0000,0.3165,0.0000,0.1186,2.2719
2021092604,2090,42460,Blake Bell,3,True,chip_release,inline,1.8000,2.9000,2.9000,2.9068,-0.0068,0.9626,1.0000,0.8503,1.0000,1.0000,-0.0065,1.0000,0.6015,2.2544
2021092604,3368,40011,Travis Kelce,3,True,chip_release,inline,2.8000,6.0000,,2.9375,3.0625,0.8068,0.5256,0.7015,1.0000,1.0000,2.4708,1.0000,0.6389,2.8789
2021092605,342,52513,Adam Trautman,3,True,chip_release,inline,1.6000,3.6000,,3.0603,0.5397,0.7927,1.0000,0.1708,1.0000,1.0000,0.4278,0.0000,0.3793,2.4985
2021092605,366,44075,Garrett Griffin,3,True,chip_release,wing,3.7000,4.2000,,3.5098,0.6902,0.8150,1.0000,0.2600,1.0000,1.0000,0.5625,0.0000,0.1428,2.5146
2021092605,580,43324,Hunter Henry,3,True,chip_release,detached,2.8000,3.9000,,2.7450,1.1550,0.8760,1.0000,0.5038,1.0000,1.0000,1.0117,0.0000,0.2657,2.4273
2021092605,1329,43324,Hunter Henry,3,True,chip_release,detached,3.4000,4.0000,4.0000,2.4587,1.5413,0.8155,1.0000,0.2621,1.0000,1.0000,1.2570,1.0000,0.8824,2.3097
2021092605,1580,44912,Jonnu Smith,3,True,chip_release,inline,1.9000,4.0000,,3.0371,0.9629,0.8660,0.4639,1.0000,1.0000,1.0000,0.8338,0.0000,0.2651,1.8798
2021092605,2550,43324,Hunter Henry,3,True,chip_release,detached,1.0000,1.9000,,2.1964,-0.2964,0.5607,0.7834,0.4595,0.0000,1.0000,-0.1662,0.0000,0.5032,1.7099
2021092605,2574,43324,Hunter Henry,3,True,chip_release,detached,2.9000,3.7000,,2.3810,1.3190,0.6532,0.4335,0.1791,1.0000,1.0000,0.8615,0.0000,0.1131,1.6572
2021092605,3093,43324,Hunter Henry,3,True,chip_release,detached,2.2000,4.4000,4.4000,2.7954,1.6046,1.0000,1.0000,1.0000,1.0000,1.0000,1.6046,1.0000,0.1856,1.3914
2021092605,3769,43324,Hunter Henry,3,True,chip_release,detached,3.3000,3.4000,3.4000,2.5929,0.8071,0.9063,1.0000,0.6251,1.0000,1.0000,0.7315,1.0000,0.3692,2.2888
2021092605,3974,44912,Jonnu Smith,3,True,chip_release,detached,3.1000,4.0000,,2.8831,1.1169,0.7537,1.0000,0.0147,1.0000,1.0000,0.8418,0.0000,0.2491,1.6896
2021092605,4020,44912,Jonnu Smith,3,True,chip_release,detached,1.7000,3.5000,,2.5613,0.9387,1.0000,1.0000,1.0000,1.0000,1.0000,0.9387,0.0000,0.3670,2.1301
2021092605,4061,43324,Hunter Henry,3,True,chip_release,detached,2.6000,2.9000,,2.6114,0.2886,0.7500,1.0000,1.0000,0.0000,1.0000,0.2165,0.0000,0.3780,2.2985
2021092605,4090,43324,Hunter Henry,3,True,chip_release,detached,2.5000,4.3000,,2.7661,1.5339,0.9345,1.0000,0.7379,1.0000,1.0000,1.4334,0.0000,0.6491,2.2796
2021092606,677,47959,Kaden Smith,3,True,chip_release,wing,2.5000,3.4000,3.4000,3.3397,0.0603,0.9756,1.0000,0.9025,1.0000,1.0000,0.0588,1.0000,0.4855,2.3571
2021092606,903,47959,Kaden Smith,3,True,chip_release,inline,1.3000,4.6000,,3.3676,1.2324,0.8760,0.5041,1.0000,1.0000,1.0000,1.0796,0.0000,0.3511,2.3182
2021092606,1536,46094,Hayden Hurst,3,True,chip_release,inline,2.5000,5.9000,5.9000,3.0972,2.8028,0.7962,0.6849,0.4998,1.0000,1.0000,2.2315,0.0000,0.3731,4.6265
2021092606,1736,44835,Evan Engram,3,True,chip_release,detached,2.8000,3.1000,3.1000,2.9676,0.1324,0.7500,1.0000,1.0000,0.0000,1.0000,0.0993,0.0000,0.5761,2.1054
2021092606,2423,44835,Evan Engram,3,True,chip_release,detached,2.0000,3.1000,3.1000,3.0062,0.0938,0.9118,0.6471,1.0000,1.0000,1.0000,0.0855,1.0000,0.5442,2.3941
2021092606,3664,37234,Lee Smith,3,True,chip_release,inline,1.6000,2.4000,2.4000,2.7936,-0.3936,0.7710,0.6519,0.4322,1.0000,1.0000,-0.3035,0.0000,0.6117,3.8507
2021092607,845,53484,Pat Freiermuth,3,True,chip_release,inline,3.1000,3.5000,3.5000,3.5847,-0.0847,0.8231,0.5588,0.7335,1.0000,1.0000,-0.0697,1.0000,0.3784,2.5058
2021092607,1336,53484,Pat Freiermuth,3,True,chip_release,wing,2.9000,4.1000,4.1000,3.5426,0.5574,1.0000,1.0000,1.0000,1.0000,1.0000,0.5574,1.0000,0.7428,2.1929
2021092607,1708,42500,C.J. Uzomah,3,True,chip_release,inline,1.9000,2.5000,2.5000,3.6878,-1.1878,0.7032,0.5756,0.2371,1.0000,1.0000,-0.8352,1.0000,0.3501,2.8183
2021092608,98,53065,Tommy Hudson,3,True,chip_release,detached,1.2000,1.9000,1.9000,2.4172,-0.5172,0.6141,0.4566,1.0000,0.0000,1.0000,-0.3176,1.0000,0.4658,2.0545
2021092608,288,42589,Geoff Swaim,3,True,chip_release,inline,1.3000,3.1000,3.1000,2.7755,0.3245,0.8109,1.0000,0.2434,1.0000,1.0000,0.2631,0.0000,0.2638,0.9987
2021092608,748,42486,MyCole Pruitt,3,True,chip_release,detached,2.1000,2.9000,2.9000,3.0597,-0.1597,1.0000,1.0000,1.0000,1.0000,1.0000,-0.1597,1.0000,0.1184,2.0675
2021092608,823,53065,Tommy Hudson,3,True,chip_release,detached,2.5000,4.1000,4.1000,2.9070,1.1930,1.0000,1.0000,1.0000,1.0000,1.0000,1.1930,0.0000,0.3472,1.6781
2021092608,1727,40641,Jack Doyle,3,True,chip_release,detached,2.2000,2.7000,2.7000,2.8283,-0.1283,0.8486,1.0000,0.3945,1.0000,1.0000,-0.1089,0.0000,0.1087,1.2969
2021092608,3482,40641,Jack Doyle,3,True,chip_release,detached,1.1000,2.9000,2.9000,2.6462,0.2538,1.0000,1.0000,1.0000,1.0000,1.0000,0.2538,1.0000,0.4032,1.6838
2021092608,3534,44792,Mo Alie-Cox,3,True,chip_release,detached,1.4000,2.5000,2.5000,2.6298,-0.1298,0.7291,1.0000,0.9162,0.0000,1.0000,-0.0946,1.0000,0.6650,1.4890
2021092608,3628,44792,Mo Alie-Cox,3,True,chip_release,detached,1.6000,2.7000,2.7000,2.6246,0.0754,0.7862,1.0000,0.1449,1.0000,1.0000,0.0593,1.0000,0.5036,1.5767
2021092609,199,40149,Ryan Griffin,3,True,chip_release,inline,1.5000,2.9000,2.9000,2.6741,0.2259,1.0000,1.0000,1.0000,1.0000,1.0000,0.2259,0.0000,0.6460,2.0123
2021092609,497,47803,Noah Fant,3,True,chip_release,inline,1.1000,3.0000,3.0000,3.3934,-0.3934,0.8964,1.0000,0.5858,1.0000,1.0000,-0.3527,1.0000,0.3862,2.4934
2021092609,653,42428,Tyler Kroft,3,True,chip_release,inline,2.6000,3.2000,,2.4447,0.7553,0.7554,1.0000,0.0217,1.0000,1.0000,0.5706,0.0000,0.0000,1.6729
2021092609,757,47803,Noah Fant,3,True,chip_release,inline,1.9000,2.8000,2.8000,2.9671,-0.1671,0.8237,0.3699,0.9248,1.0000,1.0000,-0.1376,1.0000,0.1226,2.8625
2021092609,910,42428,Tyler Kroft,3,True,chip_release,inline,1.6000,3.3000,3.3000,2.7472,0.5528,0.9416,1.0000,0.7666,1.0000,1.0000,0.5206,0.0000,0.3988,1.1788
2021092609,1073,42428,Tyler Kroft,3,True,chip_release,inline,1.0000,3.0000,,2.5972,0.4028,0.8379,1.0000,0.3517,1.0000,1.0000,0.3375,0.0000,0.3249,1.3440
2021092609,1413,47803,Noah Fant,3,True,chip_release,inline,1.7000,3.6000,3.6000,3.0223,0.5777,1.0000,1.0000,1.0000,1.0000,1.0000,0.5777,0.0000,0.5557,2.0850
2021092609,1413,52526,Albert Okwuegbunam,3,True,chip_release,inline,1.0000,3.6000,3.6000,3.2815,0.3185,0.8022,0.4083,0.8004,1.0000,1.0000,0.2555,0.0000,0.4890,1.9726
2021092609,1649,52526,Albert Okwuegbunam,3,True,chip_release,inline,2.2000,2.4000,,2.9733,-0.5733,0.8902,1.0000,0.5607,1.0000,1.0000,-0.5103,0.0000,0.6157,2.8849
2021092609,1988,42428,Tyler Kroft,3,True,chip_release,detached,1.2000,2.7000,2.7000,2.5861,0.1139,1.0000,1.0000,1.0000,1.0000,1.0000,0.1139,1.0000,0.4921,2.0478
2021092609,2352,40149,Ryan Griffin,3,True,chip_release,detached,1.2000,2.8000,2.8000,2.8590,-0.0590,0.6181,1.0000,0.4725,0.0000,1.0000,-0.0365,1.0000,0.4643,2.0486
2021092609,2476,52526,Albert Okwuegbunam,3,True,chip_release,inline,2.2000,3.8000,3.8000,2.9047,0.8953,0.9016,1.0000,0.6062,1.0000,1.0000,0.8072,0.0000,0.2603,2.5208
2021092609,3068,40149,Ryan Griffin,3,True,chip_release,inline,1.2000,3.3000,,3.0241,0.2759,0.7500,1.0000,1.0000,0.0000,1.0000,0.2069,0.0000,0.0000,1.8886
2021092609,3304,40149,Ryan Griffin,3,True,chip_release,detached,2.4000,3.2000,3.2000,3.2063,-0.0063,1.0000,1.0000,1.0000,1.0000,1.0000,-0.0063,1.0000,0.7598,2.1760
2021092609,3655,43079,Daniel Brown,3,True,chip_release,inline,1.4000,2.9000,2.9000,2.9914,-0.0914,1.0000,1.0000,1.0000,1.0000,1.0000,-0.0914,1.0000,0.1103,1.7203
2021092610,229,46192,Durham Smythe,3,True,chip_release,wing,2.8000,2.7000,2.7000,2.8747,-0.1747,0.7500,1.0000,1.0000,0.0000,1.0000,-0.1310,1.0000,0.5166,2.8174
2021092610,782,42547,Darren Waller,3,True,chip_release,detached,1.4000,3.4000,3.4000,2.7453,0.6547,0.9555,0.8222,1.0000,1.0000,1.0000,0.6256,0.0000,0.3260,1.1118
2021092610,903,47920,Foster Moreau,3,True,chip_release,inline,2.0000,3.2000,3.2000,2.5292,0.6708,0.9430,1.0000,0.7720,1.0000,1.0000,0.6326,0.0000,0.1257,3.4667
2021092610,1545,47920,Foster Moreau,3,True,chip_release,inline,2.4000,3.4000,3.4000,4.3426,-0.9426,1.0000,1.0000,1.0000,1.0000,1.0000,-0.9426,0.0000,0.1352,1.7361
2021092610,1799,46111,Mike Gesicki,3,True,chip_release,detached,1.9000,6.4000,,2.7338,3.6662,0.7741,0.4005,0.6960,1.0000,1.0000,2.8381,1.0000,0.2757,1.8214
2021092610,1906,44857,Adam Shaheen,3,True,chip_release,detached,1.6000,5.3000,,3.5422,1.7578,1.0000,1.0000,1.0000,1.0000,1.0000,1.7578,0.0000,0.7564,3.5101
2021092610,1927,44857,Adam Shaheen,3,True,chip_release,detached,1.7000,4.2000,,2.5525,1.6475,1.0000,1.0000,1.0000,1.0000,1.0000,1.6475,0.0000,0.2416,2.4214
2021092610,1927,46111,Mike Gesicki,3,True,chip_release,detached,2.6000,4.2000,,2.4045,1.7955,1.0000,1.0000,1.0000,1.0000,1.0000,1.7955,0.0000,0.1224,2.4346
2021092610,3285,46192,Durham Smythe,3,True,chip_release,inline,3.3000,4.9000,4.9000,3.9320,0.9680,0.9898,0.9591,1.0000,1.0000,1.0000,0.9581,1.0000,0.2520,2.3479
2021092610,3878,46111,Mike Gesicki,3,True,chip_release,detached,2.7000,5.7000,5.7000,3.4517,2.2483,1.0000,1.0000,1.0000,1.0000,1.0000,2.2483,1.0000,0.5239,2.5540
2021092610,3949,44857,Adam Shaheen,3,True,chip_release,detached,1.5000,3.0000,,2.8680,0.1320,0.7500,1.0000,1.0000,0.0000,1.0000,0.0990,0.0000,0.6352,2.7798
2021092611,748,43399,Tyler Higbee,3,True,chip_release,detached,1.4000,3.4000,,2.4180,0.9820,0.8730,0.9462,0.5459,1.0000,1.0000,0.8573,0.0000,0.1777,1.5604
2021092611,1760,45094,Johnny Mundt,3,True,chip_release,inline,1.1000,3.7000,3.7000,3.0979,0.6021,0.8621,0.4483,1.0000,1.0000,1.0000,0.5191,1.0000,0.0601,1.1440
2021092611,1948,35481,Rob Gronkowski,3,True,chip_release,inline,1.2000,3.4000,3.4000,2.7540,0.6460,0.7500,1.0000,1.0000,0.0000,1.0000,0.4845,0.0000,0.2295,2.3147
2021092611,2280,43399,Tyler Higbee,3,True,chip_release,inline,2.1000,4.0000,4.0000,3.0279,0.9721,0.8016,0.4162,0.7902,1.0000,1.0000,0.7793,1.0000,0.3779,1.9835
2021092611,2663,43399,Tyler Higbee,3,True,chip_release,inline,1.6000,3.0000,,2.7412,0.2588,0.8863,1.0000,0.5454,1.0000,1.0000,0.2294,0.0000,0.4339,1.6842
2021092611,2733,43399,Tyler Higbee,3,True,chip_release,detached,1.2000,3.1000,,3.2814,-0.1814,0.7500,0.2857,0.7142,1.0000,1.0000,-0.1361,0.0000,0.2254,1.9192
2021092612,1448,52962,Tyler Mabry,3,True,chip_release,inline,1.8000,3.1000,3.1000,2.4406,0.6594,0.8455,1.0000,0.3820,1.0000,1.0000,0.5575,1.0000,0.0000,1.6184
2021092612,1968,44856,Gerald Everett,3,True,chip_release,inline,3.0000,3.2000,,2.4946,0.7054,1.0000,1.0000,1.0000,1.0000,1.0000,0.7054,0.0000,0.1138,2.1606
2021092612,3530,46189,Will Dissly,3,True,chip_release,detached,2.7000,3.9000,3.9000,2.4002,1.4998,1.0000,1.0000,1.0000,1.0000,1.0000,1.4998,1.0000,0.2436,2.2728
2021092613,527,52502,Josiah Deguara,3,True,chip_release,detached,2.5000,3.5000,,2.5670,0.9330,0.8971,1.0000,0.5885,1.0000,1.0000,0.8370,0.0000,0.0000,1.9681
2021092613,1007,46331,Ross Dwelley,3,True,chip_release,inline,0.9000,3.4000,3.4000,3.0499,0.3501,0.8714,1.0000,0.4854,1.0000,1.0000,0.3050,1.0000,0.3864,1.9751
2021092613,1543,45635,Robert Tonyan,3,True,chip_release,detached,1.1000,2.8000,,2.4316,0.3684,0.7487,0.2843,0.7106,1.0000,1.0000,0.2758,0.0000,0.5001,2.1058
2021092613,2258,44959,George Kittle,3,True,chip_release,wing,1.1000,3.4000,3.4000,3.5689,-0.1689,0.5960,1.0000,0.3841,0.0000,1.0000,-0.1006,1.0000,0.4996,2.9363
2021092613,2906,45635,Robert Tonyan,3,True,chip_release,detached,2.7000,3.4000,3.4000,2.9195,0.4805,0.8109,1.0000,0.2437,1.0000,1.0000,0.3896,1.0000,0.3808,2.2534
2021092613,4212,45635,Robert Tonyan,3,True,chip_release,detached,1.8000,3.8000,3.8000,2.3400,1.4600,0.6369,0.4594,0.0881,1.0000,1.0000,0.9299,1.0000,0.3405,1.4337
2021092613,4284,45635,Robert Tonyan,3,True,chip_release,detached,1.6000,2.7000,,2.4434,0.2566,0.9371,1.0000,0.7484,1.0000,1.0000,0.2404,0.0000,0.2397,2.3259
2021092700,943,45532,Blake Jarwin,3,True,chip_release,inline,1.0000,4.1000,,3.4928,0.6072,1.0000,1.0000,1.0000,1.0000,1.0000,0.6072,0.0000,0.3546,2.8028
2021092700,1403,45532,Blake Jarwin,3,True,chip_release,inline,1.8000,3.3000,,3.5811,-0.2811,1.0000,1.0000,1.0000,1.0000,1.0000,-0.2811,1.0000,0.4722,2.6374
2021092700,2530,39983,Zach Ertz,3,True,chip_release,detached,2.3000,2.1000,2.1000,3.1820,-1.0820,1.0000,1.0000,1.0000,1.0000,1.0000,-1.0820,1.0000,0.3784,1.5434
2021092700,3482,39983,Zach Ertz,3,True,chip_release,detached,1.2000,2.7000,2.7000,2.7574,-0.0574,0.7596,0.8598,0.1786,1.0000,1.0000,-0.0436,1.0000,0.7959,2.3201
2021092700,3544,46118,Dallas Goedert,3,True,chip_release,detached,1.9000,2.9000,2.9000,2.9806,-0.0806,1.0000,1.0000,1.0000,1.0000,1.0000,-0.0806,1.0000,0.7404,2.3700
2021092700,3630,46206,Dalton Schultz,3,True,chip_release,inline,1.3000,2.3000,,3.1087,-0.8087,0.9464,1.0000,0.7854,1.0000,1.0000,-0.7653,0.0000,0.4998,3.0351
2021092700,3795,46118,Dallas Goedert,3,True,chip_release,inline,2.9000,4.5000,4.5000,4.7974,-0.2974,1.0000,1.0000,1.0000,1.0000,1.0000,-0.2974,1.0000,0.4918,3.6048
2021093000,599,45281,Jacob Hollister,4,True,chip_release,inline,1.6000,8.9000,8.9000,2.6857,6.2143,1.0000,1.0000,1.0000,1.0000,1.0000,6.2143,1.0000,0.6327,2.1733
2021093000,3163,42302,Chris Manhertz,4,True,chip_release,inline,1.2000,5.6000,,3.7728,1.8272,0.9926,1.0000,0.9706,1.0000,1.0000,1.8137,0.0000,0.3642,2.2602
2021093000,3331,42500,C.J. Uzomah,4,True,chip_release,inline,6.3000,3.3000,3.3000,3.0869,0.2131,0.7514,1.0000,0.0055,1.0000,1.0000,0.1601,1.0000,0.3804,2.9570
2021100300,317,46094,Hayden Hurst,4,True,chip_release,inline,2.1000,5.5000,,2.5301,2.9699,1.0000,1.0000,1.0000,1.0000,1.0000,2.9699,0.0000,0.4959,2.9542
2021100300,1246,45481,Ricky Seals-Jones,4,True,chip_release,inline,1.8000,2.9000,2.9000,2.9332,-0.0332,0.9683,1.0000,0.8731,1.0000,1.0000,-0.0321,0.0000,0.5293,2.6971
2021100300,1514,45481,Ricky Seals-Jones,4,True,chip_release,inline,2.0000,5.7000,,3.3311,2.3689,1.0000,1.0000,1.0000,1.0000,1.0000,2.3689,0.0000,0.3737,2.2449
2021100300,1632,45481,Ricky Seals-Jones,4,True,chip_release,inline,1.9000,3.2000,,2.8121,0.3879,0.7545,1.0000,0.0178,1.0000,1.0000,0.2926,0.0000,0.6239,2.5127
2021100300,1868,46094,Hayden Hurst,4,True,chip_release,inline,2.1000,2.8000,,2.7677,0.0323,0.9820,1.0000,0.9282,1.0000,1.0000,0.0317,0.0000,0.1217,2.5928
2021100300,1963,46094,Hayden Hurst,4,True,chip_release,inline,1.8000,2.9000,2.9000,2.7552,0.1448,0.8369,1.0000,0.3477,1.0000,1.0000,0.1212,0.0000,0.2174,1.9048
2021100300,2562,45481,Ricky Seals-Jones,4,True,chip_release,detached,1.7000,3.0000,,2.9624,0.0376,0.8625,1.0000,0.4498,1.0000,1.0000,0.0324,0.0000,0.5624,1.6288
2021100300,3606,45481,Ricky Seals-Jones,4,True,chip_release,inline,1.4000,4.2000,4.2000,3.0159,1.1841,0.7632,1.0000,0.0528,1.0000,1.0000,0.9037,0.0000,0.2493,2.6244
2021100300,3763,45481,Ricky Seals-Jones,4,True,chip_release,inline,2.0000,4.4000,4.4000,2.8330,1.5670,1.0000,1.0000,1.0000,1.0000,1.0000,1.5670,1.0000,0.3719,2.8537
2021100300,4138,45481,Ricky Seals-Jones,4,True,chip_release,detached,2.7000,2.9000,,2.7662,0.1338,0.7500,1.0000,1.0000,0.0000,1.0000,0.1004,0.0000,0.1137,2.2774
2021100300,4395,46094,Hayden Hurst,4,True,chip_release,detached,1.5000,3.0000,3.0000,2.4229,0.5771,0.6787,0.6269,0.0880,1.0000,1.0000,0.3917,1.0000,0.0000,1.8865
2021100300,4479,46094,Hayden Hurst,4,True,chip_release,inline,1.9000,3.3000,3.3000,2.9906,0.3094,0.8305,0.4205,0.9015,1.0000,1.0000,0.2570,0.0000,0.3915,3.4057
2021100300,4479,53433,Kyle Pitts,4,True,chip_release,detached,1.7000,3.3000,3.3000,2.8752,0.4248,0.9322,1.0000,0.7286,1.0000,1.0000,0.3960,0.0000,0.2531,3.1383
2021100301,2168,47879,Dawson Knox,4,True,chip_release,detached,1.6000,3.4000,3.4000,2.4496,0.9504,0.6275,0.3688,0.1411,1.0000,1.0000,0.5963,1.0000,0.3685,3.4297
2021100301,2575,45339,Pharaoh Brown,4,True,chip_release,inline,2.0000,3.5000,3.5000,2.9131,0.5869,0.7500,1.0000,1.0000,0.0000,1.0000,0.4401,1.0000,0.2214,2.4652
2021100301,2903,47879,Dawson Knox,4,True,chip_release,inline,1.5000,4.9000,,3.5555,1.3445,0.7947,1.0000,0.1787,1.0000,1.0000,1.0685,0.0000,0.4484,3.1839
2021100301,3697,45339,Pharaoh Brown,4,True,chip_release,detached,2.0000,3.5000,,2.7779,0.7221,0.7521,0.9489,0.0597,1.0000,1.0000,0.5431,0.0000,0.3730,1.5073
2021100301,3736,45339,Pharaoh Brown,4,True,chip_release,inline,1.8000,3.6000,3.6000,2.7416,0.8584,0.9812,1.0000,0.9248,1.0000,1.0000,0.8423,0.0000,0.4998,2.2118
2021100302,401,47791,T.J. Hockenson,4,True,chip_release,inline,1.4000,4.0000,,2.2291,1.7709,0.7994,1.0000,0.1976,1.0000,1.0000,1.4156,0.0000,0.5007,2.5840
2021100302,580,47791,T.J. Hockenson,4,True,chip_release,inline,1.7000,4.5000,,2.6980,1.8020,1.0000,1.0000,1.0000,1.0000,1.0000,1.8020,1.0000,0.5426,1.6650
2021100302,2054,47791,T.J. Hockenson,4,True,chip_release,inline,1.2000,3.0000,,2.4606,0.5394,0.9855,0.9422,1.0000,1.0000,1.0000,0.5316,0.0000,0.5109,2.3374
2021100302,2382,52451,Cole Kmet,4,True,chip_release,backfield,1.9000,3.1000,3.1000,2.7109,0.3891,0.7651,1.0000,0.0606,1.0000,1.0000,0.2977,0.0000,0.4108,2.6878
2021100302,3331,47791,T.J. Hockenson,4,True,chip_release,detached,2.0000,4.0000,4.0000,3.5059,0.4941,1.0000,1.0000,1.0000,1.0000,1.0000,0.4941,0.0000,0.2345,2.0062
2021100302,3946,47791,T.J. Hockenson,4,True,chip_release,inline,1.3000,3.2000,3.2000,2.9748,0.2252,1.0000,1.0000,1.0000,1.0000,1.0000,0.2252,0.0000,0.3680,2.0954
2021100302,3982,47791,T.J. Hockenson,4,True,chip_release,inline,1.3000,4.3000,4.3000,2.8253,1.4747,0.9490,1.0000,0.7962,1.0000,1.0000,1.3995,0.0000,0.2465,2.0521
2021100303,370,45532,Blake Jarwin,4,True,chip_release,wing,3.0000,4.4000,,3.1892,1.2108,1.0000,1.0000,1.0000,1.0000,1.0000,1.2108,0.0000,0.2577,1.5200
2021100303,370,46206,Dalton Schultz,4,True,chip_release,inline,3.4000,4.4000,,2.8373,1.5627,0.8232,1.0000,0.2928,1.0000,1.0000,1.2864,0.0000,0.2505,1.5871
2021100303,1233,46170,Ian Thomas,4,True,chip_release,detached,1.6000,2.6000,2.6000,2.3182,0.2818,0.6787,0.3699,0.3449,1.0000,1.0000,0.1913,0.0000,0.1275,1.3122
2021100303,1294,46170,Ian Thomas,4,True,chip_release,inline,2.1000,3.0000,,3.1688,-0.1688,0.7500,1.0000,1.0000,0.0000,1.0000,-0.1266,0.0000,0.3747,2.6572
2021100303,1365,46170,Ian Thomas,4,True,chip_release,detached,1.7000,2.9000,2.9000,3.1561,-0.2561,0.9785,0.9141,1.0000,1.0000,1.0000,-0.2506,1.0000,0.8818,2.2430
2021100303,2637,46206,Dalton Schultz,4,True,chip_release,inline,1.5000,2.0000,,2.4649,-0.4649,1.0000,1.0000,1.0000,1.0000,1.0000,-0.4649,0.0000,0.5169,3.0102
2021100303,2662,46206,Dalton Schultz,4,True,chip_release,inline,3.4000,3.6000,3.6000,3.1422,0.4578,0.8421,0.3910,0.9774,1.0000,1.0000,0.3855,1.0000,0.5020,3.5714
2021100303,3219,53512,Tommy Tremble,4,True,chip_release,detached,2.0000,2.9000,2.9000,2.8660,0.0340,1.0000,1.0000,1.0000,1.0000,1.0000,0.0340,1.0000,0.6074,2.4027
2021100303,3612,46206,Dalton Schultz,4,True,chip_release,detached,2.3000,3.2000,3.2000,2.4527,0.7473,0.8107,1.0000,0.2429,1.0000,1.0000,0.6058,0.0000,0.3611,1.7899
2021100303,3703,46170,Ian Thomas,4,True,chip_release,detached,1.7000,3.6000,3.6000,2.8032,0.7968,1.0000,1.0000,1.0000,1.0000,1.0000,0.7968,0.0000,0.5072,2.4033
2021100304,1839,46111,Mike Gesicki,4,True,chip_release,inline,2.0000,2.5000,2.5000,2.4687,0.0313,1.0000,1.0000,1.0000,1.0000,1.0000,0.0313,1.0000,0.2446,2.8476
2021100304,1957,44792,Mo Alie-Cox,4,True,chip_release,inline,2.1000,2.8000,2.8000,2.5286,0.2714,1.0000,1.0000,1.0000,1.0000,1.0000,0.2714,1.0000,0.6352,2.0309
2021100304,2383,53556,Kylen Granson,4,True,chip_release,inline,1.8000,3.2000,3.2000,2.7138,0.4862,1.0000,1.0000,1.0000,1.0000,1.0000,0.4862,1.0000,0.2552,1.8223
2021100305,1859,46226,Tyler Conklin,4,True,chip_release,inline,2.6000,2.4000,2.4000,2.5736,-0.1736,0.9365,1.0000,0.7462,1.0000,1.0000,-0.1626,1.0000,0.2514,2.6369
2021100305,2967,46176,Christopher Herndon,4,True,chip_release,inline,2.0000,3.1000,3.1000,2.7038,0.3962,0.9832,1.0000,0.9329,1.0000,1.0000,0.3896,1.0000,0.1270,2.5266
2021100305,3091,46226,Tyler Conklin,4,True,chip_release,inline,1.8000,3.5000,3.5000,2.9112,0.5888,0.7500,1.0000,1.0000,0.0000,1.0000,0.4416,1.0000,0.6307,2.9450
2021100305,4125,46226,Tyler Conklin,4,True,chip_release,inline,2.4000,3.0000,3.0000,2.7247,0.2753,0.8684,1.0000,0.4737,1.0000,1.0000,0.2390,1.0000,0.1190,1.7364
2021100305,4164,46226,Tyler Conklin,4,True,chip_release,inline,1.8000,3.0000,3.0000,2.6822,0.3178,1.0000,1.0000,1.0000,1.0000,1.0000,0.3178,0.0000,0.1299,1.8604
2021100305,4227,46226,Tyler Conklin,4,True,chip_release,detached,1.9000,2.8000,2.8000,2.3774,0.4226,1.0000,1.0000,1.0000,1.0000,1.0000,0.4226,0.0000,0.2444,2.4076
2021100306,679,44835,Evan Engram,4,True,chip_release,wing,2.3000,3.4000,,3.6299,-0.2299,0.8465,1.0000,0.3862,1.0000,1.0000,-0.1947,0.0000,0.6344,2.2875
2021100306,876,44835,Evan Engram,4,True,chip_release,wing,2.1000,3.6000,3.6000,3.4191,0.1809,1.0000,1.0000,1.0000,1.0000,1.0000,0.1809,0.0000,0.5254,2.1685
2021100306,956,47959,Kaden Smith,4,True,chip_release,inline,1.9000,4.6000,4.6000,2.7971,1.8029,0.7649,0.8323,0.2274,1.0000,1.0000,1.3791,0.0000,0.7423,3.4672
2021100306,2139,44835,Evan Engram,4,True,chip_release,wing,2.1000,3.2000,,3.3103,-0.1103,1.0000,1.0000,1.0000,1.0000,1.0000,-0.1103,0.0000,0.4194,2.1452
2021100306,2968,44835,Evan Engram,4,True,chip_release,wing,2.1000,3.4000,,3.9376,-0.5376,1.0000,1.0000,1.0000,1.0000,1.0000,-0.5376,1.0000,0.4970,2.2492
2021100306,3067,44835,Evan Engram,4,True,chip_release,detached,1.7000,3.1000,3.1000,2.8354,0.2646,0.7869,1.0000,0.1476,1.0000,1.0000,0.2082,1.0000,0.6064,2.1851
2021100306,3602,37118,Kyle Rudolph,4,True,chip_release,detached,1.8000,2.8000,2.8000,2.5599,0.2401,1.0000,1.0000,1.0000,1.0000,1.0000,0.2401,0.0000,0.3623,1.6847
2021100306,3870,52942,Juwan Johnson,4,True,chip_release,inline,1.3000,3.5000,,2.8147,0.6853,1.0000,1.0000,1.0000,1.0000,1.0000,0.6853,0.0000,0.2455,2.9230
2021100306,3947,37118,Kyle Rudolph,4,True,chip_release,wing,2.7000,3.3000,,2.6572,0.6428,0.7695,1.0000,0.0780,1.0000,1.0000,0.4946,0.0000,0.1178,2.8043
2021100306,4025,44835,Evan Engram,4,True,chip_release,wing,1.1000,3.6000,,3.6993,-0.0993,0.6807,0.2065,0.5162,1.0000,1.0000,-0.0676,0.0000,0.8736,2.3998
2021100306,4114,37118,Kyle Rudolph,4,True,chip_release,detached,3.1000,5.6000,,2.5491,3.0509,0.8493,1.0000,0.3972,1.0000,1.0000,2.5912,0.0000,0.3463,1.1193
2021100307,1088,45355,Anthony Firkser,4,True,chip_release,detached,2.7000,2.8000,2.8000,2.5427,0.2573,1.0000,1.0000,1.0000,1.0000,1.0000,0.2573,1.0000,0.4359,1.3826
2021100307,1254,42428,Tyler Kroft,4,True,chip_release,inline,1.1000,2.7000,,2.3536,0.3464,0.5297,1.0000,0.1187,0.0000,1.0000,0.1835,0.0000,0.1325,3.6649
2021100307,1283,42428,Tyler Kroft,4,True,chip_release,wing,0.9000,4.6000,4.6000,2.9564,1.6436,1.0000,1.0000,1.0000,1.0000,1.0000,1.6436,0.0000,0.6295,2.1895
2021100307,1779,45355,Anthony Firkser,4,True,chip_release,detached,2.5000,2.8000,,2.5442,0.2558,1.0000,1.0000,1.0000,1.0000,1.0000,0.2558,0.0000,0.1176,1.1711
2021100307,2005,45355,Anthony Firkser,4,True,chip_release,detached,2.1000,2.3000,,2.6230,-0.3230,0.4228,0.3929,0.2983,0.0000,1.0000,-0.1365,0.0000,0.8947,1.8843
2021100307,2106,45355,Anthony Firkser,4,True,chip_release,inline,2.3000,3.3000,,2.6508,0.6492,1.0000,1.0000,1.0000,1.0000,1.0000,0.6492,0.0000,0.2190,2.1589
2021100307,2412,42589,Geoff Swaim,4,True,chip_release,inline,0.8000,3.2000,,3.5655,-0.3655,1.0000,1.0000,1.0000,1.0000,1.0000,-0.3655,1.0000,0.4526,2.2419
2021100307,2553,42428,Tyler Kroft,4,True,chip_release,inline,1.3000,3.1000,,2.3584,0.7416,0.8820,0.5281,1.0000,1.0000,1.0000,0.6541,0.0000,0.2652,2.1220
2021100307,2724,42486,MyCole Pruitt,4,True,chip_release,wing,1.5000,2.8000,2.8000,3.2835,-0.4835,0.7500,1.0000,1.0000,0.0000,1.0000,-0.3626,0.0000,0.3730,2.1002
2021100307,2942,40149,Ryan Griffin,4,True,chip_release,inline,0.8000,3.0000,3.0000,2.8839,0.1161,0.8039,0.6174,0.5981,1.0000,1.0000,0.0933,1.0000,0.6236,3.3789
2021100307,2975,42428,Tyler Kroft,4,True,chip_release,inline,1.0000,2.5000,2.5000,2.3527,0.1473,0.8539,1.0000,0.4157,1.0000,1.0000,0.1258,1.0000,0.1323,3.6693
2021100307,3156,45355,Anthony Firkser,4,True,chip_release,detached,3.3000,2.5000,2.5000,2.8822,-0.3822,0.9999,0.9996,1.0000,1.0000,1.0000,-0.3822,1.0000,0.1064,1.2729
2021100307,3205,42428,Tyler Kroft,4,True,chip_release,inline,1.0000,0.5000,0.5000,3.1357,-2.6357,0.7532,0.9895,0.0234,1.0000,1.0000,-1.9853,1.0000,0.3883,2.7226
2021100307,3261,42589,Geoff Swaim,4,True,chip_release,inline,1.7000,3.7000,,3.4101,0.2899,1.0000,1.0000,1.0000,1.0000,1.0000,0.2899,0.0000,0.4943,2.1800
2021100307,3308,45355,Anthony Firkser,4,True,chip_release,inline,1.5000,3.0000,3.0000,2.6127,0.3873,0.6711,0.6846,1.0000,0.0000,1.0000,0.2599,0.0000,0.5062,2.2027
2021100307,3395,42428,Tyler Kroft,4,True,chip_release,detached,1.3000,3.1000,3.1000,3.3773,-0.2773,0.7500,1.0000,1.0000,1.0000,0.0000,-0.2079,1.0000,0.4904,1.9996
2021100307,3794,40149,Ryan Griffin,4,True,chip_release,inline,0.9000,3.1000,,2.9673,0.1327,0.9795,0.9180,1.0000,1.0000,1.0000,0.1300,1.0000,0.2413,2.9904
2021100307,3920,45355,Anthony Firkser,4,True,chip_release,detached,2.1000,2.4000,,2.7533,-0.3533,0.8344,1.0000,0.3376,1.0000,1.0000,-0.2948,0.0000,0.3708,1.5152
2021100307,5051,45355,Anthony Firkser,4,True,chip_release,detached,2.3000,2.7000,2.7000,2.4527,0.2473,0.6076,1.0000,0.4303,0.0000,1.0000,0.1502,1.0000,0.1172,2.0014
2021100308,78,47840,J.J. Arcega-Whiteside,4,True,chip_release,detached,1.0000,2.8000,,3.2950,-0.4950,1.0000,1.0000,1.0000,1.0000,1.0000,-0.4950,0.0000,0.1276,3.0461
2021100308,800,39983,Zach Ertz,4,True,chip_release,detached,1.1000,2.0000,,2.6118,-0.6118,1.0000,1.0000,1.0000,1.0000,1.0000,-0.6118,0.0000,0.2211,1.9292
2021100308,1586,47840,J.J. Arcega-Whiteside,4,True,chip_release,detached,1.1000,3.4000,3.4000,2.8751,0.5249,0.8924,0.5696,1.0000,1.0000,1.0000,0.4684,1.0000,0.3693,3.0941
2021100308,2217,39983,Zach Ertz,4,True,chip_release,detached,1.7000,3.5000,3.5000,2.9064,0.5936,0.9866,1.0000,0.9464,1.0000,1.0000,0.5857,0.0000,0.2431,1.8182
2021100308,2274,46118,Dallas Goedert,4,True,chip_release,inline,1.6000,3.0000,,2.8534,0.1466,0.6591,0.5737,0.0626,1.0000,1.0000,0.0966,0.0000,0.3698,1.7908
2021100308,2550,46118,Dallas Goedert,4,True,chip_release,detached,2.1000,3.3000,3.3000,2.7707,0.5293,1.0000,1.0000,1.0000,1.0000,1.0000,0.5293,0.0000,0.2636,2.7087
2021100308,2550,53946,Jack Stoll,4,True,chip_release,inline,1.4000,3.3000,3.3000,2.7273,0.5727,1.0000,1.0000,1.0000,1.0000,1.0000,0.5727,0.0000,0.3821,2.6431
2021100308,3206,46118,Dallas Goedert,4,True,chip_release,inline,2.5000,4.6000,,3.1161,1.4839,1.0000,1.0000,1.0000,1.0000,1.0000,1.4839,1.0000,0.4839,2.4005
2021100308,3901,46118,Dallas Goedert,4,True,chip_release,detached,2.3000,3.0000,3.0000,2.9794,0.0206,1.0000,1.0000,1.0000,1.0000,1.0000,0.0206,1.0000,0.1229,2.5700
2021100309,703,43399,Tyler Higbee,4,True,chip_release,detached,2.1000,4.3000,4.3000,2.7667,1.5333,0.6949,0.3211,0.4583,1.0000,1.0000,1.0654,0.0000,0.0822,2.0235
2021100309,1520,43399,Tyler Higbee,4,True,chip_release,inline,2.0000,3.2000,3.2000,2.7973,0.4027,1.0000,1.0000,1.0000,1.0000,1.0000,0.4027,0.0000,0.3678,1.8913
2021100309,1861,43399,Tyler Higbee,4,True,chip_release,inline,1.6000,3.6000,,3.0207,0.5793,0.9529,0.8118,1.0000,1.0000,1.0000,0.5521,0.0000,0.3655,2.4692
2021100309,1908,43399,Tyler Higbee,4,True,chip_release,inline,1.0000,3.9000,,2.9110,0.9890,0.8614,1.0000,0.4454,1.0000,1.0000,0.8519,0.0000,0.2593,2.2479
2021100309,2720,42398,Maxx Williams,4,True,chip_release,inline,1.2000,3.2000,3.2000,3.2830,-0.0830,0.9217,1.0000,0.6867,1.0000,1.0000,-0.0765,0.0000,0.3628,1.8149
2021100309,3658,43399,Tyler Higbee,4,True,chip_release,detached,1.4000,3.2000,3.2000,2.5137,0.6863,0.5926,0.2924,0.0778,1.0000,1.0000,0.4067,1.0000,0.3323,2.2738
2021100310,581,44959,George Kittle,4,True,chip_release,inline,1.4000,3.0000,,2.2312,0.7688,1.0000,1.0000,1.0000,1.0000,1.0000,0.7688,0.0000,0.1810,2.1412
2021100310,1592,52541,Colby Parkinson,4,True,chip_release,inline,1.2000,3.2000,,2.9408,0.2592,0.8245,1.0000,0.2981,1.0000,1.0000,0.2137,0.0000,0.1195,3.1142
2021100310,3013,46189,Will Dissly,4,True,chip_release,inline,1.2000,2.4000,,3.1938,-0.7938,1.0000,1.0000,1.0000,1.0000,1.0000,-0.7938,1.0000,0.2312,2.3328
2021100310,3478,44959,George Kittle,4,True,chip_release,inline,0.9000,3.5000,,3.2204,0.2796,0.9802,0.9209,1.0000,1.0000,1.0000,0.2740,1.0000,0.2679,3.5694
2021100310,3915,44959,George Kittle,4,True,chip_release,inline,1.3000,2.5000,2.5000,2.8798,-0.3798,0.9860,1.0000,0.9439,1.0000,1.0000,-0.3744,0.0000,0.1251,2.5964
2021100311,165,47803,Noah Fant,4,True,chip_release,inline,2.3000,2.8000,2.8000,2.6439,0.1561,0.7589,1.0000,0.0354,1.0000,1.0000,0.1184,1.0000,0.3461,2.0797
2021100311,466,42721,Eric Tomlinson,4,True,chip_release,inline,2.3000,2.7000,,2.9606,-0.2606,0.9945,0.9778,1.0000,1.0000,1.0000,-0.2592,0.0000,0.6205,2.7951
2021100311,842,47803,Noah Fant,4,True,chip_release,inline,3.7000,4.2000,4.2000,3.7040,0.4960,0.8960,0.5841,1.0000,1.0000,1.0000,0.4444,1.0000,0.5151,2.4427
2021100311,1842,47803,Noah Fant,4,True,chip_release,inline,1.9000,3.8000,3.8000,2.7325,1.0675,0.8399,0.4075,0.9521,1.0000,1.0000,0.8966,1.0000,0.3590,2.2127
2021100311,2174,47852,Josh Oliver,4,True,chip_release,detached,2.9000,3.3000,3.3000,3.4293,-0.1293,0.7869,1.0000,0.1478,1.0000,1.0000,-0.1018,1.0000,0.7030,2.2363
2021100311,2279,52526,Albert Okwuegbunam,4,True,chip_release,detached,1.1000,3.7000,3.7000,3.4812,0.2188,1.0000,1.0000,1.0000,1.0000,1.0000,0.2188,1.0000,0.2556,2.7987
2021100311,2695,47803,Noah Fant,4,True,chip_release,inline,2.0000,3.7000,3.7000,2.7054,0.9946,1.0000,1.0000,1.0000,1.0000,1.0000,0.9946,1.0000,0.2511,1.9772
2021100311,3906,47803,Noah Fant,4,True,chip_release,inline,2.7000,3.5000,3.5000,2.8997,0.6003,0.8736,1.0000,0.4943,1.0000,1.0000,0.5244,0.0000,0.3658,1.7144
2021100312,2091,30842,Marcedes Lewis,4,True,chip_release,inline,1.7000,2.5000,2.5000,2.1206,0.3794,0.8140,1.0000,0.2560,1.0000,1.0000,0.3088,1.0000,0.2168,2.6291
2021100312,3362,45635,Robert Tonyan,4,True,chip_release,detached,1.5000,1.9000,,2.7192,-0.8192,0.7500,1.0000,1.0000,0.0000,1.0000,-0.6144,0.0000,0.5299,2.1309
2021100312,3384,41236,Eric Ebron,4,True,chip_release,inline,2.0000,3.3000,3.3000,2.6085,0.6915,0.9559,1.0000,0.8237,1.0000,1.0000,0.6611,0.0000,0.1163,1.8890
2021100313,109,43324,Hunter Henry,4,True,chip_release,detached,2.5000,3.0000,3.0000,2.7502,0.2498,0.9851,1.0000,0.9402,1.0000,1.0000,0.2461,1.0000,0.5335,3.0134
2021100313,161,43324,Hunter Henry,4,True,chip_release,detached,1.8000,2.3000,2.3000,2.6118,-0.3118,0.8865,0.5460,1.0000,1.0000,1.0000,-0.2764,0.0000,0.3600,2.4008
2021100313,494,43324,Hunter Henry,4,True,chip_release,detached,2.2000,3.1000,,2.6703,0.4297,0.7765,1.0000,0.1062,1.0000,1.0000,0.3337,0.0000,0.1109,2.0504
2021100313,907,43324,Hunter Henry,4,True,chip_release,detached,1.6000,2.5000,2.5000,2.7280,-0.2280,1.0000,1.0000,1.0000,1.0000,1.0000,-0.2280,1.0000,0.5670,2.3059
2021100313,1475,44912,Jonnu Smith,4,True,chip_release,detached,2.5000,3.4000,3.4000,3.1668,0.2332,0.7500,1.0000,1.0000,0.0000,1.0000,0.1749,0.0000,0.5296,2.9414
2021100313,2401,44831,O.J. Howard,4,True,chip_release,detached,2.1000,2.9000,2.9000,2.2861,0.6139,0.9458,1.0000,0.7833,1.0000,1.0000,0.5807,1.0000,0.4962,2.2289
2021100313,2496,44912,Jonnu Smith,4,True,chip_release,inline,3.1000,3.5000,,3.1619,0.3381,0.6762,1.0000,0.7048,0.0000,1.0000,0.2286,0.0000,0.1130,2.6325
2021100313,2702,44912,Jonnu Smith,4,True,chip_release,inline,3.0000,3.5000,3.5000,3.5046,-0.0046,0.9277,1.0000,0.7107,1.0000,1.0000,-0.0043,1.0000,0.2181,2.6386
2021100313,2721,43324,Hunter Henry,4,True,chip_release,detached,1.3000,2.7000,2.7000,2.6916,0.0084,0.7500,1.0000,1.0000,0.0000,1.0000,0.0063,1.0000,0.2384,2.0147
2021100400,841,34540,Jared Cook,4,True,chip_release,detached,1.2000,3.9000,,2.8044,1.0956,1.0000,1.0000,1.0000,1.0000,1.0000,1.0956,0.0000,0.3505,2.3637
2021100400,921,47920,Foster Moreau,4,True,chip_release,inline,1.8000,2.8000,2.8000,2.2858,0.5142,0.9406,1.0000,0.7623,1.0000,1.0000,0.4837,1.0000,0.1200,2.4869
2021100400,1362,42547,Darren Waller,4,True,chip_release,inline,1.0000,3.4000,3.4000,3.4638,-0.0638,0.9587,0.8347,1.0000,1.0000,1.0000,-0.0611,1.0000,0.5951,2.3506
2021100400,2023,48456,Donald Parham,4,True,chip_release,inline,1.8000,2.6000,,2.8937,-0.2937,0.7689,1.0000,0.0756,1.0000,1.0000,-0.2258,0.0000,0.0000,1.2146
2021100400,2858,42547,Darren Waller,4,True,chip_release,inline,2.0000,3.3000,3.3000,2.4831,0.8169,0.9485,1.0000,0.7939,1.0000,1.0000,0.7748,0.0000,0.3668,2.2987
2021100400,3838,42547,Darren Waller,4,True,chip_release,inline,2.2000,4.2000,4.2000,3.6264,0.5736,1.0000,1.0000,1.0000,1.0000,1.0000,0.5736,1.0000,0.4772,1.7390
2021100400,4096,42547,Darren Waller,4,True,chip_release,inline,1.7000,2.9000,2.9000,2.2114,0.6886,1.0000,1.0000,1.0000,1.0000,1.0000,0.6886,0.0000,0.1366,1.6626
2021100400,4118,42547,Darren Waller,4,True,chip_release,inline,2.0000,3.3000,3.3000,2.9682,0.3318,1.0000,1.0000,1.0000,1.0000,1.0000,0.3318,1.0000,0.7544,2.1086
2021100400,4139,42547,Darren Waller,4,True,chip_release,detached,2.0000,3.4000,3.4000,2.7221,0.6779,1.0000,1.0000,1.0000,1.0000,1.0000,0.6779,1.0000,0.3290,1.2667
2021100700,545,46189,Will Dissly,5,True,chip_release,inline,1.1000,1.9000,1.9000,3.5261,-1.6261,0.8721,1.0000,0.4886,1.0000,1.0000,-1.4182,1.0000,0.4994,2.8914
2021100700,988,46189,Will Dissly,5,True,chip_release,detached,1.4000,3.1000,,2.3579,0.7421,0.5688,1.0000,0.2753,0.0000,1.0000,0.4221,0.0000,0.0000,2.4384
2021100700,988,52541,Colby Parkinson,5,True,chip_release,detached,1.7000,3.1000,,2.6307,0.4693,0.8736,1.0000,0.4946,1.0000,1.0000,0.4100,0.0000,0.2101,2.2818
2021100700,2229,43399,Tyler Higbee,5,True,chip_release,inline,1.5000,3.6000,3.6000,2.6429,0.9571,0.8512,0.4162,0.9887,1.0000,1.0000,0.8147,1.0000,0.1615,1.9670
2021100700,2490,43399,Tyler Higbee,5,True,chip_release,inline,1.4000,3.5000,,2.5629,0.9371,1.0000,1.0000,1.0000,1.0000,1.0000,0.9371,0.0000,0.1207,1.6741
2021100700,3230,43399,Tyler Higbee,5,True,chip_release,inline,1.3000,3.8000,3.8000,2.4856,1.3144,0.8397,1.0000,0.3589,1.0000,1.0000,1.1038,0.0000,0.0000,1.6845
2021100700,3425,46189,Will Dissly,5,True,chip_release,detached,3.2000,4.7000,,3.3604,1.3396,1.0000,1.0000,1.0000,1.0000,1.0000,1.3396,0.0000,0.7657,2.7617
2021101000,1212,47904,Trevon Wesco,5,True,chip_release,wing,3.3000,3.6000,,3.4246,0.1754,1.0000,1.0000,1.0000,1.0000,1.0000,0.1754,0.0000,0.2570,2.3056
2021101000,2402,40149,Ryan Griffin,5,True,chip_release,inline,3.3000,3.5000,,3.2580,0.2420,0.8133,0.9133,0.3400,1.0000,1.0000,0.1968,0.0000,0.4973,1.9099
2021101000,2452,47904,Trevon Wesco,5,True,chip_release,backfield,0.9000,4.7000,4.7000,3.3634,1.3366,0.9645,1.0000,0.8581,1.0000,1.0000,1.2892,1.0000,0.4954,3.2151
2021101000,3080,37234,Lee Smith,5,True,chip_release,wing,1.8000,1.7000,1.7000,4.0211,-2.3211,0.9829,0.9417,0.9901,1.0000,1.0000,-2.2815,1.0000,0.2503,2.5751
2021101000,3235,40149,Ryan Griffin,5,True,chip_release,inline,1.8000,3.4000,,2.6620,0.7380,1.0000,1.0000,1.0000,1.0000,1.0000,0.7380,0.0000,0.2658,2.4402
2021101000,3397,53433,Kyle Pitts,5,True,chip_release,detached,1.0000,3.7000,3.7000,3.1074,0.5926,0.8226,1.0000,0.2904,1.0000,1.0000,0.4874,1.0000,0.2846,3.1413
2021101000,3729,40149,Ryan Griffin,5,True,chip_release,inline,1.3000,3.6000,3.6000,2.7982,0.8018,1.0000,1.0000,1.0000,1.0000,1.0000,0.8018,1.0000,0.3498,3.0379
2021101000,3889,43079,Daniel Brown,5,True,chip_release,inline,1.5000,9.5000,9.5000,3.2716,6.2284,1.0000,1.0000,1.0000,1.0000,1.0000,6.2284,0.0000,0.6476,2.0996
2021101001,345,46170,Ian Thomas,5,True,chip_release,detached,2.1000,6.7000,,2.6852,4.0148,0.9420,0.7679,1.0000,1.0000,1.0000,3.7819,1.0000,0.7616,1.6288
2021101001,1251,53512,Tommy Tremble,5,True,chip_release,inline,1.2000,2.7000,2.7000,2.8236,-0.1236,1.0000,1.0000,1.0000,1.0000,1.0000,-0.1236,1.0000,0.1152,1.6450
2021101001,1602,46118,Dallas Goedert,5,True,chip_release,inline,1.9000,3.6000,3.6000,2.4072,1.1928,0.6863,0.7452,1.0000,1.0000,0.0000,0.8186,1.0000,0.6446,2.6099
2021101001,1679,46170,Ian Thomas,5,True,chip_release,inline,1.6000,3.4000,3.4000,2.7732,0.6268,1.0000,1.0000,1.0000,1.0000,1.0000,0.6268,1.0000,0.2314,1.8332
2021101001,2437,46170,Ian Thomas,5,True,chip_release,inline,1.6000,3.2000,3.2000,4.3679,-1.1679,1.0000,1.0000,1.0000,1.0000,1.0000,-1.1679,0.0000,0.5067,2.2036
2021101001,3389,53512,Tommy Tremble,5,True,chip_release,detached,0.3000,3.0000,3.0000,3.2356,-0.2356,0.9229,1.0000,0.6916,1.0000,1.0000,-0.2174,1.0000,0.6287,2.8319
2021101001,4116,46170,Ian Thomas,5,True,chip_release,detached,2.1000,3.0000,3.0000,2.8807,0.1193,1.0000,1.0000,1.0000,1.0000,1.0000,0.1193,0.0000,0.2447,1.8849
2021101002,154,52502,Josiah Deguara,5,True,chip_release,inline,0.9000,5.5000,5.5000,2.7604,2.7396,0.9901,0.9603,1.0000,1.0000,1.0000,2.7124,1.0000,0.2442,2.4554
2021101002,176,52502,Josiah Deguara,5,True,chip_release,detached,3.1000,3.9000,3.9000,2.7702,1.1298,0.6664,0.5887,0.0767,1.0000,1.0000,0.7529,1.0000,0.2446,2.2346
2021101002,422,42500,C.J. Uzomah,5,True,chip_release,inline,2.3000,3.1000,3.1000,2.8237,0.2763,0.9007,1.0000,0.6029,1.0000,1.0000,0.2489,1.0000,0.2764,2.2275
2021101002,680,42500,C.J. Uzomah,5,True,chip_release,inline,0.8000,2.7000,,3.4496,-0.7496,0.9625,0.8501,1.0000,1.0000,1.0000,-0.7215,0.0000,0.7623,2.3952
2021101002,808,30842,Marcedes Lewis,5,True,chip_release,inline,1.9000,2.7000,,2.3047,0.3953,0.6109,0.2533,0.1903,1.0000,1.0000,0.2415,0.0000,0.0861,1.3497
2021101002,896,45635,Robert Tonyan,5,True,chip_release,detached,2.7000,3.5000,3.5000,2.5139,0.9861,1.0000,1.0000,1.0000,1.0000,1.0000,0.9861,0.0000,0.1186,1.9562
2021101002,1337,42500,C.J. Uzomah,5,True,chip_release,inline,1.6000,4.8000,,3.8480,0.9520,0.9801,1.0000,0.9203,1.0000,1.0000,0.9331,0.0000,0.7512,2.6851
2021101002,1437,45635,Robert Tonyan,5,True,chip_release,detached,2.6000,2.9000,,2.4979,0.4021,0.8514,1.0000,0.4057,1.0000,1.0000,0.3423,0.0000,0.3145,1.3980
2021101002,1929,47835,Drew Sample,5,True,chip_release,inline,1.0000,4.4000,4.4000,3.8200,0.5800,0.9593,0.8371,1.0000,1.0000,1.0000,0.5564,1.0000,0.3700,2.8141
2021101002,2866,42500,C.J. Uzomah,5,True,chip_release,inline,2.2000,3.2000,3.2000,2.2727,0.9273,0.7837,1.0000,0.1349,1.0000,1.0000,0.7267,0.0000,0.3629,1.8460
2021101002,3522,45635,Robert Tonyan,5,True,chip_release,detached,1.5000,3.5000,3.5000,2.6419,0.8581,0.8943,1.0000,0.5772,1.0000,1.0000,0.7674,0.0000,0.2954,2.0972
2021101003,1307,46167,Jordan Akins,5,True,chip_release,inline,2.7000,2.5000,2.5000,2.7590,-0.2590,1.0000,1.0000,1.0000,1.0000,1.0000,-0.2590,1.0000,0.2445,2.1431
2021101003,1414,45339,Pharaoh Brown,5,True,chip_release,inline,1.6000,4.4000,4.4000,3.4836,0.9164,0.7500,1.0000,1.0000,0.0000,1.0000,0.6873,1.0000,0.2408,2.7962
2021101003,3280,46167,Jordan Akins,5,True,chip_release,inline,2.6000,2.9000,,2.8846,0.0154,0.7500,1.0000,1.0000,0.0000,1.0000,0.0115,0.0000,0.6348,2.4903
2021101004,99,45785,Dan Arnold,5,True,chip_release,detached,2.6000,3.2000,3.2000,2.7011,0.4989,1.0000,1.0000,1.0000,1.0000,1.0000,0.4989,0.0000,0.3591,1.9151
2021101004,609,45785,Dan Arnold,5,True,chip_release,detached,3.0000,5.5000,,2.7876,2.7124,1.0000,1.0000,1.0000,1.0000,1.0000,2.7124,1.0000,0.3861,2.7369
2021101004,845,45355,Anthony Firkser,5,True,chip_release,inline,2.3000,2.6000,,2.3011,0.2989,1.0000,1.0000,1.0000,1.0000,1.0000,0.2989,0.0000,0.2135,1.5977
2021101004,1708,45355,Anthony Firkser,5,True,chip_release,detached,2.3000,2.7000,,2.5105,0.1895,0.9737,1.0000,0.8947,1.0000,1.0000,0.1845,0.0000,0.4544,2.7155
2021101004,1857,45785,Dan Arnold,5,True,chip_release,detached,2.3000,3.4000,,2.7178,0.6822,1.0000,1.0000,1.0000,1.0000,1.0000,0.6822,0.0000,0.4155,1.4751
2021101004,1917,45785,Dan Arnold,5,True,chip_release,detached,2.5000,3.0000,,2.5362,0.4638,0.9208,1.0000,0.6834,1.0000,1.0000,0.4271,0.0000,0.2499,2.8084
2021101004,2574,45355,Anthony Firkser,5,True,chip_release,detached,3.1000,2.9000,2.9000,2.8370,0.0630,1.0000,1.0000,1.0000,1.0000,1.0000,0.0630,1.0000,0.3815,1.4120
2021101004,3157,53574,Luke Farrell,5,True,chip_release,inline,1.1000,2.8000,,3.4523,-0.6523,0.9507,0.8028,1.0000,1.0000,1.0000,-0.6202,0.0000,0.8776,3.2615
2021101005,2612,47791,T.J. Hockenson,5,True,chip_release,inline,1.1000,2.4000,2.4000,3.6330,-1.2330,0.7320,0.2651,0.6627,1.0000,1.0000,-0.9025,1.0000,0.4846,2.5253
2021101006,653,47803,Noah Fant,5,True,chip_release,inline,1.5000,2.9000,,2.7725,0.1275,0.7500,1.0000,1.0000,0.0000,1.0000,0.0957,0.0000,0.2263,1.8212
2021101006,900,41236,Eric Ebron,5,True,chip_release,detached,1.9000,2.9000,,3.2350,-0.3350,0.9630,0.8519,1.0000,1.0000,1.0000,-0.3226,0.0000,0.1316,2.5424
2021101006,1188,44987,Eric Saubert,5,True,chip_release,inline,1.6000,3.6000,3.6000,2.7057,0.8943,0.9133,1.0000,0.6532,1.0000,1.0000,0.8168,0.0000,0.2902,1.6964
2021101006,1609,47803,Noah Fant,5,True,chip_release,inline,1.4000,2.3000,2.3000,2.2333,0.0667,0.5530,1.0000,0.2121,0.0000,1.0000,0.0369,0.0000,0.3208,2.2400
2021101006,1774,47803,Noah Fant,5,True,chip_release,inline,2.1000,4.5000,4.5000,2.9212,1.5788,0.9667,0.8667,1.0000,1.0000,1.0000,1.5261,1.0000,0.6158,2.0320
2021101006,2026,44987,Eric Saubert,5,True,chip_release,inline,1.6000,3.3000,3.3000,2.7670,0.5330,0.6802,0.4783,0.2425,1.0000,1.0000,0.3626,1.0000,0.2505,2.7398
2021101006,2076,44987,Eric Saubert,5,True,chip_release,inline,1.3000,4.4000,4.4000,2.9336,1.4664,0.8971,1.0000,0.5883,1.0000,1.0000,1.3155,1.0000,0.5006,2.2286
2021101006,2121,47803,Noah Fant,5,True,chip_release,inline,1.5000,2.5000,2.5000,2.3988,0.1012,0.5345,1.0000,0.1381,0.0000,1.0000,0.0541,1.0000,0.2686,2.1101
2021101006,2687,44987,Eric Saubert,5,True,chip_release,inline,1.2000,3.2000,3.2000,3.1512,0.0488,1.0000,1.0000,1.0000,1.0000,1.0000,0.0488,0.0000,0.3818,2.5086
2021101006,2687,47803,Noah Fant,5,True,chip_release,inline,2.6000,3.2000,3.2000,2.8374,0.3626,0.7528,1.0000,0.0110,1.0000,1.0000,0.2730,0.0000,0.3662,2.4907
2021101006,2898,47803,Noah Fant,5,True,chip_release,inline,2.3000,2.3000,2.3000,3.1368,-0.8368,1.0000,1.0000,1.0000,1.0000,1.0000,-0.8368,1.0000,0.3839,1.9453
2021101006,3013,47803,Noah Fant,5,True,chip_release,inline,1.8000,3.2000,3.2000,2.9992,0.2008,0.7821,1.0000,0.1285,1.0000,1.0000,0.1571,0.0000,0.4277,1.7598
2021101006,3342,47803,Noah Fant,5,True,chip_release,inline,1.4000,3.3000,3.3000,2.2768,1.0232,1.0000,1.0000,1.0000,1.0000,1.0000,1.0232,0.0000,0.2297,1.1432
2021101006,3704,47803,Noah Fant,5,True,chip_release,inline,1.5000,2.7000,2.7000,3.4460,-0.7460,1.0000,1.0000,1.0000,1.0000,1.0000,-0.7460,1.0000,0.5096,2.2626
2021101006,3774,47803,Noah Fant,5,True,chip_release,inline,2.5000,2.7000,2.7000,2.7426,-0.0426,0.6853,1.0000,0.7411,0.0000,1.0000,-0.0292,0.0000,0.6300,1.8839
2021101006,3825,47803,Noah Fant,5,True,chip_release,inline,1.5000,2.6000,2.6000,2.8390,-0.2390,0.7500,1.0000,1.0000,0.0000,1.0000,-0.1792,0.0000,0.1214,2.0007
2021101007,1681,42033,Cameron Brate,5,True,chip_release,wing,1.7000,4.4000,4.4000,3.2214,1.1786,0.8822,0.5289,1.0000,1.0000,1.0000,1.0398,0.0000,0.7481,2.4328
2021101007,3096,46192,Durham Smythe,5,True,chip_release,inline,1.7000,3.4000,3.4000,2.6663,0.7337,0.9464,1.0000,0.7858,1.0000,1.0000,0.6944,0.0000,0.2448,2.5965
2021101008,552,53553,John Bates,5,True,chip_release,detached,2.1000,3.4000,,3.1647,0.2353,0.6837,0.4454,0.2895,1.0000,1.0000,0.1609,0.0000,0.3634,2.9970
2021101008,800,45481,Ricky Seals-Jones,5,True,chip_release,inline,1.6000,3.3000,3.3000,2.7618,0.5382,0.8915,0.5660,1.0000,1.0000,1.0000,0.4798,1.0000,0.2659,2.6444
2021101008,899,45481,Ricky Seals-Jones,5,True,chip_release,detached,2.4000,3.5000,,3.2416,0.2584,1.0000,1.0000,1.0000,1.0000,1.0000,0.2584,0.0000,0.6279,2.3394
2021101008,1840,45481,Ricky Seals-Jones,5,True,chip_release,detached,1.8000,3.0000,3.0000,2.4491,0.5509,1.0000,1.0000,1.0000,1.0000,1.0000,0.5509,1.0000,0.6016,2.3586
2021101008,1862,45481,Ricky Seals-Jones,5,True,chip_release,detached,1.7000,3.2000,3.2000,2.7828,0.4172,0.7500,1.0000,1.0000,0.0000,1.0000,0.3129,0.0000,0.7652,3.3520
2021101008,2261,45481,Ricky Seals-Jones,5,True,chip_release,detached,1.8000,3.7000,3.7000,3.3344,0.3656,1.0000,1.0000,1.0000,1.0000,1.0000,0.3656,1.0000,0.7485,2.1039
2021101008,2304,45481,Ricky Seals-Jones,5,True,chip_release,detached,1.9000,3.1000,3.1000,2.8437,0.2563,0.7919,1.0000,0.1675,1.0000,1.0000,0.2030,1.0000,0.8772,2.1739
2021101008,2647,44075,Garrett Griffin,5,True,chip_release,inline,1.7000,2.7000,2.7000,2.9507,-0.2507,0.8820,0.5281,1.0000,1.0000,1.0000,-0.2211,1.0000,0.4912,2.2506
2021101008,2743,45481,Ricky Seals-Jones,5,True,chip_release,detached,2.6000,3.9000,,3.0732,0.8268,1.0000,1.0000,1.0000,1.0000,1.0000,0.8268,0.0000,0.2754,2.5930
2021101008,2809,45481,Ricky Seals-Jones,5,True,chip_release,wing,0.9000,3.0000,,3.3008,-0.3008,1.0000,1.0000,1.0000,1.0000,1.0000,-0.3008,0.0000,0.1109,2.1404
2021101008,3196,52513,Adam Trautman,5,True,chip_release,inline,2.8000,3.4000,3.4000,3.6259,-0.2259,1.0000,1.0000,1.0000,1.0000,1.0000,-0.2259,1.0000,0.4913,2.5072
2021101008,3305,45481,Ricky Seals-Jones,5,True,chip_release,detached,1.1000,4.6000,,3.0245,1.5755,0.8616,1.0000,0.4465,1.0000,1.0000,1.3575,0.0000,0.4870,2.7451
2021101008,3597,45481,Ricky Seals-Jones,5,True,chip_release,detached,1.3000,4.7000,,2.6051,2.0949,0.6756,0.2006,0.5016,1.0000,1.0000,1.4152,0.0000,0.6463,2.1589
2021101008,3618,45481,Ricky Seals-Jones,5,True,chip_release,wing,2.2000,5.3000,5.3000,2.8278,2.4722,0.7747,0.3140,0.7849,1.0000,1.0000,1.9153,0.0000,0.1151,2.8440
2021101008,4008,45481,Ricky Seals-Jones,5,True,chip_release,detached,2.5000,2.7000,2.7000,2.8925,-0.1925,0.9351,1.0000,0.7405,1.0000,1.0000,-0.1800,1.0000,0.3691,2.9409
2021101009,519,43845,Stephen Anderson,5,True,chip_release,backfield,1.0000,2.3000,2.3000,2.4835,-0.1835,0.7805,1.0000,0.1221,1.0000,1.0000,-0.1432,0.0000,0.1260,3.1691
2021101009,543,48456,Donald Parham,5,True,chip_release,inline,1.6000,3.2000,3.2000,3.8569,-0.6569,0.8741,1.0000,0.4964,1.0000,1.0000,-0.5742,1.0000,0.6315,2.2661
2021101009,666,48456,Donald Parham,5,True,chip_release,inline,2.3000,2.9000,,3.7587,-0.8587,0.8592,1.0000,0.4367,1.0000,1.0000,-0.7378,0.0000,0.2563,2.2773
2021101009,1117,34540,Jared Cook,5,True,chip_release,detached,1.8000,3.0000,3.0000,2.7882,0.2118,0.8288,1.0000,0.3154,1.0000,1.0000,0.1756,0.0000,0.7714,1.5343
2021101009,1301,44841,David Njoku,5,True,chip_release,detached,2.3000,2.9000,,2.9486,-0.0486,1.0000,1.0000,1.0000,1.0000,1.0000,-0.0486,0.0000,0.6495,1.9354
2021101009,1568,43370,Austin Hooper,5,True,chip_release,inline,1.5000,3.5000,3.5000,3.2648,0.2352,1.0000,1.0000,1.0000,1.0000,1.0000,0.2352,1.0000,0.2603,2.2042
2021101009,1937,44841,David Njoku,5,True,chip_release,detached,2.3000,4.2000,4.2000,2.9226,1.2774,0.8965,0.5860,1.0000,1.0000,1.0000,1.1452,0.0000,0.6349,1.6036
2021101009,2253,34540,Jared Cook,5,True,chip_release,detached,1.6000,3.4000,3.4000,2.6394,0.7606,0.9223,0.6891,1.0000,1.0000,1.0000,0.7015,0.0000,0.1110,1.9728
2021101009,2431,34540,Jared Cook,5,True,chip_release,detached,1.6000,3.1000,3.1000,2.8076,0.2924,0.8351,1.0000,0.3403,1.0000,1.0000,0.2442,0.0000,0.7480,1.4970
2021101009,2457,34540,Jared Cook,5,True,chip_release,detached,2.1000,3.1000,3.1000,2.7116,0.3884,1.0000,1.0000,1.0000,1.0000,1.0000,0.3884,0.0000,0.4014,1.7488
2021101009,2804,34540,Jared Cook,5,True,chip_release,detached,1.5000,2.9000,2.9000,2.5530,0.3470,0.9900,0.9600,1.0000,1.0000,1.0000,0.3435,1.0000,0.0000,0.7977
2021101009,2845,34540,Jared Cook,5,True,chip_release,detached,1.6000,3.5000,3.5000,2.6652,0.8348,0.8459,1.0000,0.3837,1.0000,1.0000,0.7061,0.0000,0.6390,1.9260
2021101009,3000,43370,Austin Hooper,5,True,chip_release,inline,1.2000,3.3000,,2.5866,0.7134,1.0000,1.0000,1.0000,1.0000,1.0000,0.7134,0.0000,0.2738,2.2666
2021101009,3277,43845,Stephen Anderson,5,True,chip_release,inline,1.0000,3.2000,3.2000,3.0013,0.1987,1.0000,1.0000,1.0000,1.0000,1.0000,0.1987,1.0000,0.1132,2.4504
2021101009,4553,44841,David Njoku,5,True,chip_release,inline,1.1000,3.5000,3.5000,2.6829,0.8171,1.0000,1.0000,1.0000,1.0000,1.0000,0.8171,0.0000,0.1311,2.2146
2021101010,2262,42547,Darren Waller,5,True,chip_release,inline,2.3000,4.3000,4.3000,2.7204,1.5796,1.0000,1.0000,1.0000,1.0000,1.0000,1.5796,0.0000,0.3723,1.9893
2021101010,2484,42547,Darren Waller,5,True,chip_release,inline,1.2000,2.6000,,2.7160,-0.1160,0.8109,1.0000,0.2435,1.0000,1.0000,-0.0940,0.0000,0.6276,1.7329
2021101010,2599,42547,Darren Waller,5,True,chip_release,inline,1.1000,4.4000,4.4000,2.5453,1.8547,1.0000,1.0000,1.0000,1.0000,1.0000,1.8547,0.0000,0.2526,2.7210
2021101010,3121,42547,Darren Waller,5,True,chip_release,inline,1.2000,2.9000,,2.9223,-0.0223,0.7225,0.6072,0.2829,1.0000,1.0000,-0.0161,0.0000,0.5085,2.6602
2021101010,3621,42547,Darren Waller,5,True,chip_release,inline,2.2000,2.6000,2.6000,2.4872,0.1128,0.8823,0.6726,0.8566,1.0000,1.0000,0.0995,1.0000,0.2243,2.1800
2021101010,3909,42547,Darren Waller,5,True,chip_release,inline,1.3000,2.8000,,2.7924,0.0076,0.8922,1.0000,0.5690,1.0000,1.0000,0.0068,0.0000,0.0000,1.4799
2021101010,3933,42547,Darren Waller,5,True,chip_release,inline,1.6000,4.5000,4.5000,2.4300,2.0700,0.6773,0.6100,0.0992,1.0000,1.0000,1.4020,1.0000,0.1343,2.0324
2021101010,3957,42547,Darren Waller,5,True,chip_release,inline,1.9000,5.7000,,2.8864,2.8136,0.8733,0.4932,1.0000,1.0000,1.0000,2.4572,1.0000,0.3561,2.0477
2021101010,3990,42547,Darren Waller,5,True,chip_release,inline,1.8000,3.7000,3.7000,2.6167,1.0833,1.0000,1.0000,1.0000,1.0000,1.0000,1.0833,1.0000,0.1194,2.8995
2021101011,408,46331,Ross Dwelley,5,True,chip_release,inline,1.9000,3.4000,,3.1217,0.2783,0.9168,0.9155,0.7517,1.0000,1.0000,0.2551,0.0000,0.5255,3.6322
2021101011,794,52598,Charlie Woerner,5,True,chip_release,inline,1.5000,4.2000,4.2000,2.9675,1.2325,1.0000,1.0000,1.0000,1.0000,1.0000,1.2325,1.0000,0.2442,2.8632
2021101011,1017,52598,Charlie Woerner,5,True,chip_release,inline,3.1000,3.1000,3.1000,2.2779,0.8221,1.0000,1.0000,1.0000,1.0000,1.0000,0.8221,1.0000,0.5122,3.9477
2021101011,1039,46331,Ross Dwelley,5,True,chip_release,wing,1.1000,4.2000,,3.0124,1.1876,0.9279,0.8853,0.8265,1.0000,1.0000,1.1020,1.0000,0.6340,3.9600
2021101011,1647,42398,Maxx Williams,5,True,chip_release,backfield,1.2000,3.5000,,2.6617,0.8383,0.7500,1.0000,1.0000,0.0000,1.0000,0.6287,0.0000,0.6059,2.3751
2021101011,2069,46331,Ross Dwelley,5,True,chip_release,inline,1.7000,3.8000,3.8000,3.2410,0.5590,0.8685,1.0000,0.4739,1.0000,1.0000,0.4854,1.0000,0.4859,3.3599
2021101011,2398,46331,Ross Dwelley,5,True,chip_release,inline,4.1000,3.0000,3.0000,3.7484,-0.7484,1.0000,1.0000,1.0000,1.0000,1.0000,-0.7484,1.0000,0.3790,2.7852
2021101011,3503,46331,Ross Dwelley,5,True,chip_release,inline,2.0000,3.7000,3.7000,3.3718,0.3282,0.9896,1.0000,0.9583,1.0000,1.0000,0.3248,0.0000,0.6110,2.7694
2021101011,3686,43206,Ross Travis,5,True,chip_release,inline,2.7000,3.6000,3.6000,2.8131,0.7869,0.9357,1.0000,0.7429,1.0000,1.0000,0.7363,0.0000,0.6223,2.5134
2021101012,130,45532,Blake Jarwin,5,True,chip_release,wing,1.0000,2.2000,2.2000,2.3362,-0.1362,0.8208,1.0000,0.2833,1.0000,1.0000,-0.1118,1.0000,0.7529,2.6841
2021101012,271,44835,Evan Engram,5,True,chip_release,inline,4.3000,4.7000,,3.6368,1.0632,0.8754,1.0000,0.5017,1.0000,1.0000,0.9307,0.0000,0.5258,2.0220
2021101012,318,47959,Kaden Smith,5,True,chip_release,backfield,2.1000,3.4000,3.4000,2.3150,1.0850,0.7936,1.0000,0.1745,1.0000,1.0000,0.8611,0.0000,0.2409,2.7464
2021101012,4089,46206,Dalton Schultz,5,True,chip_release,inline,1.2000,4.7000,4.7000,3.4374,1.2626,0.9849,0.9397,1.0000,1.0000,1.0000,1.2436,0.0000,0.5235,3.3003
2021101012,4221,44967,Jeremy Sprinkle,5,True,chip_release,inline,1.8000,2.2000,2.2000,2.5181,-0.3181,0.7742,0.6455,0.4513,1.0000,1.0000,-0.2463,0.0000,0.4106,3.5227
2021101013,535,42460,Blake Bell,5,True,chip_release,detached,1.9000,3.7000,3.7000,2.8022,0.8978,1.0000,1.0000,1.0000,1.0000,1.0000,0.8978,0.0000,0.3644,2.6259
2021101013,1445,48011,Tommy Sweeney,5,True,chip_release,inline,1.7000,3.1000,,2.8936,0.2064,0.9744,1.0000,0.8976,1.0000,1.0000,0.2011,0.0000,0.2657,1.9089
2021101013,1536,47879,Dawson Knox,5,True,chip_release,detached,1.8000,4.1000,,2.7702,1.3298,1.0000,1.0000,1.0000,1.0000,1.0000,1.3298,0.0000,0.5579,1.1732
2021101013,1738,47879,Dawson Knox,5,True,chip_release,detached,1.8000,4.2000,4.2000,2.3479,1.8521,1.0000,1.0000,1.0000,1.0000,1.0000,1.8521,1.0000,0.2453,2.5096
2021101013,2024,42460,Blake Bell,5,True,chip_release,detached,2.0000,7.8000,,3.0855,4.7145,0.6854,0.3115,0.4301,1.0000,1.0000,3.2313,0.0000,0.3850,2.6869
2021101013,2150,40011,Travis Kelce,5,True,chip_release,inline,1.1000,3.9000,,2.5295,1.3705,1.0000,1.0000,1.0000,1.0000,1.0000,1.3705,0.0000,0.2453,2.4149
2021101013,2318,40011,Travis Kelce,5,True,chip_release,inline,2.0000,3.0000,,2.3924,0.6076,1.0000,1.0000,1.0000,1.0000,1.0000,0.6076,0.0000,0.2412,2.8439
2021101013,2818,48011,Tommy Sweeney,5,True,chip_release,inline,1.6000,3.2000,,2.8007,0.3993,1.0000,1.0000,1.0000,1.0000,1.0000,0.3993,0.0000,0.3618,2.0251
2021101013,3175,42460,Blake Bell,5,True,chip_release,detached,1.0000,4.8000,4.8000,3.9389,0.8611,1.0000,1.0000,1.0000,1.0000,1.0000,0.8611,1.0000,0.2329,2.8122
2021101013,3771,47879,Dawson Knox,5,True,chip_release,detached,1.6000,3.0000,3.0000,2.4782,0.5218,1.0000,1.0000,1.0000,1.0000,1.0000,0.5218,1.0000,0.5107,2.7275
2021101013,3808,47879,Dawson Knox,5,True,chip_release,detached,2.2000,2.9000,2.9000,3.0174,-0.1174,1.0000,1.0000,1.0000,1.0000,1.0000,-0.1174,1.0000,0.2674,2.7278
2021101013,3937,47879,Dawson Knox,5,True,chip_release,detached,1.3000,2.1000,,3.0658,-0.9658,0.9449,1.0000,0.7796,1.0000,1.0000,-0.9126,0.0000,0.6402,2.7174
2021101013,4133,40011,Travis Kelce,5,True,chip_release,detached,1.4000,3.3000,3.3000,2.4144,0.8856,0.8039,0.3473,0.8683,1.0000,1.0000,0.7119,1.0000,0.2714,1.7143
2021101013,4291,40011,Travis Kelce,5,True,chip_release,detached,1.8000,2.3000,,2.7635,-0.4635,0.7852,1.0000,0.1407,1.0000,1.0000,-0.3639,0.0000,0.6258,1.8877
2021101100,484,44792,Mo Alie-Cox,5,True,chip_release,inline,2.3000,2.8000,2.8000,2.9603,-0.1603,0.7516,1.0000,0.0064,1.0000,1.0000,-0.1205,1.0000,0.4839,2.6208
2021101100,965,44792,Mo Alie-Cox,5,True,chip_release,inline,1.4000,3.6000,3.6000,3.3174,0.2826,0.9369,1.0000,0.7478,1.0000,1.0000,0.2648,1.0000,0.3594,2.1297
2021101100,1540,46155,Mark Andrews,5,True,chip_release,inline,1.9000,3.0000,3.0000,2.6481,0.3519,0.8930,1.0000,0.5721,1.0000,1.0000,0.3142,0.0000,0.3355,1.9059
2021101100,1625,46155,Mark Andrews,5,True,chip_release,inline,1.2000,3.3000,,2.7012,0.5988,0.9906,0.9622,1.0000,1.0000,1.0000,0.5931,0.0000,0.2439,2.9810
2021101100,2042,40641,Jack Doyle,5,True,chip_release,inline,2.0000,0.5000,0.5000,2.0903,-1.5903,1.0000,1.0000,1.0000,1.0000,1.0000,-1.5903,1.0000,0.2373,3.6344
2021101100,2127,46155,Mark Andrews,5,True,chip_release,inline,1.5000,3.1000,3.1000,2.3517,0.7483,0.6790,0.2209,0.4949,1.0000,1.0000,0.5081,1.0000,0.0305,0.6484
2021101100,3148,46155,Mark Andrews,5,True,chip_release,inline,1.2000,3.2000,3.2000,2.3631,0.8369,1.0000,1.0000,1.0000,1.0000,1.0000,0.8369,0.0000,0.0443,0.6793
2021101100,3598,46155,Mark Andrews,5,True,chip_release,inline,1.5000,3.0000,3.0000,2.8286,0.1714,1.0000,1.0000,1.0000,1.0000,1.0000,0.1714,1.0000,0.0000,1.1464
2021101100,4161,47852,Josh Oliver,5,True,chip_release,inline,1.4000,5.9000,,3.1390,2.7610,0.9768,0.9070,1.0000,1.0000,1.0000,2.6968,0.0000,0.4923,2.7274
2021101100,4269,47852,Josh Oliver,5,True,chip_release,inline,1.5000,2.7000,,2.6917,0.0083,0.9656,1.0000,0.8624,1.0000,1.0000,0.0080,0.0000,0.3783,2.4345
2021101400,500,39983,Zach Ertz,6,True,chip_release,detached,1.5000,2.9000,2.9000,2.3563,0.5437,0.9358,1.0000,0.7433,1.0000,1.0000,0.5088,1.0000,0.0000,2.3824
2021101400,1923,42033,Cameron Brate,6,True,chip_release,detached,1.9000,3.5000,3.5000,2.8655,0.6345,0.8736,1.0000,0.4945,1.0000,1.0000,0.5543,1.0000,0.1067,1.7924
2021101400,2016,39983,Zach Ertz,6,True,chip_release,detached,1.4000,5.0000,5.0000,3.3327,1.6673,0.9097,0.6386,1.0000,1.0000,1.0000,1.5167,1.0000,0.4985,2.6622
2021101400,3509,39983,Zach Ertz,6,True,chip_release,inline,1.1000,2.8000,2.8000,4.0933,-1.2933,0.7576,0.2944,0.7360,1.0000,1.0000,-0.9798,1.0000,0.4946,3.3651
2021101700,1077,45785,Dan Arnold,6,True,chip_release,detached,2.3000,3.3000,3.3000,2.6191,0.6809,1.0000,1.0000,1.0000,1.0000,1.0000,0.6809,1.0000,0.5671,1.8854
2021101700,1621,42302,Chris Manhertz,6,True,chip_release,inline,0.8000,3.1000,,3.1012,-0.0012,1.0000,1.0000,1.0000,1.0000,1.0000,-0.0012,0.0000,0.0000,1.8653
2021101700,1765,42302,Chris Manhertz,6,True,chip_release,inline,3.0000,3.5000,3.5000,2.1484,1.3516,0.7500,1.0000,1.0000,0.0000,1.0000,1.0137,1.0000,0.7601,2.7990
2021101700,1853,45785,Dan Arnold,6,True,chip_release,detached,2.4000,2.4000,2.4000,2.6289,-0.2289,1.0000,1.0000,1.0000,1.0000,1.0000,-0.2289,1.0000,0.7565,2.8906
2021101700,3080,42302,Chris Manhertz,6,True,chip_release,inline,2.7000,3.4000,,3.4564,-0.0564,0.9534,0.8136,1.0000,1.0000,1.0000,-0.0538,0.0000,0.3959,2.5317
2021101700,3309,53574,Luke Farrell,6,True,chip_release,inline,1.0000,3.9000,,3.4106,0.4894,0.9449,0.7795,1.0000,1.0000,1.0000,0.4624,0.0000,0.5169,3.0498
2021101700,4176,46192,Durham Smythe,6,True,chip_release,detached,1.0000,2.8000,,2.8958,-0.0958,1.0000,1.0000,1.0000,1.0000,1.0000,-0.0958,0.0000,0.5064,2.9761
2021101701,206,34540,Jared Cook,6,True,chip_release,wing,2.1000,4.5000,,3.3187,1.1813,0.9843,1.0000,0.9374,1.0000,1.0000,1.1628,0.0000,0.4223,2.2081
2021101701,459,47852,Josh Oliver,6,True,chip_release,inline,1.6000,3.9000,3.9000,2.6836,1.2164,0.8737,1.0000,0.4947,1.0000,1.0000,1.0627,0.0000,0.4802,2.7361
2021101701,1126,47852,Josh Oliver,6,True,chip_release,detached,2.8000,3.2000,,2.3985,0.8015,0.8831,1.0000,0.5325,1.0000,1.0000,0.7079,0.0000,0.2348,2.1898
2021101701,1427,43845,Stephen Anderson,6,True,chip_release,backfield,0.7000,0.5000,0.5000,3.3860,-2.8860,0.8846,1.0000,0.5386,1.0000,1.0000,-2.5531,1.0000,0.3830,2.7913
2021101701,1844,46155,Mark Andrews,6,True,chip_release,detached,2.0000,2.9000,2.9000,2.7858,0.1142,1.0000,1.0000,1.0000,1.0000,1.0000,0.1142,1.0000,0.2524,2.3370
2021101701,3113,48456,Donald Parham,6,True,chip_release,inline,1.4000,3.8000,3.8000,2.9943,0.8057,0.9085,0.6341,1.0000,1.0000,1.0000,0.7320,1.0000,0.5239,2.5573
2021101701,3172,34540,Jared Cook,6,True,chip_release,detached,2.4000,3.3000,,2.7002,0.5998,0.7952,1.0000,0.1808,1.0000,1.0000,0.4770,0.0000,0.1102,2.4715
2021101702,428,46226,Tyler Conklin,6,True,chip_release,inline,1.4000,3.0000,3.0000,2.4292,0.5708,0.8754,1.0000,0.5016,1.0000,1.0000,0.4997,1.0000,0.3554,2.1309
2021101702,2251,46170,Ian Thomas,6,True,chip_release,inline,2.2000,3.3000,3.3000,2.9843,0.3157,0.8821,1.0000,0.5285,1.0000,1.0000,0.2785,1.0000,0.3631,3.4153
2021101702,2415,46226,Tyler Conklin,6,True,chip_release,inline,1.8000,3.0000,3.0000,2.5994,0.4006,1.0000,1.0000,1.0000,1.0000,1.0000,0.4006,1.0000,0.2299,2.5559
2021101702,2601,46226,Tyler Conklin,6,True,chip_release,inline,1.8000,3.6000,,2.9112,0.6888,1.0000,1.0000,1.0000,1.0000,1.0000,0.6888,0.0000,0.3852,3.2057
2021101702,2697,46170,Ian Thomas,6,True,chip_release,detached,1.7000,3.4000,3.4000,2.8953,0.5047,1.0000,1.0000,1.0000,1.0000,1.0000,0.5047,0.0000,0.6077,1.7283
2021101702,2774,46170,Ian Thomas,6,True,chip_release,detached,1.8000,2.6000,2.6000,2.3428,0.2572,1.0000,1.0000,1.0000,1.0000,1.0000,0.2572,1.0000,0.7047,1.5916
2021101702,2793,46170,Ian Thomas,6,True,chip_release,inline,1.2000,3.4000,3.4000,2.6350,0.7650,0.6283,1.0000,0.5131,0.0000,1.0000,0.4806,0.0000,0.5229,2.7245
2021101702,3489,46170,Ian Thomas,6,True,chip_release,inline,1.1000,4.8000,,3.6024,1.1976,0.9383,0.7533,1.0000,1.0000,1.0000,1.1237,0.0000,0.5058,2.4383
2021101702,4089,46170,Ian Thomas,6,True,chip_release,detached,2.1000,2.9000,2.9000,3.0034,-0.1034,0.8815,0.9095,0.6164,1.0000,1.0000,-0.0912,0.0000,0.7728,1.8469
2021101703,343,52451,Cole Kmet,6,True,chip_release,wing,1.9000,2.7000,,3.1466,-0.4466,1.0000,1.0000,1.0000,1.0000,1.0000,-0.4466,0.0000,0.3668,2.4838
2021101703,627,45635,Robert Tonyan,6,True,chip_release,detached,2.7000,5.5000,5.5000,2.8293,2.6707,1.0000,1.0000,1.0000,1.0000,1.0000,2.6707,1.0000,0.2722,2.8796
2021101703,1437,52451,Cole Kmet,6,True,chip_release,detached,2.2000,6.1000,6.1000,2.5865,3.5135,0.8812,1.0000,0.5248,1.0000,1.0000,3.0961,1.0000,0.6133,2.1278
2021101703,1779,35534,Jimmy Graham,6,True,chip_release,wing,1.4000,4.2000,4.2000,3.7223,0.4777,0.9036,1.0000,0.6143,1.0000,1.0000,0.4316,1.0000,0.4196,2.3309
2021101703,2243,52451,Cole Kmet,6,True,chip_release,inline,1.0000,2.7000,2.7000,2.7730,-0.0730,1.0000,1.0000,1.0000,1.0000,1.0000,-0.0730,1.0000,0.5169,2.8079
2021101703,2535,45635,Robert Tonyan,6,True,chip_release,inline,1.2000,2.4000,,3.8463,-1.4463,1.0000,1.0000,1.0000,1.0000,1.0000,-1.4463,0.0000,0.6346,3.5707
2021101703,2962,52502,Josiah Deguara,6,True,chip_release,detached,2.6000,2.1000,2.1000,2.6132,-0.5132,0.9231,1.0000,0.6924,1.0000,1.0000,-0.4738,1.0000,0.3324,1.8051
2021101703,3449,30842,Marcedes Lewis,6,True,chip_release,wing,2.0000,3.4000,,2.9222,0.4778,0.9667,1.0000,0.8668,1.0000,1.0000,0.4619,0.0000,0.2518,2.3535
2021101704,318,42500,C.J. Uzomah,6,True,chip_release,inline,1.1000,3.9000,3.9000,3.3743,0.5257,0.8433,1.0000,0.3734,1.0000,1.0000,0.4434,0.0000,0.2393,2.3166
2021101704,704,42500,C.J. Uzomah,6,True,chip_release,inline,1.9000,3.4000,3.4000,2.9724,0.4276,1.0000,1.0000,1.0000,1.0000,1.0000,0.4276,0.0000,0.5031,2.7933
2021101704,903,42500,C.J. Uzomah,6,True,chip_release,detached,1.8000,3.4000,3.4000,2.3305,1.0695,0.8881,1.0000,0.5526,1.0000,1.0000,0.9499,0.0000,0.5100,2.1740
2021101704,1867,42500,C.J. Uzomah,6,True,chip_release,inline,2.1000,2.8000,2.8000,2.4607,0.3393,1.0000,1.0000,1.0000,1.0000,1.0000,0.3393,0.0000,0.2369,2.4777
2021101704,1889,42500,C.J. Uzomah,6,True,chip_release,detached,2.5000,3.2000,3.2000,2.9245,0.2755,0.8215,1.0000,0.2861,1.0000,1.0000,0.2264,0.0000,0.4987,1.9347
2021101704,1913,42500,C.J. Uzomah,6,True,chip_release,inline,2.1000,2.8000,,2.9261,-0.1261,0.8497,1.0000,0.3988,1.0000,1.0000,-0.1071,0.0000,0.3522,1.6190
2021101704,2191,42500,C.J. Uzomah,6,True,chip_release,inline,1.5000,3.8000,3.8000,2.5300,1.2700,0.9259,1.0000,0.7037,1.0000,1.0000,1.1759,0.0000,0.0000,2.4080
2021101704,2631,47835,Drew Sample,6,True,chip_release,inline,1.1000,2.7000,2.7000,3.1011,-0.4011,0.7357,0.3657,0.5771,1.0000,1.0000,-0.2951,0.0000,0.4607,1.9455
2021101704,2809,47791,T.J. Hockenson,6,True,chip_release,inline,1.7000,3.4000,3.4000,2.5203,0.8797,0.9666,0.8666,1.0000,1.0000,1.0000,0.8504,1.0000,0.3696,1.6194
2021101704,3012,42500,C.J. Uzomah,6,True,chip_release,inline,1.6000,3.8000,3.8000,2.4324,1.3676,0.6680,0.3256,0.3462,1.0000,1.0000,0.9135,1.0000,0.5092,2.8268
2021101705,585,46167,Jordan Akins,6,True,chip_release,inline,1.1000,2.4000,2.4000,2.4114,-0.0114,0.8430,1.0000,0.3718,1.0000,1.0000,-0.0096,1.0000,0.3715,2.1637
2021101705,1674,44792,Mo Alie-Cox,6,True,chip_release,detached,1.4000,3.1000,,2.9709,0.1291,0.9087,1.0000,0.6349,1.0000,1.0000,0.1173,0.0000,0.3490,1.8014
2021101705,2194,44792,Mo Alie-Cox,6,True,chip_release,detached,1.7000,2.7000,2.7000,3.3728,-0.6728,0.6568,0.6167,0.0105,1.0000,1.0000,-0.4419,1.0000,0.7657,1.7289
2021101705,2863,45321,Antony Auclair,6,True,chip_release,backfield,1.1000,2.4000,2.4000,3.0870,-0.6870,0.5993,0.4822,0.9149,0.0000,1.0000,-0.4117,1.0000,0.3600,3.3093
2021101705,2947,46167,Jordan Akins,6,True,chip_release,inline,1.2000,2.0000,2.0000,2.7335,-0.7335,0.9661,1.0000,0.8646,1.0000,1.0000,-0.7087,1.0000,0.5075,2.3022
2021101706,123,44835,Evan Engram,6,True,chip_release,detached,2.1000,3.0000,3.0000,2.7125,0.2875,0.8718,1.0000,0.4873,1.0000,1.0000,0.2506,1.0000,0.6410,2.2810
2021101706,512,43399,Tyler Higbee,6,True,chip_release,inline,1.8000,3.2000,3.2000,2.1624,1.0376,1.0000,1.0000,1.0000,1.0000,1.0000,1.0376,0.0000,0.4803,2.4960
2021101706,562,43399,Tyler Higbee,6,True,chip_release,inline,2.0000,3.5000,,2.8182,0.6818,0.8319,1.0000,0.3278,1.0000,1.0000,0.5672,0.0000,0.1398,0.9608
2021101706,629,43399,Tyler Higbee,6,True,chip_release,detached,1.7000,3.8000,3.8000,2.5745,1.2255,0.8236,0.4522,0.8421,1.0000,1.0000,1.0093,1.0000,0.2521,1.6693
2021101706,667,47959,Kaden Smith,6,True,chip_release,inline,1.0000,2.8000,2.8000,3.2499,-0.4499,1.0000,1.0000,1.0000,1.0000,1.0000,-0.4499,1.0000,0.4861,1.8799
2021101706,2037,37118,Kyle Rudolph,6,True,chip_release,wing,2.5000,0.8000,0.8000,3.1729,-2.3729,1.0000,1.0000,1.0000,1.0000,1.0000,-2.3729,0.0000,0.3955,2.5378
2021101706,2436,44835,Evan Engram,6,True,chip_release,detached,2.3000,3.1000,,2.7089,0.3911,0.9996,1.0000,0.9984,1.0000,1.0000,0.3909,0.0000,0.2450,1.4189
2021101706,2472,43399,Tyler Higbee,6,True,chip_release,inline,1.7000,2.9000,,2.7463,0.1537,1.0000,1.0000,1.0000,1.0000,1.0000,0.1537,0.0000,0.0000,2.4132
2021101706,2513,43399,Tyler Higbee,6,True,chip_release,inline,1.6000,3.4000,,2.8086,0.5914,1.0000,1.0000,1.0000,1.0000,1.0000,0.5914,0.0000,0.4955,2.6085
2021101706,3245,43399,Tyler Higbee,6,True,chip_release,inline,1.7000,4.1000,,3.5562,0.5438,0.7935,0.3897,0.7844,1.0000,1.0000,0.4315,0.0000,0.3715,2.8303
2021101706,3308,43399,Tyler Higbee,6,True,chip_release,inline,1.6000,2.4000,,2.8228,-0.4228,0.9098,1.0000,0.6393,1.0000,1.0000,-0.3847,0.0000,0.3834,2.7551
2021101706,3633,37118,Kyle Rudolph,6,True,chip_release,wing,1.7000,2.9000,2.9000,3.5435,-0.6435,1.0000,1.0000,1.0000,1.0000,1.0000,-0.6435,1.0000,0.4433,1.9651
2021101707,306,40011,Travis Kelce,6,True,chip_release,inline,1.8000,3.1000,,2.6551,0.4449,0.8536,1.0000,0.4146,1.0000,1.0000,0.3798,0.0000,0.0000,3.2988
2021101707,1019,40011,Travis Kelce,6,True,chip_release,detached,2.9000,3.7000,3.7000,3.5294,0.1706,0.7500,1.0000,1.0000,0.0000,1.0000,0.1280,1.0000,0.3818,2.3403
2021101707,1536,45481,Ricky Seals-Jones,6,True,chip_release,inline,1.5000,3.4000,3.4000,2.8126,0.5874,0.7571,1.0000,0.0286,1.0000,1.0000,0.4447,0.0000,0.4609,1.7521
2021101707,1789,45481,Ricky Seals-Jones,6,True,chip_release,detached,1.8000,3.6000,3.6000,2.9021,0.6979,0.9520,1.0000,0.8081,1.0000,1.0000,0.6644,0.0000,0.6122,2.2535
2021101707,2152,40011,Travis Kelce,6,True,chip_release,detached,1.6000,2.4000,,2.6112,-0.2112,0.8671,1.0000,0.4684,1.0000,1.0000,-0.1831,0.0000,0.2846,1.9081
2021101707,3770,40011,Travis Kelce,6,True,chip_release,detached,1.7000,2.6000,2.6000,2.6798,-0.0798,1.0000,1.0000,1.0000,1.0000,1.0000,-0.0798,1.0000,0.6222,1.9366
2021101707,3837,53591,Noah Gray,6,True,chip_release,detached,2.9000,3.7000,3.7000,2.7195,0.9805,0.8155,0.3606,0.9014,1.0000,1.0000,0.7996,1.0000,0.6427,2.3459
2021101708,198,45142,Darrell Daniels,6,True,chip_release,detached,1.9000,5.6000,5.6000,3.6133,1.9867,0.6423,0.2369,0.3324,1.0000,1.0000,1.2761,1.0000,0.3810,2.8229
2021101708,631,43370,Austin Hooper,6,True,chip_release,inline,1.9000,3.2000,,2.5114,0.6886,0.6968,0.6366,0.1507,1.0000,1.0000,0.4799,0.0000,0.2540,2.2771
2021101708,824,45142,Darrell Daniels,6,True,chip_release,inline,1.3000,2.6000,2.6000,2.5910,0.0090,1.0000,1.0000,1.0000,1.0000,1.0000,0.0090,1.0000,0.5420,2.4627
2021101708,902,45142,Darrell Daniels,6,True,chip_release,inline,1.4000,4.3000,4.3000,2.8193,1.4807,1.0000,1.0000,1.0000,1.0000,1.0000,1.4807,1.0000,0.2388,2.1112
2021101708,1545,44841,David Njoku,6,True,chip_release,inline,1.8000,3.0000,,2.9008,0.0992,1.0000,1.0000,1.0000,1.0000,1.0000,0.0992,0.0000,0.4932,2.1974
2021101708,2319,44841,David Njoku,6,True,chip_release,inline,1.7000,2.9000,,3.1493,-0.2493,1.0000,1.0000,1.0000,1.0000,1.0000,-0.2493,0.0000,0.1052,1.0619
2021101708,2615,52523,Harrison Bryant,6,True,chip_release,inline,2.3000,2.4000,2.4000,1.9131,0.4869,0.8089,0.8456,0.3901,1.0000,1.0000,0.3939,1.0000,0.2470,2.2732
2021101708,3260,43370,Austin Hooper,6,True,chip_release,backfield,1.2000,3.6000,3.6000,2.8324,0.7676,0.9755,0.9018,1.0000,1.0000,1.0000,0.7488,1.0000,0.1356,2.2105
2021101708,3308,43370,Austin Hooper,6,True,chip_release,inline,1.4000,2.8000,,2.7047,0.0953,1.0000,1.0000,1.0000,1.0000,1.0000,0.0953,0.0000,0.3367,3.8762
2021101708,3379,43370,Austin Hooper,6,True,chip_release,inline,1.0000,3.6000,,2.8525,0.7475,0.7408,0.2752,0.6880,1.0000,1.0000,0.5538,0.0000,0.5020,2.4836
2021101709,374,47803,Noah Fant,6,True,chip_release,inline,2.1000,2.8000,2.8000,2.6486,0.1514,1.0000,1.0000,1.0000,1.0000,1.0000,0.1514,1.0000,0.4908,2.3235
2021101709,1113,47803,Noah Fant,6,True,chip_release,inline,2.0000,3.2000,3.2000,2.8873,0.3127,0.8288,0.3758,0.9394,1.0000,1.0000,0.2592,0.0000,0.2438,2.3869
2021101709,1332,47803,Noah Fant,6,True,chip_release,wing,1.0000,3.3000,,2.9589,0.3411,1.0000,1.0000,1.0000,1.0000,1.0000,0.3411,0.0000,0.6556,2.6202
2021101709,1444,47803,Noah Fant,6,True,chip_release,inline,3.1000,3.8000,3.8000,2.5606,1.2394,0.6444,0.5282,0.0494,1.0000,1.0000,0.7987,1.0000,0.2325,1.6204
2021101709,1826,47803,Noah Fant,6,True,chip_release,inline,1.7000,3.6000,3.6000,2.6033,0.9967,1.0000,1.0000,1.0000,1.0000,1.0000,0.9967,0.0000,0.5054,3.2255
2021101709,2581,47803,Noah Fant,6,True,chip_release,inline,2.1000,5.4000,5.4000,3.7705,1.6295,0.6249,0.3432,0.1564,1.0000,1.0000,1.0183,1.0000,0.1546,2.5237
2021101709,2715,42547,Darren Waller,6,True,chip_release,inline,1.2000,2.4000,2.4000,2.6567,-0.2567,0.9609,0.8435,1.0000,1.0000,1.0000,-0.2467,1.0000,0.3594,2.1698
2021101709,2778,47803,Noah Fant,6,True,chip_release,inline,1.2000,3.1000,,2.9272,0.1728,0.6647,0.4105,0.2482,1.0000,1.0000,0.1148,0.0000,0.6190,2.4264
2021101709,3305,47803,Noah Fant,6,True,chip_release,inline,1.7000,4.5000,,2.9398,1.5602,1.0000,1.0000,1.0000,1.0000,1.0000,1.5602,0.0000,0.3511,2.9973
2021101709,3689,47803,Noah Fant,6,True,chip_release,inline,1.5000,2.7000,,2.4894,0.2106,0.9518,1.0000,0.8070,1.0000,1.0000,0.2004,0.0000,0.0000,1.5211
2021101709,4233,47803,Noah Fant,6,True,chip_release,inline,1.3000,3.3000,3.3000,2.6054,0.6946,1.0000,1.0000,1.0000,1.0000,1.0000,0.6946,1.0000,0.2299,2.1205
2021101709,4257,47803,Noah Fant,6,True,chip_release,inline,1.4000,3.6000,3.6000,2.8247,0.7753,0.8430,1.0000,0.3721,1.0000,1.0000,0.6536,0.0000,0.2386,2.4011
2021101710,607,43324,Hunter Henry,6,True,chip_release,detached,1.5000,3.1000,,3.3777,-0.2777,0.8658,1.0000,0.4631,1.0000,1.0000,-0.2404,0.0000,0.2583,2.3855
2021101710,1146,43324,Hunter Henry,6,True,chip_release,detached,2.5000,3.2000,3.2000,3.2176,-0.0176,1.0000,1.0000,1.0000,1.0000,1.0000,-0.0176,0.0000,0.5025,2.5792
2021101710,1202,44912,Jonnu Smith,6,True,chip_release,detached,1.9000,3.3000,3.3000,2.5144,0.7856,0.8627,1.0000,0.4508,1.0000,1.0000,0.6778,1.0000,0.3982,2.0149
2021101710,2400,46206,Dalton Schultz,6,True,chip_release,inline,3.9000,6.2000,,3.5889,2.6111,1.0000,1.0000,1.0000,1.0000,1.0000,2.6111,0.0000,0.4936,2.5148
2021101710,2540,46206,Dalton Schultz,6,True,chip_release,inline,1.9000,2.9000,,3.3055,-0.4055,1.0000,1.0000,1.0000,1.0000,1.0000,-0.4055,0.0000,0.2545,1.9729
2021101710,3276,44912,Jonnu Smith,6,True,chip_release,detached,1.5000,2.2000,2.2000,3.2251,-1.0251,0.8307,1.0000,0.3226,1.0000,1.0000,-0.8515,1.0000,0.5255,2.6829
2021101710,3319,43324,Hunter Henry,6,True,chip_release,detached,2.6000,3.6000,,2.6535,0.9465,0.8250,1.0000,0.3002,1.0000,1.0000,0.7809,0.0000,0.5296,2.0057
2021101710,3549,46206,Dalton Schultz,6,True,chip_release,inline,2.2000,3.7000,,3.5552,0.1448,0.7500,1.0000,1.0000,0.0000,1.0000,0.1086,0.0000,0.5081,1.8287
2021101710,3695,46206,Dalton Schultz,6,True,chip_release,detached,2.4000,4.1000,,3.3474,0.7526,1.0000,1.0000,1.0000,1.0000,1.0000,0.7526,1.0000,0.5186,2.4996
2021101710,3874,43324,Hunter Henry,6,True,chip_release,detached,1.5000,2.9000,,2.9537,-0.0537,0.8687,0.7700,0.7046,1.0000,1.0000,-0.0467,0.0000,0.3635,1.5549
2021101710,4293,43324,Hunter Henry,6,True,chip_release,detached,2.1000,2.6000,2.6000,2.4716,0.1284,1.0000,1.0000,1.0000,1.0000,1.0000,0.1284,1.0000,0.3591,2.5179
2021101710,4563,46206,Dalton Schultz,6,True,chip_release,inline,1.4000,3.3000,,3.2710,0.0290,1.0000,1.0000,1.0000,1.0000,1.0000,0.0290,0.0000,0.5222,3.1298
2021101711,493,44856,Gerald Everett,6,True,chip_release,inline,2.8000,3.1000,,3.1179,-0.0179,0.7579,1.0000,0.0316,1.0000,1.0000,-0.0135,0.0000,0.5058,2.6229
2021101711,747,47924,Zach Gentry,6,True,chip_release,inline,1.0000,2.9000,2.9000,2.5506,0.3494,0.8342,1.0000,0.3367,1.0000,1.0000,0.2914,0.0000,0.2284,2.4490
2021101711,1529,41236,Eric Ebron,6,True,chip_release,inline,0.9000,2.5000,,2.8119,-0.3119,0.9256,1.0000,0.7025,1.0000,1.0000,-0.2887,0.0000,0.1229,2.2592
2021101711,1894,44856,Gerald Everett,6,True,chip_release,inline,1.4000,2.7000,2.7000,2.8548,-0.1548,1.0000,1.0000,1.0000,1.0000,1.0000,-0.1548,1.0000,0.3625,2.0263
2021101711,3494,41236,Eric Ebron,6,True,chip_release,inline,2.1000,2.6000,,2.7541,-0.1541,0.7810,1.0000,0.1242,1.0000,1.0000,-0.1203,0.0000,0.1216,2.6524
2021101711,3836,47924,Zach Gentry,6,True,chip_release,inline,2.0000,3.8000,3.8000,2.8718,0.9282,1.0000,1.0000,1.0000,1.0000,1.0000,0.9282,0.0000,0.4161,2.1311
2021101711,4396,44856,Gerald Everett,6,True,chip_release,inline,1.8000,2.6000,2.6000,2.5736,0.0264,0.6325,0.3437,0.1862,1.0000,1.0000,0.0167,1.0000,0.4004,1.5644
2021101800,462,47879,Dawson Knox,6,True,chip_release,detached,0.9000,2.7000,,2.7008,-0.0008,0.9428,0.7713,1.0000,1.0000,1.0000,-0.0007,0.0000,0.1240,3.2382
2021101800,628,45355,Anthony Firkser,6,True,chip_release,inline,2.4000,4.5000,4.5000,3.3033,1.1967,1.0000,1.0000,1.0000,1.0000,1.0000,1.1967,1.0000,0.7575,2.4510
2021101800,873,42589,Geoff Swaim,6,True,chip_release,inline,1.2000,2.2000,2.2000,2.3997,-0.1997,0.7286,0.2656,0.6488,1.0000,1.0000,-0.1455,0.0000,0.2325,1.5674
2021101800,1590,45355,Anthony Firkser,6,True,chip_release,detached,2.3000,3.5000,3.5000,2.4848,1.0152,1.0000,1.0000,1.0000,1.0000,1.0000,1.0152,1.0000,0.6293,2.1593
2021101800,2072,47879,Dawson Knox,6,True,chip_release,backfield,1.2000,3.9000,3.9000,2.9912,0.9088,0.8269,1.0000,0.3076,1.0000,1.0000,0.7515,0.0000,0.1243,2.3240
2021101800,2486,42589,Geoff Swaim,6,True,chip_release,inline,2.6000,2.8000,,3.1321,-0.3321,1.0000,1.0000,1.0000,1.0000,1.0000,-0.3321,0.0000,0.3681,2.4313
2021101800,2901,47879,Dawson Knox,6,True,chip_release,backfield,1.1000,2.3000,,3.1219,-0.8219,0.6133,1.0000,0.4533,0.0000,1.0000,-0.5041,0.0000,0.1217,2.9076
2021101800,2925,47879,Dawson Knox,6,True,chip_release,backfield,1.1000,3.0000,,3.2477,-0.2477,0.7500,1.0000,1.0000,0.0000,1.0000,-0.1858,0.0000,0.4863,1.9965
2021101800,3000,47879,Dawson Knox,6,True,chip_release,backfield,1.2000,4.3000,4.3000,3.1426,1.1574,0.5045,1.0000,0.0179,0.0000,1.0000,0.5839,0.0000,0.6303,3.3686
2021101800,3705,45355,Anthony Firkser,6,True,chip_release,inline,2.3000,3.0000,,2.6121,0.3879,1.0000,1.0000,1.0000,1.0000,1.0000,0.3879,0.0000,0.4059,1.9833
2021102100,486,52523,Harrison Bryant,7,False,chip_release,inline,0.8000,4.2000,4.2000,3.2928,0.9072,1.0000,1.0000,1.0000,1.0000,1.0000,0.9072,0.0000,0.4899,3.4612
2021102100,655,44841,David Njoku,7,False,chip_release,inline,1.3000,2.8000,2.8000,3.1160,-0.3160,1.0000,1.0000,1.0000,1.0000,1.0000,-0.3160,1.0000,0.5909,1.8700
2021102100,890,47803,Noah Fant,7,False,chip_release,inline,1.9000,2.8000,2.8000,2.7258,0.0742,1.0000,1.0000,1.0000,1.0000,1.0000,0.0742,0.0000,0.6887,1.7463
2021102100,1070,43370,Austin Hooper,7,False,chip_release,inline,1.1000,3.6000,3.6000,3.0435,0.5565,0.9762,1.0000,0.9049,1.0000,1.0000,0.5432,0.0000,0.1546,2.0918
2021102100,1205,47803,Noah Fant,7,False,chip_release,inline,1.8000,3.4000,3.4000,2.4244,0.9756,0.9443,1.0000,0.7772,1.0000,1.0000,0.9213,0.0000,0.4032,1.7448
2021102100,1695,47803,Noah Fant,7,False,chip_release,inline,2.1000,2.7000,2.7000,2.5515,0.1485,0.8200,0.3706,0.9095,1.0000,1.0000,0.1218,1.0000,0.4224,2.1305
2021102100,1753,43370,Austin Hooper,7,False,chip_release,inline,1.6000,3.2000,3.2000,2.2525,0.9475,0.9186,0.6743,1.0000,1.0000,1.0000,0.8704,1.0000,0.3698,1.9621
2021102100,1820,43370,Austin Hooper,7,False,chip_release,inline,1.1000,3.8000,3.8000,3.1427,0.6573,1.0000,1.0000,1.0000,1.0000,1.0000,0.6573,1.0000,0.3728,1.8783
2021102100,1871,47803,Noah Fant,7,False,chip_release,inline,2.0000,3.5000,,2.6261,0.8739,0.7940,1.0000,0.1758,1.0000,1.0000,0.6939,0.0000,0.2305,2.1177
2021102100,1966,47803,Noah Fant,7,False,chip_release,inline,1.6000,2.7000,2.7000,3.4295,-0.7295,0.9950,1.0000,0.9798,1.0000,1.0000,-0.7258,1.0000,0.1296,1.8643
2021102100,2381,43370,Austin Hooper,7,False,chip_release,inline,1.6000,3.1000,,3.4901,-0.3901,0.7963,0.4755,0.7098,1.0000,1.0000,-0.3107,0.0000,0.4921,2.5394
2021102100,2381,52523,Harrison Bryant,7,False,chip_release,inline,1.3000,3.1000,,3.4911,-0.3911,1.0000,1.0000,1.0000,1.0000,1.0000,-0.3911,0.0000,0.5503,2.4742
2021102100,2405,52523,Harrison Bryant,7,False,chip_release,backfield,1.1000,3.5000,,3.3464,0.1536,1.0000,1.0000,1.0000,1.0000,1.0000,0.1536,0.0000,0.0797,2.8085
2021102100,3304,44987,Eric Saubert,7,False,chip_release,inline,2.7000,3.4000,,3.7960,-0.3960,1.0000,1.0000,1.0000,1.0000,1.0000,-0.3960,0.0000,0.6232,2.9009
2021102100,3394,44987,Eric Saubert,7,False,chip_release,inline,2.3000,3.1000,3.1000,2.7092,0.3908,1.0000,1.0000,1.0000,1.0000,1.0000,0.3908,0.0000,0.0000,1.5865
2021102100,3673,43370,Austin Hooper,7,False,chip_release,wing,2.1000,3.3000,,2.9619,0.3381,1.0000,1.0000,1.0000,1.0000,1.0000,0.3381,0.0000,0.5037,2.4889
2021102400,385,46155,Mark Andrews,7,False,chip_release,inline,2.0000,4.4000,4.4000,2.8001,1.5999,1.0000,1.0000,1.0000,1.0000,1.0000,1.5999,1.0000,0.3823,2.4504
2021102400,3152,47852,Josh Oliver,7,False,chip_release,detached,1.1000,3.9000,3.9000,2.8058,1.0942,1.0000,1.0000,1.0000,1.0000,1.0000,1.0942,0.0000,0.3721,2.5482
2021102400,3392,46155,Mark Andrews,7,False,chip_release,inline,2.6000,3.0000,3.0000,3.0627,-0.0627,1.0000,1.0000,1.0000,1.0000,1.0000,-0.0627,1.0000,0.2237,2.2532
2021102400,3971,47852,Josh Oliver,7,False,chip_release,inline,1.8000,3.7000,3.7000,3.0515,0.6485,0.6511,1.0000,0.6043,0.0000,1.0000,0.4222,1.0000,0.4952,2.0069
2021102401,234,45635,Robert Tonyan,7,False,chip_release,detached,2.2000,3.0000,3.0000,3.6144,-0.6144,1.0000,1.0000,1.0000,1.0000,1.0000,-0.6144,1.0000,0.7745,1.6570
2021102401,300,45635,Robert Tonyan,7,False,chip_release,inline,1.9000,3.2000,,2.2086,0.9914,0.8294,1.0000,0.3175,1.0000,1.0000,0.8222,0.0000,0.1518,1.1122
2021102401,661,45635,Robert Tonyan,7,False,chip_release,detached,2.2000,2.5000,2.5000,2.6201,-0.1201,0.5983,0.2930,0.1001,1.0000,1.0000,-0.0718,1.0000,0.4959,2.0814
2021102401,893,53553,John Bates,7,False,chip_release,inline,1.0000,4.4000,,4.4052,-0.0052,0.8826,0.5306,1.0000,1.0000,1.0000,-0.0046,0.0000,0.6124,2.9421
2021102401,1007,30842,Marcedes Lewis,7,False,chip_release,inline,1.7000,3.0000,,2.4277,0.5723,0.8121,1.0000,0.2483,1.0000,1.0000,0.4648,0.0000,0.2488,2.2983
2021102401,1899,45481,Ricky Seals-Jones,7,False,chip_release,wing,0.9000,4.6000,,4.2683,0.3317,1.0000,1.0000,1.0000,1.0000,1.0000,0.3317,0.0000,0.4262,1.8342
2021102401,1984,45481,Ricky Seals-Jones,7,False,chip_release,detached,2.2000,4.8000,4.8000,3.3319,1.4681,0.9210,0.6840,1.0000,1.0000,1.0000,1.3521,1.0000,0.3811,2.8701
2021102401,2861,52502,Josiah Deguara,7,False,chip_release,inline,1.8000,2.7000,2.7000,2.5427,0.1573,1.0000,1.0000,1.0000,1.0000,1.0000,0.1573,0.0000,0.2511,2.4368
2021102401,3743,45481,Ricky Seals-Jones,7,False,chip_release,detached,1.8000,3.5000,3.5000,3.1231,0.3769,0.9003,1.0000,0.6012,1.0000,1.0000,0.3393,0.0000,0.2332,1.7111
2021102401,3861,45481,Ricky Seals-Jones,7,False,chip_release,detached,1.6000,2.8000,,2.3376,0.4624,0.6068,1.0000,0.4271,0.0000,1.0000,0.2806,0.0000,0.1118,1.6816
2021102402,483,46094,Hayden Hurst,7,False,chip_release,inline,2.5000,3.6000,3.6000,3.2986,0.3014,0.9290,0.7160,1.0000,1.0000,1.0000,0.2800,1.0000,0.4992,3.0620
2021102402,624,46094,Hayden Hurst,7,False,chip_release,inline,1.0000,2.5000,,3.3842,-0.8842,0.5263,1.0000,0.1050,0.0000,1.0000,-0.4653,0.0000,0.3756,2.5819
2021102402,1327,53433,Kyle Pitts,7,False,chip_release,inline,1.0000,3.6000,3.6000,3.3869,0.2131,0.6350,0.3698,0.1701,1.0000,1.0000,0.1353,0.0000,0.4581,2.8251
2021102402,2594,46094,Hayden Hurst,7,False,chip_release,inline,1.1000,4.5000,4.5000,3.4253,1.0747,1.0000,1.0000,1.0000,1.0000,1.0000,1.0747,1.0000,0.1219,2.9234
2021102402,2755,46094,Hayden Hurst,7,False,chip_release,inline,1.4000,3.2000,3.2000,2.8266,0.3734,1.0000,1.0000,1.0000,1.0000,1.0000,0.3734,1.0000,0.3780,2.3673
2021102403,94,43324,Hunter Henry,7,False,chip_release,inline,1.7000,0.6000,0.6000,3.0393,-2.4393,0.8583,0.4331,1.0000,1.0000,1.0000,-2.0935,0.0000,0.5055,2.3005
2021102403,559,40149,Ryan Griffin,7,False,chip_release,detached,2.5000,4.3000,4.3000,2.6178,1.6822,0.5702,1.0000,0.2807,0.0000,1.0000,0.9591,1.0000,0.4753,1.8209
2021102403,1369,43324,Hunter Henry,7,False,chip_release,detached,1.4000,2.9000,2.9000,2.1366,0.7634,0.7500,1.0000,1.0000,0.0000,1.0000,0.5726,1.0000,0.2447,1.5311
2021102403,1741,47904,Trevon Wesco,7,False,chip_release,inline,2.1000,3.7000,3.7000,2.7182,0.9818,0.8926,1.0000,0.5703,1.0000,1.0000,0.8764,0.0000,0.3646,2.0617
2021102403,2357,47904,Trevon Wesco,7,False,chip_release,inline,0.9000,2.3000,,3.1592,-0.8592,0.7815,0.5784,0.5477,1.0000,1.0000,-0.6715,0.0000,0.3232,1.7324
2021102403,3682,43324,Hunter Henry,7,False,chip_release,detached,2.4000,3.1000,3.1000,2.6672,0.4328,0.7004,1.0000,0.8014,0.0000,1.0000,0.3031,0.0000,0.4100,1.7113
2021102403,3971,43324,Hunter Henry,7,False,chip_release,detached,2.2000,3.7000,3.7000,2.1715,1.5285,0.7314,0.5929,0.3326,1.0000,1.0000,1.1179,0.0000,0.2493,1.8085
2021102404,108,53512,Tommy Tremble,7,False,chip_release,inline,1.2000,2.9000,2.9000,2.7324,0.1676,0.8700,0.4799,1.0000,1.0000,1.0000,0.1458,1.0000,0.3831,2.9374
2021102404,742,37118,Kyle Rudolph,7,False,chip_release,wing,1.9000,2.9000,,3.3982,-0.4982,1.0000,1.0000,1.0000,1.0000,1.0000,-0.4982,0.0000,0.1210,2.7739
2021102404,782,37118,Kyle Rudolph,7,False,chip_release,inline,2.2000,2.4000,,2.1804,0.2196,1.0000,1.0000,1.0000,1.0000,1.0000,0.2196,0.0000,0.6278,3.6732
2021102404,782,47959,Kaden Smith,7,False,chip_release,wing,1.1000,2.4000,,2.1163,0.2837,0.7936,0.5385,0.6359,1.0000,1.0000,0.2252,0.0000,0.8715,3.6722
2021102404,858,44835,Evan Engram,7,False,chip_release,inline,1.5000,3.6000,3.6000,2.5665,1.0335,0.7261,0.3533,0.5511,1.0000,1.0000,0.7504,1.0000,0.8641,4.5481
2021102404,1439,44835,Evan Engram,7,False,chip_release,detached,2.1000,2.3000,2.3000,2.4287,-0.1287,0.9739,0.8955,1.0000,1.0000,1.0000,-0.1253,1.0000,0.5021,2.2735
2021102404,1560,46170,Ian Thomas,7,False,chip_release,inline,1.1000,4.6000,4.6000,3.0281,1.5719,0.9082,1.0000,0.6328,1.0000,1.0000,1.4276,0.0000,0.3606,2.8230
2021102404,1698,53512,Tommy Tremble,7,False,chip_release,wing,2.0000,6.5000,6.5000,3.2492,3.2508,0.8296,1.0000,0.3184,1.0000,1.0000,2.6969,1.0000,0.4954,3.1921
2021102404,2263,44835,Evan Engram,7,False,chip_release,detached,1.9000,2.4000,2.4000,2.8464,-0.4464,0.7606,1.0000,0.0423,1.0000,1.0000,-0.3395,1.0000,0.7762,1.7132
2021102404,3102,44835,Evan Engram,7,False,chip_release,wing,1.1000,3.2000,,3.4905,-0.2905,1.0000,1.0000,1.0000,1.0000,1.0000,-0.2905,0.0000,0.6495,2.2438
2021102404,3880,46170,Ian Thomas,7,False,chip_release,detached,1.3000,3.3000,,2.5331,0.7669,1.0000,1.0000,1.0000,1.0000,1.0000,0.7669,0.0000,0.2431,1.7631
2021102404,3946,53512,Tommy Tremble,7,False,chip_release,detached,1.7000,4.1000,4.1000,2.8213,1.2787,1.0000,1.0000,1.0000,1.0000,1.0000,1.2787,0.0000,0.7537,2.5012
2021102405,481,40011,Travis Kelce,7,False,chip_release,inline,1.6000,6.1000,6.1000,3.3419,2.7581,0.8505,1.0000,0.4018,1.0000,1.0000,2.3456,1.0000,0.5780,1.6855
2021102405,1074,45355,Anthony Firkser,7,False,chip_release,detached,2.2000,2.6000,2.6000,2.6969,-0.0969,0.8502,1.0000,0.4007,1.0000,1.0000,-0.0824,0.0000,0.7547,1.8958
2021102405,1548,42486,MyCole Pruitt,7,False,chip_release,detached,0.9000,3.1000,,2.6790,0.4210,0.8929,1.0000,0.5714,1.0000,1.0000,0.3759,0.0000,0.1232,3.9309
2021102405,2647,42486,MyCole Pruitt,7,False,chip_release,inline,2.4000,2.8000,2.8000,2.9966,-0.1966,0.8881,0.8288,0.7234,1.0000,1.0000,-0.1746,1.0000,0.5202,3.5902
2021102405,2881,40011,Travis Kelce,7,False,chip_release,inline,1.4000,5.8000,5.8000,2.5998,3.2002,1.0000,1.0000,1.0000,1.0000,1.0000,3.2002,1.0000,0.5806,1.7013
2021102405,3714,53591,Noah Gray,7,False,chip_release,detached,1.7000,2.2000,,2.6651,-0.4651,0.6922,0.7689,1.0000,0.0000,1.0000,-0.3220,0.0000,0.1849,1.0592
2021102405,4123,53591,Noah Gray,7,False,chip_release,detached,2.1000,3.2000,,2.2681,0.9319,0.7502,1.0000,0.0008,1.0000,1.0000,0.6991,0.0000,0.2554,2.1078
2021102406,1848,43399,Tyler Higbee,7,False,chip_release,inline,2.7000,3.1000,3.1000,3.4549,-0.3549,0.9350,0.7402,1.0000,1.0000,1.0000,-0.3318,1.0000,0.4908,2.7078
2021102406,2304,43399,Tyler Higbee,7,False,chip_release,inline,2.0000,3.4000,3.4000,2.4952,0.9048,0.7551,0.5268,0.4934,1.0000,1.0000,0.6832,1.0000,0.2617,2.0101
2021102406,2412,43399,Tyler Higbee,7,False,chip_release,inline,2.6000,3.9000,,2.4767,1.4233,0.7787,1.0000,0.1149,1.0000,1.0000,1.1084,0.0000,0.0000,1.0799
2021102406,3350,43399,Tyler Higbee,7,False,chip_release,inline,0.9000,4.7000,,3.0239,1.6761,0.6165,0.3081,0.1579,1.0000,1.0000,1.0333,0.0000,0.1283,2.3875
2021102407,462,47920,Foster Moreau,7,False,chip_release,inline,2.0000,4.2000,,3.0380,1.1620,1.0000,1.0000,1.0000,1.0000,1.0000,1.1620,0.0000,0.6481,2.0246
2021102407,510,47920,Foster Moreau,7,False,chip_release,inline,2.3000,2.4000,2.4000,2.6805,-0.2805,1.0000,1.0000,1.0000,1.0000,1.0000,-0.2805,1.0000,0.4112,1.7724
2021102407,1177,46118,Dallas Goedert,7,False,chip_release,detached,2.1000,3.9000,3.9000,2.8696,1.0304,1.0000,1.0000,1.0000,1.0000,1.0000,1.0304,1.0000,0.7510,2.6540
2021102407,1177,53946,Jack Stoll,7,False,chip_release,inline,1.7000,3.9000,3.9000,2.9290,0.9710,0.9121,0.6484,1.0000,1.0000,1.0000,0.8856,1.0000,0.6456,2.5776
2021102407,1448,47920,Foster Moreau,7,False,chip_release,inline,1.1000,2.1000,2.1000,2.3385,-0.2385,0.7424,0.9696,1.0000,0.0000,1.0000,-0.1771,0.0000,0.1148,1.9035
2021102407,2169,47840,J.J. Arcega-Whiteside,7,False,chip_release,detached,2.2000,5.8000,,3.0309,2.7691,1.0000,1.0000,1.0000,1.0000,1.0000,2.7691,0.0000,0.7386,2.5751
2021102407,2169,53946,Jack Stoll,7,False,chip_release,inline,2.1000,5.8000,,3.4909,2.3091,0.8277,1.0000,0.3107,1.0000,1.0000,1.9112,0.0000,0.6306,2.6080
2021102407,3830,46118,Dallas Goedert,7,False,chip_release,detached,1.5000,5.2000,5.2000,2.7987,2.4013,0.9969,1.0000,0.9876,1.0000,1.0000,2.3939,1.0000,0.4973,1.9118
2021102407,3881,53946,Jack Stoll,7,False,chip_release,inline,1.1000,2.4000,2.4000,2.5509,-0.1509,1.0000,1.0000,1.0000,1.0000,1.0000,-0.1509,1.0000,0.4904,2.2295
2021102408,85,39983,Zach Ertz,7,False,chip_release,inline,2.1000,3.2000,3.2000,3.0881,0.1119,0.9052,0.6208,1.0000,1.0000,1.0000,0.1013,0.0000,0.3737,2.8672
2021102408,922,39983,Zach Ertz,7,False,chip_release,detached,1.4000,2.8000,2.8000,2.4898,0.3102,0.9823,1.0000,0.9293,1.0000,1.0000,0.3048,0.0000,0.4227,1.3325
2021102408,2317,46167,Jordan Akins,7,False,chip_release,inline,2.4000,2.9000,,2.6616,0.2384,0.9462,1.0000,0.7849,1.0000,1.0000,0.2256,0.0000,0.3685,2.0299
2021102408,2451,39983,Zach Ertz,7,False,chip_release,inline,1.2000,2.2000,,3.3965,-1.1965,0.8667,0.4668,1.0000,1.0000,1.0000,-1.0370,0.0000,0.4583,1.9457
2021102408,2520,40615,Demetrius Harris,7,False,chip_release,inline,1.4000,3.1000,,2.6262,0.4738,1.0000,1.0000,1.0000,1.0000,1.0000,0.4738,0.0000,0.3624,2.2623
2021102409,104,42503,Jesse James,7,False,chip_release,inline,1.2000,4.6000,,2.6299,1.9701,0.9958,1.0000,0.9833,1.0000,1.0000,1.9619,0.0000,0.6431,2.9859
2021102409,104,52451,Cole Kmet,7,False,chip_release,detached,2.4000,4.6000,,2.6100,1.9900,0.8578,1.0000,0.4312,1.0000,1.0000,1.7071,0.0000,0.2485,3.0883
2021102409,158,44831,O.J. Howard,7,False,chip_release,inline,1.2000,3.1000,,2.7766,0.3234,1.0000,1.0000,1.0000,1.0000,1.0000,0.3234,0.0000,0.3690,2.3276
2021102409,604,44831,O.J. Howard,7,False,chip_release,inline,2.0000,2.3000,,2.8062,-0.5062,0.7500,1.0000,1.0000,0.0000,1.0000,-0.3797,0.0000,0.1308,2.3144
2021102409,1451,42503,Jesse James,7,False,chip_release,inline,1.6000,2.9000,2.9000,2.6626,0.2374,1.0000,1.0000,1.0000,1.0000,1.0000,0.2374,0.0000,0.3700,2.2852
2021102409,1451,52451,Cole Kmet,7,False,chip_release,detached,2.3000,2.9000,2.9000,2.5447,0.3553,0.9440,1.0000,0.7760,1.0000,1.0000,0.3354,0.0000,0.2684,1.7844
2021102409,1781,44831,O.J. Howard,7,False,chip_release,inline,2.7000,3.2000,,2.6533,0.5467,0.7500,1.0000,1.0000,0.0000,1.0000,0.4100,0.0000,0.1351,2.2432
2021102409,2016,42033,Cameron Brate,7,False,chip_release,detached,2.8000,3.4000,3.4000,2.5758,0.8242,0.9418,1.0000,0.7673,1.0000,1.0000,0.7762,0.0000,0.1164,1.3780
2021102409,2656,42503,Jesse James,7,False,chip_release,inline,2.8000,3.7000,,2.7281,0.9719,0.9552,1.0000,0.8208,1.0000,1.0000,0.9283,0.0000,0.4055,2.0109
2021102409,3507,42503,Jesse James,7,False,chip_release,inline,2.6000,3.7000,3.7000,3.1346,0.5654,0.9990,1.0000,0.9958,1.0000,1.0000,0.5648,1.0000,0.1011,1.8856
2021102409,3507,52451,Cole Kmet,7,False,chip_release,detached,3.1000,3.7000,3.7000,2.2782,1.4218,1.0000,1.0000,1.0000,1.0000,1.0000,1.4218,1.0000,0.3811,1.9542
2021102409,3725,46544,Deon Yelder,7,False,chip_release,inline,2.8000,3.2000,3.2000,2.6790,0.5210,0.7716,1.0000,0.0865,1.0000,1.0000,0.4020,0.0000,0.2236,1.7540
2021102409,3766,42503,Jesse James,7,False,chip_release,inline,1.0000,6.1000,6.1000,3.4773,2.6227,0.9077,0.6307,1.0000,1.0000,1.0000,2.3806,1.0000,0.6291,1.9281
2021102409,3956,42503,Jesse James,7,False,chip_release,inline,1.8000,3.2000,,2.2163,0.9837,0.8305,1.0000,0.3222,1.0000,1.0000,0.8170,0.0000,0.1432,2.1945
2021102410,62,52598,Charlie Woerner,7,False,chip_release,inline,1.1000,3.4000,,3.2570,0.1430,0.8513,0.4050,1.0000,1.0000,1.0000,0.1217,0.0000,0.3254,2.0182
2021102410,141,52598,Charlie Woerner,7,False,chip_release,inline,1.4000,3.2000,,3.0860,0.1140,0.8737,0.4949,1.0000,1.0000,1.0000,0.0996,0.0000,0.4809,2.8714
2021102410,503,44792,Mo Alie-Cox,7,False,chip_release,detached,1.6000,3.0000,3.0000,2.4547,0.5453,1.0000,1.0000,1.0000,1.0000,1.0000,0.5453,1.0000,0.3678,1.8721
2021102410,3287,44792,Mo Alie-Cox,7,False,chip_release,detached,2.3000,3.7000,,3.2045,0.4955,1.0000,1.0000,1.0000,1.0000,1.0000,0.4955,0.0000,0.3752,1.6715
2021102410,3434,40641,Jack Doyle,7,False,chip_release,detached,1.9000,2.7000,2.7000,2.8102,-0.1102,0.8297,1.0000,0.3187,1.0000,1.0000,-0.0914,1.0000,0.3276,1.4784
2021102410,3600,44792,Mo Alie-Cox,7,False,chip_release,inline,1.8000,4.9000,,3.0959,1.8041,0.9588,0.8354,1.0000,1.0000,1.0000,1.7299,0.0000,0.7619,2.4910
2021102410,3781,46331,Ross Dwelley,7,False,chip_release,inline,1.4000,3.1000,3.1000,2.6712,0.4288,1.0000,1.0000,1.0000,1.0000,1.0000,0.4288,0.0000,0.0000,1.5878
2021102410,3882,52598,Charlie Woerner,7,False,chip_release,inline,2.2000,3.0000,,2.8751,0.1249,1.0000,1.0000,1.0000,1.0000,1.0000,0.1249,0.0000,0.1220,1.6935
2021102500,786,52513,Adam Trautman,7,False,chip_release,inline,1.8000,3.8000,3.8000,2.7800,1.0200,0.8582,0.4330,1.0000,1.0000,1.0000,0.8754,1.0000,0.4930,1.8224
2021102500,894,52541,Colby Parkinson,7,False,chip_release,wing,0.9000,3.4000,,2.7359,0.6641,1.0000,1.0000,1.0000,1.0000,1.0000,0.6641,0.0000,0.3320,2.3241
2021102500,1104,44075,Garrett Griffin,7,False,chip_release,wing,2.6000,3.3000,,3.3952,-0.0952,0.9885,1.0000,0.9538,1.0000,1.0000,-0.0941,0.0000,0.3885,2.5534
2021102500,1240,52513,Adam Trautman,7,False,chip_release,inline,1.9000,3.5000,,3.0111,0.4889,1.0000,1.0000,1.0000,1.0000,1.0000,0.4889,0.0000,0.5050,3.2885
2021102500,1751,44856,Gerald Everett,7,False,chip_release,inline,2.0000,4.0000,4.0000,2.7764,1.2236,0.7973,0.8354,0.3539,1.0000,1.0000,0.9756,1.0000,0.4016,3.1028
2021102500,1792,52942,Juwan Johnson,7,False,chip_release,inline,1.3000,2.3000,,2.7262,-0.4262,0.8013,1.0000,0.2054,1.0000,1.0000,-0.3416,0.0000,0.1211,2.3210
2021102500,2625,52513,Adam Trautman,7,False,chip_release,inline,1.2000,4.2000,4.2000,2.7914,1.4086,0.8038,1.0000,0.2151,1.0000,1.0000,1.1322,0.0000,0.1125,2.4985
2021102500,2835,52513,Adam Trautman,7,False,chip_release,inline,3.8000,4.3000,,2.4342,1.8658,0.9707,1.0000,0.8829,1.0000,1.0000,1.8112,0.0000,0.0000,1.8895
2021102500,3238,46189,Will Dissly,7,False,chip_release,inline,1.0000,4.2000,,2.7980,1.4020,0.8846,0.5386,1.0000,1.0000,1.0000,1.2403,0.0000,0.7456,3.0404
2021102500,3424,44856,Gerald Everett,7,False,chip_release,inline,1.7000,1.9000,1.9000,2.3063,-0.4063,1.0000,1.0000,1.0000,1.0000,1.0000,-0.4063,1.0000,0.6653,2.4643
2021102500,3998,44856,Gerald Everett,7,False,chip_release,inline,1.6000,3.3000,3.3000,4.3882,-1.0882,1.0000,1.0000,1.0000,1.0000,1.0000,-1.0882,1.0000,0.3755,4.0018
2021102800,368,30842,Marcedes Lewis,8,False,chip_release,inline,2.5000,3.1000,,3.1368,-0.0368,1.0000,1.0000,1.0000,1.0000,1.0000,-0.0368,1.0000,0.4118,2.4020
2021102800,471,39983,Zach Ertz,8,False,chip_release,detached,1.6000,4.2000,4.2000,2.5513,1.6487,1.0000,1.0000,1.0000,1.0000,1.0000,1.6487,1.0000,0.3995,2.9906
2021102800,1155,39983,Zach Ertz,8,False,chip_release,detached,1.4000,5.0000,5.0000,2.9764,2.0236,1.0000,1.0000,1.0000,1.0000,1.0000,2.0236,1.0000,0.6091,1.7899
2021102800,1489,30842,Marcedes Lewis,8,False,chip_release,inline,3.3000,2.8000,2.8000,2.5675,0.2325,0.8989,1.0000,0.5955,1.0000,1.0000,0.2089,1.0000,0.6120,3.3620
2021102800,1511,30842,Marcedes Lewis,8,False,chip_release,inline,1.6000,2.2000,,2.2077,-0.0077,1.0000,1.0000,1.0000,1.0000,1.0000,-0.0077,0.0000,0.1234,3.4302
2021102800,3052,39983,Zach Ertz,8,False,chip_release,inline,1.5000,2.1000,2.1000,2.8381,-0.7381,0.8634,0.4538,1.0000,1.0000,1.0000,-0.6373,1.0000,0.5077,2.2205
2021102800,3279,53172,Dominique Dafney,8,False,chip_release,wing,1.1000,4.8000,4.8000,3.8375,0.9625,1.0000,1.0000,1.0000,1.0000,1.0000,0.9625,1.0000,0.6365,2.7927
2021102800,3797,39983,Zach Ertz,8,False,chip_release,detached,1.8000,3.7000,,2.3832,1.3168,0.8119,1.0000,0.2477,1.0000,1.0000,1.0692,0.0000,0.1252,1.6160
2021103100,1252,53512,Tommy Tremble,8,False,chip_release,detached,1.9000,3.5000,3.5000,2.9459,0.5541,0.9645,1.0000,0.8581,1.0000,1.0000,0.5345,0.0000,0.2486,2.7711
2021103100,1624,46170,Ian Thomas,8,False,chip_release,inline,1.4000,2.7000,2.7000,2.5776,0.1224,0.8598,0.4392,1.0000,1.0000,1.0000,0.1052,1.0000,0.5978,2.4743
2021103100,1879,46170,Ian Thomas,8,False,chip_release,detached,2.0000,3.5000,3.5000,2.5908,0.9092,1.0000,1.0000,1.0000,1.0000,1.0000,0.9092,0.0000,0.5122,1.8638
2021103100,1908,46170,Ian Thomas,8,False,chip_release,detached,2.3000,3.4000,3.4000,2.9480,0.4520,0.7937,1.0000,0.1746,1.0000,1.0000,0.3588,0.0000,0.2587,2.1478
2021103100,3261,46094,Hayden Hurst,8,False,chip_release,detached,1.3000,2.6000,2.6000,2.3976,0.2024,1.0000,1.0000,1.0000,1.0000,1.0000,0.2024,1.0000,0.7844,2.1439
2021103101,184,44857,Adam Shaheen,8,False,chip_release,inline,3.8000,3.3000,3.3000,3.2511,0.0489,1.0000,1.0000,1.0000,1.0000,1.0000,0.0489,1.0000,0.6200,2.1761
2021103101,1368,44857,Adam Shaheen,8,False,chip_release,inline,1.7000,2.6000,2.6000,3.0991,-0.4991,0.5665,1.0000,0.2659,0.0000,1.0000,-0.2827,0.0000,0.5171,1.9112
2021103101,1582,46111,Mike Gesicki,8,False,chip_release,detached,2.2000,2.6000,,2.9229,-0.3229,0.5841,1.0000,0.3365,0.0000,1.0000,-0.1886,0.0000,0.6231,2.7347
2021103101,1582,46192,Durham Smythe,8,False,chip_release,detached,2.2000,2.6000,,2.6422,-0.0422,0.9353,0.7413,1.0000,1.0000,1.0000,-0.0395,0.0000,0.3739,2.8243
2021103101,2527,48011,Tommy Sweeney,8,False,chip_release,detached,2.0000,4.5000,,2.4935,2.0065,0.8760,1.0000,0.5039,1.0000,1.0000,1.7576,0.0000,0.3527,2.1798
2021103101,2813,48011,Tommy Sweeney,8,False,chip_release,inline,1.5000,2.2000,2.2000,2.5686,-0.3686,0.8260,0.6854,0.6186,1.0000,1.0000,-0.3045,1.0000,0.5365,2.6572
2021103101,3290,48011,Tommy Sweeney,8,False,chip_release,inline,1.1000,2.1000,2.1000,3.2693,-1.1693,0.7152,0.4976,0.3632,1.0000,1.0000,-0.8363,1.0000,0.6074,3.4150
2021103101,3350,44857,Adam Shaheen,8,False,chip_release,inline,2.9000,3.2000,,2.9048,0.2952,1.0000,1.0000,1.0000,1.0000,1.0000,0.2952,1.0000,0.6160,2.2524
2021103102,295,52598,Charlie Woerner,8,False,chip_release,inline,1.4000,8.5000,8.5000,3.3487,5.1513,1.0000,1.0000,1.0000,1.0000,1.0000,5.1513,1.0000,0.3629,3.2366
2021103102,377,42503,Jesse James,8,False,chip_release,inline,1.1000,4.4000,,3.1271,1.2729,1.0000,1.0000,1.0000,1.0000,1.0000,1.2729,0.0000,0.3513,2.5609
2021103102,804,42503,Jesse James,8,False,chip_release,detached,1.5000,3.4000,3.4000,2.5940,0.8060,0.6588,0.4088,0.2263,1.0000,1.0000,0.5310,1.0000,0.4592,1.8319
2021103102,894,52451,Cole Kmet,8,False,chip_release,inline,2.4000,3.3000,3.3000,3.2646,0.0354,1.0000,1.0000,1.0000,1.0000,1.0000,0.0354,1.0000,0.3886,1.7343
2021103102,1083,52451,Cole Kmet,8,False,chip_release,wing,1.1000,3.5000,,3.0203,0.4797,0.7500,1.0000,1.0000,0.0000,1.0000,0.3598,0.0000,0.5541,2.7872
2021103102,1200,52598,Charlie Woerner,8,False,chip_release,inline,2.5000,3.3000,3.3000,3.3976,-0.0976,0.7816,1.0000,0.1263,1.0000,1.0000,-0.0762,0.0000,0.1925,1.7327
2021103102,1646,42503,Jesse James,8,False,chip_release,detached,2.3000,3.5000,3.5000,3.4460,0.0540,1.0000,1.0000,1.0000,1.0000,1.0000,0.0540,1.0000,0.3656,2.0764
2021103102,1716,52451,Cole Kmet,8,False,chip_release,detached,1.4000,2.8000,,2.3985,0.4015,0.8623,1.0000,0.4493,1.0000,1.0000,0.3462,0.0000,0.2539,1.5046
2021103102,2077,42503,Jesse James,8,False,chip_release,inline,1.4000,3.7000,3.7000,3.2167,0.4833,1.0000,1.0000,1.0000,1.0000,1.0000,0.4833,1.0000,0.2226,2.0218
2021103102,3256,42503,Jesse James,8,False,chip_release,detached,1.7000,3.0000,3.0000,2.5913,0.4087,0.7576,1.0000,0.0302,1.0000,1.0000,0.3096,0.0000,0.2692,2.0179
2021103102,3347,42503,Jesse James,8,False,chip_release,inline,1.0000,2.1000,2.1000,3.0158,-0.9158,0.8670,0.4681,1.0000,1.0000,1.0000,-0.7940,1.0000,0.3573,3.1529
2021103102,3651,42503,Jesse James,8,False,chip_release,inline,1.7000,3.3000,,2.0984,1.2016,1.0000,1.0000,1.0000,1.0000,1.0000,1.2016,0.0000,0.1349,1.8470
2021103102,3651,52451,Cole Kmet,8,False,chip_release,inline,2.0000,3.3000,,2.0457,1.2543,0.8161,1.0000,0.2644,1.0000,1.0000,1.0237,0.0000,0.1178,1.7973
2021103102,3962,52451,Cole Kmet,8,False,chip_release,detached,1.6000,4.1000,4.1000,2.7538,1.3462,1.0000,1.0000,1.0000,1.0000,1.0000,1.3462,1.0000,0.7779,1.8815
2021103103,736,44841,David Njoku,8,False,chip_release,inline,1.2000,2.4000,2.4000,2.3086,0.0914,0.9776,1.0000,0.9106,1.0000,1.0000,0.0893,0.0000,0.2435,2.0257
2021103103,1233,43370,Austin Hooper,8,False,chip_release,inline,1.4000,2.9000,2.9000,2.1359,0.7641,1.0000,1.0000,1.0000,1.0000,1.0000,0.7641,0.0000,0.1515,1.8507
2021103103,2955,44841,David Njoku,8,False,chip_release,inline,1.9000,2.9000,,2.9250,-0.0250,1.0000,1.0000,1.0000,1.0000,1.0000,-0.0250,0.0000,0.2808,2.0444
2021103103,3476,52523,Harrison Bryant,8,False,chip_release,wing,1.9000,3.5000,3.5000,3.2247,0.2753,0.9809,0.9236,1.0000,1.0000,1.0000,0.2701,1.0000,0.3670,2.6111
2021103103,3636,52523,Harrison Bryant,8,False,chip_release,wing,1.3000,2.2000,,3.0575,-0.8575,0.8786,0.9481,0.5662,1.0000,1.0000,-0.7534,0.0000,0.2648,2.6924
2021103103,3876,43370,Austin Hooper,8,False,chip_release,inline,1.8000,3.5000,,2.7519,0.7481,0.9037,0.6148,1.0000,1.0000,1.0000,0.6760,0.0000,0.2393,2.1865
2021103103,3876,52523,Harrison Bryant,8,False,chip_release,inline,1.7000,3.5000,,2.8593,0.6407,0.6481,0.4282,0.1640,1.0000,1.0000,0.4152,0.0000,0.2269,2.1067
2021103103,3948,44841,David Njoku,8,False,chip_release,inline,1.8000,5.5000,5.5000,3.1844,2.3156,0.8874,1.0000,0.5498,1.0000,1.0000,2.0549,1.0000,0.4669,3.7229
2021103103,4014,43370,Austin Hooper,8,False,chip_release,inline,2.4000,2.6000,2.6000,2.7425,-0.1425,1.0000,1.0000,1.0000,1.0000,1.0000,-0.1425,1.0000,0.3833,2.2944
2021103104,787,47791,T.J. Hockenson,8,False,chip_release,detached,3.4000,2.8000,2.8000,2.0819,0.7181,0.7500,1.0000,1.0000,0.0000,1.0000,0.5386,1.0000,0.6161,1.8561
2021103104,1073,47791,T.J. Hockenson,8,False,chip_release,inline,2.1000,2.4000,2.4000,2.6450,-0.2450,0.8099,0.9723,0.2672,1.0000,1.0000,-0.1984,0.0000,0.4670,1.5661
2021103104,2108,41327,Richard Rodgers,8,False,chip_release,wing,2.7000,3.8000,,3.4208,0.3792,1.0000,1.0000,1.0000,1.0000,1.0000,0.3792,0.0000,0.7555,2.3467
2021103104,2755,53959,Brock Wright,8,False,chip_release,inline,1.2000,2.5000,2.5000,2.3252,0.1748,1.0000,1.0000,1.0000,1.0000,1.0000,0.1748,1.0000,0.3834,1.3293
2021103104,3275,53959,Brock Wright,8,False,chip_release,inline,1.3000,2.6000,2.6000,2.5933,0.0067,0.8105,1.0000,0.2419,1.0000,1.0000,0.0054,1.0000,0.4022,1.2805
2021103105,166,43399,Tyler Higbee,8,False,chip_release,inline,1.1000,3.0000,3.0000,3.1007,-0.1007,0.6396,0.5304,0.0281,1.0000,1.0000,-0.0644,0.0000,0.3569,2.2693
2021103105,292,43399,Tyler Higbee,8,False,chip_release,inline,0.8000,2.5000,,3.1319,-0.6319,1.0000,1.0000,1.0000,1.0000,1.0000,-0.6319,0.0000,0.3321,2.1813
2021103105,1842,46167,Jordan Akins,8,False,chip_release,inline,2.2000,4.2000,4.2000,2.7141,1.4859,1.0000,1.0000,1.0000,1.0000,1.0000,1.4859,1.0000,0.1251,2.0032
2021103105,2120,46167,Jordan Akins,8,False,chip_release,inline,2.1000,2.0000,2.0000,2.4943,-0.4943,0.7756,1.0000,0.1023,1.0000,1.0000,-0.3834,1.0000,0.5892,1.9154
2021103105,2206,43399,Tyler Higbee,8,False,chip_release,inline,1.5000,1.9000,,2.6701,-0.7701,0.4512,0.2300,0.5749,0.0000,1.0000,-0.3475,0.0000,0.4576,1.8406
2021103105,2333,46167,Jordan Akins,8,False,chip_release,detached,1.8000,2.6000,2.6000,2.5745,0.0255,1.0000,1.0000,1.0000,1.0000,1.0000,0.0255,1.0000,0.7705,1.8741
2021103105,4042,46167,Jordan Akins,8,False,chip_release,detached,1.1000,2.8000,,2.0269,0.7731,0.9510,1.0000,0.8038,1.0000,1.0000,0.7352,0.0000,0.3742,1.7972
2021103106,434,42589,Geoff Swaim,8,False,chip_release,backfield,0.9000,3.5000,3.5000,2.8679,0.6321,0.9956,1.0000,0.9823,1.0000,1.0000,0.6293,0.0000,0.1141,2.3691
2021103106,719,40641,Jack Doyle,8,False,chip_release,detached,2.0000,3.0000,,2.3993,0.6007,0.8619,1.0000,0.4477,1.0000,1.0000,0.5177,0.0000,0.1276,2.3578
2021103106,950,42486,MyCole Pruitt,8,False,chip_release,inline,2.1000,3.1000,3.1000,2.7927,0.3073,0.8283,1.0000,0.3132,1.0000,1.0000,0.2545,1.0000,0.7363,2.0391
2021103106,950,42589,Geoff Swaim,8,False,chip_release,inline,2.1000,3.1000,3.1000,3.0290,0.0710,1.0000,1.0000,1.0000,1.0000,1.0000,0.0710,1.0000,0.5190,1.8877
2021103106,1333,42589,Geoff Swaim,8,False,chip_release,inline,3.0000,4.3000,,3.1550,1.1450,0.7261,0.3120,0.5924,1.0000,1.0000,0.8314,0.0000,0.2384,1.9546
2021103106,1460,42589,Geoff Swaim,8,False,chip_release,detached,2.0000,2.3000,2.3000,2.6127,-0.3127,0.6965,0.2777,0.5083,1.0000,1.0000,-0.2178,1.0000,0.2113,1.3493
2021103106,1524,45355,Anthony Firkser,8,False,chip_release,wing,1.8000,3.3000,,2.7340,0.5660,0.6864,0.4274,0.3184,1.0000,1.0000,0.3885,0.0000,0.2343,4.0771
2021103106,2665,42486,MyCole Pruitt,8,False,chip_release,inline,2.7000,3.6000,,4.7142,-1.1142,1.0000,1.0000,1.0000,1.0000,1.0000,-1.1142,0.0000,0.3898,2.4851
2021103106,2665,45355,Anthony Firkser,8,False,chip_release,inline,2.0000,3.6000,,3.5976,0.0024,1.0000,1.0000,1.0000,1.0000,1.0000,0.0024,0.0000,0.7605,2.6029
2021103106,3261,40641,Jack Doyle,8,False,chip_release,inline,1.8000,3.9000,3.9000,2.9837,0.9163,0.8862,1.0000,0.5449,1.0000,1.0000,0.8121,1.0000,0.4615,1.6411
2021103106,3261,44792,Mo Alie-Cox,8,False,chip_release,inline,1.6000,3.9000,3.9000,3.1730,0.7270,1.0000,1.0000,1.0000,1.0000,1.0000,0.7270,1.0000,0.7033,1.5814
2021103106,3784,45355,Anthony Firkser,8,False,chip_release,detached,2.1000,3.8000,3.8000,2.9664,0.8336,1.0000,1.0000,1.0000,1.0000,1.0000,0.8336,1.0000,0.4968,2.2500
2021103106,4334,45355,Anthony Firkser,8,False,chip_release,detached,2.4000,2.6000,2.6000,2.9734,-0.3735,1.0000,1.0000,1.0000,1.0000,1.0000,-0.3735,1.0000,0.2157,1.3025
2021103106,4561,45355,Anthony Firkser,8,False,chip_release,inline,2.6000,4.0000,4.0000,4.8778,-0.8778,1.0000,1.0000,1.0000,1.0000,1.0000,-0.8778,0.0000,0.4768,2.6070
2021103106,4670,44792,Mo Alie-Cox,8,False,chip_release,inline,1.9000,3.6000,,3.2138,0.3862,0.9347,1.0000,0.7388,1.0000,1.0000,0.3610,0.0000,0.4549,1.8459
2021103107,79,42428,Tyler Kroft,8,False,chip_release,inline,1.3000,3.2000,,3.5476,-0.3476,0.9506,0.8024,1.0000,1.0000,1.0000,-0.3305,0.0000,0.3468,2.7696
2021103107,1101,42428,Tyler Kroft,8,False,chip_release,detached,2.4000,3.4000,3.4000,2.7875,0.6125,0.8029,0.7779,0.4337,1.0000,1.0000,0.4918,1.0000,0.3706,2.7280
2021103107,2425,42500,C.J. Uzomah,8,False,chip_release,inline,2.1000,2.6000,,2.6033,-0.0033,0.7932,1.0000,0.1729,1.0000,1.0000,-0.0026,0.0000,0.2512,2.2008
2021103107,2762,40149,Ryan Griffin,8,False,chip_release,inline,1.5000,3.8000,3.8000,3.1232,0.6768,1.0000,1.0000,1.0000,1.0000,1.0000,0.6768,1.0000,0.3514,2.9187
2021103107,3015,40149,Ryan Griffin,8,False,chip_release,inline,2.2000,3.8000,3.8000,2.1633,1.6367,1.0000,1.0000,1.0000,1.0000,1.0000,1.6367,0.0000,0.1170,1.9819
2021103108,128,34540,Jared Cook,8,False,chip_release,detached,1.2000,2.0000,,2.7520,-0.7520,0.7472,0.8073,0.1816,1.0000,1.0000,-0.5619,0.0000,0.3901,2.3603
2021103108,341,44912,Jonnu Smith,8,False,chip_release,detached,1.3000,3.5000,3.5000,2.7557,0.7443,1.0000,1.0000,1.0000,1.0000,1.0000,0.7443,0.0000,0.0000,1.6042
2021103108,393,44912,Jonnu Smith,8,False,chip_release,inline,2.1000,3.1000,3.1000,2.4571,0.6429,1.0000,1.0000,1.0000,1.0000,1.0000,0.6429,0.0000,0.1044,1.7434
2021103108,1908,43324,Hunter Henry,8,False,chip_release,detached,1.4000,3.7000,3.7000,2.5387,1.1613,1.0000,1.0000,1.0000,1.0000,1.0000,1.1613,0.0000,0.2686,1.4242
2021103108,1932,43324,Hunter Henry,8,False,chip_release,detached,2.3000,2.6000,,2.7184,-0.1184,0.8689,1.0000,0.4754,1.0000,1.0000,-0.1028,0.0000,0.2639,1.5524
2021103108,3185,34540,Jared Cook,8,False,chip_release,detached,1.6000,3.7000,3.7000,2.7933,0.9067,1.0000,1.0000,1.0000,1.0000,1.0000,0.9067,0.0000,0.3848,2.4093
2021103108,3252,34540,Jared Cook,8,False,chip_release,detached,2.1000,3.1000,3.1000,2.5805,0.5195,0.9638,1.0000,0.8552,1.0000,1.0000,0.5007,0.0000,0.3478,1.6373
2021103108,3386,34540,Jared Cook,8,False,chip_release,detached,1.7000,2.3000,2.3000,2.5644,-0.2644,1.0000,1.0000,1.0000,1.0000,1.0000,-0.2644,1.0000,0.3696,2.1429
2021103108,3872,34540,Jared Cook,8,False,chip_release,detached,1.3000,2.6000,2.6000,2.7856,-0.1856,1.0000,1.0000,1.0000,1.0000,1.0000,-0.1856,1.0000,0.4967,1.6008
2021103108,3919,34540,Jared Cook,8,False,chip_release,detached,1.8000,3.0000,3.0000,2.8310,0.1690,0.9864,1.0000,0.9457,1.0000,1.0000,0.1667,0.0000,0.2418,2.2848
2021103108,3989,48456,Donald Parham,8,False,chip_release,inline,1.3000,3.2000,,2.9785,0.2215,0.8927,1.0000,0.5707,1.0000,1.0000,0.1977,0.0000,0.2348,1.5767
2021103108,4065,34540,Jared Cook,8,False,chip_release,detached,1.4000,3.3000,3.3000,2.8199,0.4801,1.0000,1.0000,1.0000,1.0000,1.0000,0.4801,0.0000,0.3861,1.8619
2021103109,734,44856,Gerald Everett,8,False,chip_release,inline,1.2000,2.1000,,2.4000,-0.3000,0.7500,1.0000,1.0000,0.0000,1.0000,-0.2250,0.0000,0.5140,2.2072
2021103109,2869,45785,Dan Arnold,8,False,chip_release,inline,2.5000,2.4000,2.4000,2.3230,0.0770,0.7749,1.0000,0.0998,1.0000,1.0000,0.0597,1.0000,0.5072,2.6685
2021103109,2977,44856,Gerald Everett,8,False,chip_release,inline,1.9000,2.8000,,3.1887,-0.3887,1.0000,1.0000,1.0000,1.0000,1.0000,-0.3887,0.0000,0.2493,2.3063
2021103109,3276,45785,Dan Arnold,8,False,chip_release,detached,2.3000,2.9000,2.9000,3.0214,-0.1214,1.0000,1.0000,1.0000,1.0000,1.0000,-0.1214,1.0000,0.2743,2.1319
2021103110,530,52526,Albert Okwuegbunam,8,False,chip_release,inline,2.4000,3.1000,,2.6876,0.4124,1.0000,1.0000,1.0000,1.0000,1.0000,0.4124,0.0000,0.1147,3.0469
2021103110,599,45481,Ricky Seals-Jones,8,False,chip_release,detached,2.0000,2.8000,2.8000,3.2771,-0.4771,0.9092,0.9528,0.6841,1.0000,1.0000,-0.4338,1.0000,0.8731,2.9420
2021103110,1111,45481,Ricky Seals-Jones,8,False,chip_release,inline,0.9000,3.0000,,3.2794,-0.2794,0.9679,0.8714,1.0000,1.0000,1.0000,-0.2705,0.0000,0.1856,1.9538
2021103110,1227,45481,Ricky Seals-Jones,8,False,chip_release,inline,2.1000,3.1000,,2.6052,0.4948,0.7647,1.0000,0.0590,1.0000,1.0000,0.3784,0.0000,0.6100,2.9458
2021103110,1372,47803,Noah Fant,8,False,chip_release,inline,1.0000,2.6000,,2.9266,-0.3266,0.9008,0.6031,1.0000,1.0000,1.0000,-0.2942,0.0000,0.2413,1.9876
2021103110,1459,47803,Noah Fant,8,False,chip_release,inline,1.6000,2.6000,2.6000,3.1583,-0.5583,0.8443,1.0000,0.3771,1.0000,1.0000,-0.4713,1.0000,0.6116,1.9313
2021103110,2325,53553,John Bates,8,False,chip_release,wing,1.6000,3.9000,3.9000,3.0505,0.8495,1.0000,1.0000,1.0000,1.0000,1.0000,0.8495,0.0000,0.1246,2.4272
2021103110,3017,47803,Noah Fant,8,False,chip_release,inline,2.0000,3.7000,3.7000,2.4432,1.2568,0.8803,0.5212,1.0000,1.0000,1.0000,1.1064,1.0000,0.5061,1.6793
2021103111,715,52513,Adam Trautman,8,False,chip_release,inline,1.3000,3.4000,3.4000,3.0904,0.3096,0.6908,0.7600,0.0034,1.0000,1.0000,0.2139,0.0000,0.4948,2.8376
2021103111,1448,44831,O.J. Howard,8,False,chip_release,detached,1.4000,3.3000,,2.4319,0.8681,0.9366,1.0000,0.7463,1.0000,1.0000,0.8131,0.0000,0.6334,2.2252
2021103111,1477,44831,O.J. Howard,8,False,chip_release,inline,1.4000,2.7000,,3.5590,-0.8590,1.0000,1.0000,1.0000,1.0000,1.0000,-0.8590,0.0000,0.2703,1.9392
2021103111,1955,42033,Cameron Brate,8,False,chip_release,detached,2.0000,3.3000,3.3000,2.4657,0.8343,0.7904,0.3319,0.8298,1.0000,1.0000,0.6594,1.0000,0.4501,1.7742
2021103111,2717,42033,Cameron Brate,8,False,chip_release,inline,2.2000,3.4000,3.4000,2.7964,0.6036,1.0000,1.0000,1.0000,1.0000,1.0000,0.6036,0.0000,0.5043,1.6454
2021103111,2909,52513,Adam Trautman,8,False,chip_release,inline,1.2000,3.9000,3.9000,2.8782,1.0218,0.9053,0.6214,1.0000,1.0000,1.0000,0.9251,1.0000,0.8765,1.6124
2021103111,3882,44831,O.J. Howard,8,False,chip_release,inline,1.8000,2.7000,2.7000,2.4601,0.2399,0.7505,0.5720,0.4300,1.0000,1.0000,0.1801,0.0000,0.5142,2.2539
2021103111,4342,42033,Cameron Brate,8,False,chip_release,detached,1.9000,3.1000,3.1000,2.5865,0.5135,1.0000,1.0000,1.0000,1.0000,1.0000,0.5135,1.0000,0.2541,2.0916
2021103111,4364,42033,Cameron Brate,8,False,chip_release,detached,2.0000,3.1000,,2.5001,0.5999,0.9006,0.9967,0.6059,1.0000,1.0000,0.5403,0.0000,0.4776,2.2406
2021103111,4429,42033,Cameron Brate,8,False,chip_release,detached,2.3000,2.6000,2.6000,2.7747,-0.1747,0.9683,0.8732,1.0000,1.0000,1.0000,-0.1692,1.0000,0.2609,1.4390
2021103111,4489,42033,Cameron Brate,8,False,chip_release,inline,1.2000,3.0000,3.0000,2.6567,0.3433,0.7500,1.0000,1.0000,0.0000,1.0000,0.2574,0.0000,0.1215,2.1546
2021103111,4515,42033,Cameron Brate,8,False,chip_release,detached,1.6000,2.9000,2.9000,2.6036,0.2964,1.0000,1.0000,1.0000,1.0000,1.0000,0.2964,1.0000,0.4086,2.4537
2021103112,646,37179,Luke Stocker,8,False,chip_release,inline,2.1000,4.0000,4.0000,3.1445,0.8555,1.0000,1.0000,1.0000,1.0000,1.0000,0.8555,0.0000,0.5085,2.5432
2021103112,1113,46206,Dalton Schultz,8,False,chip_release,inline,1.1000,2.6000,2.6000,4.0341,-1.4341,0.9008,0.9264,0.6769,1.0000,1.0000,-1.2918,1.0000,0.2721,1.9375
2021103112,1469,37179,Luke Stocker,8,False,chip_release,inline,0.9000,0.7000,0.7000,3.2528,-2.5528,0.9771,0.9086,1.0000,1.0000,1.0000,-2.4945,0.0000,0.3576,2.4369
2021103112,1831,46206,Dalton Schultz,8,False,chip_release,inline,1.6000,2.9000,2.9000,2.3861,0.5139,0.8739,0.4956,1.0000,1.0000,1.0000,0.4491,1.0000,0.4985,1.9535
2021103112,2050,46206,Dalton Schultz,8,False,chip_release,inline,1.5000,2.4000,,3.2328,-0.8328,0.9884,1.0000,0.9535,1.0000,1.0000,-0.8232,0.0000,0.3881,2.3999
2021103112,2860,46206,Dalton Schultz,8,False,chip_release,inline,1.8000,3.8000,3.8000,2.7021,1.0979,0.8127,0.4723,0.7786,1.0000,1.0000,0.8923,0.0000,0.3052,2.2093
2021103112,3507,46206,Dalton Schultz,8,False,chip_release,inline,1.0000,2.9000,2.9000,2.2827,0.6173,0.8001,0.7524,0.4481,1.0000,1.0000,0.4939,0.0000,0.4981,2.2898
2021103112,4288,46226,Tyler Conklin,8,False,chip_release,inline,1.2000,2.8000,2.8000,2.5358,0.2642,1.0000,1.0000,1.0000,1.0000,1.0000,0.2642,1.0000,0.1191,2.2604
2021103112,4317,46226,Tyler Conklin,8,False,chip_release,inline,8.2000,8.1000,8.1000,2.4112,5.6888,0.5507,1.0000,0.2026,0.0000,1.0000,3.1325,1.0000,0.1290,2.3075
2021103112,4409,46226,Tyler Conklin,8,False,chip_release,inline,1.7000,3.1000,3.1000,2.8408,0.2592,1.0000,1.0000,1.0000,1.0000,1.0000,0.2592,1.0000,0.4921,2.3864
2021110100,775,42460,Blake Bell,8,False,chip_release,inline,1.8000,3.4000,3.4000,2.5341,0.8659,0.8421,0.9917,0.3768,1.0000,1.0000,0.7292,1.0000,0.6562,2.1851
2021110100,917,44835,Evan Engram,8,False,chip_release,detached,2.3000,4.3000,4.3000,3.5404,0.7596,1.0000,1.0000,1.0000,1.0000,1.0000,0.7596,0.0000,0.7465,1.8889
2021110100,1083,37118,Kyle Rudolph,8,False,chip_release,inline,2.1000,0.5000,0.5000,2.7710,-2.2710,1.0000,1.0000,1.0000,1.0000,1.0000,-2.2710,0.0000,0.7597,4.1885
2021110100,1396,42460,Blake Bell,8,False,chip_release,inline,1.1000,4.1000,,3.1618,0.9382,1.0000,1.0000,1.0000,1.0000,1.0000,0.9382,0.0000,0.3777,2.2252
2021110100,1664,37118,Kyle Rudolph,8,False,chip_release,inline,1.6000,2.5000,,3.4621,-0.9621,0.9637,1.0000,0.8549,1.0000,1.0000,-0.9272,0.0000,0.2256,1.9408
2021110100,2032,40011,Travis Kelce,8,False,chip_release,detached,1.6000,7.1000,7.1000,2.8028,4.2972,0.9821,0.9282,1.0000,1.0000,1.0000,4.2201,1.0000,0.6465,2.2694
2021110100,2226,44835,Evan Engram,8,False,chip_release,detached,2.2000,3.5000,3.5000,2.8068,0.6932,0.8760,1.0000,0.5042,1.0000,1.0000,0.6072,1.0000,0.3645,2.3857
2021110100,2643,37118,Kyle Rudolph,8,False,chip_release,detached,2.0000,3.5000,3.5000,3.2857,0.2143,0.9416,1.0000,0.7665,1.0000,1.0000,0.2018,0.0000,0.3678,2.0324
2021110100,2643,44835,Evan Engram,8,False,chip_release,detached,1.7000,3.5000,3.5000,2.8116,0.6884,1.0000,1.0000,1.0000,1.0000,1.0000,0.6884,0.0000,0.6491,2.0133
2021110100,2783,40011,Travis Kelce,8,False,chip_release,inline,1.7000,2.0000,,2.7793,-0.7793,0.9836,1.0000,0.9345,1.0000,1.0000,-0.7666,0.0000,0.6449,1.9983
2021110100,4363,44835,Evan Engram,8,False,chip_release,detached,1.6000,3.9000,3.9000,2.6763,1.2237,0.8108,1.0000,0.2432,1.0000,1.0000,0.9921,1.0000,0.6479,1.9315
2021110100,4433,44835,Evan Engram,8,False,chip_release,detached,1.8000,2.7000,2.7000,2.8113,-0.1113,1.0000,1.0000,1.0000,1.0000,1.0000,-0.1113,1.0000,0.6328,2.2323
