gameId,playId,nflId,displayName,officialPosition,is_te,possessionTeam,week,is_train,prePenaltyPlayResult,d_throw,t_hat,tau,catch_depth,nd_dist,nd_dx,n_def_5,n_def_10,n_cone,sideline_dist,ytg_catch,nd_closing,rec_s,rec_vx,rec_a,yac_est,yac_clip,flag_implausible,runway,runway_plus,momentum,yacoe
2021090900,137,42347,Amari Cooper,WR,False,DAL,1,True,28,22.4422,1.0672,0.5672,16.9297,6.2759,-6.0318,0,2,0,6.0572,80.8903,-1.4296,8.03,7.4042,1.87,11.0703,11.0703,False,9.157,13.3924,4.2353,-2.3221
2021090900,187,46206,Dalton Schultz,TE,True,DAL,1,True,5,13.1502,0.6253,0.1253,7.0979,1.7726,0.4399,1,3,0,23.6208,61.1121,-0.0623,2.27,-0.7349,4.03,-2.0979,-2.0979,False,4.6635,1.3018,-3.3617,-3.3997
2021090900,410,41233,Mike Evans,WR,False,TB,1,True,10,13.042,0.6202,0.1202,7.9709,2.2361,1.9175,1,2,1,21.5866,82.2791,2.8983,6.77,4.4174,0.67,2.0291,2.0291,False,1.7166,3.2483,1.5316,-1.2192
2021090900,456,35481,Rob Gronkowski,TE,True,TB,1,True,19,16.8349,0.8006,0.3006,14.8951,1.9432,-1.9428,2,2,1,25.9468,64.3649,-0.5389,7.61,6.7378,2.06,4.1049,4.1049,False,7.5931,10.0037,2.4107,-5.8989
2021090900,480,35634,Antonio Brown,WR,False,TB,1,True,28,24.9767,1.1877,0.6877,13.5296,3.7551,-0.2966,1,1,0,6.3003,46.4704,-2.1403,6.39,4.1872,0.91,14.4704,14.4704,False,6.5653,9.5376,2.9722,4.9328
2021090900,509,35634,Antonio Brown,WR,False,TB,1,True,16,25.5128,1.2132,0.7132,14.279,2.8006,2.6674,1,2,1,3.1042,17.981,-0.5128,3.35,1.4147,5.16,1.721,1.721,False,-2.9807,-2.5292,0.4515,4.2502
2021090900,559,44896,Chris Godwin,WR,False,TB,1,True,8,20.2878,0.9648,0.4648,7.8119,2.997,2.9969,1,4,3,15.1357,6.4981,1.2265,0.66,-0.5554,3.46,0.1881,0.1881,False,1.3336,-0.5025,-1.8361,0.6906
2021090900,583,44896,Chris Godwin,WR,False,TB,1,True,5,11.6411,0.5536,0.0536,9.1832,1.8324,-0.8954,2,5,0,21.2651,0.0,-0.1788,7.37,5.2863,0.49,-4.1832,-4.1832,True,-3.6175,-3.7037,-0.0862,-0.4795
2021090900,687,46150,Michael Gallup,WR,False,DAL,1,True,12,20.8573,0.9918,0.4918,8.1094,1.2435,0.384,1,2,0,17.003,48.5106,0.896,6.38,2.7436,1.65,3.8906,3.8906,False,3.8557,5.1328,1.2771,-1.2423
2021090900,735,46150,Michael Gallup,WR,False,DAL,1,True,8,16.2026,0.7705,0.2705,8.7872,2.7688,-0.8359,1,3,1,0.0,28.2428,4.2729,2.2,0.1006,2.74,-0.7872,-0.7872,False,3.942,3.1878,-0.7542,-3.975
2021090900,764,45532,Blake Jarwin,TE,True,DAL,1,True,7,10.5067,0.4996,0.0,0.73,6.4444,2.3,0,3,1,13.98,28.15,0.1909,6.16,1.0125,0.94,6.27,6.27,False,7.4145,7.7339,0.3194,-1.4639
2021090900,788,52425,CeeDee Lamb,WR,False,DAL,1,True,22,21.806,1.037,0.537,-1.9215,3.2291,3.1165,1,1,1,7.7026,24.9615,3.1381,0.79,0.4256,3.73,23.9215,23.9215,False,3.0815,2.963,-0.1185,20.9584
2021090900,869,35634,Antonio Brown,WR,False,TB,1,True,27,17.5203,0.8332,0.3332,13.9146,7.0951,7.0951,0,2,1,21.3772,58.2154,3.2865,7.16,4.3963,2.61,13.0854,13.0854,False,3.887,3.9235,0.0366,9.1618
2021090900,1078,47911,Tony Pollard,RB,False,DAL,1,True,5,9.0554,0.4306,0.0,4.31,2.7866,2.47,1,5,1,22.74,89.63,5.559,5.09,3.5486,1.82,0.69,0.69,False,0.9345,3.4259,2.4914,-2.7359
2021090900,1203,35481,Rob Gronkowski,TE,True,TB,1,True,5,12.2539,0.5827,0.0827,5.8266,0.3491,-0.1229,2,5,1,24.8704,43.0434,3.2044,1.08,0.8046,2.67,-0.8266,-0.8266,False,-0.6321,-0.4799,0.1522,-0.3467
2021090900,1227,44896,Chris Godwin,WR,False,TB,1,True,19,12.9725,0.6169,0.1169,3.1388,6.0315,3.1318,0,3,1,11.1094,40.6612,-1.9252,7.68,1.8723,1.74,15.8612,15.8612,False,6.7723,7.5816,0.8093,8.2796
2021090900,1267,44896,Chris Godwin,WR,False,TB,1,True,17,22.8148,1.0849,0.5849,15.2058,2.8061,1.4778,1,3,0,18.0463,9.5642,1.8159,2.99,0.1638,1.96,1.7942,1.7942,False,3.2705,0.8566,-2.4139,0.9376
2021090900,1312,35481,Rob Gronkowski,TE,True,TB,1,True,2,7.794,0.3706,0.0,2.88,2.0797,-1.51,3,7,1,16.37,1.01,-0.4302,4.88,3.8731,2.2,-0.88,-0.88,False,-0.6904,1.9801,2.6706,-2.8601
2021090900,1368,52425,CeeDee Lamb,WR,False,DAL,1,True,22,19.4513,0.925,0.425,13.9793,2.0125,1.5547,1,4,2,19.5148,61.1107,1.6825,6.64,2.869,4.74,8.0207,8.0207,False,2.2898,2.0788,-0.211,5.9419
2021090900,1425,45532,Blake Jarwin,TE,True,DAL,1,True,6,10.4582,0.4973,0.0,6.58,1.3556,1.26,1,3,1,0.84,32.86,1.8002,4.26,0.7192,3.8,-0.58,-0.58,False,-0.1534,0.3231,0.4765,-0.9031
2021090900,1563,42347,Amari Cooper,WR,False,DAL,1,True,4,20.7107,0.9849,0.4849,4.2054,4.7105,4.7046,1,2,2,15.1838,13.6046,0.4149,1.85,0.1554,2.83,-0.2054,-0.2054,False,1.8636,2.3936,0.53,-2.599
2021090900,1726,46277,Cedrick Wilson,WR,False,DAL,1,True,13,17.7249,0.8429,0.3429,12.9893,3.3178,3.1259,1,2,1,25.3424,12.9507,2.3377,3.52,2.7978,3.98,0.0107,0.0107,False,2.7923,3.4683,0.676,-3.4576
2021090900,1776,42347,Amari Cooper,WR,False,DAL,1,True,5,22.5644,1.073,0.573,8.5954,1.6414,1.6314,1,1,1,0.9238,0.0,-1.3598,3.48,1.772,5.0,-3.5954,-3.5954,True,-4.0554,-2.4854,1.57,-1.11
2021090900,2008,44896,Chris Godwin,WR,False,TB,1,True,10,11.838,0.5629,0.0629,5.2015,6.7081,-6.6054,0,6,1,26.5026,51.9585,-1.5838,2.28,2.0896,5.22,4.7985,4.7985,False,5.7858,4.0007,-1.7851,0.7978
2021090900,2032,35634,Antonio Brown,WR,False,TB,1,True,47,32.8492,1.5621,1.0621,34.1994,3.3657,-3.2034,1,1,0,4.9327,14.1406,-0.4519,9.34,9.3395,0.69,12.8006,12.8006,False,13.059,14.2046,1.1456,-1.404
2021090900,2088,42347,Amari Cooper,WR,False,DAL,1,True,11,16.5915,0.789,0.289,7.7819,3.7524,3.0327,1,3,1,13.308,67.2881,2.8557,5.15,3.882,2.39,3.2181,3.2181,False,0.8862,3.8705,2.9843,-0.6524
2021090900,2129,46150,Michael Gallup,WR,False,DAL,1,True,8,28.1273,1.3376,0.8376,11.1899,2.1208,2.1206,1,2,1,0.6076,53.2501,-1.3081,0.88,-0.7523,5.12,-3.1899,-3.1899,True,-1.8514,-1.3734,0.4779,-1.8165
2021090900,2169,42347,Amari Cooper,WR,False,DAL,1,True,7,21.2633,1.0111,0.5111,7.4576,5.5077,5.4155,0,2,1,4.0375,31.5324,-0.309,2.1,-0.2981,3.48,-0.4576,-0.4576,False,1.1781,1.7893,0.6112,-2.247
2021090900,2233,52425,CeeDee Lamb,WR,False,DAL,1,True,10,19.4061,0.9228,0.4228,6.3667,3.4594,1.12,1,1,0,14.9648,25.6233,2.9156,1.67,-0.6226,2.5,3.6333,3.6333,False,2.8562,1.3326,-1.5236,2.3006
2021090900,2530,46206,Dalton Schultz,TE,True,DAL,1,True,5,17.0489,0.8107,0.3107,1.912,7.7184,7.4539,0,1,1,4.2969,74.018,0.5214,4.82,-0.3799,2.58,3.088,3.088,False,5.5026,4.6288,-0.8738,-1.5408
2021090900,2554,42347,Amari Cooper,WR,False,DAL,1,True,16,19.869,0.9448,0.4448,9.7375,4.0682,-2.2834,1,2,1,9.3366,59.9325,-3.0456,7.8,3.9059,4.09,6.2625,6.2625,False,5.6414,6.302,0.6606,-0.0396
2021090900,2632,42347,Amari Cooper,WR,False,DAL,1,True,14,21.4031,1.0178,0.5178,15.2896,0.6884,-0.296,1,2,0,24.9203,33.6004,-2.7518,6.99,2.9541,3.67,-1.2896,-1.2896,False,1.9768,2.835,0.8583,-4.1247
2021090900,2735,42347,Amari Cooper,WR,False,DAL,1,True,4,25.8553,1.2295,0.7295,8.238,3.6012,3.4776,2,2,1,4.4079,5.052,0.9914,2.33,0.7785,6.41,-4.238,-4.238,True,-1.1406,-0.4644,0.6762,-3.7736
2021090900,2780,43293,Ezekiel Elliott,RB,False,DAL,1,True,3,11.6515,0.5541,0.0541,2.6662,5.5964,1.3481,0,2,1,4.5297,2.8738,0.8302,7.14,1.2251,2.3,0.3338,0.3338,False,1.4643,1.8702,0.406,-1.5365
2021090900,3062,35481,Rob Gronkowski,TE,True,TB,1,True,20,20.8526,0.9916,0.4916,14.9002,1.041,0.5127,1,1,0,4.3661,21.5998,0.1346,8.02,6.9775,1.59,5.0998,5.0998,False,3.7198,10.1486,6.4288,-5.0489
2021090900,3110,44816,Leonard Fournette,RB,False,TB,1,True,2,9.4581,0.4498,0.0,-1.17,4.7047,4.33,1,2,1,14.7,14.34,2.2985,5.91,0.0124,1.0,3.17,3.17,False,7.1854,5.1784,-2.007,-2.0084
2021090900,3134,35481,Rob Gronkowski,TE,True,TB,1,True,11,9.4861,0.4511,0.0,1.04,2.4391,-1.29,2,6,1,25.55,10.05,-0.7369,5.52,5.3062,1.32,9.96,9.96,False,4.3298,8.3418,4.012,1.6182
2021090900,3216,45532,Blake Jarwin,TE,True,DAL,1,True,7,14.2393,0.6771,0.1771,7.1725,4.508,2.0193,1,3,1,19.0652,55.1575,7.8508,5.21,2.4419,2.3,-0.1725,-0.1725,False,2.1626,1.504,-0.6587,-1.6765
2021090900,3261,46206,Dalton Schultz,TE,True,DAL,1,True,10,12.5374,0.5962,0.0962,5.574,2.7035,1.7291,1,4,0,22.6327,47.586,1.0988,0.91,-0.0624,2.86,4.426,4.426,False,3.8749,1.8127,-2.0622,2.6133
2021090900,3306,52425,CeeDee Lamb,WR,False,DAL,1,True,9,17.3268,0.824,0.324,3.2561,5.0717,2.2544,0,3,0,12.8425,38.6039,0.8662,1.27,0.3274,4.37,5.7439,5.7439,False,7.0537,5.5881,-1.4656,0.1558
2021090900,3330,46206,Dalton Schultz,TE,True,DAL,1,True,6,14.0677,0.669,0.169,5.6051,1.692,-0.4165,1,1,0,7.0885,27.6649,0.2178,8.06,-0.2068,0.86,0.3949,0.3949,False,6.2915,2.6905,-3.6009,-2.2956
2021090900,3406,42347,Amari Cooper,WR,False,DAL,1,True,21,22.408,1.0656,0.5656,19.4811,1.8275,-1.7388,1,1,0,14.3143,1.5889,-0.3323,8.72,7.3926,2.49,1.5189,1.5189,False,-0.5942,0.5791,1.1733,0.9398
2021090900,3462,44816,Leonard Fournette,RB,False,TB,1,True,10,9.0029,0.4281,0.0,-2.99,7.4059,-3.32,0,3,1,18.34,78.32,-5.6903,6.16,0.4726,1.47,12.99,12.99,False,7.8998,6.9912,-0.9086,5.9988
2021090900,3588,41233,Mike Evans,WR,False,TB,1,True,5,14.5028,0.6897,0.1897,4.7934,2.1229,0.5818,3,3,1,11.8986,47.0266,2.4171,4.24,-0.3511,3.02,0.2066,0.2066,False,0.3809,0.3754,-0.0055,-0.1688
2021090900,3793,35481,Rob Gronkowski,TE,True,TB,1,True,7,14.5445,0.6916,0.1916,2.5157,8.6465,7.5819,0,1,1,13.4085,60.9243,-0.3318,3.63,0.3952,1.68,4.4843,4.4843,False,9.1122,10.7454,1.6333,-6.2612
2021090900,3862,44816,Leonard Fournette,RB,False,TB,1,True,7,20.8725,0.9926,0.4926,3.6347,0.781,0.6848,1,1,1,2.9565,37.1353,2.1255,1.7,1.654,3.95,3.3653,3.3653,False,-0.5982,-0.3004,0.2979,3.6657
2021090900,3909,41233,Mike Evans,WR,False,TB,1,True,9,12.0153,0.5714,0.0714,5.4414,5.5129,1.5429,0,5,1,24.5904,33.6086,1.2586,2.52,1.1401,5.25,3.5586,3.5586,False,4.1622,3.6019,-0.5603,-0.0432
2021090900,3933,44816,Leonard Fournette,RB,False,TB,1,True,7,7.3824,0.3511,0.0,-6.5,7.2589,0.36,0,1,0,18.53,36.46,-6.4458,6.32,2.3112,2.64,13.5,13.5,False,12.7465,13.0018,0.2553,0.4982
2021090900,3962,35634,Antonio Brown,WR,False,TB,1,True,3,8.4065,0.3998,0.0,-6.32,8.8809,0.74,0,1,0,10.1,29.43,-3.9308,7.48,3.6663,2.28,9.32,9.32,False,11.4425,13.7335,2.2909,-4.4135
2021090900,4094,46206,Dalton Schultz,TE,True,DAL,1,True,3,13.1355,0.6246,0.1246,2.3199,6.0999,5.8368,0,2,1,9.194,87.8301,-2.2232,6.07,-0.2415,1.97,0.6801,0.6801,False,9.2149,6.3844,-2.8305,-5.7043
2021090900,4141,52425,CeeDee Lamb,WR,False,DAL,1,True,6,13.7995,0.6562,0.1562,0.4824,5.2652,4.0326,0,1,1,12.2273,81.3076,0.2774,6.65,1.1673,1.55,5.5176,5.5176,False,5.2709,5.0101,-0.2608,0.5075
2021090900,4211,52425,CeeDee Lamb,WR,False,DAL,1,True,23,21.5903,1.0267,0.5267,15.0284,2.4783,-2.336,1,1,0,4.3063,49.9616,-0.828,6.64,6.3193,1.6,7.9716,7.9716,False,8.769,10.8008,2.0318,-2.8292
2021090900,4246,46277,Cedrick Wilson,WR,False,DAL,1,True,9,23.1481,1.1008,0.6008,11.0428,0.943,0.9427,2,4,1,14.0007,63.9672,2.8367,0.54,-0.0952,3.89,-2.0428,-2.0428,False,0.3688,-0.8519,-1.2207,-1.1909
2021090900,4287,52425,CeeDee Lamb,WR,False,DAL,1,True,31,20.4706,0.9734,0.4734,8.2627,2.1202,1.9906,1,2,2,18.2024,58.9873,1.6257,4.54,1.1252,2.44,22.7373,22.7373,False,1.37,0.2093,-1.1607,22.5279
2021090900,4393,43293,Ezekiel Elliott,RB,False,DAL,1,True,0,12.3998,0.5897,0.0897,-8.3182,8.9816,7.5201,0,1,1,11.2729,38.3882,2.7662,5.76,3.8122,1.15,8.3182,8.3182,False,9.4216,11.6635,2.2419,-3.3453
2021090900,4428,42347,Amari Cooper,WR,False,DAL,1,True,10,13.5104,0.6425,0.1425,3.8512,5.4574,5.2533,0,1,1,22.6352,36.8688,3.2043,2.0,-0.0614,4.66,6.1488,6.1488,False,4.2453,3.0687,-1.1766,3.0801
2021090900,4560,39985,Giovani Bernard,RB,False,TB,1,True,4,13.1115,0.6235,0.1235,5.4355,0.929,0.8125,1,1,1,13.1805,62.6445,3.9705,4.95,2.4735,3.54,-1.4355,-1.4355,False,1.1203,2.0274,0.9071,-3.4629
2021090900,4624,35481,Rob Gronkowski,TE,True,TB,1,True,6,11.4892,0.5464,0.0464,-2.3614,8.8968,-2.7827,0,1,0,17.0413,70.3914,-2.5561,4.61,1.6963,1.04,8.3614,8.3614,False,12.0413,13.2862,1.245,-4.9249
2021090900,4653,35481,Rob Gronkowski,TE,True,TB,1,True,20,16.5874,0.7888,0.2888,9.9599,4.5462,0.9248,1,2,0,17.1045,52.3201,0.7464,2.07,1.454,2.67,10.0401,10.0401,False,7.2115,4.5449,-2.6666,5.4952
2021090900,4699,44896,Chris Godwin,WR,False,TB,1,True,24,26.618,1.2658,0.7658,16.6506,0.4493,-0.0307,1,1,0,3.4212,25.3494,0.5069,7.92,7.3397,2.14,7.3494,7.3494,False,6.3712,7.4434,1.0723,-0.094
2021091200,56,46095,Calvin Ridley,WR,False,ATL,1,True,16,19.6375,0.9338,0.4338,15.8693,6.8864,-5.008,0,2,0,18.1724,59.1407,2.3269,3.11,3.0411,4.43,0.1307,0.1307,False,8.9238,6.4667,-2.457,-6.3361
2021091200,122,39975,Cordarrelle Patterson,RB,False,ATL,1,True,1,12.7074,0.6043,0.1043,2.4708,3.9518,2.857,1,2,1,21.0442,41.1092,0.4133,6.1,0.1991,2.99,-1.4708,-1.4708,False,5.6337,4.4473,-1.1864,-5.9181
2021091200,146,46095,Calvin Ridley,WR,False,ATL,1,True,11,14.6962,0.6989,0.1989,6.8292,3.8605,3.7728,1,3,2,10.8677,35.1808,1.5785,6.22,0.9516,3.93,4.1708,4.1708,False,3.9815,2.1704,-1.8112,2.0004
2021091200,231,46095,Calvin Ridley,WR,False,ATL,1,True,12,17.1,0.8132,0.3132,11.2729,4.221,3.5459,1,3,2,23.2828,16.9971,9.1381,6.15,3.6814,4.67,0.7271,0.7271,False,1.8103,2.0458,0.2356,-1.3187
2021091200,303,46094,Hayden Hurst,TE,True,ATL,1,True,7,7.7312,0.3676,0.0,-0.7,6.0394,3.46,0,3,1,19.8,13.68,0.3221,7.02,2.5455,0.65,7.7,7.7,False,7.2719,6.3945,-0.8773,1.3055
2021091200,605,53439,DeVonta Smith,WR,False,PHI,1,True,18,17.854,0.849,0.349,10.6374,2.8248,-0.8972,1,2,0,6.5559,8.2226,-1.1092,8.28,7.1555,2.05,7.3626,7.3626,False,5.8432,11.0324,5.1892,-3.6698
2021091200,705,41808,Keith Smith,FB,False,ATL,1,True,3,6.7951,0.3231,0.0,-2.85,6.2777,0.31,0,4,2,25.33,70.94,-4.2699,6.33,0.2584,0.19,5.85,5.85,False,7.5021,10.409,2.9069,-4.559
2021091200,750,46094,Hayden Hurst,TE,True,ATL,1,True,7,15.4634,0.7353,0.2353,-2.2029,11.8765,11.8677,0,0,0,3.7749,56.2929,2.6819,5.16,3.1319,2.97,9.2029,9.2029,False,5.8301,8.6519,2.8218,0.5511
2021091200,864,53433,Kyle Pitts,TE,True,ATL,1,True,1,9.4417,0.449,0.0,0.56,1.5894,1.31,3,5,3,23.13,22.94,2.2421,5.37,0.4736,2.41,0.44,0.44,False,3.2729,3.5247,0.2519,-3.0847
2021091200,1153,46118,Dallas Goedert,TE,True,PHI,1,True,13,15.1224,0.7191,0.2191,7.0551,2.7422,1.4273,1,1,0,12.1814,76.0549,-0.6611,8.78,1.8944,1.27,5.9449,5.9449,False,4.8128,9.7206,4.9078,-3.7757
2021091200,1182,39983,Zach Ertz,TE,True,PHI,1,True,28,26.6105,1.2654,0.7654,23.2476,12.3252,-11.3995,0,0,0,3.5295,47.0324,-5.1244,8.04,7.091,3.31,4.7524,4.7524,False,17.2237,14.4007,-2.823,-9.6483
2021091200,1326,42469,Mike Davis,RB,False,ATL,1,True,9,10.5919,0.5037,0.0037,-5.626,10.5084,-4.2384,0,0,0,14.3487,79.636,1.2292,3.27,1.0883,1.49,14.626,14.626,False,11.9789,11.3145,-0.6644,3.3115
2021091200,1494,46094,Hayden Hurst,TE,True,ATL,1,True,9,10.8089,0.514,0.014,5.8347,5.5204,5.1476,0,4,2,20.7467,57.5153,4.9682,2.75,2.4784,0.75,3.1653,3.1653,False,3.2784,3.5231,0.2448,-0.3579
2021091200,1558,53439,DeVonta Smith,WR,False,PHI,1,True,8,13.7773,0.6552,0.1552,3.6285,5.082,3.3848,0,4,1,15.2808,71.4015,2.7503,0.59,0.4413,2.28,4.3715,4.3715,False,4.6537,3.7394,-0.9142,0.6321
2021091200,1582,53439,DeVonta Smith,WR,False,PHI,1,True,4,15.9306,0.7576,0.2576,4.9879,1.6562,1.3892,1,2,1,11.4164,62.7321,3.4247,2.5,-1.0565,4.46,-0.9879,-0.9879,False,0.7448,0.5303,-0.2145,-1.5182
2021091200,1606,53439,DeVonta Smith,WR,False,PHI,1,True,19,18.4901,0.8793,0.3793,13.1711,4.4628,-2.4736,1,4,0,12.2581,50.7989,0.6059,2.88,0.0819,0.1,5.8289,5.8289,False,9.0201,8.9461,-0.074,-3.1172
2021091200,1630,53439,DeVonta Smith,WR,False,PHI,1,True,3,19.0986,0.9082,0.4082,4.5035,2.0719,1.0034,1,1,0,2.217,40.1365,-0.4818,7.23,-1.7552,3.19,-1.5035,-1.5035,False,2.0448,-0.3373,-2.3821,-1.1662
2021091200,1732,53579,Kenneth Gainwell,RB,False,PHI,1,True,-3,10.7439,0.5109,0.0109,-6.4797,10.0247,-1.6068,0,0,0,15.6987,48.6897,-8.6759,5.92,1.8628,2.09,3.4797,3.4797,False,13.6731,12.8553,-0.8177,-9.3757
2021091200,1991,53579,Kenneth Gainwell,RB,False,PHI,1,True,9,12.3612,0.5878,0.0878,0.7123,9.9794,-7.8845,0,1,0,13.3839,61.4277,-0.8105,2.0,1.3926,1.8,8.2877,8.2877,False,11.7847,10.4805,-1.3041,-2.1928
2021091200,2121,39983,Zach Ertz,TE,True,PHI,1,True,6,17.4417,0.8294,0.3294,3.1394,7.0581,6.5422,0,2,1,6.5126,47.7706,2.452,5.8,-0.3359,1.95,2.8606,2.8606,False,4.4328,2.6291,-1.8036,0.2315
2021091200,2275,52429,Jalen Reagor,WR,False,PHI,1,True,10,22.8592,1.087,0.587,9.0054,5.4993,3.9858,0,1,1,3.4133,17.0546,6.0892,2.8,2.5814,2.22,0.9946,0.9946,False,1.2739,1.6284,0.3544,-0.6337
2021091200,2321,46118,Dallas Goedert,TE,True,PHI,1,True,12,21.1936,1.0078,0.5078,13.7182,1.6434,0.885,1,3,0,7.3014,2.4818,-0.4961,7.01,2.3792,3.9,-1.7182,-1.7182,False,0.1381,-1.0284,-1.1665,-0.6898
2021091200,2399,46118,Dallas Goedert,TE,True,PHI,1,True,9,21.4944,1.0221,0.5221,13.5188,1.2603,-1.0348,3,4,0,15.8784,0.0,-1.7244,2.85,-0.4237,3.38,-4.5188,-4.5188,True,-6.1388,-5.5234,0.6154,1.0046
2021091200,2675,46095,Calvin Ridley,WR,False,ATL,1,True,5,15.2704,0.7262,0.2262,3.9723,4.0821,3.6776,1,4,1,17.4216,82.2177,2.1286,0.83,-0.2108,4.47,1.0277,1.0277,False,3.6837,2.696,-0.9877,-1.6683
2021091200,2767,52429,Jalen Reagor,WR,False,PHI,1,True,-1,10.0358,0.4772,0.0,-7.62,9.1705,2.29,0,1,0,14.93,76.78,-2.5975,5.73,-0.007,2.59,6.62,6.62,False,10.2126,9.7152,-0.4973,-3.0952
2021091200,2906,47836,Miles Sanders,RB,False,PHI,1,True,5,7.8146,0.3716,0.0,-4.77,5.9193,-1.56,0,2,0,13.68,29.86,-3.6817,4.14,2.9407,0.74,9.77,9.77,False,10.853,11.459,0.6061,-1.689
2021091200,2978,53433,Kyle Pitts,TE,True,ATL,1,True,11,13.791,0.6558,0.1558,2.9057,6.2496,1.6979,0,2,1,8.0679,78.3643,-0.9794,6.05,1.2558,2.21,8.0943,8.0943,False,5.9446,5.9099,-0.0347,2.1845
2021091200,3045,53433,Kyle Pitts,TE,True,ATL,1,True,18,17.0374,0.8102,0.3102,13.0933,1.6684,1.5217,1,4,1,15.3832,77.6967,2.8796,6.95,6.845,3.34,4.9067,4.9067,False,0.099,4.0785,3.9795,0.8283
2021091200,3110,42469,Mike Davis,RB,False,ATL,1,True,21,12.947,0.6157,0.1157,1.7102,7.8383,3.055,0,2,1,8.1431,75.3198,3.019,6.71,4.5831,1.75,19.2898,19.2898,False,6.2624,8.3964,2.1341,10.8934
2021091200,3145,46094,Hayden Hurst,TE,True,ATL,1,True,5,13.859,0.659,0.159,3.2103,7.8924,6.8072,0,2,2,11.7163,82.4197,5.6452,5.57,2.2023,2.08,1.7897,1.7897,False,6.9931,5.5565,-1.4366,-3.7668
2021091200,3416,39975,Cordarrelle Patterson,RB,False,ATL,1,True,12,18.6546,0.8871,0.3871,4.2437,7.1781,7.0959,0,2,1,5.3108,68.0963,0.0456,2.17,-0.0939,4.15,7.7563,7.7563,False,2.8399,2.4239,-0.4159,5.3324
2021091200,3599,53439,DeVonta Smith,WR,False,PHI,1,True,19,28.1015,1.3363,0.8363,14.082,6.9898,-4.0028,0,2,0,19.8513,66.958,-4.164,3.95,-1.3607,2.45,4.918,4.918,False,9.7879,5.2739,-4.514,-0.3559
2021091200,3659,47836,Miles Sanders,RB,False,PHI,1,True,9,10.3154,0.4905,0.0,-1.65,9.5679,-5.14,0,2,0,11.4,63.79,-8.8176,5.75,2.0175,1.86,10.65,10.65,False,8.9412,10.3994,1.4582,0.2506
2021091200,3728,41808,Keith Smith,FB,False,ATL,1,True,6,11.0004,0.5231,0.0231,5.0158,2.9501,2.4189,2,5,1,22.6199,87.0842,2.6942,2.68,0.685,3.16,0.9842,0.9842,False,2.1404,1.1468,-0.9935,-0.1626
2021091200,3752,41808,Keith Smith,FB,False,ATL,1,True,9,17.7358,0.8434,0.3434,7.1698,5.3045,2.2809,0,2,0,18.1763,78.8602,5.9205,4.03,0.6402,2.37,1.8302,1.8302,False,5.9011,4.2479,-1.6532,-2.4178
2021091200,3820,53433,Kyle Pitts,TE,True,ATL,1,True,7,13.7752,0.6551,0.1551,6.8528,3.1064,3.0906,1,4,2,18.1217,70.4072,4.4391,0.61,0.5985,1.18,0.1472,0.1472,False,1.2786,0.7873,-0.4913,-0.6401
2021091200,3928,47836,Miles Sanders,RB,False,PHI,1,True,0,11.6562,0.5543,0.0543,-0.7984,2.6571,2.2592,1,1,1,9.9256,78.7784,6.8944,4.93,0.7653,2.81,0.7984,0.7984,False,2.7866,1.2433,-1.5433,-0.4449
2021091200,3988,42469,Mike Davis,RB,False,ATL,1,True,6,12.8006,0.6087,0.1087,0.0253,8.2989,5.8249,0,1,0,8.623,82.1847,1.1872,6.01,1.3366,1.83,5.9747,5.9747,False,10.3,10.1232,-0.1768,-4.1485
2021091200,4017,42469,Mike Davis,RB,False,ATL,1,True,8,8.2801,0.3937,0.0,3.25,5.4481,-5.22,0,4,1,23.47,74.0,-1.8607,1.99,1.7571,1.8,4.75,4.75,False,9.7822,8.193,-1.5892,-3.443
2021091200,4274,53433,Kyle Pitts,TE,True,ATL,1,True,5,16.7754,0.7977,0.2977,5.4181,1.2897,0.8752,2,2,1,13.5701,49.6719,1.59,6.13,0.4639,4.84,-0.4181,-0.4181,False,0.9937,0.771,-0.2226,-1.1891
2021091201,63,38947,Cole Beasley,WR,False,BUF,1,True,7,12.3199,0.5859,0.0859,2.8093,5.5536,3.835,0,3,1,19.3953,21.2207,2.8126,2.62,-0.1248,2.08,4.1907,4.1907,False,4.672,1.676,-2.996,2.5147
2021091201,406,38947,Cole Beasley,WR,False,BUF,1,True,5,17.8664,0.8496,0.3496,4.3741,3.0543,1.3698,1,2,0,12.1455,77.9259,1.7134,3.55,-0.732,1.9,0.6259,0.6259,False,2.5283,1.4863,-1.0419,-0.8604
2021091201,430,47879,Dawson Knox,TE,True,BUF,1,True,10,20.1248,0.957,0.457,1.8323,7.5897,6.2093,0,1,1,8.1479,75.8177,3.3289,3.94,1.4055,2.94,8.1677,8.1677,False,6.9994,6.7205,-0.2789,1.4472
2021091201,476,35521,Emmanuel Sanders,WR,False,BUF,1,True,16,32.0429,1.5238,1.0238,18.4817,1.719,0.9892,1,1,0,5.4012,49.2683,-0.4193,2.85,0.5194,5.37,-2.4817,-2.4817,False,-0.2617,-1.6884,-1.4267,-0.7933
2021091201,500,42489,Stefon Diggs,WR,False,BUF,1,True,10,19.9291,0.9477,0.4477,12.0373,3.1401,1.5915,1,1,0,0.7498,46.6227,4.5781,1.57,0.396,1.73,-2.0373,-2.0373,False,0.6683,0.5568,-0.1115,-2.594
2021091201,639,47849,Diontae Johnson,WR,False,PIT,1,True,6,15.9458,0.7583,0.2583,5.0591,4.2798,4.2774,1,2,1,10.2411,75.2309,1.5212,6.89,0.19,3.27,0.9409,0.9409,False,3.2212,2.1808,-1.0404,-1.2398
2021091201,856,44874,JuJu Smith-Schuster,WR,False,PIT,1,True,6,17.706,0.842,0.342,-0.9216,5.0898,4.4533,0,1,1,7.6933,88.2816,4.2531,6.38,3.1533,1.83,6.9216,6.9216,False,6.5934,6.4481,-0.1453,0.4735
2021091201,901,44874,JuJu Smith-Schuster,WR,False,PIT,1,True,12,18.211,0.866,0.366,10.9152,4.5519,4.5511,1,3,1,14.1888,68.2248,3.6067,6.22,2.9651,3.36,1.0848,1.0848,False,2.0888,3.1726,1.0838,-2.0878
2021091201,1058,35521,Emmanuel Sanders,WR,False,BUF,1,True,13,20.4184,0.971,0.471,14.6102,2.8498,2.8192,2,2,1,7.8505,61.3698,4.239,7.5,3.6738,4.73,-1.6102,-1.6102,False,1.1765,0.9907,-0.1858,-2.6009
2021091201,1087,38947,Cole Beasley,WR,False,BUF,1,True,4,15.6867,0.746,0.246,4.5168,2.4649,1.1068,2,2,0,15.5728,58.6732,7.4152,2.75,0.922,2.06,-0.5168,-0.5168,False,1.6803,1.5735,-0.1068,-2.0903
2021091201,1148,42489,Stefon Diggs,WR,False,BUF,1,True,7,16.4011,0.7799,0.2799,4.7704,3.7621,3.5491,1,4,2,12.7542,45.2996,0.9017,1.96,-0.2487,3.33,2.2296,2.2296,False,3.0065,1.6659,-1.3406,0.5637
2021091201,1422,44874,JuJu Smith-Schuster,WR,False,PIT,1,True,10,5.5362,0.2633,0.0,-2.36,6.2298,-4.37,0,2,1,13.48,57.83,-7.1394,7.65,2.0971,1.46,12.36,12.36,False,9.5287,10.8122,1.2836,1.5478
2021091201,1548,47879,Dawson Knox,TE,True,BUF,1,True,12,19.445,0.9247,0.4247,12.7361,1.0879,0.7374,1,3,0,25.7865,78.3839,0.9403,6.22,1.592,3.77,-0.7361,-0.7361,False,0.7026,1.058,0.3555,-1.7941
2021091201,1605,38947,Cole Beasley,WR,False,BUF,1,True,10,16.46,0.7827,0.2827,4.8901,6.5078,5.0633,0,2,1,15.6597,83.0999,-1.6434,1.58,0.4249,2.7,5.1099,5.1099,False,7.2606,5.8683,-1.3923,-0.7584
2021091201,1629,47857,Devin Singletary,RB,False,BUF,1,True,5,23.2561,1.1059,0.6059,5.02,1.3232,1.2892,1,2,1,8.9994,73.27,1.6372,1.02,-0.7921,2.66,-0.02,-0.02,False,-0.1147,0.4627,0.5774,-0.4827
2021091201,1653,52536,Gabe Davis,WR,False,BUF,1,True,37,25.9311,1.2331,0.7331,26.5781,1.6987,-1.2692,1,2,0,19.629,49.6119,-1.0289,8.87,8.4136,1.4,10.4219,10.4219,False,15.1261,22.894,7.7678,-12.4721
2021091201,1710,42489,Stefon Diggs,WR,False,BUF,1,True,5,19.6577,0.9348,0.4348,6.4475,1.099,0.7369,1,1,0,4.5579,27.1425,2.5836,2.67,0.6843,2.83,-1.4475,-1.4475,False,1.2566,-0.5668,-1.8233,-0.8808
2021091201,1746,42489,Stefon Diggs,WR,False,BUF,1,True,10,15.0817,0.7172,0.2172,6.9301,1.4257,0.2727,1,1,0,18.9823,21.5799,2.3919,5.67,2.1185,1.46,3.0699,3.0699,False,2.4386,3.8506,1.412,-0.7807
2021091201,1808,38947,Cole Beasley,WR,False,BUF,1,True,8,11.3073,0.5377,0.0377,4.2377,6.6365,6.5399,0,5,1,19.3829,13.1423,3.3985,2.9,1.5299,2.37,3.7623,3.7623,False,5.3329,4.2384,-1.0945,-0.4761
2021091201,1951,52536,Gabe Davis,WR,False,BUF,1,True,3,17.4043,0.8276,0.3276,11.3482,0.7208,-0.7082,1,2,0,18.8044,0.0,-0.1625,6.89,3.5959,3.13,-8.3482,-5.0,True,-4.4,-5.1455,-0.7455,0.1455
2021091201,2209,41236,Eric Ebron,TE,True,PIT,1,True,19,19.6467,0.9343,0.4343,15.8166,5.3894,-3.2812,0,3,0,18.0369,37.6834,7.6718,5.75,1.0745,0.91,3.1834,3.1834,False,5.8219,3.4555,-2.3665,-0.2721
2021091201,2362,42489,Stefon Diggs,WR,False,BUF,1,True,7,19.1261,0.9095,0.4095,4.4586,2.9021,2.8492,1,1,1,7.0679,70.7414,-1.4019,0.9,0.1674,3.94,2.5414,2.5414,False,3.4176,4.0248,0.6072,-1.4834
2021091201,2414,42489,Stefon Diggs,WR,False,BUF,1,True,9,17.8171,0.8473,0.3473,4.1039,1.6397,1.0235,1,2,0,11.25,63.7061,-0.1076,4.92,1.9406,2.15,4.8961,4.8961,False,5.1039,5.0158,-0.088,-0.1197
2021091201,2438,35521,Emmanuel Sanders,WR,False,BUF,1,True,9,10.2368,0.4868,0.0,4.9,5.5502,5.47,0,5,1,22.45,54.88,4.7327,5.62,2.3484,0.34,4.1,4.1,False,2.7203,2.5655,-0.1548,1.5345
2021091201,2731,53484,Pat Freiermuth,TE,True,PIT,1,True,24,17.221,0.8189,0.3189,14.0335,6.1808,-2.0378,0,2,0,26.2408,38.9965,0.1925,3.87,3.5229,2.59,9.9665,9.9665,False,9.7239,9.5157,-0.2082,0.4508
2021091201,2850,53453,Najee Harris,RB,False,PIT,1,True,4,8.2677,0.3932,0.0,1.82,1.221,-0.05,2,6,2,26.22,4.18,1.4692,6.26,0.5674,0.39,2.18,2.18,False,0.5911,0.184,-0.4071,1.996
2021091201,2912,38947,Cole Beasley,WR,False,BUF,1,True,12,13.5124,0.6426,0.1426,3.8448,3.3297,3.1027,1,2,1,19.3256,71.1852,3.1611,1.4,-0.3171,2.2,8.1552,8.1552,False,2.2881,1.1234,-1.1647,7.0318
2021091201,3049,42489,Stefon Diggs,WR,False,BUF,1,True,7,21.8605,1.0395,0.5395,7.5651,2.8044,1.2343,1,1,0,2.7268,42.5249,-0.7255,3.64,-0.528,3.96,-0.5651,-0.5651,False,-0.171,-0.782,-0.6111,0.2169
2021091201,3219,47849,Diontae Johnson,WR,False,PIT,1,True,5,20.3143,0.966,0.466,8.3794,1.3034,-0.7355,1,2,0,9.0962,0.0,-1.1409,5.6,4.2045,2.9,-3.3794,-3.3794,True,-5.0889,-3.4914,1.5975,0.112
2021091201,3431,47879,Dawson Knox,TE,True,BUF,1,True,6,13.512,0.6425,0.1425,7.6575,1.185,1.1627,1,4,1,20.9871,68.3025,5.4904,0.62,0.4034,3.1,-1.6575,-1.6575,False,0.7506,-0.6265,-1.3771,-1.031
2021091201,3584,47857,Devin Singletary,RB,False,BUF,1,True,-2,10.7187,0.5097,0.0097,-1.2022,6.0118,5.7582,0,3,2,11.3036,6.5322,1.8256,5.86,0.8024,1.9,-0.7978,-0.7978,False,4.3142,3.8211,-0.493,-4.6189
2021091201,3709,44874,JuJu Smith-Schuster,WR,False,PIT,1,True,24,18.5303,0.8812,0.3812,14.7594,1.6166,0.0721,1,2,0,10.0194,52.4606,0.0355,7.66,7.5276,1.43,9.2406,9.2406,False,7.2126,13.5891,6.3766,-4.3485
2021091201,3799,52457,Chase Claypool,WR,False,PIT,1,True,14,15.8707,0.7547,0.2547,9.9554,1.0667,-0.1876,1,2,0,17.7933,31.1846,0.3134,8.4,4.1044,1.21,4.0446,4.0446,False,2.944,5.0473,2.1032,-1.0027
2021091201,4033,35521,Emmanuel Sanders,WR,False,BUF,1,True,14,30.6056,1.4554,0.9554,12.9556,3.8879,3.0066,1,1,1,0.7554,51.2444,3.9154,1.69,-0.015,1.46,1.0444,1.0444,False,-0.9751,-0.8353,0.1397,1.8797
2021091201,4074,47879,Dawson Knox,TE,True,BUF,1,True,13,20.3727,0.9688,0.4688,1.8895,15.326,9.6302,0,0,0,6.6977,48.2305,2.1848,4.23,1.8973,2.17,11.1105,11.1105,False,5.9281,7.9263,1.9981,3.1843
2021091201,4156,38947,Cole Beasley,WR,False,BUF,1,True,10,15.3529,0.7301,0.2301,9.1231,6.614,6.4554,0,2,1,23.8172,39.4169,0.562,0.78,0.7525,5.14,0.8769,0.8769,False,5.3651,4.7695,-0.5956,-3.8927
2021091201,4180,42489,Stefon Diggs,WR,False,BUF,1,True,13,30.7104,1.4604,0.9604,17.2347,6.5078,4.6789,0,2,1,1.3298,20.7953,-2.0301,3.56,2.129,4.41,-4.2347,-4.2347,True,1.8259,1.6621,-0.1639,-5.8968
2021091201,4209,47857,Devin Singletary,RB,False,BUF,1,True,5,19.3837,0.9218,0.4218,-0.4279,8.5029,7.9029,0,1,1,3.1507,24.4179,2.832,1.26,1.0719,0.58,5.4279,5.4279,False,11.2747,7.9303,-3.3444,-2.5024
2021091202,88,40149,Ryan Griffin,TE,True,NYJ,1,True,7,12.0061,0.5709,0.0709,1.1551,4.5667,2.8032,1,3,1,9.0104,72.0249,-0.5667,6.58,1.764,1.37,5.8449,5.8449,False,4.7179,6.0849,1.367,-0.2401
2021091202,602,46093,D.J. Moore,WR,False,CAR,1,True,13,21.5985,1.0271,0.5271,9.9656,1.788,1.2286,1,1,0,3.4425,40.4144,-1.1709,3.79,3.5585,4.82,3.0344,3.0344,False,-1.5009,3.2031,4.704,-0.1687
2021091202,664,53488,Terrace Marshall,WR,False,CAR,1,True,8,16.2284,0.7717,0.2717,6.8617,6.6565,3.8484,0,1,0,14.9247,36.1083,6.1158,4.82,0.9263,1.57,1.1383,1.1383,False,6.9203,4.4478,-2.4725,-3.3095
2021091202,688,45785,Dan Arnold,TE,True,CAR,1,True,1,13.1592,0.6258,0.1258,0.9637,4.8755,4.8192,1,2,1,9.5398,33.7063,2.6378,5.88,-1.6405,0.36,0.0363,0.0363,False,4.6061,3.206,-1.4001,-3.1696
2021091202,957,44820,Christian McCaffrey,RB,False,CAR,1,True,9,11.489,0.5463,0.0463,2.9865,1.4679,0.4196,1,5,2,19.1031,77.7835,0.9179,5.58,3.1613,1.8,6.0135,6.0135,False,3.076,5.7642,2.6883,0.2493
2021091202,1021,46093,D.J. Moore,WR,False,CAR,1,True,26,22.4045,1.0654,0.5654,19.7853,5.0678,3.8903,0,1,1,9.2254,51.1447,3.9399,8.31,6.4471,3.71,6.2147,6.2147,False,2.2835,7.1197,4.8363,-0.905
2021091202,1074,46093,D.J. Moore,WR,False,CAR,1,True,27,24.46,1.1632,0.6632,18.8375,1.1484,-1.0368,1,1,0,1.5316,21.0325,-0.8356,8.89,8.5613,1.9,8.1625,8.1625,False,11.3701,13.2545,1.8844,-5.092
2021091202,1241,44817,Corey Davis,WR,False,NYJ,1,True,35,17.341,0.8246,0.3246,13.8558,1.3793,1.2937,2,4,1,19.8573,75.8742,4.1885,8.34,2.2974,3.37,21.1442,21.1442,False,-1.2115,1.0828,2.2944,20.0613
2021091202,1350,44820,Christian McCaffrey,RB,False,CAR,1,True,15,8.643,0.411,0.0,1.55,8.6798,-7.41,0,1,0,16.76,30.31,0.1767,2.25,1.8242,1.4,13.45,13.45,False,12.1975,10.6291,-1.5685,2.8209
2021091202,1519,42428,Tyler Kroft,TE,True,NYJ,1,True,10,15.5445,0.7392,0.2392,2.9318,6.6827,5.6165,0,2,1,5.256,72.3582,3.3791,6.19,2.3068,1.29,7.0682,7.0682,False,4.8162,6.0795,1.2633,0.9887
2021091202,1543,53536,Michael Carter,RB,False,NYJ,1,True,14,12.1302,0.5768,0.0768,2.7282,8.7365,7.701,0,1,1,17.3919,63.5518,0.4945,5.32,1.6687,3.16,11.2718,11.2718,False,8.0403,8.7812,0.7409,2.4906
2021091202,1596,42428,Tyler Kroft,TE,True,NYJ,1,True,10,13.1891,0.6272,0.1272,6.7677,2.679,2.4322,1,4,3,19.0273,46.6523,1.8355,0.67,0.454,2.69,3.2323,3.2323,False,2.9129,1.1229,-1.79,2.1094
2021091202,1696,43808,Robby Anderson,WR,False,CAR,1,True,57,31.4727,1.4966,0.9966,35.7923,5.3605,-1.2388,0,2,0,22.5941,21.2077,-2.5869,9.79,7.6681,1.59,21.2077,21.2077,False,21.0819,19.2793,-1.8027,1.9284
2021091202,1774,46279,Braxton Berrios,WR,False,NYJ,1,True,8,11.3589,0.5402,0.0402,5.6722,4.1569,2.0676,1,3,1,21.5396,70.5978,0.6346,3.89,1.0507,4.3,2.3278,2.3278,False,4.355,3.2481,-1.1069,-0.9203
2021091202,1885,44820,Christian McCaffrey,RB,False,CAR,1,True,14,10.6701,0.5074,0.0074,2.4257,2.4956,-1.2703,1,3,0,19.6168,58.0243,-0.4901,5.02,3.4765,0.93,11.5743,11.5743,False,12.8755,13.2633,0.3878,-1.689
2021091202,1909,44820,Christian McCaffrey,RB,False,CAR,1,True,4,11.504,0.5471,0.0471,1.6342,2.5254,0.5345,1,2,1,11.9566,45.5658,-0.9035,7.94,0.302,0.47,2.3658,2.3658,False,5.0566,7.2479,2.1912,-4.8821
2021091202,1943,45785,Dan Arnold,TE,True,CAR,1,True,5,17.3211,0.8237,0.3237,4.6961,7.1283,7.1282,0,1,1,4.9778,38.9039,-3.284,5.82,-1.0626,3.75,0.3039,0.3039,False,5.1772,2.3296,-2.8476,-2.0257
2021091202,1967,53488,Terrace Marshall,WR,False,CAR,1,True,11,15.2819,0.7267,0.2267,6.5149,5.3527,5.1741,0,2,1,20.3136,31.6051,4.0541,5.28,3.9915,3.72,4.4851,4.4851,False,2.7119,4.5111,1.7992,-0.026
2021091202,1991,44820,Christian McCaffrey,RB,False,CAR,1,True,22,9.2807,0.4413,0.0,3.43,6.3502,5.78,0,2,1,25.89,23.93,3.0565,5.0,2.6452,3.72,18.57,18.57,False,5.1143,7.8022,2.6879,10.7678
2021091202,2428,46170,Ian Thomas,TE,True,CAR,1,True,17,12.325,0.5861,0.0861,2.0743,6.6312,4.0742,0,4,0,19.5247,78.1757,-0.1703,7.96,-0.0667,1.29,14.9257,14.9257,False,11.914,9.1709,-2.7432,5.7549
2021091202,2457,53555,Chuba Hubbard,RB,False,CAR,1,True,1,13.4608,0.6401,0.1401,0.6727,6.5845,4.7401,0,2,2,14.1401,62.7873,1.0863,6.12,1.2327,3.7,0.3273,0.3273,False,7.6455,7.9292,0.2837,-7.6019
2021091202,2586,47969,Ty Johnson,RB,False,NYJ,1,True,11,18.4563,0.8777,0.3777,2.5887,16.4112,14.1548,0,0,0,4.0631,79.9113,6.083,4.43,3.4124,4.09,8.4113,8.4113,False,6.5163,6.4285,-0.0878,1.9828
2021091202,2797,44817,Corey Davis,WR,False,NYJ,1,True,20,28.924,1.3754,0.8754,20.98,4.1603,-0.4547,1,3,0,19.0765,47.93,-1.3687,5.53,3.3126,3.67,-0.98,-0.98,False,6.7748,1.7344,-5.0403,-2.7144
2021091202,2821,40149,Ryan Griffin,TE,True,NYJ,1,True,7,11.0747,0.5266,0.0266,5.3214,1.6064,1.5199,1,2,1,20.4625,44.2586,2.6202,0.93,0.803,1.77,1.6786,1.6786,False,1.3309,1.1957,-0.1352,0.4829
2021091202,2883,40149,Ryan Griffin,TE,True,NYJ,1,True,8,12.7135,0.6046,0.1046,4.2955,1.9781,-1.3065,1,6,1,19.7046,36.2945,3.8237,4.56,2.061,1.91,3.7045,3.7045,False,5.5064,3.6298,-1.8765,0.0746
2021091202,2949,44817,Corey Davis,WR,False,NYJ,1,True,22,40.7298,1.9369,1.4369,30.4312,10.9317,-2.8055,0,0,0,0.2248,0.0,-1.2259,8.95,1.5111,1.77,-8.4312,-5.0,True,-5.983,-2.1849,3.7981,-2.8151
2021091202,3075,46093,D.J. Moore,WR,False,CAR,1,True,7,13.7773,0.6552,0.1552,5.4588,2.2479,1.4058,1,3,0,22.4142,53.8212,1.1852,4.41,3.4082,1.98,1.5412,1.5412,False,3.8444,7.7516,3.9073,-6.2105
2021091202,3512,53555,Chuba Hubbard,RB,False,CAR,1,True,3,10.0706,0.4789,0.0,0.24,4.0877,4.07,1,4,1,14.79,38.76,3.5081,0.69,0.6538,3.91,2.76,2.76,False,3.0234,5.0507,2.0273,-2.2907
2021091202,3536,44820,Christian McCaffrey,RB,False,CAR,1,True,-2,6.3686,0.3028,0.0,-5.49,4.8435,4.35,1,4,1,21.18,41.61,3.8502,6.89,0.5909,0.75,3.49,3.49,False,8.9513,6.9157,-2.0355,-3.4257
2021091202,3635,53463,Elijah Moore,WR,False,NYJ,1,True,22,23.5831,1.1215,0.6215,16.0859,9.2425,5.1136,0,1,0,3.3438,70.9341,4.9889,6.9,6.6874,1.07,5.9141,5.9141,False,2.4472,4.1848,1.7376,1.7293
2021091202,3675,46279,Braxton Berrios,WR,False,NYJ,1,True,15,22.0957,1.0507,0.5507,12.1061,2.8636,0.9246,2,3,0,25.8335,80.3739,6.0241,4.01,0.8645,3.67,2.8939,2.8939,False,2.0262,0.1714,-1.8549,2.7225
2021091202,3699,46279,Braxton Berrios,WR,False,NYJ,1,True,2,17.1052,0.8134,0.3134,4.4158,6.161,5.5411,0,2,1,8.8775,75.3242,5.575,6.55,0.1143,1.56,-2.4158,-2.4158,False,4.6617,1.8225,-2.8392,-4.2384
2021091202,3767,46279,Braxton Berrios,WR,False,NYJ,1,True,25,20.3727,0.9688,0.4688,14.0835,3.1567,-2.1662,1,3,1,21.3735,61.1965,-1.6792,8.15,3.9325,1.7,10.9165,10.9165,False,10.4422,9.5952,-0.8469,1.3212
2021091202,3791,52467,Denzel Mims,WR,False,NYJ,1,True,40,30.6535,1.4577,0.9577,28.0049,6.2448,-5.8373,0,1,0,1.711,22.9651,-0.7375,7.03,7.0012,2.33,11.9951,11.9951,False,14.6992,13.0357,-1.6635,-1.0406
2021091202,3843,44817,Corey Davis,WR,False,NYJ,1,True,12,16.758,0.7969,0.2969,4.4815,9.1514,-6.767,0,1,0,23.9872,15.6985,9.0977,7.55,0.4767,1.02,7.5185,7.5185,False,5.8194,7.3821,1.5628,0.1363
2021091202,3889,44817,Corey Davis,WR,False,NYJ,1,True,8,21.4814,1.0215,0.5215,11.3536,1.2123,0.9002,1,1,1,7.5563,0.0,1.0988,6.63,3.8801,4.01,-3.3536,-3.3536,True,-4.4606,-4.5664,-0.1057,1.2128
2021091203,125,46226,Tyler Conklin,TE,True,MIN,1,True,6,10.3009,0.4898,0.0,4.81,2.7735,2.3,2,5,1,24.53,71.51,0.7538,4.93,0.7738,1.64,1.19,1.19,False,3.7841,3.096,-0.6881,-1.906
2021091203,149,40488,Adam Thielen,WR,False,MIN,1,True,12,21.4118,1.0182,0.5182,12.0019,0.8107,-0.6456,1,2,1,8.4452,58.2881,-0.0587,7.03,3.7087,4.31,-0.0019,-0.0019,False,7.3719,4.9495,-2.4224,-4.9513
2021091203,223,40488,Adam Thielen,WR,False,MIN,1,True,4,12.8243,0.6098,0.1098,4.9236,1.7971,1.2287,1,3,0,20.2372,57.8864,3.1118,0.37,-0.1497,5.82,-0.9236,-0.9236,False,2.4896,-0.6889,-3.1785,-0.2347
2021091203,280,44923,Dede Westbrook,WR,False,MIN,1,True,11,12.5933,0.5989,0.0989,6.2703,8.1116,7.9044,0,3,1,24.9752,65.9597,6.648,6.52,4.049,0.67,4.7297,4.7297,False,4.6204,4.2737,-0.3468,0.4561
2021091203,620,44927,Samaje Perine,RB,False,CIN,1,True,7,7.9155,0.3764,0.0,-5.76,9.3778,2.8,0,1,0,13.4,69.81,0.6925,5.18,3.6191,2.84,12.76,12.76,False,12.5488,13.9269,1.3781,-1.1669
2021091203,672,44853,Dalvin Cook,RB,False,MIN,1,True,9,9.9043,0.471,0.0,-0.42,8.1035,5.72,0,1,0,17.91,90.69,-1.7022,7.57,2.1132,2.88,9.42,9.42,False,10.7936,11.2349,0.4413,-1.8149
2021091203,1041,47885,Alexander Mattison,RB,False,MIN,1,True,4,14.1214,0.6715,0.1715,0.0977,9.4365,9.355,0,1,1,10.8415,65.1323,3.4214,5.89,2.0271,2.91,3.9023,3.9023,False,8.6365,6.6178,-2.0187,-2.7155
2021091203,1086,52430,Justin Jefferson,WR,False,MIN,1,True,17,19.7319,0.9383,0.4383,11.6092,2.9204,0.7906,1,2,0,19.7767,38.3808,0.9836,8.93,1.4354,1.26,5.3908,5.3908,False,4.8266,9.0609,4.2343,-3.6701
2021091203,1258,52584,K.J. Osborn,WR,False,MIN,1,True,25,15.1084,0.7185,0.2185,5.0963,3.2128,2.4744,1,3,1,7.4172,31.7237,-2.2479,6.13,1.9055,1.28,19.9037,19.9037,False,1.3472,3.8389,2.4916,16.0648
2021091203,1414,44860,Joe Mixon,RB,False,CIN,1,True,12,13.7563,0.6542,0.1542,2.545,9.4421,7.5184,0,1,1,11.9519,72.835,0.4919,5.96,0.2267,0.69,9.455,9.455,False,10.4986,9.9546,-0.544,-0.4996
2021091203,1485,53434,Ja'Marr Chase,WR,False,CIN,1,True,17,24.796,1.1791,0.6791,17.7084,4.8144,4.3509,1,2,1,8.3402,44.4516,1.3078,6.72,4.2236,5.46,-0.7084,-0.7084,False,3.2225,1.6542,-1.5683,-2.3626
2021091203,1561,53434,Ja'Marr Chase,WR,False,CIN,1,True,13,24.073,1.1448,0.6448,6.5459,3.0362,2.4954,1,1,1,8.198,36.4441,-2.7168,2.6,0.8777,5.37,6.4541,6.4541,False,3.5634,3.7171,0.1537,2.737
2021091203,1667,52441,Tee Higgins,WR,False,CIN,1,True,2,14.3366,0.6818,0.1818,8.2613,4.9563,-2.8618,1,2,0,17.6448,0.0,4.0263,6.64,2.5378,2.32,-6.2613,-5.0,True,-3.7968,-3.1426,0.6542,-1.8574
2021091203,1745,46226,Tyler Conklin,TE,True,MIN,1,True,8,11.1987,0.5325,0.0325,4.1387,1.8986,0.3234,1,2,0,25.3152,71.0213,-1.3485,5.28,1.497,1.51,3.8613,3.8613,False,7.9691,7.6647,-0.3044,-3.8034
2021091203,1780,42397,Ameer Abdullah,RB,False,MIN,1,True,5,9.5516,0.4542,0.0,-4.19,9.3628,-0.23,0,1,0,12.42,90.1,-1.3666,4.19,3.1613,1.83,9.19,9.19,False,10.7888,15.6833,4.8945,-6.4933
2021091203,1809,46226,Tyler Conklin,TE,True,MIN,1,True,6,9.7972,0.4659,0.0,2.82,1.7119,0.91,1,4,0,25.97,77.84,0.3504,7.3,0.8757,1.38,3.18,3.18,False,4.5152,2.7272,-1.788,0.4528
2021091203,1885,52441,Tee Higgins,WR,False,CIN,1,True,14,19.6729,0.9355,0.4355,10.9951,1.9167,1.1739,1,2,1,16.6849,64.2849,0.1398,6.65,2.3766,4.36,3.0049,3.0049,False,3.426,3.9326,0.5066,-0.9277
2021091203,1909,44860,Joe Mixon,RB,False,CIN,1,True,2,9.4971,0.4516,0.0,1.29,5.8074,5.06,0,4,1,16.85,60.72,-0.0932,6.8,1.0473,3.1,0.71,0.71,False,6.2498,4.4796,-1.7702,-3.7696
2021091203,1938,43344,Tyler Boyd,WR,False,CIN,1,True,9,22.0211,1.0472,0.5472,11.4974,0.7055,0.2444,1,2,0,7.4004,49.2226,-0.2337,7.09,0.5069,2.13,-2.4974,-2.4974,False,2.6123,-0.3183,-2.9307,-2.1791
2021091203,1967,53434,Ja'Marr Chase,WR,False,CIN,1,True,50,28.6232,1.3611,0.8611,24.1135,2.5196,-1.7052,1,1,0,6.3109,26.1565,-1.3035,8.93,8.8528,1.13,25.8865,25.8865,False,14.6734,14.9161,0.2427,10.9704
2021091203,2063,40488,Adam Thielen,WR,False,MIN,1,True,20,28.6132,1.3607,0.8607,19.75,5.882,4.8138,0,2,2,19.3498,60.38,3.5454,6.11,2.4168,3.38,0.25,0.25,False,1.6722,1.5001,-0.1721,-1.2501
2021091203,2104,44923,Dede Westbrook,WR,False,MIN,1,True,8,16.4442,0.782,0.282,7.189,13.1572,9.9432,0,0,0,4.0366,53.041,-1.01,5.37,-0.1809,2.75,0.811,0.811,False,4.7803,2.1356,-2.6447,-1.3246
2021091203,2219,52430,Justin Jefferson,WR,False,MIN,1,True,9,19.1121,0.9088,0.4088,11.836,1.5452,1.4139,1,1,1,0.6521,58.934,1.9086,3.56,-2.9448,1.26,-2.836,-2.836,False,0.971,-1.7805,-2.7515,-1.0555
2021091203,2376,44860,Joe Mixon,RB,False,CIN,1,True,4,8.4574,0.4022,0.0,-1.13,6.2678,6.24,0,4,2,11.58,67.74,-1.2526,7.26,2.0206,1.79,5.13,5.13,False,5.4593,7.6922,2.2329,-2.5622
2021091203,2400,52441,Tee Higgins,WR,False,CIN,1,True,28,21.6959,1.0317,0.5317,14.1696,6.6547,3.1836,0,1,0,7.2399,48.5004,-4.2397,5.72,0.6763,3.58,13.8304,13.8304,False,3.9632,2.2919,-1.6713,11.5385
2021091203,2472,43344,Tyler Boyd,WR,False,CIN,1,True,5,20.4381,0.9719,0.4719,10.1052,2.1314,-0.6952,2,3,0,16.9605,20.6748,4.2834,3.47,-1.3452,2.18,-5.1052,-5.0,True,6.8044,3.3271,-3.4773,-8.3271
2021091203,2538,52441,Tee Higgins,WR,False,CIN,1,True,14,20.5561,0.9775,0.4775,12.7597,3.5775,3.3147,1,1,1,6.6794,4.5103,-2.189,5.44,1.8633,4.89,1.2403,1.2403,False,0.4585,-0.1524,-0.611,1.3927
2021091203,2685,42397,Ameer Abdullah,RB,False,MIN,1,True,10,14.115,0.6712,0.1712,5.373,7.2487,-0.0009,0,2,0,5.8778,57.717,-0.5764,5.35,0.4849,1.42,4.627,4.627,False,8.4762,5.4838,-2.9924,-0.8568
2021091203,2773,52584,K.J. Osborn,WR,False,MIN,1,True,10,12.5766,0.5981,0.0981,7.1243,6.7468,6.6604,0,3,1,23.7772,62.5557,8.913,6.74,5.1427,1.09,2.8757,2.8757,False,3.3596,5.8345,2.4749,-2.9588
2021091203,2862,53434,Ja'Marr Chase,WR,False,CIN,1,True,15,16.1296,0.767,0.267,7.4771,3.3039,2.0879,1,2,1,14.6703,77.8229,0.3162,6.22,3.6217,2.27,7.5229,7.5229,False,4.2458,6.1928,1.947,1.3302
2021091203,2974,40488,Adam Thielen,WR,False,MIN,1,True,24,14.1949,0.675,0.175,5.393,1.4648,0.0951,2,4,0,21.1927,19.327,-0.7074,5.03,2.1884,1.91,18.607,18.607,False,3.4065,5.3379,1.9313,13.2691
2021091203,3320,43971,C.J. Ham,FB,False,MIN,1,True,6,11.4301,0.5435,0.0435,1.5951,2.3289,2.1461,1,4,1,26.625,58.6549,3.852,2.21,0.3469,3.37,4.4049,4.4049,False,1.8416,1.5705,-0.2711,2.8344
2021091203,3405,44853,Dalvin Cook,RB,False,MIN,1,True,9,8.5276,0.4055,0.0,0.58,8.7054,-4.52,0,2,0,17.94,52.34,-1.5595,3.01,2.654,3.31,8.42,8.42,False,9.8044,11.2998,1.4954,-2.8798
2021091203,3429,52584,K.J. Osborn,WR,False,MIN,1,True,8,11.7658,0.5595,0.0595,5.7305,3.1791,1.2828,2,5,0,26.6133,37.5395,3.6672,1.09,1.017,1.36,2.2695,2.2695,False,2.4812,1.4103,-1.0708,0.8591
2021091203,3453,52430,Justin Jefferson,WR,False,MIN,1,True,34,21.5822,1.0263,0.5263,16.5072,7.6037,0.6504,0,4,1,24.5825,19.8128,-3.4829,6.35,2.7497,4.99,17.4928,17.4928,False,5.5998,5.5448,-0.055,11.948
2021091203,3740,52584,K.J. Osborn,WR,False,MIN,1,True,10,18.6421,0.8865,0.3865,10.3647,2.1011,0.5848,1,3,1,13.7391,68.1353,2.8525,2.21,1.3059,3.23,-0.3647,-0.3647,False,1.7291,1.069,-0.6601,-1.4337
2021091203,3977,44853,Dalvin Cook,RB,False,MIN,1,True,7,8.1083,0.3856,0.0,1.78,5.3653,4.92,0,5,1,20.01,93.36,3.3861,2.05,1.8781,4.54,5.22,5.22,False,4.0271,5.7771,1.75,-0.5571
2021091203,4001,46226,Tyler Conklin,TE,True,MIN,1,True,27,18.7841,0.8933,0.3933,18.5791,7.1988,4.443,0,2,0,16.0129,70.7109,2.6158,7.43,7.3975,2.41,8.4209,8.4209,False,4.8631,6.9493,2.0862,1.4716
2021091203,4047,44853,Dalvin Cook,RB,False,MIN,1,True,0,10.1876,0.4845,0.0,-4.88,10.0779,-2.55,0,0,0,11.14,66.27,-7.2235,5.23,1.0722,2.81,4.88,4.88,False,10.0106,9.5456,-0.4651,-4.6656
2021091203,4076,52584,K.J. Osborn,WR,False,MIN,1,True,6,11.4345,0.5438,0.0438,4.8008,3.6853,2.3838,1,1,0,18.1668,56.4592,1.2244,7.62,0.246,1.63,1.1992,1.1992,False,5.0404,4.7115,-0.3288,-3.5123
2021091203,4100,52584,K.J. Osborn,WR,False,MIN,1,True,6,11.9095,0.5663,0.0663,4.3566,0.3395,0.0615,2,5,0,23.9116,50.8534,1.0068,6.74,2.9641,0.94,1.6434,1.6434,False,0.8281,2.2878,1.4597,-0.6444
2021091203,4124,40488,Adam Thielen,WR,False,MIN,1,True,14,27.4327,1.3045,0.8045,15.4054,1.7354,0.7441,1,1,0,3.4563,33.8746,0.3141,2.41,0.8519,4.91,-1.4054,-1.4054,False,0.9965,-0.4367,-1.4332,-0.9686
2021091203,4284,43495,Mike Thomas,WR,False,CIN,1,True,5,12.1331,0.577,0.077,3.8346,2.4318,2.4,1,3,1,13.0943,61.3754,1.5507,6.18,-0.0701,0.47,1.1654,1.1654,False,2.2051,0.7787,-1.4264,0.3867
2021091203,4415,40488,Adam Thielen,WR,False,MIN,1,True,7,16.1501,0.768,0.268,6.9834,1.8133,1.2143,1,2,0,15.8946,73.3166,0.4504,5.26,1.58,3.86,0.0166,0.0166,False,4.0441,3.6203,-0.4237,-3.6037
2021091203,4629,43971,C.J. Ham,FB,False,MIN,1,True,3,15.651,0.7443,0.2443,1.2603,10.5297,5.1581,0,0,0,1.5423,56.9297,0.1904,4.72,-0.4491,2.82,1.7397,1.7397,False,8.1246,3.9219,-4.2027,-2.1822
2021091203,4682,52430,Justin Jefferson,WR,False,MIN,1,True,12,10.8645,0.5166,0.0166,4.5568,2.5681,0.4498,1,6,1,25.9309,46.9132,0.7931,7.82,1.0112,0.94,7.4432,7.4432,False,3.19,3.4125,0.2225,4.0307
2021091203,4849,42500,C.J. Uzomah,TE,True,CIN,1,True,32,16.6042,0.7896,0.2896,10.4676,2.3198,-1.3657,1,3,0,19.0844,40.9124,-2.6019,6.79,5.7931,0.28,21.5324,21.5324,False,6.9807,12.8213,5.8407,8.711
2021091204,90,47791,T.J. Hockenson,TE,True,DET,1,True,22,12.2659,0.5833,0.0833,2.9537,9.7152,4.7553,0,1,0,16.833,62.2563,-0.8877,7.65,0.1642,0.88,19.0463,19.0463,False,10.2597,12.1254,1.8657,6.921
2021091204,157,44947,Jamaal Williams,RB,False,DET,1,True,6,9.4245,0.4482,0.0,-2.39,8.375,-3.15,0,2,0,13.71,43.54,-1.4152,4.86,0.8873,0.74,8.39,8.39,False,13.7028,10.9782,-2.7246,-2.5882
2021091204,417,44959,George Kittle,TE,True,SF,1,True,23,11.4358,0.5438,0.0438,3.6548,8.3311,-3.9875,0,1,0,18.9359,35.5552,-4.7515,6.95,0.3383,0.54,19.3452,19.3452,False,10.6404,10.6281,-0.0123,8.7171
2021091204,487,38613,Mohamed Sanu,WR,False,SF,1,True,7,18.2525,0.868,0.368,5.9103,3.9645,2.8237,2,2,2,8.8927,7.1097,1.3234,6.44,1.4684,3.57,1.0897,1.0897,False,0.9806,1.5139,0.5333,-0.4242
2021091204,516,46671,Trent Sherfield,WR,False,SF,1,True,5,13.5517,0.6444,0.1444,2.9623,5.1784,2.8653,0,3,0,8.457,2.5777,-1.4421,6.19,0.2927,0.42,2.0377,2.0377,False,2.4525,2.4182,-0.0344,-0.3804
2021091204,712,52443,D'Andre Swift,RB,False,DET,1,True,12,9.298,0.4422,0.0,1.92,9.4439,-8.65,0,1,0,17.57,48.28,-3.0411,4.17,0.9068,1.89,10.08,10.08,False,10.2005,7.8667,-2.3339,2.2133
2021091204,736,47791,T.J. Hockenson,TE,True,DET,1,True,12,20.9594,0.9967,0.4967,10.8286,1.8407,-0.3129,1,1,0,5.2484,27.4514,-0.8743,7.16,0.8428,3.45,1.1714,1.1714,False,5.7579,0.4034,-5.3546,0.768
2021091204,807,47791,T.J. Hockenson,TE,True,DET,1,True,1,11.5168,0.5477,0.0477,1.7017,1.9154,1.9119,1,3,2,15.5273,17.6483,2.5165,6.03,1.0854,1.63,-0.7017,-0.7017,False,1.7044,1.1978,-0.5066,-1.8995
2021091204,831,43090,Tyrell Williams,WR,False,DET,1,True,7,18.4297,0.8764,0.3764,3.5084,0.9552,0.2113,1,3,1,16.6163,13.4316,0.0676,5.8,2.5198,0.88,3.4916,3.4916,False,2.1871,2.1559,-0.0312,1.3357
2021091204,895,52443,D'Andre Swift,RB,False,DET,1,True,3,13.2164,0.6285,0.1285,3.2575,1.7148,1.6028,1,1,1,15.1858,5.7925,2.1837,4.45,-0.7199,2.9,-0.2575,-0.2575,False,1.7034,1.38,-0.3234,-1.6375
2021091204,919,47791,T.J. Hockenson,TE,True,DET,1,True,6,16.4448,0.782,0.282,5.5843,1.7483,1.2951,1,1,1,8.5095,1.5157,0.0524,6.42,-0.0202,0.98,0.4157,0.4157,False,0.1146,0.2283,0.1137,0.1874
2021091204,1026,47819,Deebo Samuel,WR,False,SF,1,True,29,27.3593,1.301,0.801,20.5593,5.991,1.2661,0,2,0,20.7596,54.7307,-1.695,6.46,3.557,5.43,8.4407,8.4407,False,6.1651,3.1492,-3.0159,5.2915
2021091204,1054,47819,Deebo Samuel,WR,False,SF,1,True,8,12.7753,0.6075,0.1075,5.2911,3.3497,3.3314,1,2,1,22.0714,41.3389,5.2989,1.1,0.94,2.57,2.7089,2.7089,False,1.4245,1.4395,0.015,1.2695
2021091204,1163,39907,Darren Fells,TE,True,DET,1,True,2,10.6969,0.5087,0.0087,0.7873,2.9505,2.7787,1,2,1,12.9279,71.3927,3.705,6.06,0.8434,0.94,1.2127,1.2127,False,3.4408,2.225,-1.2158,-1.0123
2021091204,1187,44947,Jamaal Williams,RB,False,DET,1,True,6,15.532,0.7386,0.2386,4.2038,2.6819,1.9369,1,2,2,7.9105,66.0462,1.0518,6.64,0.5187,2.33,1.7962,1.7962,False,1.3122,0.9581,-0.3541,0.8381
2021091204,1300,43090,Tyrell Williams,WR,False,DET,1,True,7,12.5389,0.5963,0.0963,4.602,5.5441,2.9919,0,2,0,26.5762,34.758,1.9622,1.12,0.9557,5.4,2.398,2.398,False,6.4089,3.5841,-2.8248,-1.1861
2021091204,1365,40078,Kyle Juszczyk,FB,False,SF,1,True,7,22.2601,1.0585,0.5585,4.8497,5.586,4.6846,0,1,1,3.8964,70.6603,2.7798,4.33,1.8614,3.22,2.1503,2.1503,False,0.6994,1.2001,0.5007,0.9502
2021091204,1443,47819,Deebo Samuel,WR,False,SF,1,True,23,20.3123,0.9659,0.4659,16.019,4.2175,4.2132,2,3,1,24.4098,20.571,1.4357,6.2,1.4358,4.17,6.981,6.981,False,3.4055,1.6142,-1.7913,5.3668
2021091204,1488,47819,Deebo Samuel,WR,False,SF,1,True,7,12.4582,0.5924,0.0924,1.6851,6.5985,-4.2839,0,2,0,9.9479,8.5449,-5.8595,8.97,2.9765,1.67,5.3149,5.3149,False,8.2187,10.3119,2.0932,-4.997
2021091204,1579,47791,T.J. Hockenson,TE,True,DET,1,True,10,10.2059,0.4853,0.0,-0.04,8.6715,-3.85,0,1,0,16.1,80.04,-1.6392,6.95,0.0922,1.07,10.04,10.04,False,11.66,13.1926,1.5326,-3.1526
2021091204,1641,52443,D'Andre Swift,RB,False,DET,1,True,-1,18.3555,0.8729,0.3729,-1.0978,2.7947,2.6578,1,1,1,3.6216,67.9378,2.9489,3.22,-1.4156,1.83,0.0978,0.0978,False,3.513,3.5539,0.0408,-3.456
2021091204,1811,44947,Jamaal Williams,RB,False,DET,1,True,7,10.5825,0.5032,0.0032,-2.3848,9.9312,-3.6086,0,1,0,18.7625,87.9948,-4.5412,5.64,1.6018,1.29,9.3848,9.3848,False,8.4321,10.4495,2.0174,-1.0647
2021091204,1938,46671,Trent Sherfield,WR,False,SF,1,True,18,27.324,1.2994,0.7994,16.6197,4.4507,4.3355,1,2,1,14.3438,26.5003,-1.6068,1.51,-0.6384,5.82,1.3803,1.3803,False,3.3728,0.9379,-2.435,0.4424
2021091204,2148,44959,George Kittle,TE,True,SF,1,True,35,20.1996,0.9606,0.4606,14.575,2.3248,-1.2406,1,1,0,17.8603,66.725,-0.5975,8.4,2.6598,0.6,20.425,20.425,False,7.5573,10.8214,3.2641,9.6036
2021091204,2196,44959,George Kittle,TE,True,SF,1,True,8,11.9152,0.5666,0.0666,8.0088,3.8481,-3.2292,2,5,1,22.0367,36.8012,5.8191,6.64,1.3329,2.71,-0.0088,-0.0088,False,3.6582,2.4851,-1.1731,-2.4939
2021091204,2596,47819,Deebo Samuel,WR,False,SF,1,True,79,22.5116,1.0705,0.5705,14.1282,1.6164,0.3954,1,1,0,7.5414,65.4418,-0.3159,8.28,6.903,0.78,64.8718,30.0,False,2.794,11.233,8.4389,18.767
2021091204,2742,44947,Jamaal Williams,RB,False,DET,1,True,11,9.322,0.4433,0.0,0.58,6.7341,-4.01,0,4,1,24.18,59.5,-6.1413,7.2,0.9908,0.54,10.42,10.42,False,10.2713,9.9828,-0.2885,0.4372
2021091204,2766,44947,Jamaal Williams,RB,False,DET,1,True,6,9.6951,0.461,0.0,1.34,3.1994,0.56,1,3,1,17.08,48.53,-1.6652,7.28,0.3861,0.53,4.66,4.66,False,5.1367,5.2608,0.1241,-0.6008
2021091204,2876,47819,Deebo Samuel,WR,False,SF,1,True,16,17.8897,0.8507,0.3507,13.6391,4.1314,-2.7148,1,4,0,21.6121,65.9509,-5.2138,6.37,4.8162,4.31,2.3609,2.3609,False,10.3388,8.4176,-1.9212,-6.0568
2021091204,3017,53541,Amon-Ra St. Brown,WR,False,DET,1,True,3,11.3112,0.5379,0.0379,4.2538,1.4578,1.1794,1,4,2,22.7679,85.1262,3.8271,2.7,-0.1639,2.98,-1.2538,-1.2538,False,1.2544,0.8061,-0.4483,-2.0599
2021091204,3195,52708,Jamycal Hasty,RB,False,SF,1,True,15,11.9414,0.5679,0.0679,-0.1684,9.0745,-5.5697,0,2,0,12.3205,53.2284,-4.3497,5.15,2.0873,1.38,15.1684,15.1684,False,10.6375,11.7598,1.1223,3.4086
2021091204,3351,47791,T.J. Hockenson,TE,True,DET,1,True,23,20.5303,0.9763,0.4763,12.8638,3.8796,-3.5482,1,2,0,21.6707,62.4762,2.2858,3.07,1.6246,2.3,10.1362,10.1362,False,7.9545,5.9693,-1.9852,4.1669
2021091204,3375,48053,Trinity Benson,WR,False,DET,1,True,5,22.5862,1.0741,0.5741,5.944,2.638,2.6374,1,2,1,4.3549,46.946,-0.1316,1.4,-1.2472,3.06,-0.944,-0.944,False,-0.7808,-0.4156,0.3652,-0.5284
2021091204,3404,53541,Amon-Ra St. Brown,WR,False,DET,1,True,14,25.5583,1.2154,0.7154,14.5128,3.4009,-0.57,1,2,0,3.2882,33.0472,0.4384,7.96,1.0803,1.16,-0.5128,-0.5128,False,5.7347,2.8136,-2.9211,-3.3264
2021091204,3444,47791,T.J. Hockenson,TE,True,DET,1,True,6,6.1112,0.2906,0.0,-2.8,4.2608,0.08,1,6,1,18.49,60.76,-4.1623,3.76,-0.1043,3.17,8.8,8.8,False,9.5382,8.561,-0.9772,0.239
2021091204,3504,43584,Kalif Raymond,WR,False,DET,1,True,5,18.1183,0.8616,0.3616,5.2239,5.5514,3.3729,0,1,0,3.2207,46.5961,-0.3428,6.75,0.232,2.71,-0.2239,-0.2239,False,1.7233,0.9304,-0.7929,-1.1543
2021091204,3638,48053,Trinity Benson,WR,False,DET,1,True,3,23.5969,1.1221,0.6221,3.5445,3.4917,3.0306,1,2,1,4.9038,82.5955,-1.3321,2.3,-1.7287,3.33,-0.5445,-0.5445,False,1.9185,2.0639,0.1454,-2.6084
2021091204,3662,47791,T.J. Hockenson,TE,True,DET,1,True,10,20.2954,0.9651,0.4651,9.1273,2.8239,1.5221,1,2,1,4.2249,74.1027,0.0595,6.79,0.6178,1.69,0.8727,0.8727,False,1.0782,-0.2949,-1.3731,1.1676
2021091204,3691,52443,D'Andre Swift,RB,False,DET,1,True,5,12.6445,0.6013,0.1013,3.9893,3.7638,3.0383,1,4,2,19.2042,69.3807,9.0312,5.61,2.1649,3.76,1.0107,1.0107,False,1.7384,1.5666,-0.1718,-0.5559
2021091204,3808,52443,D'Andre Swift,RB,False,DET,1,True,6,10.91,0.5188,0.0188,-5.6632,10.6316,10.4263,0,0,0,10.9054,60.8532,5.6231,4.24,2.4892,3.47,11.6632,11.6632,False,7.8429,8.3353,0.4924,3.3279
2021091204,3832,52443,D'Andre Swift,RB,False,DET,1,True,5,8.6868,0.4131,0.0,3.18,4.4968,3.87,1,5,1,22.25,46.9,6.9648,1.54,1.5392,2.03,1.82,1.82,False,2.7059,3.2148,0.5089,-1.3948
2021091204,3856,44947,Jamaal Williams,RB,False,DET,1,True,3,9.8054,0.4663,0.0,0.25,5.3472,-3.87,0,3,1,19.26,45.27,-1.5028,4.64,1.3481,1.88,2.75,2.75,False,9.9062,9.2677,-0.6385,-6.5177
2021091204,3880,44947,Jamaal Williams,RB,False,DET,1,True,8,8.9538,0.4258,0.0,3.71,6.3471,-5.9,0,4,1,23.48,38.12,-1.9425,2.6,2.5925,1.3,4.29,4.29,False,9.6142,9.1763,-0.4379,-4.8863
2021091204,3908,52574,Quintez Cephus,WR,False,DET,1,True,7,15.4844,0.7363,0.2363,6.6852,5.2948,1.6109,0,1,0,3.1097,27.2648,2.3325,3.98,-0.1049,3.38,0.3148,0.3148,False,2.5607,1.971,-0.5898,-1.6562
2021091204,4042,47791,T.J. Hockenson,TE,True,DET,1,True,0,11.4071,0.5424,0.0424,1.2581,5.3334,2.6843,0,5,0,16.6038,1.6319,-2.5846,6.88,1.3693,0.62,-1.2581,-1.2581,False,2.5902,2.9694,0.3793,-4.2276
2021091204,4082,48053,Trinity Benson,WR,False,DET,1,True,11,25.0074,1.1892,0.6892,11.744,4.0196,4.0125,1,2,1,6.0336,48.286,0.2751,1.09,-0.328,5.22,-0.744,-0.744,False,-0.588,-0.2744,0.3136,-0.4696
2021091204,4106,47791,T.J. Hockenson,TE,True,DET,1,True,13,21.7005,1.0319,0.5319,11.3617,5.8864,4.1508,0,2,0,5.4068,38.0683,-0.4007,5.48,0.4919,2.54,1.6383,1.6383,False,3.0823,3.0799,-0.0024,-1.4416
2021091204,4164,52574,Quintez Cephus,WR,False,DET,1,True,3,19.5296,0.9287,0.4287,4.0923,2.1561,2.0971,1,1,1,2.7856,20.7577,1.8493,5.54,-1.1376,3.48,-1.0923,-1.0923,False,0.3654,-0.6244,-0.9898,-0.4679
2021091204,4199,43584,Kalif Raymond,WR,False,DET,1,True,20,24.9165,1.1849,0.6849,10.9641,1.0317,-0.1652,1,1,0,3.5371,11.7759,-0.1999,7.09,6.2261,2.49,9.0359,9.0359,False,4.3908,5.7526,1.3619,3.2833
2021091204,4253,52574,Quintez Cephus,WR,False,DET,1,True,0,21.701,1.032,0.532,9.2209,1.9191,0.6999,2,3,0,2.2005,0.0,-0.7002,4.88,-0.9194,1.87,-9.2209,-5.0,True,-4.412,-4.0708,0.3412,-0.9292
2021091204,4401,47819,Deebo Samuel,WR,False,SF,1,True,11,11.1006,0.5279,0.0279,5.7134,5.8674,-3.9729,0,5,2,24.3643,40.0766,-2.4591,1.66,0.4792,1.54,5.2866,5.2866,False,4.7233,5.1605,0.4372,0.1261
2021091204,4463,53541,Amon-Ra St. Brown,WR,False,DET,1,True,20,26.9749,1.2828,0.7828,20.8676,4.3046,3.9403,1,2,1,3.3997,50.1224,-0.5077,7.31,3.7529,3.1,-0.8676,-0.8676,False,-3.7983,-4.0495,-0.2512,3.1819
2021091204,4514,43584,Kalif Raymond,WR,False,DET,1,True,25,28.9288,1.3757,0.8757,21.9659,9.1328,-4.5119,0,1,0,24.2649,28.1041,-3.5469,7.79,3.2614,2.33,3.0341,3.0341,False,9.322,11.7753,2.4533,-8.7412
2021091205,249,52450,Laviska Shenault,WR,False,JAX,1,True,13,12.3354,0.5866,0.0866,4.088,3.9781,1.906,1,5,1,23.0536,80.612,-7.1283,8.26,0.5546,2.14,8.912,8.912,False,6.3251,8.2104,1.8853,0.7016
2021091205,423,33566,Danny Amendola,WR,False,HOU,1,True,8,14.8625,0.7068,0.2068,5.2474,3.3411,3.1161,2,3,1,18.5374,52.9826,0.7636,1.48,0.5678,2.46,2.7526,2.7526,False,2.5211,2.7137,0.1926,0.0389
2021091205,447,33566,Danny Amendola,WR,False,HOU,1,True,7,17.7411,0.8437,0.3437,6.3343,3.4617,1.0164,1,2,0,9.5617,44.1757,-1.4043,7.16,1.322,2.81,0.6657,0.6657,False,6.0415,3.6646,-2.3769,-2.9989
2021091205,513,41246,Brandin Cooks,WR,False,HOU,1,True,40,24.9412,1.186,0.686,22.992,2.1061,-1.3556,2,2,1,21.5814,19.828,-0.9817,8.77,8.603,3.17,17.008,17.008,False,13.1969,12.2445,-0.9524,4.7635
2021091205,643,38696,Marvin Jones,WR,False,JAX,1,True,33,20.7413,0.9863,0.4863,20.79,3.2694,-2.8342,1,2,0,11.9007,54.35,1.5317,8.5,7.3819,0.95,12.21,12.21,False,3.8406,14.8049,10.9643,-2.5949
2021091205,699,38696,Marvin Jones,WR,False,JAX,1,True,15,14.6069,0.6946,0.1946,10.0537,5.2653,-4.7996,0,3,0,25.6185,42.1263,-1.4246,6.33,4.4892,2.67,4.9463,4.9463,False,9.5951,11.6087,2.0135,-6.6623
2021091205,787,42419,Chris Conley,WR,False,HOU,1,True,17,17.1688,0.8164,0.3164,12.4978,3.4088,1.187,1,3,0,18.3933,42.8422,-0.5894,7.0,3.9749,2.78,4.5022,4.5022,False,5.6648,5.7581,0.0933,-1.2559
2021091205,811,45339,Pharaoh Brown,TE,True,HOU,1,True,25,22.6211,1.0757,0.5757,14.7122,5.3337,3.7876,0,3,1,7.8809,24.4578,7.3197,7.07,-1.3163,1.31,10.2878,10.2878,False,2.6679,-1.3345,-4.0024,11.6223
2021091205,878,42429,David Johnson,RB,False,HOU,1,True,7,15.0828,0.7172,0.2172,3.3661,7.253,5.8809,0,2,1,6.8112,3.3539,0.008,6.74,3.1122,1.58,3.6339,3.6339,False,2.9432,6.0231,3.08,-2.3892
2021091205,1091,46130,D.J. Chark,WR,False,JAX,1,True,27,25.8188,1.2278,0.7278,20.0287,6.5254,-1.2781,0,2,0,13.2205,51.6713,-0.0766,3.36,3.3509,5.48,6.9713,6.9713,False,13.5921,7.7153,-5.8768,-0.7441
2021091205,1278,42302,Chris Manhertz,TE,True,JAX,1,True,22,17.8427,0.8485,0.3485,15.279,5.3559,0.5437,0,4,0,15.0836,6.681,2.2585,7.09,7.0849,1.66,6.721,6.721,False,2.9925,4.0634,1.0709,2.6576
2021091205,1359,41246,Brandin Cooks,WR,False,HOU,1,True,24,25.3352,1.2048,0.7048,23.7326,2.4018,-0.8749,1,1,0,7.6161,49.7174,-0.7723,7.98,4.5015,4.37,0.2674,0.2674,False,14.7205,2.8795,-11.8409,-2.6121
2021091205,1426,41246,Brandin Cooks,WR,False,HOU,1,True,12,13.2685,0.631,0.131,4.1328,7.9623,5.9118,0,2,1,9.7908,38.0772,2.9395,6.19,2.9991,4.08,7.8672,7.8672,False,5.3501,6.8552,1.5051,1.012
2021091205,1494,42419,Chris Conley,WR,False,HOU,1,True,10,13.3329,0.634,0.134,7.1476,2.9442,0.5138,2,4,2,26.3666,25.7224,6.0282,2.91,2.1462,2.26,2.8524,2.8524,False,0.172,1.3303,1.1583,1.5221
2021091205,1711,38696,Marvin Jones,WR,False,JAX,1,True,7,14.9604,0.7114,0.2114,6.5097,3.0077,3.0076,1,1,1,20.7526,51.2103,1.8455,3.58,0.5662,3.96,0.4903,0.4903,False,3.3875,2.4063,-0.9812,-1.916
2021091205,2297,33566,Danny Amendola,WR,False,HOU,1,True,7,28.9785,1.378,0.878,8.3176,2.5815,2.4372,2,2,2,0.8445,61.7224,0.3129,4.98,-4.7634,2.6,-1.3176,-1.3176,False,-2.7782,-0.8404,1.9378,-0.4772
2021091205,2325,42429,David Johnson,RB,False,HOU,1,True,2,13.4716,0.6406,0.1406,0.32,7.6684,7.4876,0,1,1,9.6607,62.05,2.7609,5.26,1.493,3.42,1.68,1.68,False,5.9249,5.7474,-0.1775,-4.0673
2021091205,2388,41246,Brandin Cooks,WR,False,HOU,1,True,52,57.6555,2.7417,2.2417,50.8324,1.3055,-0.988,1,1,0,24.9734,8.9976,-0.8478,6.12,2.2181,1.39,1.1676,1.1676,False,10.0207,5.7707,-4.25,-4.6031
2021091205,2429,33566,Danny Amendola,WR,False,HOU,1,True,8,11.5743,0.5504,0.0504,4.4549,3.9629,3.5363,2,6,3,25.837,3.9551,-2.0681,8.21,0.4941,0.69,3.5451,3.5451,False,3.5121,3.2243,-0.2878,0.3208
2021091205,2681,53518,Nico Collins,WR,False,HOU,1,True,7,21.6308,1.0286,0.5286,7.424,2.2793,1.8322,1,1,1,3.4378,59.096,-0.1586,1.97,1.1047,5.78,-0.424,-0.424,False,-0.3854,0.2672,0.6526,-0.6912
2021091205,2838,52733,James Robinson,RB,False,JAX,1,True,5,8.1995,0.3899,0.0,-2.71,6.3544,-5.58,0,1,0,17.13,89.07,1.5838,3.14,0.758,1.93,7.71,7.71,False,8.5423,9.8539,1.3116,-2.1439
2021091205,2966,45339,Pharaoh Brown,TE,True,HOU,1,True,3,11.168,0.5311,0.0311,0.9536,4.0565,3.8178,1,3,2,15.4253,56.1264,0.5538,7.31,1.0805,2.39,2.0464,2.0464,False,2.7643,3.0291,0.2648,-0.9827
2021091205,3053,45339,Pharaoh Brown,TE,True,HOU,1,True,29,13.3174,0.6333,0.1333,9.0801,1.8031,-0.0653,1,4,0,23.0849,24.9099,0.7844,7.0,6.1529,3.13,19.9199,19.9199,False,4.0144,6.7602,2.7458,13.1597
2021091205,3127,42516,James O'Shaughnessy,TE,True,JAX,1,True,-3,8.6756,0.4126,0.0,-2.48,2.5777,2.46,1,3,2,18.69,77.78,2.2796,6.76,0.3279,1.12,-0.52,-0.52,False,4.4312,4.9354,0.5043,-5.4554
2021091205,3151,42516,James O'Shaughnessy,TE,True,JAX,1,True,7,13.8648,0.6593,0.1593,5.8496,4.5405,2.2143,1,2,1,22.7965,72.4704,3.8714,0.84,0.8133,2.99,1.1504,1.1504,False,3.1909,1.7295,-1.4613,-0.5791
2021091205,3175,52733,James Robinson,RB,False,JAX,1,True,15,21.5259,1.0236,0.5236,6.2071,0.6684,-0.6514,2,3,1,14.2696,65.6929,-1.8816,5.58,3.1838,1.08,8.7929,8.7929,False,2.6653,6.1184,3.4532,2.6744
2021091205,3210,46130,D.J. Chark,WR,False,JAX,1,True,41,33.4449,1.5904,1.0904,31.1505,6.6795,-5.4634,0,1,0,2.765,10.0995,-0.855,8.5,8.355,1.84,9.8495,9.8495,False,2.6153,5.844,3.2288,4.0055
2021091205,3383,42516,James O'Shaughnessy,TE,True,JAX,1,True,7,13.6763,0.6504,0.1504,6.1183,1.6299,0.5485,1,2,1,24.508,73.3617,4.3443,1.33,0.454,1.11,0.8817,0.8817,False,0.7934,0.4067,-0.3867,0.475
2021091205,3687,42516,James O'Shaughnessy,TE,True,JAX,1,True,9,11.4971,0.5467,0.0467,-0.8593,11.0493,10.9987,0,0,0,17.5085,75.9193,1.3911,5.18,1.5119,0.9,9.8593,9.8593,False,11.1083,11.3314,0.2231,-1.4721
2021091205,3711,42516,James O'Shaughnessy,TE,True,JAX,1,True,6,10.8492,0.5159,0.0159,-3.5776,11.2868,-0.0379,0,0,0,15.5359,69.7376,-3.575,5.2,3.2922,2.93,9.5776,9.5776,False,8.2895,12.0117,3.7221,-2.4341
2021091205,3805,52450,Laviska Shenault,WR,False,JAX,1,True,14,24.5359,1.1668,0.6668,15.7479,4.0335,-0.6458,1,4,1,14.4596,44.9621,1.1492,1.37,1.3617,4.13,-1.7479,-1.7479,False,3.9781,2.6544,-1.3237,-4.4023
2021091205,4141,41286,Carlos Hyde,RB,False,JAX,1,True,5,13.8113,0.6568,0.1568,1.9884,9.0373,8.789,0,1,1,6.7832,72.6616,4.183,5.41,0.3086,1.89,3.0116,3.0116,False,5.2548,3.46,-1.7948,-0.4483
2021091205,4420,46130,D.J. Chark,WR,False,JAX,1,True,18,22.3705,1.0638,0.5638,16.6424,5.553,-5.5483,0,2,1,5.9007,68.5976,1.103,6.81,3.9951,3.53,1.3576,1.3576,False,3.2779,4.69,1.412,-3.3324
2021091205,4489,52450,Laviska Shenault,WR,False,JAX,1,True,13,18.4824,0.8789,0.3789,5.1378,5.8771,3.1881,0,2,1,12.5477,61.8822,-1.3199,5.1,0.6277,1.24,7.8622,7.8622,False,4.9536,5.3538,0.4002,2.5083
2021091205,4535,41286,Carlos Hyde,RB,False,JAX,1,True,9,8.6064,0.4093,0.0,-5.47,8.337,-2.97,0,1,0,19.09,59.48,-4.9892,4.36,2.4983,2.11,14.47,14.47,False,9.9214,10.2142,0.2928,4.2558
2021091205,4580,42516,James O'Shaughnessy,TE,True,JAX,1,True,22,19.4415,0.9245,0.4245,17.1959,5.3006,-5.1453,0,3,1,17.3689,22.1641,-2.9285,7.09,6.6097,2.29,4.8041,4.8041,False,4.9316,8.2379,3.3064,-3.4338
2021091205,4649,38696,Marvin Jones,WR,False,JAX,1,True,18,23.2714,1.1066,0.6066,17.8624,2.8124,1.1594,1,2,0,4.4027,4.3876,0.0461,6.84,3.9272,4.18,0.1376,0.1376,False,-0.0174,0.3817,0.3991,-0.2441
2021091205,4695,38696,Marvin Jones,WR,False,JAX,1,True,4,13.8277,0.6576,0.1576,8.2773,0.9492,0.6732,2,4,1,25.3401,0.0,3.1813,5.84,2.6486,3.27,-4.2773,-4.2773,True,-3.7351,-4.1963,-0.4612,-0.081
2021091206,128,53658,Mike Strachan,WR,False,IND,1,True,10,16.7207,0.7951,0.2951,10.9282,0.4873,0.1203,1,2,0,21.1206,58.7118,-0.4224,5.77,0.299,3.46,-0.9282,-0.9282,False,2.7978,-0.3588,-3.1567,-0.5694
2021091206,152,45102,Zach Pascal,WR,False,IND,1,True,6,18.6676,0.8877,0.3877,-2.3525,13.6081,10.8291,0,0,0,4.7652,61.5625,3.4896,1.56,0.8188,1.17,8.3525,8.3525,False,9.3106,7.7537,-1.5569,0.5989
2021091206,245,46173,Nyheim Hines,RB,False,IND,1,True,10,20.0236,0.9522,0.4522,5.813,6.9057,5.6025,0,2,1,13.5451,30.657,-0.6548,3.81,0.3605,2.0,4.187,4.187,False,6.6278,7.6786,1.0507,-3.4916
2021091206,649,42412,Tyler Lockett,WR,False,SEA,1,True,23,20.4118,0.9707,0.4707,19.0598,1.8564,-1.7635,1,1,0,25.0689,4.1902,-2.5609,8.53,8.5195,0.98,3.9402,3.9402,False,4.5691,6.0691,1.5,-2.1289
2021091206,855,46189,Will Dissly,TE,True,SEA,1,True,6,17.6931,0.8414,0.3414,4.4748,5.8216,5.7621,0,1,1,9.2838,41.4152,2.2518,6.29,-0.191,3.06,1.5252,1.5252,False,3.865,2.143,-1.722,-0.6178
2021091206,903,46189,Will Dissly,TE,True,SEA,1,True,22,21.5229,1.0235,0.5235,16.0193,7.7538,-7.1424,0,2,1,7.4395,19.0807,1.2373,7.29,2.673,2.39,5.9807,5.9807,False,4.0804,6.1701,2.0897,-0.1894
2021091206,948,44856,Gerald Everett,TE,True,SEA,1,True,9,15.1896,0.7223,0.2223,4.409,3.0731,2.4206,1,3,2,23.6417,4.581,-0.4237,7.63,2.3793,1.21,4.591,4.591,False,2.0187,6.6825,4.6638,-2.0915
2021091206,1040,47842,Parris Campbell,WR,False,IND,1,True,24,20.5968,0.9794,0.4794,18.065,8.8965,8.749,0,1,1,15.0917,50.015,4.2775,9.37,6.6221,1.52,5.935,5.935,False,3.0173,6.5815,3.5641,-0.6464
2021091206,1064,46173,Nyheim Hines,RB,False,IND,1,True,6,20.8222,0.9902,0.4902,6.0828,2.3474,1.9033,1,2,1,9.4555,37.9972,1.052,2.33,0.2504,3.14,-0.0828,-0.0828,False,1.1696,1.1864,0.0168,-1.2692
2021091206,1130,52449,Jonathan Taylor,RB,False,IND,1,True,10,11.1076,0.5282,0.0282,3.8546,6.5802,-6.4731,0,2,1,24.0585,30.0454,1.8439,0.66,0.5188,2.56,6.1454,6.1454,False,7.4245,6.7318,-0.6927,-0.5864
2021091206,1171,52442,Michael Pittman,WR,False,IND,1,True,14,11.0933,0.5275,0.0275,3.681,4.322,0.2371,1,4,1,26.1179,20.269,-1.3015,6.49,2.2155,1.45,10.319,10.319,False,5.9154,9.3739,3.4585,0.9451
2021091206,1195,45102,Zach Pascal,WR,False,IND,1,True,10,17.8941,0.8509,0.3509,10.5779,1.6176,1.3594,2,3,1,20.8504,0.0,4.5734,4.62,4.2683,2.29,-0.5779,-0.5779,False,-2.6805,-3.781,-1.1005,3.2031
2021091206,1246,45062,Chris Carson,RB,False,SEA,1,True,16,7.0539,0.3354,0.0,0.06,5.7935,-5.72,0,6,1,13.06,75.05,-1.7637,6.26,1.9646,1.78,15.94,15.94,False,5.3142,7.5599,2.2458,8.3801
2021091206,1371,52449,Jonathan Taylor,RB,False,IND,1,True,8,16.5295,0.786,0.286,4.0089,2.4728,0.9613,1,2,1,10.8019,63.2011,-1.7728,7.78,0.6253,1.29,3.9911,3.9911,False,6.4921,7.5822,1.0901,-3.591
2021091206,1583,53485,D'Wayne Eskridge,WR,False,SEA,1,True,6,23.1171,1.0993,0.5993,7.7859,3.6037,3.6013,2,3,1,8.4331,59.5541,0.645,1.81,1.2279,6.04,-1.7859,-1.7859,False,0.6052,-0.0018,-0.6069,-1.7841
2021091206,1687,42412,Tyler Lockett,WR,False,SEA,1,True,69,33.2072,1.5791,1.0791,37.6581,5.6461,-3.2653,0,1,0,20.5963,31.9419,-3.4895,8.88,8.3106,2.16,31.3419,30.0,False,20.4135,19.5925,-0.821,10.4075
2021091206,1824,40641,Jack Doyle,TE,True,IND,1,True,5,18.5071,0.8801,0.3801,4.6251,4.183,4.0934,1,1,1,4.4421,73.1549,3.8556,5.41,1.8813,1.77,0.3749,0.3749,False,0.0612,0.5338,0.4726,-0.1589
2021091206,1921,45062,Chris Carson,RB,False,SEA,1,True,4,14.3619,0.683,0.183,1.1824,6.5184,6.4257,0,1,1,10.7191,74.0476,0.7774,5.8,0.1225,2.38,2.8176,2.8176,False,5.7955,4.6684,-1.1271,-1.8508
2021091206,1945,47847,DK Metcalf,WR,False,SEA,1,True,12,14.0309,0.6672,0.1672,6.91,3.5528,0.568,1,4,1,24.0925,64.57,-0.4181,4.26,2.452,1.26,5.09,5.09,False,5.9055,8.5737,2.6682,-3.4838
2021091206,2229,52552,DeeJay Dallas,RB,False,SEA,1,True,5,11.143,0.5299,0.0299,-4.5526,8.9095,7.8708,0,1,1,9.1741,57.4026,3.1688,6.51,1.9207,2.22,9.5526,9.5526,False,7.5025,7.3129,-0.1896,2.2397
2021091206,2419,47847,DK Metcalf,WR,False,SEA,1,True,3,11.5093,0.5473,0.0473,-0.5773,8.7993,8.4104,0,1,1,9.2397,49.7273,-0.1615,5.72,0.2685,2.31,3.5773,3.5773,False,6.6306,5.8877,-0.7429,-2.3104
2021091206,2609,46189,Will Dissly,TE,True,SEA,1,True,9,13.3571,0.6352,0.1352,1.6021,7.1198,6.0896,0,1,1,10.3025,63.5579,1.1856,6.06,0.3858,1.55,7.3979,7.3979,False,7.3927,8.3237,0.9311,-0.9259
2021091206,2760,53658,Mike Strachan,WR,False,IND,1,True,16,29.397,1.3979,0.8979,17.7496,1.4727,-0.5615,1,1,0,22.1463,70.6904,0.143,6.36,1.4696,1.7,-1.7496,-1.7496,False,8.5916,3.7524,-4.8392,-5.502
2021091206,2914,40641,Jack Doyle,TE,True,IND,1,True,9,12.959,0.6162,0.1162,1.7489,6.5849,4.7661,0,2,2,9.292,44.3411,-1.4551,6.36,1.1088,1.89,7.2511,7.2511,False,7.6126,6.4418,-1.1708,0.8093
2021091206,2964,40641,Jack Doyle,TE,True,IND,1,True,7,14.4088,0.6852,0.1852,8.0749,0.9046,0.4577,1,2,0,24.402,26.2851,2.7433,2.33,1.2683,3.27,-1.0749,-1.0749,False,0.846,0.3684,-0.4776,-1.4433
2021091206,3032,52442,Michael Pittman,WR,False,IND,1,True,8,17.3608,0.8256,0.3256,5.466,2.5701,1.8432,1,2,1,16.266,20.744,0.4364,5.58,2.7214,1.34,2.534,2.534,False,2.5933,6.2136,3.6204,-3.6796
2021091206,3079,47847,DK Metcalf,WR,False,SEA,1,True,30,30.6961,1.4597,0.9597,22.3643,11.9909,9.5774,0,0,0,4.7706,50.7657,-5.2016,5.42,1.5675,4.75,7.6357,7.6357,False,2.2358,0.9393,-1.2965,6.6964
2021091206,3132,42412,Tyler Lockett,WR,False,SEA,1,True,4,21.0881,1.0028,0.5028,4.8921,2.4361,1.2859,1,1,0,0.9104,32.0679,1.7107,2.88,-1.229,2.56,-0.8921,-0.8921,False,1.1108,0.081,-1.0298,-0.9731
2021091206,3236,47847,DK Metcalf,WR,False,SEA,1,True,15,22.34,1.0623,0.5623,17.5088,1.0891,0.2238,1,2,0,18.97,0.0,0.3905,7.52,5.4394,3.35,-2.5088,-2.5088,False,-3.9809,-4.6188,-0.6379,2.11
2021091206,3287,52449,Jonathan Taylor,RB,False,IND,1,True,13,11.1658,0.531,0.031,-0.2838,10.4548,10.3895,0,0,0,18.0323,75.5538,2.7702,5.82,2.1378,1.57,13.2838,13.2838,False,8.7275,9.6215,0.8941,3.6622
2021091206,3382,52442,Michael Pittman,WR,False,IND,1,True,7,25.7438,1.2242,0.7242,7.6167,3.0056,2.5699,1,2,1,3.8645,43.6033,0.3083,3.51,-2.8076,3.63,-0.6167,-0.6167,False,0.3026,0.8116,0.509,-1.4283
2021091206,3439,46173,Nyheim Hines,RB,False,IND,1,True,1,8.5013,0.4043,0.0,-0.14,4.1823,3.83,2,5,1,23.58,31.33,6.7338,6.08,1.5521,0.51,1.14,1.14,False,3.0349,2.2237,-0.8111,-1.0837
2021091206,3463,45102,Zach Pascal,WR,False,IND,1,True,16,24.2112,1.1513,0.6513,15.0689,3.2925,-0.6432,1,1,0,23.9082,15.1911,-1.1037,5.45,1.0884,1.82,0.9311,0.9311,False,9.2851,5.4079,-3.8772,-4.4768
2021091206,3561,45102,Zach Pascal,WR,False,IND,1,True,11,18.1572,0.8634,0.3634,14.0964,2.4061,-0.3046,1,1,0,23.5265,0.0,-1.3585,7.17,5.2455,2.62,-3.0964,-3.0964,True,-1.6954,-3.7598,-2.0644,0.6633
2021091206,3803,46173,Nyheim Hines,RB,False,IND,1,True,19,10.8541,0.5162,0.0162,-0.3953,10.6751,-6.5866,0,0,0,13.448,79.8553,-6.7613,5.9,1.53,1.52,19.3953,19.3953,False,10.1159,8.0787,-2.0373,11.3166
2021091207,76,43334,Derrick Henry,RB,False,TEN,1,True,3,7.9253,0.3769,0.0,2.59,2.1301,1.87,1,6,1,23.25,75.75,4.0673,1.31,1.1144,2.64,0.41,0.41,False,3.3787,1.8623,-1.5164,-1.4523
2021091207,152,39973,DeAndre Hopkins,WR,False,ARI,1,True,38,27.3893,1.3025,0.8025,25.453,8.5453,-8.4849,0,1,0,4.5522,36.387,-3.7339,7.97,7.4185,1.21,12.547,12.547,False,17.0738,16.5296,-0.5442,-3.9826
2021091207,218,46203,Chase Edmonds,RB,False,ARI,1,True,1,14.7551,0.7017,0.2017,-3.0647,5.1745,5.0198,0,2,1,8.136,34.2647,2.7237,4.28,-0.6186,1.45,4.0647,4.0647,False,5.417,4.2525,-1.1646,-0.1877
2021091207,253,37077,A.J. Green,WR,False,ARI,1,True,21,28.9897,1.3786,0.8786,18.5261,5.3353,2.1388,0,1,0,1.0359,12.3439,5.941,6.58,5.9029,1.76,2.4739,2.4739,False,1.4564,2.5778,1.1214,-0.1039
2021091207,386,46116,Christian Kirk,WR,False,ARI,1,True,8,13.5468,0.6442,0.1442,4.3875,1.9126,-0.0581,1,1,0,26.614,19.8725,-0.0322,5.52,1.9241,1.61,3.6125,3.6125,False,6.3359,4.4879,-1.848,-0.8753
2021091207,660,39973,DeAndre Hopkins,WR,False,ARI,1,True,5,28.9222,1.3754,0.8754,14.1346,2.6456,-0.0114,1,2,0,12.2227,0.0,-0.6023,8.34,0.7936,0.45,-9.1346,-5.0,True,-3.2799,-2.3593,0.9207,-2.6407
2021091207,839,39973,DeAndre Hopkins,WR,False,ARI,1,True,3,11.8089,0.5616,0.0616,2.6013,2.9431,2.5478,2,5,1,15.2974,58.6687,4.4527,0.61,-0.3037,1.37,0.3987,0.3987,False,2.5602,1.0579,-1.5024,-0.6592
2021091207,930,43556,Chester Rogers,WR,False,TEN,1,True,4,11.2816,0.5365,0.0365,3.8978,0.7855,0.642,1,2,1,20.8492,82.4122,1.9299,8.62,1.3098,0.95,0.1022,0.1022,False,0.4497,3.5267,3.0771,-3.4245
2021091207,954,44975,Jeremy McNichols,RB,False,TEN,1,True,8,16.2385,0.7722,0.2722,2.1301,14.4543,14.3383,0,0,0,3.1773,80.8699,2.7587,5.47,3.0127,2.2,5.8699,5.8699,False,5.6029,6.8242,1.2214,-0.9543
2021091207,1128,39973,DeAndre Hopkins,WR,False,ARI,1,True,10,24.1428,1.1481,0.6481,9.6512,1.893,1.7527,1,2,1,20.0178,62.6188,-0.1786,5.49,-1.9424,2.69,0.3488,0.3488,False,3.7091,1.5298,-2.1793,-1.181
2021091207,1344,39973,DeAndre Hopkins,WR,False,ARI,1,True,17,11.1652,0.5309,0.0309,3.6727,5.1413,5.0055,0,6,1,18.9329,13.4473,5.1483,4.24,2.9945,1.31,13.3273,13.3273,False,4.6002,4.7255,0.1253,8.6018
2021091207,1431,47834,A.J. Brown,WR,False,TEN,1,True,12,11.1789,0.5316,0.0316,9.6983,2.4118,1.5399,2,2,0,17.6105,68.2517,1.711,6.64,5.6439,1.59,2.3017,2.3017,False,3.3511,6.4506,3.0995,-4.1489
2021091207,1476,45355,Anthony Firkser,TE,True,TEN,1,True,11,19.6221,0.9331,0.4331,5.8535,6.8735,3.9058,0,1,0,8.2358,55.5865,-1.2068,6.24,1.0471,2.85,5.1465,5.1465,False,7.0092,7.7471,0.738,-2.6006
2021091207,1584,53074,Nick Westbrook-Ikhine,WR,False,TEN,1,True,10,15.8688,0.7546,0.2546,9.3718,3.1135,2.1121,2,4,1,20.1636,3.6182,5.962,5.92,3.2277,3.35,0.6282,0.6282,False,1.0098,0.8539,-0.1559,-0.2258
2021091207,1747,53478,Rondale Moore,WR,False,ARI,1,True,18,21.2595,1.011,0.511,14.598,6.198,-3.5696,0,3,0,2.2506,61.362,-0.5952,6.02,2.5793,3.14,3.402,3.402,False,7.4717,4.506,-2.9657,-1.104
2021091207,1834,37077,A.J. Green,WR,False,ARI,1,True,4,17.1175,0.814,0.314,5.1,3.5047,3.0862,1,1,1,10.5558,40.09,0.9438,6.58,0.9555,3.82,-1.1,-1.1,False,2.6066,2.9285,0.3219,-4.0285
2021091207,1858,46116,Christian Kirk,WR,False,ARI,1,True,22,18.2167,0.8663,0.3663,15.3351,1.1441,-0.8221,1,2,1,19.1905,26.3049,-0.132,8.87,5.3923,1.83,6.6649,6.6649,False,6.2812,6.0572,-0.2241,0.6078
2021091207,2050,37079,Julio Jones,WR,False,TEN,1,True,9,16.284,0.7744,0.2744,5.7708,0.7593,0.0037,1,4,1,18.4247,69.6492,1.3236,6.04,0.3308,2.04,3.2292,3.2292,False,1.5238,0.4024,-1.1214,2.8268
2021091207,2095,44975,Jeremy McNichols,RB,False,TEN,1,True,9,11.233,0.5342,0.0342,5.1997,4.8392,-4.349,1,5,2,25.1845,45.1203,1.0743,0.6,0.5778,1.79,3.8003,3.8003,False,6.3304,5.038,-1.2924,-1.2377
2021091207,2119,45355,Anthony Firkser,TE,True,TEN,1,True,4,23.1123,1.0991,0.5991,5.5372,5.3134,4.5428,0,1,1,1.7038,35.6828,-1.5296,5.25,-1.2398,2.89,-1.5372,-1.5372,False,1.4233,-0.2954,-1.7187,-1.2418
2021091207,2148,45355,Anthony Firkser,TE,True,TEN,1,True,4,13.9608,0.6639,0.1639,4.1274,2.0465,1.8979,1,1,1,18.6403,33.1126,5.2643,1.16,-0.0767,2.75,-0.1274,-0.1274,False,0.0521,-0.3062,-0.3583,0.1788
2021091207,2529,47834,A.J. Brown,WR,False,TEN,1,True,19,21.5424,1.0244,0.5244,14.7471,5.9623,4.6764,0,1,1,5.1581,17.3729,-1.1995,6.8,2.8738,5.74,4.2529,4.2529,False,0.087,-0.3818,-0.4688,4.6348
2021091207,2553,47834,A.J. Brown,WR,False,TEN,1,True,13,22.8468,1.0864,0.5864,17.9077,1.1677,-0.1535,2,3,0,20.1933,0.0,-0.6661,6.76,5.2139,2.67,-4.9077,-4.9077,True,-4.6726,-5.3409,-0.6682,0.4332
2021091207,2654,39973,DeAndre Hopkins,WR,False,ARI,1,True,10,24.5764,1.1687,0.6687,9.2303,4.7049,4.6945,1,1,1,4.5712,34.8897,-2.7436,0.41,0.3444,6.27,0.7697,0.7697,False,1.1406,1.2132,0.0727,-0.4435
2021091207,2766,46116,Christian Kirk,WR,False,ARI,1,True,26,22.6858,1.0788,0.5788,16.88,1.5498,-1.4589,1,1,0,14.2034,9.43,-0.5311,7.56,7.1528,2.17,9.12,9.12,False,10.5593,8.3159,-2.2434,0.8041
2021091207,2856,43556,Chester Rogers,WR,False,TEN,1,True,9,14.2087,0.6757,0.1757,7.3785,3.0919,2.5443,1,3,1,20.8333,73.0615,3.3149,1.36,1.1868,5.3,1.6215,1.6215,False,1.9435,0.1724,-1.7712,1.4492
2021091207,3245,46116,Christian Kirk,WR,False,ARI,1,True,11,20.2876,0.9647,0.4647,9.8963,0.7746,-0.0724,1,1,0,7.5018,2.4437,0.2071,7.89,5.1991,0.92,1.1037,1.1037,False,1.2558,0.885,-0.3708,0.2188
2021091207,3353,37079,Julio Jones,WR,False,TEN,1,True,10,27.7418,1.3192,0.8192,13.1676,1.3374,0.6295,2,2,0,5.8756,58.2524,-0.2802,2.62,-1.4189,5.52,-3.1676,-3.1676,True,3.9295,-1.9962,-5.9257,-1.1714
2021091207,3420,47834,A.J. Brown,WR,False,TEN,1,True,5,14.477,0.6884,0.1884,3.0423,6.1722,6.1441,0,4,2,13.0928,51.8477,1.2589,6.45,1.604,2.45,1.9577,1.9577,False,4.4982,5.0853,0.5872,-3.1276
2021091207,3728,37079,Julio Jones,WR,False,TEN,1,True,10,10.0436,0.4776,0.0,3.53,7.7254,-7.72,0,3,1,21.33,63.94,-0.472,5.01,0.488,4.92,6.47,6.47,False,6.6262,8.1286,1.5024,-1.6586
2021091207,3776,43556,Chester Rogers,WR,False,TEN,1,True,10,21.3431,1.0149,0.5149,8.3605,3.846,2.7308,1,2,2,8.3939,41.2995,0.8571,6.22,-0.4068,3.87,1.6395,1.6395,False,1.4214,1.515,0.0936,0.1245
2021091207,3804,43334,Derrick Henry,RB,False,TEN,1,True,8,9.7319,0.4628,0.0,2.52,7.5718,6.81,0,3,1,21.44,36.64,2.3761,1.8,1.7973,2.59,5.48,5.48,False,6.3514,7.0372,0.6858,-1.5572
2021091207,3847,44975,Jeremy McNichols,RB,False,TEN,1,True,7,12.2101,0.5806,0.0806,3.1217,6.5773,6.2741,0,3,1,24.1237,37.8783,2.7847,6.71,0.8886,2.56,3.8783,3.8783,False,8.312,5.7953,-2.5167,-1.9169
2021091208,56,48556,Jalen Guyton,WR,False,LAC,1,True,10,12.6739,0.6027,0.1027,-3.6363,12.0539,3.1064,0,0,0,6.2434,79.4163,-1.1902,6.8,2.5682,3.25,13.6363,13.6363,False,10.1863,9.6954,-0.4909,3.9409
2021091208,85,34540,Jared Cook,TE,True,LAC,1,True,6,15.1071,0.7184,0.2184,5.9727,2.0531,1.2383,1,1,0,15.6104,60.1773,1.0076,5.01,1.2485,4.69,0.0273,0.0273,False,2.7401,1.6539,-1.0862,-1.6266
2021091208,175,44819,Mike Williams,WR,False,LAC,1,True,11,24.9144,1.1848,0.6848,10.7278,1.5216,1.5159,2,4,1,13.4575,15.6822,3.8476,0.85,-0.5435,5.77,0.2722,0.2722,False,0.3199,-1.295,-1.6149,1.5672
2021091208,225,34540,Jared Cook,TE,True,LAC,1,True,-3,8.7216,0.4147,0.0,-2.33,1.5185,1.48,3,5,1,11.02,15.64,3.6042,6.45,1.3344,0.97,-0.67,-0.67,False,1.8616,1.9966,0.135,-2.6666
2021091208,272,40024,Keenan Allen,WR,False,LAC,1,True,7,10.4073,0.4949,0.0,1.75,3.4577,2.7,2,7,1,24.23,8.55,3.3028,4.9,2.762,2.03,5.25,5.25,False,2.0221,4.2029,2.1808,1.0471
2021091208,377,52474,Antonio Gibson,RB,False,WAS,1,True,2,9.1704,0.4361,0.0,1.64,1.4202,1.41,1,5,1,26.13,68.3,3.754,0.39,-0.1935,3.83,0.36,0.36,False,1.0519,0.0867,-0.9651,0.2733
2021091208,493,46320,Justin Jackson,RB,False,LAC,1,True,2,12.8628,0.6117,0.1117,-1.664,4.2677,3.0435,1,1,1,8.1362,89.584,0.9228,6.67,1.5763,1.41,3.664,3.664,False,3.7474,5.3708,1.6234,-1.7068
2021091208,620,43010,Adam Humphries,WR,False,WAS,1,True,6,18.4148,0.8757,0.3757,4.4151,5.0546,4.7191,0,2,2,6.9892,15.2549,1.453,7.11,0.6259,3.9,1.5849,1.5849,False,2.1935,2.6438,0.4502,-1.0589
2021091208,764,52628,K.J. Hill,WR,False,LAC,1,True,4,16.1847,0.7696,0.2696,3.427,4.066,3.5128,1,2,1,15.6908,69.223,1.1784,6.01,0.2485,1.85,0.573,0.573,False,2.7021,2.2952,-0.4069,-1.7222
2021091208,1095,44819,Mike Williams,WR,False,LAC,1,True,18,28.5878,1.3595,0.8595,15.8523,5.987,3.6122,0,2,0,0.3802,75.6777,7.3807,6.74,6.181,4.13,2.1477,2.1477,False,1.131,2.1495,1.0185,-0.0017
2021091208,1145,40024,Keenan Allen,WR,False,LAC,1,True,16,20.3514,0.9678,0.4678,10.9329,2.3713,-0.7421,2,2,0,14.0639,55.5571,-0.4894,6.5,2.2295,2.61,5.0671,5.0671,False,6.586,5.5354,-1.0505,-0.4684
2021091208,1190,40024,Keenan Allen,WR,False,LAC,1,True,10,12.1799,0.5792,0.0792,1.0642,4.4872,2.6224,1,1,0,13.4564,51.5658,0.2532,7.07,1.6948,0.62,8.9358,8.9358,False,8.2441,9.5073,1.2633,-0.5716
2021091208,1214,48556,Jalen Guyton,WR,False,LAC,1,True,22,20.2185,0.9615,0.4615,14.1747,1.2801,-1.1418,1,2,0,11.7836,29.5453,-0.1441,8.17,7.5082,2.3,7.8253,7.8253,False,11.3128,13.4847,2.1719,-5.6594
2021091208,1521,43845,Stephen Anderson,TE,True,LAC,1,True,1,11.1739,0.5314,0.0314,-0.7585,3.8429,3.3413,1,1,1,14.9383,71.1485,1.0999,6.76,0.3679,2.08,1.7585,1.7585,False,4.94,4.1024,-0.8376,-2.3439
2021091208,1599,44819,Mike Williams,WR,False,LAC,1,True,6,12.704,0.6041,0.1041,4.3692,0.7387,0.199,1,4,0,21.7249,60.7208,1.1028,7.09,2.8736,1.06,1.6308,1.6308,False,2.0756,4.3346,2.2591,-2.7038
2021091208,1675,44819,Mike Williams,WR,False,LAC,1,True,11,19.2255,0.9142,0.4142,10.4998,0.9109,0.2026,1,2,0,24.6967,45.4702,1.2136,5.69,1.279,3.77,0.5002,0.5002,False,1.3055,-0.3637,-1.6692,0.8639
2021091208,1710,48556,Jalen Guyton,WR,False,LAC,1,True,17,20.2627,0.9636,0.4636,-0.9551,13.6757,13.6459,0,0,0,7.4886,67.2151,-2.2013,0.23,0.1184,1.1,17.9551,17.9551,False,10.85,13.0796,2.2296,4.8755
2021091208,1739,44819,Mike Williams,WR,False,LAC,1,True,4,20.8545,0.9917,0.4917,4.9763,0.4264,0.1908,1,1,0,4.7949,44.8737,0.3789,1.32,-0.272,4.08,-0.9763,-0.9763,False,3.4144,0.8187,-2.5957,-1.795
2021091208,1784,53506,Josh Palmer,WR,False,LAC,1,True,17,27.9067,1.3271,0.8271,16.3311,3.6835,0.4401,1,2,0,3.551,28.9289,-1.7437,6.99,2.081,3.44,0.6689,0.6689,False,-0.5797,-0.2874,0.2923,0.9563
2021091208,2156,41349,Logan Thomas,TE,True,WAS,1,True,12,18.418,0.8758,0.3758,9.2629,7.9891,7.9874,0,1,1,2.367,43.1971,1.0342,2.1,1.95,2.38,2.7371,2.7371,False,0.5892,3.381,2.7918,-0.6439
2021091208,2185,41349,Logan Thomas,TE,True,WAS,1,True,7,18.3502,0.8726,0.3726,5.4308,5.4689,4.8132,0,1,1,4.299,34.7292,1.0213,5.97,1.9614,1.94,1.5692,1.5692,False,1.0977,2.8365,1.7388,-1.2674
2021091208,2348,52474,Antonio Gibson,RB,False,WAS,1,True,11,8.385,0.3987,0.0,0.33,4.7387,3.66,1,4,1,24.37,75.9,7.6625,3.62,0.6634,1.8,10.67,10.67,False,3.3118,1.8938,-1.418,8.7762
2021091208,2428,47859,Terry McLaurin,WR,False,WAS,1,True,2,13.2849,0.6317,0.1317,2.5978,3.1036,1.7895,1,2,1,16.5271,47.8722,0.189,6.34,-0.4721,1.13,-0.5978,-0.5978,False,3.8459,2.1529,-1.693,-2.7507
2021091208,2482,47859,Terry McLaurin,WR,False,WAS,1,True,34,22.1519,1.0534,0.5534,19.1421,2.8106,-2.6019,1,1,0,9.203,26.4579,-1.1404,8.04,6.762,0.15,14.8579,14.8579,False,12.0849,13.6586,1.5737,1.1994
2021091208,2522,41349,Logan Thomas,TE,True,WAS,1,True,11,21.9155,1.0422,0.5422,15.5691,1.7361,1.562,1,1,1,10.2286,0.0,-0.9632,7.15,2.0642,2.02,-4.5691,-4.5691,True,-4.998,-4.3414,0.6565,-0.2277
2021091208,2617,40024,Keenan Allen,WR,False,LAC,1,True,7,19.4016,0.9226,0.4226,5.4064,5.4771,3.0014,0,2,1,10.0935,70.2736,-0.6327,4.61,-0.1979,2.55,1.5936,1.5936,False,6.3332,3.6262,-2.7071,-2.0325
2021091208,2641,34540,Jared Cook,TE,True,LAC,1,True,11,9.9301,0.4722,0.0,1.37,4.0008,1.92,1,3,0,11.6,67.32,-0.245,6.69,2.1172,1.12,9.63,9.63,False,6.2241,8.792,2.5678,0.838
2021091208,2714,34540,Jared Cook,TE,True,LAC,1,True,23,22.2854,1.0598,0.5598,12.6201,7.6446,6.3307,0,2,1,9.3261,45.1899,-4.4633,7.69,2.4299,2.97,10.3799,10.3799,False,3.6659,7.0949,3.429,3.285
2021091208,2804,40024,Keenan Allen,WR,False,LAC,1,True,6,16.9089,0.8041,0.3041,5.0853,0.9489,0.0303,1,2,1,10.6159,11.0047,0.3952,7.35,1.3987,1.79,0.9147,0.9147,False,2.1796,1.5481,-0.6315,-0.6334
2021091208,3042,46362,Cam Sims,WR,False,WAS,1,True,17,27.8877,1.3262,0.8262,16.3049,2.4895,2.1823,1,2,1,25.7409,57.4951,0.8684,7.44,0.3206,3.25,0.6951,0.6951,False,3.887,2.5283,-1.3587,-1.8332
2021091208,3166,47859,Terry McLaurin,WR,False,WAS,1,True,17,8.0711,0.3838,0.0,8.81,5.6314,-3.22,0,2,0,13.66,32.84,-1.8195,6.89,2.5039,2.33,8.19,8.19,False,9.4987,9.8169,0.3182,-1.6269
2021091208,3331,53511,Dyami Brown,WR,False,WAS,1,True,-2,20.2803,0.9644,0.4644,-2.34,5.752,5.7101,0,1,1,7.098,33.47,4.9909,1.53,-0.237,1.92,0.34,0.34,False,5.4138,4.1638,-1.25,-3.8237
2021091208,3375,34540,Jared Cook,TE,True,LAC,1,True,19,18.5621,0.8827,0.3827,13.2985,2.9336,-0.4244,1,3,1,20.3859,45.6415,-1.2399,6.31,4.5429,3.61,5.7015,5.7015,False,3.2757,3.5195,0.2438,2.182
2021091208,3442,40024,Keenan Allen,WR,False,LAC,1,True,17,24.3566,1.1582,0.6582,17.1587,3.6017,-1.9157,1,2,0,11.7906,20.1113,-1.0504,6.44,2.9757,4.36,-0.1587,-0.1587,False,13.5247,6.1039,-7.4208,-6.2626
2021091208,3597,44819,Mike Williams,WR,False,LAC,1,True,3,19.8895,0.9458,0.4458,7.2929,1.0155,0.013,1,1,0,4.8031,0.0,-0.0333,6.06,4.3805,1.97,-4.2929,-4.2929,True,-3.7573,-3.3945,0.3629,-0.8984
2021091208,3850,43010,Adam Humphries,WR,False,WAS,1,True,4,21.1959,1.0079,0.5079,-1.074,10.6914,9.9167,0,0,0,5.4056,54.334,3.9494,2.66,1.5867,1.45,5.074,5.074,False,6.4586,8.2381,1.7795,-3.1641
2021091208,3992,40024,Keenan Allen,WR,False,LAC,1,True,18,20.5943,0.9793,0.4793,16.6643,2.5168,2.418,1,3,1,20.6739,61.4957,4.0208,6.92,5.0577,3.89,1.3357,1.3357,False,0.9656,1.5411,0.5755,-0.2054
2021091208,4055,40024,Keenan Allen,WR,False,LAC,1,True,17,21.9069,1.0418,0.5418,14.9352,7.269,2.7715,0,4,1,20.8601,73.1248,3.8185,2.53,2.4461,4.16,2.0648,2.0648,False,5.067,3.682,-1.385,-1.6171
2021091208,4101,52628,K.J. Hill,WR,False,LAC,1,True,7,16.5738,0.7881,0.2881,3.729,6.4373,2.5862,0,2,1,13.3644,67.271,0.5274,4.67,-0.0383,3.08,3.271,3.271,False,5.4751,5.3466,-0.1285,-2.0756
2021091208,4125,52628,K.J. Hill,WR,False,LAC,1,True,19,20.9745,0.9974,0.4974,12.309,3.7106,-2.5235,1,2,0,21.2238,52.281,1.2138,3.89,0.5407,3.09,6.691,6.691,False,8.7077,5.1258,-3.5819,1.5653
2021091208,4191,44819,Mike Williams,WR,False,LAC,1,True,20,23.9452,1.1387,0.6387,16.7636,1.0127,-0.1788,1,1,0,7.8934,25.3864,0.2902,8.95,8.3979,1.77,3.2364,3.2364,False,7.7813,14.2302,6.449,-10.9938
2021091208,4312,40024,Keenan Allen,WR,False,LAC,1,True,9,12.5191,0.5953,0.0953,4.6236,4.3627,-1.4252,2,4,1,22.7103,11.5664,-1.5331,5.13,4.1286,0.84,4.3764,4.3764,False,6.1302,9.1301,2.9999,-4.7536
2021091209,76,46104,Nick Chubb,RB,False,CLE,1,True,8,10.9221,0.5194,0.0194,-0.5284,6.7658,6.7222,0,1,1,10.1616,74.8984,-0.0515,6.32,1.6315,1.59,8.5284,8.5284,False,7.309,8.4634,1.1544,0.065
2021091209,126,43370,Austin Hooper,TE,True,CLE,1,True,14,12.2136,0.5808,0.0808,1.7997,5.9291,1.4369,0,1,0,17.5045,57.3303,-0.98,7.35,1.2333,1.1,12.2003,12.2003,False,12.8024,11.9694,-0.833,0.231
2021091209,198,53520,Anthony Schwartz,WR,False,CLE,1,True,16,22.4534,1.0677,0.5677,16.6601,1.0091,0.3919,1,1,0,15.1204,21.5699,0.021,8.66,3.6462,2.28,-0.6601,-0.6601,False,4.7244,3.8626,-0.8618,-4.5226
2021091209,265,43370,Austin Hooper,TE,True,CLE,1,True,8,20.776,0.988,0.488,8.4993,1.4886,0.031,1,1,0,13.613,14.5107,1.0112,5.22,-0.0629,3.0,-0.4993,-0.4993,False,4.9128,1.4097,-3.5031,-1.9091
2021091209,289,43370,Austin Hooper,TE,True,CLE,1,True,5,17.5174,0.833,0.333,4.3979,0.628,0.2181,2,3,1,18.2296,10.9321,0.3744,6.94,3.2067,0.78,0.6021,0.6021,False,1.6922,2.8025,1.1103,-2.2004
2021091209,490,40011,Travis Kelce,TE,True,KC,1,True,9,13.7532,0.654,0.154,6.3396,5.5408,-0.6643,0,3,0,24.0424,56.4504,-3.6808,5.36,2.5945,0.39,2.6604,2.6604,False,9.1661,11.4889,2.3229,-8.8285
2021091209,514,52440,Clyde Edwards-Helaire,RB,False,KC,1,True,11,8.8192,0.4194,0.0,-1.11,9.517,8.11,0,1,1,17.46,54.28,-1.9666,6.71,2.4549,2.02,12.11,12.11,False,7.7983,10.4037,2.6054,1.7063
2021091209,559,43454,Tyreek Hill,WR,False,KC,1,True,24,23.6087,1.1227,0.6227,17.894,5.3943,5.3688,0,3,1,13.9243,24.326,-2.0317,2.18,1.5482,6.6,6.106,6.106,False,4.068,2.3902,-1.6778,3.7158
2021091209,642,40011,Travis Kelce,TE,True,KC,1,True,12,9.8204,0.467,0.0,6.46,1.5096,0.42,1,3,0,13.65,7.57,1.2539,6.34,1.4962,1.55,5.54,5.54,False,3.8309,2.2687,-1.5622,3.2713
2021091209,710,43415,Demarcus Robinson,WR,False,KC,1,True,9,15.2949,0.7273,0.2273,8.5091,7.943,5.3445,0,2,1,24.442,10.4609,1.7458,1.86,-0.488,4.04,0.4909,0.4909,False,6.3739,2.7455,-3.6285,-2.2546
2021091209,768,53520,Anthony Schwartz,WR,False,CLE,1,True,44,27.025,1.2851,0.7851,28.0634,5.6884,-2.039,0,1,0,14.3963,47.1266,-2.6426,9.63,8.7927,2.7,15.9366,15.9366,False,17.0448,19.0657,2.0209,-3.1291
2021091209,797,52523,Harrison Bryant,TE,True,CLE,1,True,17,13.2467,0.6299,0.1299,1.9014,6.9744,-2.8017,0,1,0,16.7072,29.1686,-1.1593,6.56,1.3964,1.27,15.0986,15.0986,False,15.5398,14.6308,-0.9091,0.4678
2021091209,866,44841,David Njoku,TE,True,CLE,1,True,3,11.3842,0.5414,0.0414,4.2165,1.0991,0.5244,2,2,0,23.3868,8.5635,3.5694,1.53,-0.0838,4.11,-1.2165,-1.2165,False,0.1983,1.085,0.8867,-2.3016
2021091209,995,43454,Tyreek Hill,WR,False,KC,1,True,8,17.155,0.8158,0.3158,4.3271,6.3313,3.052,0,2,1,8.007,70.7029,1.213,1.29,0.3391,5.36,3.6729,3.6729,False,3.1884,3.4466,0.2582,0.2263
2021091209,1142,43454,Tyreek Hill,WR,False,KC,1,True,11,17.0891,0.8126,0.3126,11.0975,2.8432,2.7353,2,4,2,24.03,49.8725,1.4014,3.93,2.7428,4.22,-0.0975,-0.0975,False,2.1167,3.3191,1.2023,-3.4166
2021091209,1188,46522,Byron Pringle,WR,False,KC,1,True,6,11.2152,0.5333,0.0333,2.9057,3.8642,3.566,2,4,1,24.1557,47.1943,2.6688,7.97,0.7722,0.59,3.0943,3.0943,False,1.8995,4.4584,2.5589,-1.3641
2021091209,1212,43454,Tyreek Hill,WR,False,KC,1,True,22,23.1563,1.1012,0.6012,21.9542,2.9417,2.0063,2,3,0,18.1725,23.4358,2.2961,9.71,6.328,1.93,0.0458,0.0458,False,4.5663,9.4607,4.8944,-9.4149
2021091209,1247,40011,Travis Kelce,TE,True,KC,1,True,19,18.9076,0.8991,0.3991,12.2459,5.7396,-1.0018,0,3,1,11.3124,9.7241,-3.9024,6.52,1.9942,4.15,6.7541,6.7541,False,1.9839,3.3764,1.3925,3.3776
2021091209,1387,53520,Anthony Schwartz,WR,False,CLE,1,True,9,18.0949,0.8605,0.3605,4.5135,3.2492,-2.867,2,3,0,12.8104,81.7965,4.0817,3.27,-0.4064,0.52,4.4865,4.4865,False,4.7316,6.0908,1.3592,-1.6043
2021091209,1484,41292,Jarvis Landry,WR,False,CLE,1,True,9,32.0326,1.5233,1.0233,14.1822,1.3003,1.2886,1,1,1,1.2171,35.9978,-0.5037,2.29,0.9696,6.68,-5.1822,-5.0,True,2.2921,-1.458,-3.7502,-3.542
2021091209,1601,43454,Tyreek Hill,WR,False,KC,1,True,9,11.9343,0.5675,0.0675,3.1427,5.6299,-0.4547,0,3,0,17.8382,79.0173,-6.643,1.31,-0.1076,0.48,5.8573,5.8573,False,10.9959,10.8046,-0.1913,-4.9474
2021091209,1631,43454,Tyreek Hill,WR,False,KC,1,True,28,24.0175,1.1421,0.6421,21.3627,6.6395,-5.0794,0,1,0,13.7364,51.1873,0.3993,6.7,2.2001,3.56,6.6373,6.6373,False,12.3839,7.4825,-4.9013,-0.8453
2021091209,1853,44841,David Njoku,TE,True,CLE,1,True,43,25.8722,1.2303,0.7303,26.3819,0.9067,-0.3943,1,2,0,7.7714,52.9581,-0.2015,8.1,7.9717,2.65,16.6181,16.6181,False,11.6666,17.2417,5.5751,-0.6236
2021091209,2124,43454,Tyreek Hill,WR,False,KC,1,True,6,17.492,0.8318,0.3318,6.8684,1.3118,1.1547,1,2,1,10.2609,61.2616,2.1272,1.48,1.472,6.65,-0.8684,-0.8684,False,1.6928,0.0858,-1.6069,-0.9543
2021091209,2226,40011,Travis Kelce,TE,True,KC,1,True,12,11.474,0.5456,0.0456,4.762,8.2455,-8.1739,0,5,0,24.4988,46.128,-5.7759,3.56,3.113,1.8,7.238,7.238,False,10.9342,11.9178,0.9836,-4.6798
2021091209,2340,43454,Tyreek Hill,WR,False,KC,1,True,6,17.8615,0.8494,0.3494,7.2172,4.5062,4.5054,1,3,1,17.8236,11.3628,4.0731,5.08,-1.6681,3.05,-1.2172,-1.2172,False,2.9846,0.7817,-2.2029,-1.9988
2021091209,2425,40011,Travis Kelce,TE,True,KC,1,True,11,14.7724,0.7025,0.2025,6.3474,3.0471,-0.026,1,2,1,11.4971,4.5826,-0.338,5.98,2.1109,2.81,4.6526,4.6526,False,3.083,2.6528,-0.4302,1.9998
2021091209,2587,47839,Mecole Hardman,WR,False,KC,1,True,8,6.6911,0.3182,0.0,-1.87,6.5148,5.73,0,3,1,14.37,53.81,-2.3227,7.41,0.8106,0.59,9.87,9.87,False,8.9764,11.4666,2.4902,-1.5966
2021091209,2685,52440,Clyde Edwards-Helaire,RB,False,KC,1,True,14,8.1112,0.3857,0.0,-5.02,8.3856,5.16,0,3,0,18.24,39.56,1.1728,6.03,1.7851,2.47,19.02,19.02,False,11.6887,10.7451,-0.9436,8.2749
2021091209,2833,41292,Jarvis Landry,WR,False,CLE,1,True,11,18.6626,0.8875,0.3875,5.2415,1.2584,-0.2503,1,3,1,19.82,70.0585,0.1385,6.76,3.2814,2.3,5.7585,5.7585,False,5.7089,7.8444,2.1355,-2.0859
2021091209,2942,44841,David Njoku,TE,True,CLE,1,True,30,20.6881,0.9838,0.4838,18.3221,1.8136,-0.772,1,1,0,12.9389,28.7279,-0.3372,8.91,7.0735,1.0,11.6779,11.6779,False,7.9044,17.5912,9.6868,-5.9133
2021091209,3093,43454,Tyreek Hill,WR,False,KC,1,True,75,38.0006,1.8071,1.3071,43.6157,2.3227,-2.2299,1,1,0,18.4988,31.6543,-0.6581,8.9,7.7622,1.62,31.3843,30.0,False,20.0866,18.0205,-2.0661,11.9795
2021091209,3168,44898,Kareem Hunt,RB,False,CLE,1,True,4,15.7551,0.7492,0.2492,4.1542,2.2762,2.2031,1,1,1,7.5574,77.7258,1.7706,6.45,0.4982,2.03,-0.1542,-0.1542,False,1.0436,1.6307,0.5871,-1.7849
2021091209,3286,40011,Travis Kelce,TE,True,KC,1,True,8,11.8689,0.5644,0.0644,5.1792,2.6736,1.0191,1,4,1,20.7021,3.4308,5.7064,3.38,3.0923,0.71,2.8208,2.8208,False,1.1018,0.9784,-0.1233,1.8424
2021091209,3390,41292,Jarvis Landry,WR,False,CLE,1,True,10,15.206,0.7231,0.2231,7.4851,2.1286,1.7356,3,5,1,23.3451,73.4749,1.4755,2.91,1.7711,0.82,2.5149,2.5149,False,2.0403,3.0073,0.9671,-0.4925
2021091209,3510,52440,Clyde Edwards-Helaire,RB,False,KC,1,True,4,18.6388,0.8863,0.3863,-1.4753,5.67,5.67,0,1,1,8.4266,71.3453,4.1472,0.53,0.5299,1.48,5.4753,5.4753,False,4.0726,4.844,0.7714,0.6313
2021091209,3534,43454,Tyreek Hill,WR,False,KC,1,True,14,22.4103,1.0657,0.5657,11.5957,6.1686,5.3655,0,3,1,10.532,53.5543,0.6159,4.65,-0.202,4.32,2.4043,2.4043,False,6.0309,1.6804,-4.3505,0.7239
2021091209,3704,44898,Kareem Hunt,RB,False,CLE,1,True,3,10.6835,0.508,0.008,-0.6201,5.4834,5.4538,0,2,2,10.9523,78.9601,3.2571,6.43,2.4752,1.14,3.6201,3.6201,False,4.9712,5.851,0.8798,-2.2309
2021091209,3745,52595,Donovan Peoples-Jones,WR,False,CLE,1,True,4,16.1181,0.7665,0.2665,3.3697,0.4541,-0.4519,1,2,1,12.5523,71.9603,-1.2983,5.15,2.7382,0.51,0.6303,0.6303,False,4.3421,7.6059,3.2639,-6.9756
2021091210,200,41359,James White,RB,False,NE,1,True,4,9.1823,0.4367,0.0,1.14,5.718,5.45,0,3,1,21.17,39.65,1.3652,6.13,0.2791,1.48,2.86,2.86,False,7.6369,6.303,-1.3339,-3.443
2021091210,352,46192,Durham Smythe,TE,True,MIA,1,True,9,9.7118,0.4618,0.0,3.08,8.0836,-2.94,0,3,2,16.69,34.55,-2.6887,4.16,2.2948,1.22,5.92,5.92,False,9.8029,10.4947,0.6918,-4.5747
2021091210,525,42363,Nelson Agholor,WR,False,NE,1,True,7,17.184,0.8172,0.3172,4.747,3.5878,3.5628,1,2,1,7.3386,69.373,0.8495,0.75,0.2743,4.83,2.253,2.253,False,1.1523,1.7544,0.602,0.4987
2021091210,574,48097,Jakobi Meyers,WR,False,NE,1,True,4,11.1319,0.5294,0.0294,2.5123,3.2286,2.806,1,2,1,11.5648,62.9677,0.7613,7.68,0.4193,2.05,1.4877,1.4877,False,3.3307,4.5957,1.265,-3.108
2021091210,603,53549,Rhamondre Stevenson,RB,False,NE,1,True,9,5.3881,0.2562,0.0,-1.14,6.3369,-5.44,0,3,0,19.27,61.86,-3.1423,5.24,1.8787,0.64,10.14,10.14,False,9.053,10.0996,1.0466,0.0404
2021091210,865,44912,Jonnu Smith,TE,True,NE,1,True,8,13.6122,0.6473,0.1473,4.2815,3.5376,0.3065,2,3,1,14.6266,47.5485,1.3847,1.52,1.4361,2.24,3.7185,3.7185,False,2.2738,3.1785,0.9048,0.5399
2021091210,929,48097,Jakobi Meyers,WR,False,NE,1,True,5,13.3944,0.637,0.137,4.1733,5.7818,5.2104,0,2,1,10.386,40.4467,2.8247,6.82,-0.0488,2.92,0.8267,0.8267,False,4.0747,2.1623,-1.9123,-1.3356
2021091210,996,48097,Jakobi Meyers,WR,False,NE,1,True,22,16.9641,0.8067,0.3067,7.2253,6.7188,-0.5642,0,3,0,11.1075,30.0247,-2.7361,7.17,4.8753,2.09,14.7747,14.7747,False,10.3569,12.2675,1.9106,2.5072
2021091210,1081,44912,Jonnu Smith,TE,True,NE,1,True,6,14.2127,0.6759,0.1759,5.4879,1.8041,1.5017,1,2,1,22.6432,19.2721,5.4319,6.92,-0.1256,1.53,0.5121,0.5121,False,1.3786,-0.2558,-1.6344,0.7679
2021091210,1201,42357,DeVante Parker,WR,False,MIA,1,True,23,22.5323,1.0715,0.5715,12.1041,4.6957,1.9339,1,2,0,14.2541,63.5859,-0.9028,6.56,4.9591,3.91,10.8959,10.8959,False,7.3333,5.0232,-2.3101,5.8727
2021091210,1323,42363,Nelson Agholor,WR,False,NE,1,True,12,17.2223,0.819,0.319,13.351,0.615,0.4508,2,4,2,21.0144,68.209,1.1981,6.53,1.8841,4.41,-1.351,-1.351,False,1.2352,1.5569,0.3216,-2.9079
2021091210,1442,52922,Salvon Ahmed,RB,False,MIA,1,True,6,11.3371,0.5391,0.0391,-1.9734,4.7877,4.7691,1,1,1,9.906,82.1434,6.086,6.42,3.7463,1.72,7.9734,7.9734,False,3.6859,6.9176,3.2317,1.0558
2021091210,1584,42363,Nelson Agholor,WR,False,NE,1,True,25,22.7988,1.0842,0.5842,26.1154,3.8182,3.747,1,2,1,22.4874,27.9846,5.8873,8.73,8.6199,2.17,-1.1154,-1.1154,False,0.5935,8.7234,8.1299,-9.8388
2021091210,1630,47870,Damien Harris,RB,False,NE,1,True,9,7.8777,0.3746,0.0,0.63,7.848,-6.27,0,5,1,19.68,25.55,-4.5444,6.22,1.6821,1.44,8.37,8.37,False,7.1345,6.5193,-0.6151,1.8507
2021091210,1712,42363,Nelson Agholor,WR,False,NE,1,True,7,19.0786,0.9073,0.4073,3.5977,3.1964,3.0646,1,3,2,12.5076,3.6423,2.2817,2.38,0.1416,2.13,3.4023,3.4023,False,0.987,0.2319,-0.7551,3.1705
2021091210,1772,53435,Jaylen Waddle,WR,False,MIA,1,True,36,22.619,1.0756,0.5756,16.3062,1.1214,-0.987,1,3,0,10.2944,59.0138,-0.5143,8.92,8.7146,1.87,19.6938,19.6938,False,9.7714,17.514,7.7425,2.1798
2021091210,1858,48017,Myles Gaskin,RB,False,MIA,1,True,4,15.9993,0.7608,0.2608,3.778,3.4716,2.7896,1,1,1,6.0205,30.242,-0.9183,6.71,1.0277,3.25,0.222,0.222,False,1.4676,2.1765,0.7089,-1.9546
2021091210,1947,48017,Myles Gaskin,RB,False,MIA,1,True,10,13.3824,0.6364,0.1364,3.2266,4.1221,2.0429,1,1,0,11.4413,30.3934,-2.8127,7.49,1.8817,3.31,6.7734,6.7734,False,6.8104,5.4592,-1.3512,1.3142
2021091210,2141,42357,DeVante Parker,WR,False,MIA,1,True,30,30.1935,1.4358,0.9358,25.9003,1.0211,-0.6001,1,1,0,1.3069,47.7897,-0.2275,8.05,8.0041,1.66,4.0997,4.0997,False,10.886,11.5181,0.6321,-7.4184
2021091210,2191,48017,Myles Gaskin,RB,False,MIA,1,True,12,14.0174,0.6666,0.1666,2.8837,5.6155,5.2055,0,3,2,15.144,39.6763,-3.7451,6.26,2.7834,0.7,9.1163,9.1163,False,8.1134,9.3308,1.2174,-0.2145
2021091210,2287,53435,Jaylen Waddle,WR,False,MIA,1,True,3,8.7566,0.4164,0.0,-0.9,2.875,2.87,3,4,3,15.24,4.0,0.2797,7.62,1.0605,1.67,3.9,3.9,False,4.3895,2.6364,-1.7531,1.2636
2021091210,2426,42363,Nelson Agholor,WR,False,NE,1,True,5,12.9892,0.6177,0.1177,2.2559,4.6919,4.6116,1,1,1,18.0087,79.0441,7.3918,2.35,2.3446,1.48,2.7441,2.7441,False,2.0368,3.0834,1.0466,-0.3393
2021091210,2483,42363,Nelson Agholor,WR,False,NE,1,True,21,28.9427,1.3763,0.8763,20.8516,3.7745,1.9508,1,1,0,6.0442,65.8584,7.0763,6.16,6.0727,2.1,0.1484,0.1484,False,1.5576,2.7624,1.2048,-2.6141
2021091210,2515,45185,Kendrick Bourne,WR,False,NE,1,True,33,32.7986,1.5597,1.0597,30.0413,2.6856,0.5406,1,1,0,6.8415,35.2387,-0.603,7.24,2.049,3.67,2.9587,2.9587,False,3.4869,-0.4169,-3.9039,3.3756
2021091210,2550,45185,Kendrick Bourne,WR,False,NE,1,True,11,15.3532,0.7301,0.2301,0.6542,12.0521,10.1019,0,0,0,5.2833,74.7858,3.0003,6.18,4.3208,3.08,10.3458,10.3458,False,8.5279,10.5834,2.0555,-0.2376
2021091210,2633,41359,James White,RB,False,NE,1,True,26,16.1631,0.7686,0.2686,10.8638,1.0092,-0.79,1,1,0,9.0921,64.4062,-0.6955,7.69,6.3428,2.17,15.1362,15.1362,False,8.1103,13.4885,5.3782,1.6477
2021091210,2662,43324,Hunter Henry,TE,True,NE,1,True,9,17.1193,0.8141,0.3141,5.1911,7.5995,7.1001,0,1,1,1.6095,40.0589,-1.6294,3.38,1.6273,3.95,3.8089,3.8089,False,0.4801,3.6121,3.132,0.1968
2021091210,2728,41359,James White,RB,False,NE,1,True,6,11.6864,0.5557,0.0557,2.4716,2.3322,1.7709,1,2,1,13.3167,28.3684,1.787,6.17,2.541,3.35,3.5284,3.5284,False,2.3327,4.4126,2.0798,-0.8842
2021091210,2912,45185,Kendrick Bourne,WR,False,NE,1,True,17,13.2226,0.6288,0.1288,6.0033,5.4267,5.0787,0,1,1,13.8426,66.2267,-2.8436,7.69,-0.5953,1.36,10.9967,10.9967,False,5.9329,5.8963,-0.0366,5.1003
2021091210,2973,43324,Hunter Henry,TE,True,NE,1,True,16,19.3902,0.9221,0.4221,15.2806,3.1148,2.104,1,1,0,18.458,57.9394,-1.2871,5.92,1.1387,2.88,0.7194,0.7194,False,6.2496,3.4084,-2.8412,-2.6891
2021091210,3016,41359,James White,RB,False,NE,1,True,4,20.082,0.955,0.455,6.2889,3.8058,3.7141,1,2,1,4.3746,49.0711,6.0511,1.81,1.2505,5.05,-2.2889,-2.2889,False,0.2699,0.1446,-0.1253,-2.4335
2021091210,3045,41359,James White,RB,False,NE,1,True,1,7.2363,0.3441,0.0,-4.67,7.2197,5.07,0,2,0,21.7,53.49,-1.0245,5.8,-0.349,1.42,5.67,5.67,False,11.2387,9.2266,-2.0121,-3.5566
2021091210,3069,43324,Hunter Henry,TE,True,NE,1,True,6,15.4068,0.7327,0.2327,5.7056,2.7235,1.3763,1,2,0,7.4379,42.0944,1.9528,6.69,2.5169,3.98,0.2944,0.2944,False,1.9261,3.0554,1.1294,-2.761
2021091210,3093,44912,Jonnu Smith,TE,True,NE,1,True,10,19.3926,0.9222,0.4222,4.9998,7.8862,3.9564,0,1,0,1.4022,38.0902,3.6867,2.3,0.3784,2.07,5.0002,5.0002,False,1.5203,2.0161,0.4958,2.9841
2021091210,3127,48097,Jakobi Meyers,WR,False,NE,1,True,3,8.6419,0.411,0.0,-1.02,8.2109,6.64,0,5,2,11.51,33.04,2.6949,7.73,2.3643,1.54,4.02,4.02,False,5.4742,6.818,1.3439,-2.798
2021091210,3173,41359,James White,RB,False,NE,1,True,8,11.5428,0.5489,0.0489,3.2405,4.6822,2.0856,1,4,1,17.4659,25.4395,3.5673,3.61,3.4858,2.59,4.7595,4.7595,False,3.5828,5.9933,2.4105,-1.2338
2021091210,3345,48017,Myles Gaskin,RB,False,MIA,1,True,3,9.724,0.4624,0.0,-0.85,5.3956,5.32,0,3,2,12.18,56.48,0.1743,6.7,2.0571,2.05,3.85,3.85,False,3.3253,5.3201,1.9948,-1.4701
2021091210,3473,48097,Jakobi Meyers,WR,False,NE,1,True,3,19.2278,0.9143,0.4143,2.8077,5.2132,5.0722,0,2,2,4.1485,46.1823,-4.4387,5.41,-1.0193,1.74,0.1923,0.1923,False,4.9748,2.5104,-2.4644,-2.3181
2021091210,3497,48097,Jakobi Meyers,WR,False,NE,1,True,7,20.6496,0.982,0.482,8.3844,5.2909,3.8296,0,3,1,20.9757,37.4156,-2.6128,7.23,0.0921,2.65,-1.3844,-1.3844,False,6.3322,3.5234,-2.8088,-4.9078
2021091210,3610,44912,Jonnu Smith,TE,True,NE,1,True,11,9.7988,0.466,0.0,6.82,3.3869,1.05,1,4,0,25.79,17.49,4.9298,4.94,4.8794,1.26,4.18,4.18,False,3.1103,4.9966,1.8864,-0.8166
2021091211,76,53098,Marquez Callaway,WR,False,NO,1,True,14,17.8891,0.8507,0.3507,12.6047,4.0155,1.0434,2,2,0,17.7434,61.7753,-0.3029,8.4,2.266,2.5,1.3953,1.3953,False,5.1468,9.6183,4.4714,-8.2229
2021091211,283,41282,Davante Adams,WR,False,GB,1,True,4,14.4416,0.6867,0.1867,5.0045,2.1612,1.7517,1,2,1,12.493,71.4355,1.4936,4.18,-0.4043,3.27,-1.0045,-1.0045,False,2.8369,1.6623,-1.1746,-2.6668
2021091211,307,44995,Aaron Jones,RB,False,GB,1,True,6,13.8168,0.657,0.157,1.1202,5.7801,3.503,0,1,0,14.4905,71.0198,-1.071,8.85,-0.19,1.77,4.8798,4.8798,False,9.5262,9.0939,-0.4323,-4.2141
2021091211,528,44879,Alvin Kamara,RB,False,NO,1,True,3,8.3511,0.3971,0.0,-5.37,8.0016,-0.43,0,1,0,12.18,71.01,-7.4355,6.42,1.5412,3.12,8.37,8.37,False,11.9424,11.7526,-0.1898,-3.3826
2021091211,709,44879,Alvin Kamara,RB,False,NO,1,True,2,13.084,0.6222,0.1222,0.1732,3.7355,0.6318,1,1,0,14.7445,17.1168,-0.4238,6.23,0.7625,1.61,1.8268,1.8268,False,6.6942,6.1152,-0.5789,-4.2884
2021091211,921,41282,Davante Adams,WR,False,GB,1,True,7,20.6528,0.9821,0.4821,7.6616,1.6283,0.676,1,2,0,20.3657,66.8184,4.6432,4.5,0.7915,1.41,-0.6616,-0.6616,False,1.0285,0.2153,-0.8132,-0.8769
2021091211,1274,42437,Ty Montgomery,WR,False,NO,1,True,5,11.2241,0.5337,0.0337,0.0361,7.4102,6.6897,0,2,1,13.5296,8.7439,2.6925,7.46,0.7746,2.31,4.9639,4.9639,False,6.8584,4.7536,-2.1048,0.2103
2021091211,1391,52942,Juwan Johnson,TE,True,NO,1,True,1,18.6616,0.8874,0.3874,9.605,1.1028,-0.6067,1,2,0,12.2019,0.0,4.2042,1.87,0.6582,3.0,-8.605,-5.0,True,-5.1388,-4.3635,0.7753,-0.6365
2021091211,1443,46705,Allen Lazard,WR,False,GB,1,True,14,21.8533,1.0392,0.5392,13.8961,1.1642,0.3878,1,1,0,19.8342,62.3639,-0.111,7.2,5.0929,2.47,0.1039,0.1039,False,4.4624,7.2654,2.803,-7.1616
2021091211,1493,46243,Marquez Valdes-Scantling,WR,False,GB,1,True,4,17.776,0.8453,0.3453,3.7259,1.3073,0.4212,1,3,1,9.5663,57.5941,-0.037,5.6,0.0459,2.94,0.2741,0.2741,False,3.0472,1.9372,-1.11,-1.663
2021091211,1550,41282,Davante Adams,WR,False,GB,1,True,31,22.3485,1.0627,0.5627,21.2847,1.7302,-1.7239,2,2,0,15.7099,31.0853,-0.8987,8.98,8.3425,2.88,9.7153,9.7153,False,10.2895,15.8263,5.5368,-6.111
2021091211,1752,46243,Marquez Valdes-Scantling,WR,False,GB,1,True,10,11.1607,0.5307,0.0307,5.4754,6.391,6.3803,0,5,1,22.1804,62.0346,5.1704,6.15,5.707,0.99,4.5246,4.5246,False,4.7133,6.6005,1.8872,-2.0759
2021091211,1785,30842,Marcedes Lewis,TE,True,GB,1,True,19,12.9338,0.615,0.1151,4.6461,7.7859,-6.0251,0,2,0,14.5056,52.8539,-1.6506,6.43,1.9656,1.33,14.3539,14.3539,False,11.3859,10.3988,-0.9871,3.9551
2021091211,2005,52513,Adam Trautman,TE,True,NO,1,True,6,12.3316,0.5864,0.0864,4.5057,3.5409,2.3345,1,5,1,22.845,55.5443,3.594,6.67,1.8015,1.16,1.4943,1.4943,False,2.848,2.4473,-0.4007,-0.953
2021091211,2203,44995,Aaron Jones,RB,False,GB,1,True,6,8.2853,0.394,0.0,-0.38,6.9098,6.15,0,3,2,12.03,97.32,-2.4849,6.81,2.3157,0.88,6.38,6.38,False,7.4968,12.1942,4.6974,-5.8142
2021091211,2327,37737,Chris Hogan,WR,False,NO,1,True,10,18.85,0.8964,0.3964,18.0892,2.8255,-1.4297,1,3,0,16.4889,0.0,1.4664,6.41,1.6882,1.47,-8.0892,-5.0,True,-3.2947,-3.8663,-0.5716,-1.1337
2021091211,2447,41282,Davante Adams,WR,False,GB,1,True,6,16.2636,0.7734,0.2734,4.8127,2.1328,1.9911,2,3,2,22.4133,79.6973,2.3651,6.54,2.2046,2.8,1.1873,1.1873,False,3.3729,2.7539,-0.619,-1.5666
2021091211,2617,52942,Juwan Johnson,TE,True,NO,1,True,8,21.5901,1.0267,0.5267,11.4691,8.1473,3.0662,0,2,0,8.1004,0.0,-4.8527,7.53,4.0614,0.42,-3.4691,-3.4691,True,1.1173,0.5011,-0.6162,-3.9702
2021091211,2986,53514,Amari Rodgers,WR,False,GB,1,True,19,18.6496,0.8869,0.3869,12.86,3.478,-0.5676,1,1,0,14.1338,59.16,-0.544,7.56,1.3699,2.15,6.14,6.14,False,8.5494,5.8612,-2.6882,0.2789
2021091211,3031,45635,Robert Tonyan,TE,True,GB,1,True,3,11.1374,0.5296,0.0296,0.2589,4.6652,4.5402,1,2,1,10.0638,50.9211,3.0083,6.09,1.3129,0.37,2.7411,2.7411,False,2.6774,2.6781,0.0007,0.063
2021091212,106,47954,Darius Slayton,WR,False,NYG,1,True,42,31.8617,1.5151,1.0151,26.5049,1.7984,-1.5194,1,1,0,2.6976,45.5851,-1.0878,9.07,8.9987,1.7,15.4951,15.4951,False,12.3524,15.9385,3.5862,-0.4434
2021091212,465,52423,Jerry Jeudy,WR,False,DEN,1,True,13,24.0107,1.1418,0.6418,15.7609,2.4811,0.0762,2,3,1,16.7948,51.0091,2.1297,2.1,-0.1388,3.3,-2.7609,-2.7609,False,4.4789,1.2515,-3.2274,-4.0125
2021091212,489,44987,Eric Saubert,TE,True,DEN,1,True,7,7.8282,0.3723,0.0,-0.56,7.7208,6.98,0,4,1,18.68,54.9,-2.1277,6.26,1.598,1.33,7.56,7.56,False,10.9475,11.3016,0.3541,-3.7416
2021091212,566,45267,Tim Patrick,WR,False,DEN,1,True,6,17.2831,0.8219,0.3219,5.8729,2.8922,1.8256,2,2,0,14.1137,40.0671,2.9079,2.12,0.91,3.41,0.1271,0.1271,False,2.4656,1.7662,-0.6995,-1.6391
2021091212,611,42358,Melvin Gordon,RB,False,DEN,1,True,1,12.2587,0.5829,0.0829,1.0987,3.725,3.6389,1,2,1,6.7316,37.1013,5.3151,5.89,-0.1357,1.65,-0.0987,-0.0987,False,1.774,0.0066,-1.7673,-0.1054
2021091212,657,45267,Tim Patrick,WR,False,DEN,1,True,15,26.3483,1.253,0.753,13.8532,4.8302,3.944,1,3,1,24.2274,23.0568,-1.6519,5.75,-0.5801,3.84,1.1468,1.1468,False,4.0065,1.3563,-2.6502,-0.2095
2021091212,702,52454,K.J. Hamler,WR,False,DEN,1,True,9,16.8684,0.8022,0.3022,6.6081,3.7777,3.1201,1,2,1,22.036,13.1519,3.344,5.27,1.1191,1.14,2.3919,2.3919,False,3.8068,2.3949,-1.4119,-0.003
2021091212,843,44908,Kenny Golladay,WR,False,NYG,1,True,17,19.5363,0.929,0.429,15.7046,1.1156,0.2962,1,3,1,20.421,59.1854,1.3048,6.13,3.3905,3.75,1.2954,1.2954,False,2.4176,4.3954,1.9778,-3.1
2021091212,935,43425,Devontae Booker,RB,False,NYG,1,True,6,12.4919,0.594,0.094,3.9334,7.5427,7.0558,0,3,1,13.9636,47.2666,-4.2737,5.27,-1.4526,3.87,2.0666,2.0666,False,8.8115,4.4346,-4.3769,-2.368
2021091212,980,43329,Sterling Shepard,WR,False,NYG,1,True,8,10.3696,0.4931,0.0,4.03,0.5413,-0.23,1,4,1,21.64,40.7,-0.0614,5.91,1.7909,1.09,3.97,3.97,False,-0.3635,2.1878,2.5513,1.7822
2021091212,1004,43329,Sterling Shepard,WR,False,NYG,1,True,37,22.16,1.0538,0.5538,14.4322,3.1806,0.5675,1,2,0,12.0009,22.7778,0.4795,9.19,0.5818,0.52,22.5678,22.5678,False,5.3769,5.255,-0.1219,17.3128
2021091212,1081,47803,Noah Fant,TE,True,DEN,1,True,5,12.7341,0.6055,0.1055,3.7955,2.5132,2.4887,1,1,1,12.2965,71.6545,1.1523,7.14,-0.1371,1.42,1.2045,1.2045,False,2.5794,1.1274,-1.4521,0.0771
2021091212,1127,47803,Noah Fant,TE,True,DEN,1,True,25,21.6473,1.0294,0.5294,11.6753,3.621,-2.2132,1,2,1,11.0404,51.5347,0.7573,4.92,4.3168,4.13,13.3247,13.3247,False,6.0596,6.9228,0.8631,6.4019
2021091212,1175,52423,Jerry Jeudy,WR,False,DEN,1,True,5,17.4161,0.8282,0.3282,5.1345,3.2341,3.2329,2,2,1,13.1844,37.6055,2.759,1.97,0.1052,4.27,-0.1345,-0.1345,False,1.7545,1.4759,-0.2786,-1.6104
2021091212,1199,52423,Jerry Jeudy,WR,False,DEN,1,True,11,16.3485,0.7774,0.2774,3.0075,7.8039,6.7902,0,1,1,13.2783,35.1725,-4.3574,5.89,0.3154,1.09,7.9925,7.9925,False,10.6313,8.517,-2.1142,-0.5245
2021091212,1260,52526,Albert Okwuegbunam,TE,True,DEN,1,True,6,11.2191,0.5335,0.0335,-0.216,5.3586,4.6068,0,2,1,10.6358,10.146,2.2263,6.73,0.7163,1.16,6.216,6.216,False,5.972,5.4977,-0.4743,0.7183
2021091212,1388,37118,Kyle Rudolph,TE,True,NYG,1,True,2,12.8781,0.6124,0.1124,1.86,3.869,3.8384,1,2,1,11.6802,93.48,3.6168,6.56,1.4232,0.95,0.14,0.14,False,1.4455,1.7793,0.3338,-1.6393
2021091212,1437,47803,Noah Fant,TE,True,DEN,1,True,2,8.6165,0.4097,0.0,1.36,5.2763,4.93,0,4,1,23.12,56.52,7.8145,6.02,2.2542,2.89,0.64,0.64,False,4.3931,3.6544,-0.7387,-3.0144
2021091212,1499,52423,Jerry Jeudy,WR,False,DEN,1,True,6,14.2621,0.6782,0.1782,6.1353,0.9654,0.9359,2,3,1,23.0172,48.8247,2.6208,4.58,-0.4191,0.7,-0.1353,-0.1353,False,0.3039,-1.0094,-1.3133,0.8741
2021091212,1540,46109,Courtland Sutton,WR,False,DEN,1,True,14,14.885,0.7078,0.2078,11.7885,2.7643,-0.295,1,3,1,26.5555,37.0415,-1.1366,8.14,4.9969,2.37,2.2115,2.2115,False,5.1945,8.9673,3.7729,-6.7559
2021091212,1564,52423,Jerry Jeudy,WR,False,DEN,1,True,17,21.843,1.0387,0.5387,16.254,4.51,-0.6201,1,1,0,7.082,22.426,-1.3223,7.48,3.2931,3.64,0.746,0.746,False,10.8776,6.0561,-4.8215,-5.3101
2021091212,1593,45267,Tim Patrick,WR,False,DEN,1,True,16,20.1842,0.9598,0.4598,12.2075,4.4492,-0.2755,1,3,1,5.1665,6.3225,-1.7334,6.51,2.6042,3.24,3.7925,3.7925,False,1.7817,-0.2015,-1.9832,3.994
2021091212,1810,52454,K.J. Hamler,WR,False,DEN,1,True,10,27.028,1.2853,0.7853,7.804,2.7374,1.6966,1,2,1,17.8691,62.286,4.5084,4.84,-3.4331,0.29,2.196,2.196,False,1.3907,0.1722,-1.2185,2.0238
2021091212,1877,52526,Albert Okwuegbunam,TE,True,DEN,1,True,6,15.344,0.7297,0.2297,5.5119,0.8204,0.3666,1,1,0,16.7448,51.1781,0.6144,8.31,0.487,0.57,0.4881,0.4881,False,2.1128,3.1289,1.0161,-2.6408
2021091212,1944,47803,Noah Fant,TE,True,DEN,1,True,8,9.3584,0.445,0.0,4.1,2.2488,0.75,1,4,1,22.11,40.55,0.2195,7.16,1.5887,2.38,3.9,3.9,False,3.9277,5.259,1.3312,-1.359
2021091212,2008,52423,Jerry Jeudy,WR,False,DEN,1,True,20,22.1276,1.0522,0.5522,19.6779,5.4335,-5.3857,0,3,1,14.2792,13.9821,-3.5069,8.66,4.2696,2.5,0.3221,0.3221,False,7.3641,5.6603,-1.7038,-5.3382
2021091212,2151,47803,Noah Fant,TE,True,DEN,1,True,7,13.8064,0.6565,0.1565,5.2221,1.6429,0.2445,1,3,1,14.7194,5.8579,0.2256,5.82,1.2269,3.8,1.7779,1.7779,False,2.2243,1.913,-0.3112,-0.1351
2021091212,2304,43329,Sterling Shepard,WR,False,NYG,1,True,15,15.2738,0.7263,0.2263,5.3258,4.7556,1.636,1,2,1,14.4086,65.1642,0.1312,5.94,1.3069,2.82,9.6742,9.6742,False,4.4597,4.0535,-0.4063,5.6207
2021091212,2371,43329,Sterling Shepard,WR,False,NYG,1,True,20,22.2436,1.0578,0.5578,16.3647,1.2823,0.0362,2,4,1,18.5011,37.7253,0.4285,6.46,3.2894,3.82,3.6353,3.6353,False,2.6867,4.1045,1.4178,-0.4692
2021091212,2395,47954,Darius Slayton,WR,False,NYG,1,True,8,29.5097,1.4033,0.9033,7.5333,3.2786,3.2784,1,1,1,4.4051,25.2467,-0.0708,3.81,-3.7382,2.14,0.4667,0.4667,False,0.9384,1.39,0.4516,-0.9233
2021091212,2554,52454,K.J. Hamler,WR,False,DEN,1,True,22,30.3846,1.4449,0.9449,25.0275,11.9258,8.7373,0,0,0,4.5013,60.8425,-2.0471,6.71,4.781,5.41,-3.0275,-3.0275,True,4.5952,3.3518,-1.2434,-6.3793
2021091212,2947,44908,Kenny Golladay,WR,False,NYG,1,True,17,24.0496,1.1436,0.6436,17.6988,0.7347,-0.5914,2,6,2,21.0907,18.1512,0.9007,5.48,0.977,4.51,-0.6988,-0.6988,False,3.8468,2.787,-1.0598,-3.4858
2021091212,3181,42358,Melvin Gordon,RB,False,DEN,1,True,3,10.8025,0.5137,0.0137,-2.8807,7.2648,7.2251,0,3,1,9.6477,90.8007,3.8436,6.39,3.6009,2.53,5.8807,5.8807,False,8.1837,8.9855,0.8018,-3.1048
2021091212,3294,44908,Kenny Golladay,WR,False,NYG,1,True,14,27.5611,1.3106,0.8106,18.7536,1.3317,1.3316,1,1,1,9.0282,33.5964,0.7926,4.26,4.2357,5.55,-4.7536,-4.7536,True,1.0593,2.5177,1.4583,-7.2713
2021091212,3318,37118,Kyle Rudolph,TE,True,NYG,1,True,6,13.0225,0.6193,0.1193,5.2936,4.9153,3.249,1,1,0,18.6513,33.7364,8.4149,2.67,2.2099,3.69,0.7064,0.7064,False,3.5443,3.8885,0.3442,-3.182
2021091212,3342,44908,Kenny Golladay,WR,False,NYG,1,True,16,27.5792,1.3115,0.8115,16.9428,1.8434,-0.754,2,3,1,18.7762,15.0472,-1.7858,5.93,1.5438,4.35,-0.9428,-0.9428,False,4.2843,2.4573,-1.8271,-3.4
2021091212,3601,43329,Sterling Shepard,WR,False,NYG,1,True,16,21.8093,1.0371,0.5371,16.0085,4.161,3.946,1,3,1,17.6818,47.9115,4.7364,5.95,3.2927,4.59,-0.0085,-0.0085,False,1.2338,-0.2376,-1.4714,0.2291
2021091212,3625,53625,Gary Brightwell,RB,False,NYG,1,True,6,7.5637,0.3597,0.0,1.38,7.6837,-4.8,0,2,0,16.2,48.21,-4.6736,5.97,2.6255,1.59,4.62,4.62,False,9.686,11.6243,1.9383,-7.0043
2021091212,3649,43329,Sterling Shepard,WR,False,NYG,1,True,9,21.4785,1.0214,0.5214,9.7019,3.2902,2.5942,1,2,1,12.8319,32.8081,0.0219,3.58,-1.1472,3.73,-0.7019,-0.7019,False,3.6025,1.7954,-1.8071,-2.4973
2021091212,3673,47954,Darius Slayton,WR,False,NYG,1,True,15,18.7581,0.892,0.392,16.1881,2.5797,2.089,2,3,1,7.8369,17.6219,4.0859,6.56,-0.9742,0.63,-1.1881,-1.1881,False,0.1209,-0.6856,-0.8064,-0.5026
2021091212,3719,43329,Sterling Shepard,WR,False,NYG,1,True,8,19.7421,0.9388,0.4388,8.1518,2.2966,1.9035,1,3,2,18.2498,9.6482,2.1092,1.55,0.0498,4.37,-0.1518,-0.1518,False,2.962,1.1964,-1.7656,-1.3483
2021091212,3743,45255,C.J. Board,WR,False,NYG,1,True,6,18.1251,0.8619,0.3619,7.984,2.971,2.7389,1,2,1,4.4491,3.236,2.156,5.2,2.1663,4.63,-1.984,-1.984,False,-0.0858,-0.91,-0.8242,-1.0741
2021091213,69,52581,Darnell Mooney,WR,False,CHI,1,True,4,11.2023,0.5327,0.0327,4.341,1.8866,1.2521,2,4,2,16.9642,52.889,3.0025,2.7,0.6422,3.47,-0.341,-0.341,False,0.9814,0.5347,-0.4467,-0.8757
2021091213,265,43399,Tyler Higbee,TE,True,LA,1,True,7,12.5374,0.5962,0.0962,5.3303,2.4297,2.3673,1,4,1,19.9922,69.4197,6.3521,6.51,3.7451,1.3,1.6697,1.6697,False,0.8547,4.3829,3.5282,-2.7132
2021091213,289,52465,Van Jefferson,WR,False,LA,1,True,67,32.7295,1.5564,1.0564,37.5082,6.608,-5.98,0,2,0,22.4754,29.3418,-0.0944,9.68,8.2527,2.55,29.4918,29.4918,False,16.819,18.376,1.557,11.1159
2021091213,377,41290,Allen Robinson,WR,False,CHI,1,True,5,13.3066,0.6328,0.1328,5.338,3.193,2.9723,1,4,2,17.3075,57.432,3.7244,0.82,0.7379,2.73,-0.338,-0.338,False,1.9656,1.0919,-0.8737,-1.4299
2021091213,401,52451,Cole Kmet,TE,True,CHI,1,True,10,10.3572,0.4925,0.0,5.35,3.6748,3.5,1,3,1,25.03,51.68,8.5656,6.3,5.0492,0.87,4.65,4.65,False,1.2927,2.7228,1.4301,1.9272
2021091213,468,41712,Damien Williams,RB,False,CHI,1,True,4,8.5959,0.4088,0.0,-5.08,8.6718,-2.99,0,2,0,12.01,49.81,-9.5034,6.87,2.4855,3.19,9.08,9.08,False,12.1232,13.9433,1.8201,-4.8633
2021091213,514,44881,Cooper Kupp,WR,False,LA,1,True,1,11.1061,0.5281,0.0281,1.6295,2.4926,2.4553,2,4,1,12.7879,58.2605,3.4415,7.54,-0.0184,1.02,-0.6295,-0.6295,False,1.0337,1.0874,0.0537,-1.7169
2021091213,538,33130,DeSean Jackson,WR,False,LA,1,True,18,23.0239,1.0949,0.5949,19.504,4.4641,-1.4571,1,2,1,13.9535,39.266,-2.0598,8.8,3.4864,3.28,-1.504,-1.504,False,8.1882,5.0136,-3.1746,-6.5176
2021091213,583,44881,Cooper Kupp,WR,False,LA,1,True,4,14.7695,0.7023,0.2023,4.3963,1.5226,0.2711,2,2,0,11.2369,34.7537,1.8637,3.87,-0.0182,3.31,-0.3963,-0.3963,False,2.0806,0.9515,-1.1291,-1.3478
2021091213,684,40026,Marquise Goodwin,WR,False,CHI,1,True,19,23.7003,1.127,0.627,9.2764,4.6962,4.6957,1,1,1,14.4781,68.8636,0.1736,1.41,-1.2337,4.09,9.7236,9.7236,False,3.0828,1.9472,-1.1356,7.7764
2021091213,775,42899,Damiere Byrd,WR,False,CHI,1,True,10,27.4922,1.3074,0.8074,10.0584,4.5844,3.5491,1,1,1,4.6952,38.6516,1.5273,2.81,-1.1911,0.87,-0.0584,-0.0584,False,0.2581,1.24,0.9819,-1.2983
2021091213,962,52465,Van Jefferson,WR,False,LA,1,True,13,16.1157,0.7664,0.2664,11.043,1.4011,0.8201,2,5,1,7.4735,21.217,1.4405,9.34,1.4756,1.06,1.957,1.957,False,0.2146,3.5087,3.294,-1.5517
2021091213,991,47853,Darrell Henderson,RB,False,LA,1,True,17,8.7831,0.4177,0.0,1.91,2.511,2.39,1,5,1,23.03,17.19,3.9019,1.55,1.3007,4.59,15.09,15.09,False,1.9988,2.3642,0.3654,12.7258
2021091213,1141,52581,Darnell Mooney,WR,False,CHI,1,True,9,17.041,0.8104,0.3104,8.054,5.5855,3.0057,0,4,1,15.4517,65.976,1.7705,1.12,0.3351,3.95,0.946,0.946,False,3.3133,3.4042,0.0909,-2.4582
2021091213,1421,52451,Cole Kmet,TE,True,CHI,1,True,10,12.7661,0.6071,0.1071,0.8843,6.3706,5.0509,0,2,1,12.2988,54.3157,1.518,5.48,1.2542,1.69,9.1157,9.1157,False,5.3116,6.6898,1.3783,2.4259
2021091213,1492,41290,Allen Robinson,WR,False,CHI,1,True,9,14.3587,0.6828,0.1828,5.6552,2.3805,1.2,1,1,0,16.3264,26.2348,-0.4256,2.98,0.1928,4.18,3.3448,3.3448,False,5.335,2.9992,-2.3358,0.3456
2021091213,1554,41290,Allen Robinson,WR,False,CHI,1,True,8,12.4475,0.5919,0.0919,2.8378,6.6521,4.8442,0,3,1,25.6826,17.4222,0.4358,3.78,0.6291,3.79,5.1622,5.1622,False,7.5456,6.2284,-1.3172,-1.0662
2021091213,1794,39989,Robert Woods,WR,False,LA,1,True,19,24.5685,1.1683,0.6683,18.6649,2.9037,2.26,1,2,2,26.5347,57.0351,-1.3442,6.69,3.2841,4.04,0.3351,0.3351,False,2.587,3.1688,0.5819,-2.8337
2021091213,1818,44881,Cooper Kupp,WR,False,LA,1,True,56,31.9443,1.5191,1.0191,34.0228,9.7052,-8.6547,0,1,0,22.7317,22.2372,-4.8581,9.54,7.7647,1.74,21.9772,21.9772,False,18.9245,18.2665,-0.658,3.7107
2021091213,1898,52581,Darnell Mooney,WR,False,CHI,1,True,6,24.6399,1.1717,0.6717,7.1917,1.5682,1.5451,1,2,1,7.5722,74.0883,2.4738,0.85,0.1812,6.07,-1.1917,-1.1917,False,-0.1193,-1.1455,-1.0262,-0.0462
2021091213,1943,41290,Allen Robinson,WR,False,CHI,1,True,7,23.1727,1.1019,0.6019,6.0793,2.3127,2.0835,1,1,1,6.1585,68.0807,-0.3466,0.79,0.2481,2.92,0.9207,0.9207,False,1.5368,1.5657,0.0289,-0.645
2021091213,1988,47856,David Montgomery,RB,False,CHI,1,True,10,8.4602,0.4023,0.0,-0.78,6.8048,6.17,0,2,1,13.97,62.3,3.3385,5.13,2.0857,1.67,10.78,10.78,False,8.0997,8.6493,0.5496,2.1307
2021091213,2034,41712,Damien Williams,RB,False,CHI,1,True,8,9.9572,0.4735,0.0,-4.43,9.726,0.71,0,1,0,10.67,55.77,-4.023,6.52,2.0397,2.72,12.43,12.43,False,8.5697,9.2042,0.6345,3.2258
2021091213,2063,52451,Cole Kmet,TE,True,CHI,1,True,3,8.9403,0.4251,0.0,0.12,1.11,-0.01,3,6,2,21.51,43.18,0.8996,2.26,2.2507,2.46,2.88,2.88,False,4.3224,3.5298,-0.7925,-0.6498
2021091213,2111,40026,Marquise Goodwin,WR,False,CHI,1,True,10,21.7515,1.0344,0.5344,6.8973,4.316,4.1757,1,1,1,4.5955,29.1227,-2.7541,1.73,1.4733,4.51,3.1027,3.1027,False,0.68,2.5578,1.8778,0.5449
2021091213,2243,35534,Jimmy Graham,TE,True,CHI,1,True,11,22.0165,1.047,0.547,10.0053,0.6312,0.6216,1,1,1,2.2204,4.1647,0.0288,4.94,4.4706,2.63,0.9947,0.9947,False,0.3403,3.0774,2.7371,-2.0826
2021091213,2363,43399,Tyler Higbee,TE,True,LA,1,True,6,12.3975,0.5895,0.0895,4.2043,1.8741,0.8713,2,3,1,19.6686,65.8657,5.8151,4.72,3.7336,1.88,1.7957,1.7957,False,0.3839,3.9464,3.5625,-2.1507
2021091213,2387,43399,Tyler Higbee,TE,True,LA,1,True,37,20.9937,0.9983,0.4983,16.0601,3.7721,-3.5602,1,2,1,10.6539,49.3199,-0.7215,8.14,5.8198,2.53,20.9399,20.9399,False,6.6731,6.7288,0.0558,14.211
2021091213,2440,44881,Cooper Kupp,WR,False,LA,1,True,6,16.0471,0.7631,0.2631,6.0487,2.4985,2.2565,2,3,2,8.451,18.8313,0.713,5.87,1.2495,5.11,-0.0487,-0.0487,False,1.6046,1.5421,-0.0625,-1.5909
2021091213,2469,44881,Cooper Kupp,WR,False,LA,1,True,17,15.5183,0.7379,0.2379,3.8669,1.8995,-0.7667,1,1,0,13.4041,14.3331,-1.0006,4.58,2.8449,2.59,13.1331,13.1331,False,8.0759,6.9754,-1.1005,6.1576
2021091213,2560,41712,Damien Williams,RB,False,CHI,1,True,5,11.2772,0.5363,0.0363,2.7571,1.4252,0.5491,1,3,0,19.2508,76.1429,-0.4177,6.15,2.6776,3.2,2.2429,2.2429,False,6.1549,7.7029,1.548,-5.46
2021091213,2615,41712,Damien Williams,RB,False,CHI,1,True,11,10.8361,0.5153,0.0153,3.0474,2.0412,0.7225,1,4,1,19.1039,71.2926,0.4653,5.74,3.1001,2.29,7.9526,7.9526,False,3.1562,7.4017,4.2455,0.5509
2021091213,2733,52581,Darnell Mooney,WR,False,CHI,1,True,9,16.7475,0.7964,0.2964,6.9049,2.2882,-0.8412,3,3,1,15.1299,42.9351,4.2945,0.71,-0.2195,4.63,2.0951,2.0951,False,3.0442,2.4093,-0.6349,-0.3143
2021091213,2778,52451,Cole Kmet,TE,True,CHI,1,True,9,10.4411,0.4965,0.0,1.26,9.0963,-5.52,0,1,0,21.8,36.14,-6.1971,7.83,0.0779,0.29,7.74,7.74,False,14.4646,15.9506,1.486,-8.2106
2021091213,2881,52451,Cole Kmet,TE,True,CHI,1,True,10,16.3518,0.7776,0.2776,4.3393,11.4452,9.3586,0,0,0,15.7095,35.7107,4.8262,4.17,3.9964,1.65,5.6607,5.6607,False,6.0457,9.3759,3.3302,-3.7153
2021091213,3154,44881,Cooper Kupp,WR,False,LA,1,True,9,14.1921,0.6749,0.1749,7.1184,0.4711,0.2516,1,1,0,19.5263,24.0516,2.1275,6.22,2.9641,2.97,1.8816,1.8816,False,1.6388,3.568,1.9292,-1.6864
2021091213,3284,39989,Robert Woods,WR,False,LA,1,True,2,16.3501,0.7775,0.2775,12.3062,1.2652,-0.7706,2,4,0,18.8844,0.0,1.0397,4.17,1.3556,0.72,-10.3062,-5.0,True,-5.1554,-4.4811,0.6744,-0.5189
2021091213,3351,41290,Allen Robinson,WR,False,CHI,1,True,5,20.1814,0.9597,0.4597,6.0295,0.8866,0.8789,1,1,1,6.688,69.0705,3.1337,1.91,-0.6102,6.18,-1.0295,-1.0295,False,-0.1089,-0.9168,-0.8079,-0.1128
2021091213,3375,42899,Damiere Byrd,WR,False,CHI,1,True,6,15.227,0.7241,0.2241,4.48,2.4116,2.2023,1,2,2,23.4799,65.61,2.3232,5.5,-0.3568,1.26,1.52,1.52,False,1.7323,1.498,-0.2343,0.0219
2021091300,77,48233,Alec Ingold,FB,False,LV,1,True,9,23.7791,1.1308,0.6308,4.7893,8.7238,7.9872,0,1,1,3.534,69.9807,-2.3727,3.61,-0.1121,1.63,4.2107,4.2107,False,2.359,3.0313,0.6723,1.1794
2021091300,169,42547,Darren Waller,TE,True,LV,1,True,13,13.2398,0.6296,0.1296,5.1261,1.312,-1.0715,2,3,0,18.718,28.8039,-2.9213,5.77,2.5935,1.03,7.8739,7.8739,False,6.5106,9.0978,2.5872,-1.224
2021091300,383,53180,Ty'Son Williams,RB,False,BAL,1,True,2,8.0583,0.3832,0.0,-6.59,9.421,3.23,0,2,0,12.06,78.07,-3.8459,7.43,2.376,2.71,8.59,8.59,False,9.8069,11.6862,1.8793,-3.0962
2021091300,428,41230,Sammy Watkins,WR,False,BAL,1,True,8,15.0626,0.7163,0.2163,6.982,5.1126,4.4688,0,3,2,13.8735,61.088,0.369,1.81,1.4425,1.73,1.018,1.018,False,3.1103,5.3862,2.2759,-4.3682
2021091300,692,53180,Ty'Son Williams,RB,False,BAL,1,True,21,16.1098,0.7661,0.2661,1.7107,15.3333,12.1103,0,0,0,8.193,64.1993,-0.5514,6.28,1.4308,2.08,19.2893,19.2893,False,9.4154,9.8344,0.419,9.4549
2021091300,759,46155,Mark Andrews,TE,True,BAL,1,True,6,18.5014,0.8798,0.3798,8.2591,2.0599,1.7528,1,1,1,6.6509,33.3009,0.7509,5.9,0.2347,3.72,-2.2591,-2.2591,False,-0.1053,-0.3863,-0.281,-1.8729
2021091300,1075,47807,Josh Jacobs,RB,False,LV,1,True,6,8.0922,0.3848,0.0,1.78,2.7826,-2.78,1,4,1,24.72,63.96,0.6834,2.54,1.6697,1.31,4.22,4.22,False,6.2896,7.5925,1.3029,-3.3725
2021091300,1174,47808,Marquise Brown,WR,False,BAL,1,True,29,20.9964,0.9985,0.4985,15.9724,6.0883,-3.3174,0,3,0,15.6686,51.7576,-3.5369,9.21,3.4754,1.44,13.0276,13.0276,False,7.6769,12.1941,4.5173,0.8335
2021091300,1226,41230,Sammy Watkins,WR,False,BAL,1,True,29,10.0158,0.4763,0.0,4.81,6.5758,6.13,0,4,2,19.45,38.58,3.5466,7.66,0.5797,1.06,24.19,24.19,False,3.922,3.8178,-0.1042,20.3722
2021091300,1293,47808,Marquise Brown,WR,False,BAL,1,True,10,22.9486,1.0913,0.5913,19.8555,3.1111,-1.1302,1,4,0,5.561,0.0,1.9766,6.14,-0.1768,2.07,-9.8555,-5.0,True,-5.0348,-2.3658,2.669,-2.6342
2021091300,1344,48233,Alec Ingold,FB,False,LV,1,True,5,19.7031,0.937,0.437,3.147,4.0426,3.5379,1,1,1,6.2812,71.763,2.1627,6.04,0.1075,2.27,1.853,1.853,False,1.0328,0.4188,-0.614,1.4342
2021091300,1368,43362,Kenyan Drake,RB,False,LV,1,True,6,12.7647,0.607,0.107,1.4035,1.7856,0.6825,1,1,0,10.982,68.7365,-1.9567,5.89,1.1541,2.83,4.5965,4.5965,False,6.4684,4.8671,-1.6013,-0.2706
2021091300,1461,42547,Darren Waller,TE,True,LV,1,True,24,20.879,0.9929,0.4929,16.7679,3.0214,2.2639,1,2,1,22.5945,26.6721,-0.0822,8.22,4.8652,3.58,7.2321,7.2321,False,4.1966,3.9707,-0.2259,3.2614
2021091300,1507,42547,Darren Waller,TE,True,LV,1,True,8,14.5293,0.6909,0.1909,7.3317,2.5921,2.1824,2,3,1,12.579,12.8683,4.9978,3.9,0.7422,4.03,0.6683,0.6683,False,1.2709,0.2887,-0.9822,0.3796
2021091300,1655,47808,Marquise Brown,WR,False,BAL,1,True,13,10.97,0.5217,0.0217,4.2078,6.6411,6.1498,0,3,2,21.4821,69.8022,-1.2351,7.31,-0.5646,1.9,8.7922,8.7922,False,8.2813,4.567,-3.7143,4.2252
2021091300,1744,46155,Mark Andrews,TE,True,BAL,1,True,4,5.8066,0.2761,0.0,-1.24,1.251,0.05,2,6,1,19.99,43.82,-3.1181,2.43,0.4994,3.03,5.24,5.24,False,6.4147,5.2289,-1.1858,0.0111
2021091300,1875,44849,Zay Jones,WR,False,LV,1,True,15,23.0037,1.0939,0.5939,14.5613,2.3145,1.3732,2,4,2,21.1483,49.5587,6.2781,3.81,-1.126,2.28,0.4387,0.4387,False,1.2898,0.0235,-1.2663,0.4152
2021091300,1943,47932,Hunter Renfrow,WR,False,LV,1,True,13,11.0974,0.5277,0.0277,5.0582,3.7829,3.0466,1,3,1,18.9155,45.1518,1.4048,6.33,0.6573,3.82,7.9418,7.9418,False,4.3338,2.4469,-1.8869,5.4949
2021091300,1984,47932,Hunter Renfrow,WR,False,LV,1,True,7,13.7922,0.6559,0.1559,4.1643,3.1377,2.4238,1,1,1,10.2242,32.3657,0.2889,6.21,0.4126,3.56,2.8357,2.8357,False,3.2809,3.5718,0.2909,-0.7362
2021091300,2373,42547,Darren Waller,TE,True,LV,1,True,22,13.1772,0.6266,0.1266,6.5773,3.0416,1.8042,2,2,1,18.1661,85.0727,-0.7843,8.44,1.4003,1.19,15.4227,15.4227,False,3.0854,5.723,2.6376,9.6997
2021091300,2676,43362,Kenyan Drake,RB,False,LV,1,True,4,20.5765,0.9785,0.4785,-1.4484,3.4072,3.3886,1,2,2,9.3949,77.3084,4.3313,0.91,0.0452,2.63,5.4484,5.4484,False,3.2478,3.7059,0.4581,1.7425
2021091300,2771,43362,Kenyan Drake,RB,False,LV,1,True,12,7.3434,0.3492,0.0,-0.84,4.2875,3.68,1,5,1,16.72,50.9,6.1314,3.85,3.742,2.71,12.84,12.84,False,4.3471,3.5336,-0.8135,9.3064
2021091300,2803,42547,Darren Waller,TE,True,LV,1,True,16,19.2315,0.9145,0.4145,12.8933,3.1334,1.7773,1,3,0,23.8208,25.0067,-0.2099,7.63,0.7074,1.94,3.1067,3.1067,False,6.0022,3.1483,-2.8539,-0.0416
2021091300,2851,48233,Alec Ingold,FB,False,LV,1,True,3,15.3925,0.732,0.232,1.6971,3.0151,2.3798,1,2,2,9.9697,18.8429,0.3149,7.42,0.246,1.89,1.3029,1.3029,False,3.7065,2.8819,-0.8246,-1.579
2021091300,2879,47932,Hunter Renfrow,WR,False,LV,1,True,4,9.0838,0.432,0.0,3.35,3.545,3.37,1,5,2,15.1,14.63,3.9104,7.04,0.7933,2.53,0.65,0.65,False,1.6639,0.0261,-1.6378,0.6239
2021091300,2951,53180,Ty'Son Williams,RB,False,BAL,1,True,6,16.3397,0.777,0.277,1.2002,10.9672,8.4227,0,0,0,10.331,71.0398,-0.1009,7.91,0.8309,2.35,4.7998,4.7998,False,9.7701,9.5681,-0.202,-4.7683
2021091300,3007,47808,Marquise Brown,WR,False,BAL,1,True,4,11.7532,0.5589,0.0589,4.3266,2.0911,2.0905,1,4,2,24.792,69.5234,4.7432,4.74,0.4518,3.51,-0.3266,-0.3266,False,0.6105,-0.1758,-0.7863,-0.1508
2021091300,3168,43362,Kenyan Drake,RB,False,LV,1,True,21,11.2657,0.5357,0.0357,4.2089,1.8609,-0.8271,1,2,0,21.6572,73.1111,-1.6382,6.83,3.6082,0.37,16.7911,16.7911,False,12.3228,12.6653,0.3425,4.1258
2021091300,3211,47808,Marquise Brown,WR,False,BAL,1,True,13,28.6151,1.3608,0.8607,14.2619,5.1775,4.956,0,2,1,6.9768,67.0981,-2.5861,1.93,-1.4733,5.3,-1.2619,-1.2619,False,0.7792,0.3436,-0.4355,-1.6055
2021091300,3312,48233,Alec Ingold,FB,False,LV,1,True,5,14.4813,0.6886,0.1886,2.6054,6.9298,5.3587,0,2,2,11.2334,34.5746,1.0061,7.14,0.1346,0.66,2.3946,2.3946,False,7.3101,7.7515,0.4414,-5.3569
2021091300,3385,43362,Kenyan Drake,RB,False,LV,1,True,16,12.087,0.5748,0.0748,5.3521,8.7061,8.27,0,2,1,25.7933,25.4679,-2.2005,2.13,0.8302,3.19,10.6479,10.6479,False,7.0481,6.2997,-0.7484,4.3483
2021091300,3478,45268,Patrick Ricard,FB,False,BAL,1,True,6,11.4201,0.5431,0.0431,2.7589,6.2103,6.0882,0,4,1,24.6444,69.9711,3.7495,6.5,1.1365,0.83,3.2411,3.2411,False,4.4371,3.6525,-0.7846,-0.4115
2021091300,3544,41230,Sammy Watkins,WR,False,BAL,1,True,49,24.7105,1.1751,0.6751,27.1877,1.1733,-1.1619,1,1,0,16.8297,30.6623,0.078,9.55,7.7143,1.62,21.8123,21.8123,False,12.7693,17.7327,4.9634,4.0795
2021091300,3619,42547,Darren Waller,TE,True,LV,1,True,9,16.0525,0.7634,0.2634,7.237,2.5433,2.2746,2,2,1,6.9644,68.053,2.7218,7.08,1.2416,3.02,1.763,1.763,False,-0.9715,-0.7202,0.2513,2.4832
2021091300,3664,47932,Hunter Renfrow,WR,False,LV,1,True,7,23.6652,1.1254,0.6254,7.269,2.0458,1.2697,1,1,0,4.1691,55.701,0.2782,6.31,-0.3214,2.09,-0.269,-0.269,False,1.2455,0.2412,-1.0042,-0.5102
2021091300,3688,52420,Henry Ruggs,WR,False,LV,1,True,9,21.4603,1.0205,0.5205,9.1871,3.0085,3.0081,1,2,1,10.903,47.0329,1.8436,1.34,-0.5627,5.79,-0.1871,-0.1871,False,3.5976,1.099,-2.4986,-1.2861
2021091300,3756,52420,Henry Ruggs,WR,False,LV,1,True,37,24.6197,1.1708,0.6708,21.8197,3.2925,1.3441,1,1,0,20.5293,25.5103,-1.0134,9.41,4.7703,0.87,15.1803,15.1803,False,8.0185,13.5752,5.5567,1.6051
2021091300,3812,42547,Darren Waller,TE,True,LV,1,True,10,16.0378,0.7627,0.2627,7.4987,1.9671,1.3569,1,1,0,7.9775,12.7613,0.3354,7.17,1.2894,3.57,2.5013,2.5013,False,4.2305,2.5385,-1.692,-0.0372
2021091300,3836,42547,Darren Waller,TE,True,LV,1,True,10,14.3761,0.6836,0.1836,5.901,1.4942,1.4789,1,3,1,16.4094,4.679,1.9915,3.96,2.075,3.25,4.099,4.099,False,1.0818,0.5378,-0.5439,3.5611
2021091300,3914,45268,Patrick Ricard,FB,False,BAL,1,True,9,11.1508,0.5303,0.0303,4.9944,8.5611,-7.3638,0,2,1,24.055,69.6056,-5.1704,6.93,1.4657,1.15,4.0056,4.0056,False,5.9491,8.013,2.0639,-4.0074
2021091300,4166,52489,Bryan Edwards,WR,False,LV,1,True,20,23.6236,1.1234,0.6234,18.3118,1.7088,0.1066,1,1,0,26.4521,57.0082,0.7621,7.53,0.9333,2.13,1.6882,1.6882,False,1.0882,1.6121,0.5239,0.0761
2021091300,4212,52489,Bryan Edwards,WR,False,LV,1,True,18,20.7349,0.986,0.486,18.391,1.1737,0.1897,3,3,0,20.0506,37.449,0.3652,5.24,3.2941,1.99,-0.391,-0.391,False,2.5075,2.883,0.3754,-3.2739
2021091300,4347,52489,Bryan Edwards,WR,False,LV,1,True,11,23.1172,1.0993,0.5993,10.2984,2.021,2.0136,2,3,1,15.2958,64.7916,1.467,1.63,-0.3364,4.44,0.7016,0.7016,False,1.7883,0.6822,-1.1061,0.0194
2021091300,4392,47932,Hunter Renfrow,WR,False,LV,1,True,27,17.1403,0.8151,0.3151,1.1526,4.2617,2.0777,1,1,0,8.0287,65.2174,-0.7911,6.05,-0.9756,0.64,25.8474,25.8474,False,5.7702,3.1817,-2.5885,22.6657
2021091300,4476,52489,Bryan Edwards,WR,False,LV,1,True,32,21.6878,1.0313,0.5313,12.6487,0.9258,-0.6141,1,2,0,2.3942,20.8913,0.0059,8.09,7.6386,2.78,19.3513,19.3513,False,10.824,12.1813,1.3573,7.17
2021091300,4691,41230,Sammy Watkins,WR,False,BAL,1,True,10,10.513,0.4999,0.0,5.54,4.2314,2.88,1,4,0,25.97,75.06,-1.5949,5.53,-0.5185,1.21,4.46,4.46,False,7.8611,4.1726,-3.6885,0.2874
2021091300,4845,44849,Zay Jones,WR,False,LV,1,True,31,20.1932,0.9603,0.4603,16.2948,4.1761,-2.5298,1,1,0,24.0555,15.1152,-1.1983,8.91,7.2019,0.53,14.7052,14.7052,False,9.0453,17.9693,8.924,-3.2641
2021091600,187,37118,Kyle Rudolph,TE,True,NYG,2,True,12,16.5487,0.787,0.287,10.892,1.8212,-1.7519,1,3,1,18.7463,63.708,-1.3095,5.3,3.5615,4.02,1.108,1.108,False,9.2798,7.8881,-1.3918,-6.78
2021091600,280,43329,Sterling Shepard,WR,False,NYG,2,True,13,24.5592,1.1679,0.6679,13.5575,1.4875,1.1556,1,2,1,15.9269,32.3925,-1.18,2.66,-0.6476,5.36,-0.5575,-0.5575,False,1.5441,-0.7691,-2.3131,0.2116
2021091600,498,41349,Logan Thomas,TE,True,WAS,2,True,5,13.2023,0.6278,0.1278,4.7124,2.2861,1.6655,1,2,1,19.235,65.4776,0.3252,7.01,0.3314,1.75,0.2876,0.2876,False,4.5638,3.491,-1.0729,-3.2033
2021091600,794,53511,Dyami Brown,WR,False,WAS,2,True,22,28.8364,1.3713,0.8713,20.3809,6.5412,-0.5478,0,4,1,18.4234,64.6691,-5.073,6.45,3.1918,5.24,1.6191,1.6191,False,-0.5169,1.078,1.595,0.541
2021091600,839,47859,Terry McLaurin,WR,False,WAS,2,True,12,14.5152,0.6902,0.1902,6.1337,1.8243,-1.3758,2,4,0,17.782,54.1063,1.0369,1.18,0.3875,4.06,5.8663,5.8663,False,10.5687,2.8142,-7.7545,3.0521
2021091600,884,47859,Terry McLaurin,WR,False,WAS,2,True,4,13.1798,0.6267,0.1267,3.8827,2.58,2.5517,2,3,2,19.5032,39.3673,2.5135,5.34,-0.0578,2.0,0.1173,0.1173,False,3.1285,0.9658,-2.1627,-0.8485
2021091600,992,52474,Antonio Gibson,RB,False,WAS,2,True,4,9.9381,0.4726,0.0,1.31,5.0435,-4.68,0,5,1,20.44,30.7,0.3522,3.81,-0.8181,0.99,2.69,2.69,False,9.1214,6.9341,-2.1874,-4.2441
2021091600,1037,47859,Terry McLaurin,WR,False,WAS,2,True,16,29.8825,1.421,0.921,20.251,2.5339,1.9414,1,2,1,4.2951,7.159,0.0444,5.57,2.064,4.91,-4.251,-4.251,True,-2.6499,-2.5582,0.0917,-1.6928
2021091600,1061,47859,Terry McLaurin,WR,False,WAS,2,True,11,23.1648,1.1016,0.6016,15.2366,2.0162,-0.5523,1,4,0,18.8613,0.0,-0.546,6.99,4.6654,2.02,-4.2366,-4.2366,True,-3.4646,-4.0043,-0.5397,-0.2323
2021091600,1277,43722,J.D. McKissic,RB,False,WAS,2,True,12,8.7867,0.4178,0.0,2.53,7.0937,-6.76,0,3,0,21.87,78.37,-4.3411,3.38,3.3684,2.7,9.47,9.47,False,10.0025,9.5691,-0.4334,-0.0991
2021091600,1343,43329,Sterling Shepard,WR,False,NYG,2,True,4,11.389,0.5416,0.0416,3.9899,0.6072,0.5723,1,6,1,23.3362,74.2101,1.4463,5.01,-0.7232,3.63,0.0101,0.0101,False,1.3017,1.1298,-0.1719,-1.1197
2021091600,1426,46071,Saquon Barkley,RB,False,NYG,2,True,8,7.8763,0.3745,0.0,2.06,6.3871,5.76,0,4,2,20.01,64.01,3.3617,6.74,-0.7723,1.85,5.94,5.94,False,5.5829,2.7258,-2.8571,3.2142
2021091600,1594,43329,Sterling Shepard,WR,False,NYG,2,True,6,11.6851,0.5557,0.0557,4.0062,0.9791,0.9705,1,4,1,25.0417,7.1738,1.4755,5.62,0.4712,2.86,1.9938,1.9938,False,0.9666,1.0438,0.0771,0.95
2021091600,1682,52474,Antonio Gibson,RB,False,WAS,2,True,0,11.0262,0.5243,0.0243,-2.7119,8.7184,8.604,0,2,2,9.8692,77.3319,7.8908,5.88,2.386,1.83,2.7119,2.7119,False,6.9263,5.658,-1.2683,-2.946
2021091600,1706,41349,Logan Thomas,TE,True,WAS,2,True,24,20.2164,0.9614,0.4614,17.7303,4.3439,3.9724,1,3,1,18.8174,56.4097,4.4009,8.16,7.3052,1.54,6.2697,6.2697,False,1.5739,8.597,7.0231,-2.3273
2021091600,1759,43010,Adam Humphries,WR,False,WAS,2,True,7,19.4971,0.9272,0.4272,-3.1515,17.2936,16.9553,0,0,0,7.2752,41.3215,-3.0819,3.36,0.7924,3.21,10.1515,10.1515,False,11.5724,8.4379,-3.1346,1.7137
2021091600,1885,43722,J.D. McKissic,RB,False,WAS,2,True,6,9.8079,0.4664,0.0,1.71,5.5403,-4.86,0,3,0,19.83,25.39,0.1035,1.83,1.1459,2.55,4.29,4.29,False,12.1918,8.5334,-3.6583,-4.2434
2021091600,1909,47859,Terry McLaurin,WR,False,WAS,2,True,10,15.8662,0.7545,0.2545,7.9074,3.5082,3.0618,1,2,1,13.4048,13.4426,4.077,5.9,4.3122,2.29,2.0926,2.0926,False,1.8983,3.1186,1.2202,-1.026
2021091600,1950,53511,Dyami Brown,WR,False,WAS,2,True,7,22.1768,1.0546,0.5546,5.372,1.2993,1.2882,1,2,1,15.5783,5.518,3.2368,4.19,-0.285,2.89,1.628,1.628,False,0.7301,0.309,-0.4211,1.3191
2021091600,2161,43329,Sterling Shepard,WR,False,NYG,2,True,17,22.7963,1.084,0.584,15.7207,1.5565,1.2475,1,3,2,21.3695,59.4293,1.2926,6.02,3.1687,2.96,1.2793,1.2793,False,2.1562,5.1847,3.0285,-3.9054
2021091600,2185,47959,Kaden Smith,TE,True,NYG,2,True,3,14.8962,0.7084,0.2084,2.2864,4.9393,4.8972,1,1,1,17.9713,55.9236,2.5553,0.95,-0.4974,2.92,0.7136,0.7136,False,4.5143,5.0091,0.4948,-4.2955
2021091600,2253,46071,Saquon Barkley,RB,False,NYG,2,True,4,13.5625,0.6449,0.1449,3.4268,3.7953,3.7511,1,1,1,14.5351,37.8032,2.0568,8.05,0.4606,3.11,0.5732,0.5732,False,2.8969,3.0152,0.1183,-2.442
2021091600,2298,43329,Sterling Shepard,WR,False,NYG,2,True,5,13.8404,0.6582,0.1582,4.4815,4.6705,1.9031,1,2,0,21.3665,33.8185,-0.5246,4.17,3.4238,2.93,0.5185,0.5185,False,8.0061,10.5716,2.5655,-10.0531
2021091600,2354,43425,Devontae Booker,RB,False,NYG,2,True,2,8.8619,0.4214,0.0,0.88,1.5075,1.11,1,5,2,14.69,39.01,-0.188,6.37,-1.1783,1.95,1.12,1.12,False,4.0725,1.9362,-2.1362,-0.8162
2021091600,2378,47954,Darius Slayton,WR,False,NYG,2,True,8,17.6526,0.8394,0.3394,5.8719,5.5063,5.4139,0,2,2,17.2297,31.1981,0.9221,1.25,-0.1712,1.78,2.1281,2.1281,False,5.8572,2.8969,-2.9604,-0.7688
2021091600,2493,41349,Logan Thomas,TE,True,WAS,2,True,4,11.2785,0.5363,0.0363,2.0038,2.4777,2.4455,1,3,1,21.4097,83.9362,-0.7279,6.96,-0.9951,0.12,1.9962,1.9962,False,6.0659,4.3548,-1.7111,-2.3587
2021091600,2678,44908,Kenny Golladay,WR,False,NYG,2,True,12,30.018,1.4275,0.9275,14.7186,2.3007,1.8317,1,1,1,3.8328,49.4414,0.8875,1.88,1.3247,5.72,-2.7186,-2.7186,False,-0.6657,-0.8885,-0.2228,-1.8301
2021091600,2706,43329,Sterling Shepard,WR,False,NYG,2,True,19,19.0634,0.9065,0.4065,14.3393,6.0687,-5.0185,0,3,1,18.955,37.8707,-2.1936,6.17,3.3929,2.79,4.6607,4.6607,False,7.698,6.0118,-1.6862,-1.3511
2021091600,2752,47954,Darius Slayton,WR,False,NYG,2,True,33,25.6995,1.2221,0.7221,20.2979,1.287,-1.1369,1,1,0,4.5162,13.6121,0.0137,8.75,8.7492,0.7,12.7021,12.7021,False,13.507,12.942,-0.5649,-0.2399
2021091600,2873,43010,Adam Humphries,WR,False,WAS,2,True,8,13.7939,0.656,0.156,3.5626,2.7372,2.3304,1,2,2,16.5664,42.3274,0.872,7.4,0.2092,1.32,4.4374,4.4374,False,3.7103,3.0793,-0.631,1.3581
2021091600,2966,43010,Adam Humphries,WR,False,WAS,2,True,6,16.0123,0.7614,0.2614,6.4924,1.6283,0.2174,1,4,2,18.6141,16.0776,0.235,8.21,0.8126,1.04,-0.4924,-0.4924,False,3.142,3.4882,0.3462,-3.9806
2021091600,3061,47954,Darius Slayton,WR,False,NYG,2,True,13,30.9671,1.4726,0.9726,15.3786,4.169,4.169,1,2,1,4.5908,59.7714,-1.5831,0.66,0.4715,6.32,-2.3786,-2.3786,False,-0.6076,-2.4662,-1.8587,0.0877
2021091600,3085,47959,Kaden Smith,TE,True,NYG,2,True,21,16.0591,0.7637,0.2637,13.0012,3.2492,-3.1337,1,2,0,19.0711,49.0488,-2.1497,7.62,5.542,0.2,7.9988,7.9988,False,13.4215,16.3316,2.9101,-8.3328
2021091600,3142,44908,Kenny Golladay,WR,False,NYG,2,True,10,28.3685,1.349,0.849,9.3598,4.5891,4.5606,1,1,1,2.6175,36.9302,0.4125,1.83,-1.7316,4.54,0.6402,0.6402,False,1.1871,0.6452,-0.5419,-0.005
2021091600,3204,43329,Sterling Shepard,WR,False,NYG,2,True,8,19.4534,0.9251,0.4251,10.0561,0.4263,0.394,1,1,1,16.4922,31.9939,0.8792,3.83,0.6024,7.18,-2.0561,-2.0561,False,-0.2155,-0.5314,-0.316,-1.5247
2021091600,3316,47859,Terry McLaurin,WR,False,WAS,2,True,9,13.8639,0.6593,0.1593,4.9578,4.9154,-4.7427,1,5,1,16.704,49.3422,0.3926,2.78,2.1838,2.47,4.0422,4.0422,False,7.8076,7.0489,-0.7587,-3.0067
2021091600,3440,47859,Terry McLaurin,WR,False,WAS,2,True,10,20.3971,0.97,0.47,12.1961,1.6669,0.384,1,4,1,18.518,24.1539,2.5582,1.47,0.7578,5.71,-2.1961,-2.1961,False,2.0592,-0.6634,-2.7225,-1.5328
2021091600,3509,43010,Adam Humphries,WR,False,WAS,2,True,7,19.0101,0.904,0.404,6.8351,5.536,3.2345,0,2,1,16.4383,19.4749,3.3409,2.69,0.2602,3.04,0.1649,0.1649,False,3.0991,3.3522,0.2531,-3.1873
2021091600,3567,43329,Sterling Shepard,WR,False,NYG,2,True,21,24.9375,1.1859,0.6859,18.6626,8.9096,5.4732,0,1,0,8.7695,56.2574,0.0911,7.54,3.3573,4.26,2.3374,2.3374,False,7.7719,6.1136,-1.6583,-3.7763
2021091600,3798,43722,J.D. McKissic,RB,False,WAS,2,True,56,25.3271,1.2044,0.7044,16.3413,1.5286,-1.5219,1,1,0,2.2595,58.8587,-1.1065,7.13,7.0434,3.93,39.6587,30.0,False,11.8449,8.4306,-3.4143,21.5694
2021091600,3827,45481,Ricky Seals-Jones,TE,True,WAS,2,True,19,30.5772,1.4541,0.9541,24.5029,0.7824,-0.7524,1,2,0,0.9427,0.0,-0.469,6.65,6.596,2.51,-5.5029,-5.0,True,1.9727,-1.8116,-3.7843,-3.1884
2021091600,3905,37118,Kyle Rudolph,TE,True,NYG,2,True,13,17.9252,0.8524,0.3524,12.2734,1.0045,-0.6419,1,4,0,26.1531,62.7166,-0.8513,5.18,3.2444,5.41,0.7266,0.7266,False,5.6818,2.955,-2.7269,-2.2283
2021091600,4254,43722,J.D. McKissic,RB,False,WAS,2,True,2,13.8155,0.657,0.157,2.6316,3.7747,2.5129,1,1,0,14.6314,72.4884,2.7559,0.31,0.0102,4.62,-0.6316,-0.6316,False,4.4131,5.5248,1.1117,-6.1564
2021091600,4300,43722,J.D. McKissic,RB,False,WAS,2,True,7,11.4244,0.5433,0.0433,1.5022,9.9696,-9.5397,0,1,0,23.1422,71.7778,-4.4062,5.81,0.9759,1.83,5.4978,5.4978,False,11.9989,9.6209,-2.3779,-4.1232
2021091600,4345,41349,Logan Thomas,TE,True,WAS,2,True,9,21.075,1.0022,0.5022,10.2218,1.5949,1.1013,2,3,1,12.1294,52.7082,2.5091,1.32,-0.5141,2.5,-1.2218,-1.2218,False,-0.3265,-0.2341,0.0924,-0.9877
2021091600,4431,53511,Dyami Brown,WR,False,WAS,2,True,5,19.2097,0.9135,0.4135,4.8991,0.7823,0.3687,1,3,0,13.5726,43.3409,-0.1963,5.41,0.7959,2.81,0.1009,0.1009,False,3.6372,1.7521,-1.885,-1.6512
2021091600,4489,43010,Adam Humphries,WR,False,WAS,2,True,7,15.2576,0.7256,0.2256,5.3203,2.5649,0.8802,1,2,1,8.2475,38.9197,-0.5438,6.82,1.2428,2.95,1.6797,1.6797,False,2.3035,2.8992,0.5957,-1.2196
2021091600,4518,47859,Terry McLaurin,WR,False,WAS,2,True,6,14.1082,0.6709,0.1709,5.2836,0.8259,-0.714,1,2,1,16.2113,30.7664,-0.5472,6.5,3.3565,0.85,0.7164,0.7164,False,3.7873,6.9883,3.201,-6.2719
2021091900,76,44820,Christian McCaffrey,RB,False,CAR,2,True,32,11.1262,0.5291,0.0291,4.6761,1.0603,-0.6812,1,4,0,19.7292,68.1339,-2.3453,5.97,3.9893,1.39,27.3239,27.3239,False,8.7933,8.8903,0.0969,18.4337
2021091900,121,46093,D.J. Moore,WR,False,CAR,2,True,20,22.4243,1.0664,0.5664,12.3178,5.4404,-5.4262,0,2,1,9.3531,27.8622,1.1486,6.81,0.4905,1.85,7.6822,7.6822,False,4.2735,4.4947,0.2212,3.1875
2021091900,145,44123,Brandon Zylstra,WR,False,CAR,2,True,20,16.3561,0.7778,0.2778,10.9472,5.5712,-4.916,0,3,0,20.0678,9.0028,-0.3876,7.42,4.0217,2.47,9.0528,9.0528,False,5.6226,6.8879,1.2653,2.1649
2021091900,499,45785,Dan Arnold,TE,True,CAR,2,True,19,13.1358,0.6247,0.1247,6.711,1.9935,0.3496,3,4,1,21.9307,63.529,0.0154,6.31,3.297,0.31,12.289,12.289,False,5.7655,6.5941,0.8286,5.695
2021091900,547,46093,D.J. Moore,WR,False,CAR,2,True,8,20.0788,0.9548,0.4548,8.5031,1.189,1.1748,1,2,1,7.4093,42.6369,-0.0362,0.88,-0.1911,4.14,-0.5031,-0.5031,False,-0.1357,-0.1514,-0.0157,-0.3517
2021091900,635,53098,Marquez Callaway,WR,False,NO,2,True,4,9.412,0.4476,0.0,4.18,2.4346,0.88,3,6,0,17.97,84.5,3.1152,2.15,0.4228,1.75,-0.18,-0.18,False,3.1814,1.828,-1.3533,-2.008
2021091900,831,46093,D.J. Moore,WR,False,CAR,2,True,13,15.9021,0.7562,0.2562,3.8208,0.5816,-0.0181,3,4,0,14.827,45.2892,-0.4423,5.92,2.1109,1.75,9.1792,9.1792,False,1.9828,3.6725,1.6897,5.5067
2021091900,876,43808,Robby Anderson,WR,False,CAR,2,True,18,23.7941,1.1315,0.6315,17.7113,1.4142,0.7392,1,1,0,21.5666,17.1287,-0.7496,2.46,-0.0296,4.23,0.2887,0.2887,False,4.2219,0.9787,-3.2433,-0.69
2021091900,940,46093,D.J. Moore,WR,False,CAR,2,True,8,12.0903,0.5749,0.0749,4.5524,9.1748,-9.138,0,2,0,21.3216,12.5376,-2.2479,0.7,0.6997,3.89,3.4476,3.4476,False,13.8914,6.1076,-7.7838,-2.66
2021091900,975,45785,Dan Arnold,TE,True,CAR,2,True,19,19.8825,0.9455,0.4455,13.8143,2.0115,-1.7882,1,2,1,26.0176,13.5257,5.2647,4.74,1.8055,3.6,5.1857,5.1857,False,2.566,1.3501,-1.2159,3.8355
2021091900,1155,37737,Chris Hogan,WR,False,NO,2,True,16,10.2599,0.4879,0.0,7.59,3.0865,0.84,1,6,0,18.74,66.5,1.5519,3.67,2.9676,1.86,8.41,8.41,False,5.9268,6.6007,0.6739,1.8093
2021091900,1198,44879,Alvin Kamara,RB,False,NO,2,True,3,14.0818,0.6696,0.1696,3.433,3.9794,3.8458,2,4,1,19.7339,63.637,4.2395,1.65,0.6664,3.54,-0.433,-0.433,False,2.3685,2.3315,-0.037,-2.7645
2021091900,1224,44879,Alvin Kamara,RB,False,NO,2,True,7,16.3419,0.7771,0.2771,4.3763,5.7908,4.5112,0,1,1,13.2311,58.5737,8.6271,6.98,1.5024,2.77,2.6237,2.6237,False,2.0134,1.5872,-0.4263,1.0365
2021091900,1273,46093,D.J. Moore,WR,False,CAR,2,True,5,16.4537,0.7824,0.2824,3.2786,2.2941,1.4121,1,2,1,5.1786,68.7614,0.3052,6.48,0.6323,1.43,1.7214,1.7214,False,2.7929,1.221,-1.5719,0.5004
2021091900,1323,46093,D.J. Moore,WR,False,CAR,2,True,16,10.5296,0.5007,0.0007,2.5405,2.9448,1.4896,1,3,0,15.9356,65.8095,-0.0647,6.12,0.6355,1.93,13.4595,13.4595,False,7.0941,3.7534,-3.3407,9.7061
2021091900,1459,45785,Dan Arnold,TE,True,CAR,2,True,17,17.6605,0.8398,0.3398,14.7967,2.9884,0.1372,1,2,0,8.6246,10.3133,-0.2205,8.29,1.7264,1.99,2.2033,2.2033,False,4.3389,3.3139,-1.0251,-1.1105
2021091900,1558,46093,D.J. Moore,WR,False,CAR,2,True,2,14.9857,0.7126,0.2126,4.9317,0.8453,-0.4093,2,3,0,14.6678,0.0,-0.4381,6.5,3.1592,0.78,-2.9317,-2.9317,False,-4.9124,-4.9145,-0.0021,1.9827
2021091900,1654,53098,Marquez Callaway,WR,False,NO,2,True,4,15.385,0.7316,0.2316,4.5145,1.7329,1.5906,1,1,1,10.48,64.0855,0.4802,4.54,-1.1029,2.42,-0.5145,-0.5145,False,2.0176,1.4039,-0.6137,-1.9184
2021091900,1671,48541,Lil'Jordan Humphrey,WR,False,NO,2,True,27,27.9428,1.3288,0.8288,19.9132,4.2427,2.0806,1,1,0,19.7565,45.7168,-9.2839,5.12,-1.3355,5.43,7.0868,7.0868,False,7.5875,2.0824,-5.5051,5.0044
2021091900,1810,44820,Christian McCaffrey,RB,False,CAR,2,True,10,11.4938,0.5466,0.0466,3.3509,3.5656,2.5452,1,2,1,12.8898,75.2991,-0.638,6.45,0.2341,0.74,6.6491,6.6491,False,4.56,2.9164,-1.6436,3.7327
2021091900,1886,46093,D.J. Moore,WR,False,CAR,2,True,6,21.0022,0.9987,0.4987,6.1565,0.356,0.0866,1,2,0,15.3108,38.7835,1.0077,5.41,2.2185,0.95,-0.1565,-0.1565,False,1.7339,2.3813,0.6474,-2.5377
2021091900,2134,44820,Christian McCaffrey,RB,False,CAR,2,True,7,13.4604,0.6401,0.1401,-0.7543,5.7554,3.9442,0,1,0,15.8081,74.9443,4.7331,4.25,1.1829,2.05,7.7543,7.7543,False,6.6364,5.8984,-0.738,1.8559
2021091900,2214,44820,Christian McCaffrey,RB,False,CAR,2,True,8,10.166,0.4834,0.0,2.7,2.9633,1.94,1,4,0,14.27,32.88,-0.4166,7.02,0.3074,0.23,5.3,5.3,False,5.5275,5.3742,-0.1533,-0.0742
2021091900,2805,42437,Ty Montgomery,WR,False,NO,2,True,3,13.5434,0.644,0.144,1.1319,2.2356,1.846,2,5,2,8.489,3.4781,0.809,6.95,0.0825,0.47,1.8681,1.8681,False,0.5746,1.1355,0.561,0.7326
2021091900,2953,43808,Robby Anderson,WR,False,CAR,2,True,4,16.5822,0.7885,0.2885,3.9121,2.1504,1.2647,1,1,0,12.3778,69.7879,0.7112,5.45,0.1113,1.76,0.0879,0.0879,False,3.1652,2.4696,-0.6956,-2.3818
2021091900,2977,44820,Christian McCaffrey,RB,False,CAR,2,True,8,15.6715,0.7452,0.2452,4.2666,2.4331,0.8725,1,1,0,11.8859,65.8334,-0.2107,7.74,1.6581,3.12,3.7334,3.7334,False,5.2705,6.5018,1.2313,-2.7685
2021091900,3006,44123,Brandon Zylstra,WR,False,CAR,2,True,11,19.8406,0.9435,0.4435,10.6008,1.4771,1.3684,1,2,1,20.7091,50.6992,2.0674,8.26,0.6782,2.36,0.3992,0.3992,False,3.0535,3.5145,0.4611,-3.1153
2021091900,3310,44820,Christian McCaffrey,RB,False,CAR,2,True,-8,10.1984,0.485,0.0,-7.04,8.1829,8.11,0,1,1,15.09,60.58,4.5179,4.34,-0.9682,1.98,-0.96,-0.96,False,7.8915,5.3566,-2.535,-6.3166
2021091900,3399,53488,Terrace Marshall,WR,False,CAR,2,True,11,10.3836,0.4938,0.0,5.27,1.6029,-0.27,1,4,0,22.65,33.99,0.6214,6.55,2.8188,1.57,5.73,5.73,False,6.2943,4.9771,-1.3173,0.7529
2021091900,3444,43808,Robby Anderson,WR,False,CAR,2,True,16,17.0176,0.8092,0.3092,5.2786,2.2954,0.9554,1,1,0,10.1465,22.2614,-0.1333,6.45,0.2217,3.01,10.7214,10.7214,False,4.8377,2.5959,-2.2418,8.1255
2021091900,3538,44879,Alvin Kamara,RB,False,NO,2,True,8,11.5568,0.5496,0.0496,-0.0653,7.4045,-5.8363,0,1,0,12.3027,68.2053,-3.4697,4.08,3.3237,3.07,8.0653,8.0653,False,9.9026,11.8841,1.9814,-3.8188
2021091900,3689,46093,D.J. Moore,WR,False,CAR,2,True,9,23.4658,1.1159,0.6159,10.3464,1.7657,1.3147,1,1,1,3.2621,23.1836,-0.0855,2.02,1.7802,5.29,-1.3464,-1.3464,False,-0.7852,-0.2416,0.5436,-1.1048
2021091900,3776,52942,Juwan Johnson,TE,True,NO,2,True,23,21.8188,1.0376,0.5376,17.8606,4.5316,-0.5846,1,3,0,16.5399,48.5394,5.1535,6.99,6.7911,2.14,5.1394,5.1394,False,7.8459,9.621,1.7751,-4.4817
2021091901,102,52581,Darnell Mooney,WR,False,CHI,2,True,10,18.8812,0.8979,0.3979,10.6664,2.0237,2.0202,2,2,1,20.4622,62.9236,3.1992,2.99,0.1669,3.59,-0.6664,-0.6664,False,1.1011,0.3384,-0.7627,-1.0048
2021091901,126,52581,Darnell Mooney,WR,False,CHI,2,True,17,20.4339,0.9717,0.4717,15.78,1.7289,1.0653,1,1,0,11.2821,48.05,0.1636,8.76,1.6535,0.37,1.22,1.22,False,2.3077,6.5173,4.2095,-5.2972
2021091901,174,41712,Damien Williams,RB,False,CHI,2,True,3,13.1004,0.623,0.123,1.9164,5.4942,3.9282,0,2,2,10.847,48.8236,0.8263,5.09,1.0278,2.6,1.0836,1.0836,False,4.9082,5.205,0.2968,-4.1214
2021091901,248,47856,David Montgomery,RB,False,CHI,2,True,3,11.0767,0.5267,0.0267,2.9248,1.6949,1.6949,1,3,1,22.4761,13.4152,5.8141,1.58,1.3017,4.52,0.0752,0.0752,False,0.9595,2.5063,1.5468,-2.4311
2021091901,293,41290,Allen Robinson,WR,False,CHI,2,True,11,16.8601,0.8018,0.3018,12.3419,0.7096,-0.0278,1,5,0,16.0003,0.0881,0.1415,6.15,4.8778,3.72,-1.3419,-1.3419,False,-2.4288,-2.5064,-0.0775,1.1644
2021091901,384,44860,Joe Mixon,RB,False,CIN,2,True,2,19.6129,0.9327,0.4327,-1.3759,2.49,2.3199,1,1,1,7.3551,92.5459,3.6124,0.73,-0.5915,2.38,3.3759,3.3759,False,2.8711,4.8922,2.0211,-1.5163
2021091901,408,52441,Tee Higgins,WR,False,CIN,2,True,7,19.4854,0.9266,0.4266,6.0073,2.4635,1.8649,1,3,1,4.5975,82.5427,3.124,2.77,1.2125,5.21,0.9927,0.9927,False,0.0445,-0.4435,-0.488,1.4362
2021091901,533,43344,Tyler Boyd,WR,False,CIN,2,True,12,14.4433,0.6868,0.1868,10.0599,3.3785,-3.2195,1,2,0,19.9718,50.3601,-1.8637,7.85,2.194,3.03,1.9401,1.9401,False,11.9227,9.43,-2.4926,-7.4899
2021091901,578,43344,Tyler Boyd,WR,False,CIN,2,True,10,15.3261,0.7288,0.2288,5.4347,7.1133,7.0796,0,1,1,19.6284,40.3253,4.5683,3.04,2.0748,2.69,4.5653,4.5653,False,5.8125,5.0204,-0.7921,-0.4551
2021091901,870,47856,David Montgomery,RB,False,CHI,2,True,36,18.4218,0.876,0.376,-0.4206,9.2273,8.0192,0,1,1,5.5169,63.4906,6.0028,3.34,2.2057,1.29,36.4206,30.0,False,6.6067,7.1066,0.4999,22.8934
2021091901,1205,42500,C.J. Uzomah,TE,True,CIN,2,True,3,11.7126,0.557,0.057,-1.7564,3.008,2.8403,1,1,1,11.6811,68.8564,3.2721,5.02,1.1156,0.85,4.7564,4.7564,False,4.0697,3.8373,-0.2324,0.9191
2021091901,1229,53434,Ja'Marr Chase,WR,False,CIN,2,True,12,15.992,0.7605,0.2605,5.6422,2.2867,2.1419,1,3,1,18.6278,58.4678,2.1645,5.55,3.2716,4.77,6.3578,6.3578,False,2.3814,5.1664,2.785,1.1914
2021091901,1313,47856,David Montgomery,RB,False,CHI,2,True,10,13.3328,0.634,0.134,1.5977,3.3225,3.0824,1,1,1,10.5807,54.2123,-0.0201,5.37,1.774,1.38,8.4023,8.4023,False,4.4396,5.3283,0.8887,3.074
2021091901,1328,42500,C.J. Uzomah,TE,True,CIN,2,True,1,14.1498,0.6729,0.1729,1.6135,2.5425,2.4061,1,1,1,11.6453,50.6565,1.28,6.87,0.4828,2.03,-0.6135,-0.6135,False,2.3872,2.0944,-0.2928,-2.7079
2021091901,1409,52581,Darnell Mooney,WR,False,CHI,2,True,5,15.7687,0.7499,0.2499,5.4971,4.9316,-0.095,1,4,2,18.3909,48.9329,0.6834,2.23,2.2297,2.6,-0.4971,-0.4971,False,4.6445,4.7006,0.056,-5.1977
2021091901,1499,43344,Tyler Boyd,WR,False,CIN,2,True,2,12.4394,0.5915,0.0915,5.6126,0.6891,0.6885,1,3,2,18.7685,90.4274,0.8896,4.57,-1.2826,2.77,-3.6126,-3.6126,True,0.6518,0.0126,-0.6393,-3.6251
2021091901,1551,52441,Tee Higgins,WR,False,CIN,2,True,14,20.5297,0.9763,0.4763,9.9645,4.7512,-0.0576,1,2,1,7.7832,84.2955,-2.5429,7.34,2.8231,4.25,4.0355,4.0355,False,4.2256,2.2353,-1.9903,1.8002
2021091901,1609,52441,Tee Higgins,WR,False,CIN,2,True,8,14.3981,0.6847,0.1847,4.2434,2.2172,2.2123,1,5,2,23.2879,80.7166,2.053,6.46,1.3177,1.67,3.7566,3.7566,False,2.2528,2.7424,0.4896,1.0143
2021091901,1767,52581,Darnell Mooney,WR,False,CHI,2,True,11,24.4948,1.1648,0.6648,12.491,3.6835,1.873,1,2,1,4.9692,48.199,-1.3849,6.66,1.7013,3.87,-1.491,-1.491,False,-0.3771,0.0095,0.3866,-1.5005
2021091901,1815,40026,Marquise Goodwin,WR,False,CHI,2,True,10,21.7882,1.0361,0.5361,11.1214,2.3394,2.327,1,2,1,5.4519,46.7686,1.9062,5.84,0.842,4.79,-1.1214,-1.1214,False,-0.2151,-0.7886,-0.5735,-0.3328
2021091901,2089,43344,Tyler Boyd,WR,False,CIN,2,True,7,10.5019,0.4994,0.0,3.12,2.1485,1.96,1,6,1,25.69,68.66,2.4607,7.38,1.5847,1.12,3.88,3.88,False,3.2505,3.004,-0.2465,0.876
2021091901,2281,53631,Chris Evans,RB,False,CIN,2,True,14,10.8798,0.5174,0.0174,2.2132,9.1934,-8.1866,0,3,2,19.2768,46.2668,-6.0319,5.03,4.7868,2.1,11.7868,11.7868,False,7.9645,10.849,2.8845,0.9378
2021091901,2585,52441,Tee Higgins,WR,False,CIN,2,True,14,21.6611,1.0301,0.5301,14.6035,4.4542,3.4392,1,2,2,24.0766,50.4465,-1.5919,6.72,2.5911,5.25,-0.6035,-0.6035,False,5.7071,6.0736,0.3666,-6.6771
2021091901,2690,41290,Allen Robinson,WR,False,CHI,2,True,13,20.7084,0.9848,0.4848,4.6077,3.6044,3.4109,1,1,1,3.7488,37.4223,-1.5465,2.06,-0.4791,3.64,8.3923,8.3923,False,-1.4272,0.3627,1.7899,8.0295
2021091901,2714,52581,Darnell Mooney,WR,False,CHI,2,True,21,23.9195,1.1375,0.6375,18.2521,2.7226,-1.9028,1,2,0,8.8661,11.1879,-2.0352,9.32,3.4702,1.48,2.7479,2.7479,False,7.6946,7.7105,0.0159,-4.9626
2021091901,2952,43344,Tyler Boyd,WR,False,CIN,2,True,22,13.5621,0.6449,0.1449,5.8288,2.1874,1.7091,2,3,2,23.2255,71.9112,-0.4242,3.08,-0.2845,4.76,16.1712,16.1712,False,3.8571,1.1393,-2.7178,15.0319
2021091901,3198,52451,Cole Kmet,TE,True,CHI,2,True,13,16.1744,0.7691,0.2691,10.9255,1.1651,-0.3049,1,1,0,16.5073,24.1645,0.757,7.37,2.9929,1.32,2.0745,2.0745,False,7.0811,6.2544,-0.8267,-4.18
2021091901,3233,47856,David Montgomery,RB,False,CHI,2,True,5,16.6226,0.7905,0.2905,0.9559,8.2033,8.2008,0,1,1,10.9579,44.2741,3.2209,5.69,0.1579,1.25,4.0441,4.0441,False,8.4545,5.2218,-3.2327,-1.1777
2021091901,3441,43344,Tyler Boyd,WR,False,CIN,2,True,5,11.0088,0.5235,0.0235,3.5967,4.1722,0.364,1,2,0,23.8573,71.6133,0.5275,4.38,0.2865,0.86,1.4033,1.4033,False,7.1829,6.1684,-1.0145,-4.7652
2021091901,3535,43344,Tyler Boyd,WR,False,CIN,2,True,15,22.2502,1.0581,0.5581,15.5838,3.2916,-0.1147,1,2,0,12.493,42.0362,-0.8816,6.17,2.3363,6.18,-0.5838,-0.5838,False,4.5075,2.3263,-2.1812,-2.9101
2021091901,3564,53434,Ja'Marr Chase,WR,False,CIN,2,True,42,25.3225,1.2042,0.7042,21.6376,2.1431,-1.7117,1,1,0,6.8851,20.7624,-0.5399,9.03,9.0143,0.71,20.3624,20.3624,False,13.4451,16.4881,3.043,3.8743
2021091901,3717,52441,Tee Higgins,WR,False,CIN,2,True,7,17.7856,0.8458,0.3458,7.6974,1.5556,1.2946,1,5,1,17.4262,0.0,-1.0577,1.24,1.1203,3.9,-0.6974,-0.6974,False,-3.816,-4.2245,-0.4085,3.5272
2021091901,3811,52451,Cole Kmet,TE,True,CHI,2,True,0,15.3818,0.7315,0.2315,-0.2534,3.0056,2.8977,1,2,2,9.6261,74.1834,5.8901,4.78,1.5838,1.41,0.2534,0.2534,False,3.1889,2.6182,-0.5708,-2.3647
2021091902,231,52523,Harrison Bryant,TE,True,CLE,2,True,29,28.9841,1.3783,0.8783,21.8576,3.349,-2.3913,1,1,0,4.4638,13.0924,-1.3186,8.0,7.7281,0.78,7.1424,7.1424,False,12.6382,12.1681,-0.4701,-5.0257
2021091902,260,43370,Austin Hooper,TE,True,CLE,2,True,4,12.8613,0.6116,0.1116,4.6937,2.2842,2.2286,2,6,1,19.0778,1.3863,1.656,4.5,-0.0565,3.27,-0.6937,-0.6937,False,-0.1262,-1.2048,-1.0785,0.5111
2021091902,389,37101,Mark Ingram,RB,False,HOU,2,True,-1,11.9011,0.5659,0.0659,-0.9882,5.9977,5.5863,0,2,2,15.4102,53.1982,5.1872,6.07,-0.2764,1.69,-0.0118,-0.0118,False,7.6362,2.959,-4.6772,-2.9708
2021091902,434,41246,Brandin Cooks,WR,False,HOU,2,True,12,24.012,1.1419,0.6419,13.5032,1.5508,0.9167,1,3,0,6.2627,37.7668,-0.7436,5.77,0.9086,5.12,-1.5032,-1.5032,False,0.4478,-1.6457,-2.0935,0.1425
2021091902,479,42419,Chris Conley,WR,False,HOU,2,True,13,15.6654,0.7449,0.2449,6.3346,2.8142,1.8542,1,2,1,14.1918,34.8254,-0.0979,6.33,3.8971,0.79,6.6654,6.6654,False,3.5196,6.7365,3.2169,-0.0711
2021091902,503,41246,Brandin Cooks,WR,False,HOU,2,True,6,13.7801,0.6553,0.1553,5.425,4.137,4.111,1,4,1,13.5091,23.245,5.5153,2.2,0.5475,0.91,0.575,0.575,False,1.8787,2.597,0.7182,-2.022
2021091902,676,43370,Austin Hooper,TE,True,CLE,2,True,13,11.447,0.5443,0.0443,0.3297,9.9672,7.966,0,1,1,17.5602,54.7303,-0.2058,6.12,0.6695,1.25,12.6703,12.6703,False,7.8287,8.2567,0.428,4.4136
2021091902,704,52595,Donovan Peoples-Jones,WR,False,CLE,2,True,14,17.6968,0.8415,0.3415,15.5148,6.9203,4.8654,0,3,0,19.8529,27.5852,-0.7667,6.65,3.7618,3.58,-1.5148,-1.5148,False,8.8466,8.0773,-0.7693,-9.5922
2021091902,1005,43461,Rashard Higgins,WR,False,CLE,2,True,14,17.0624,0.8114,0.3114,10.8639,5.4138,-3.8775,0,3,0,18.0893,73.2761,-3.3355,5.99,4.4765,3.0,3.1361,3.1361,False,12.0005,11.0849,-0.9156,-7.9488
2021091902,1050,43370,Austin Hooper,TE,True,CLE,2,True,13,17.4713,0.8308,0.3308,10.8177,1.9132,-1.0645,1,2,0,20.8095,57.6623,-1.6214,6.85,2.9856,2.8,2.1823,2.1823,False,12.8537,10.8298,-2.0239,-8.6475
2021091902,1210,33566,Danny Amendola,WR,False,HOU,2,True,9,14.8352,0.7055,0.2055,4.7492,6.3941,5.5907,0,1,1,16.0484,42.8308,1.0815,2.04,0.3854,3.96,4.2508,4.2508,False,6.2474,6.6342,0.3868,-2.3834
2021091902,1234,41246,Brandin Cooks,WR,False,HOU,2,True,22,16.6835,0.7934,0.2934,10.905,11.614,-7.6324,0,0,0,2.2714,27.425,-0.4604,8.04,7.346,2.15,11.095,11.095,False,10.2595,13.9815,3.722,-2.8865
2021091902,1436,52523,Harrison Bryant,TE,True,CLE,2,True,8,9.2106,0.438,0.0,0.07,6.2126,5.6,0,3,1,15.28,47.38,3.948,7.86,2.34,1.05,7.93,7.93,False,7.0972,7.6863,0.5891,0.2437
2021091902,1595,44841,David Njoku,TE,True,CLE,2,True,7,19.1598,0.9111,0.4111,5.9508,3.3335,1.5929,1,2,1,11.2179,6.3992,1.5734,3.52,0.2939,3.65,1.0492,1.0492,False,1.8224,1.5203,-0.3021,-0.4711
2021091902,2094,52523,Harrison Bryant,TE,True,CLE,2,True,6,14.8702,0.7071,0.2071,6.0594,2.306,2.3035,2,3,1,16.0633,71.1606,2.4139,5.3,1.2525,5.3,-0.0594,-0.0594,False,2.6601,1.2092,-1.4509,-1.2687
2021091902,2118,43461,Rashard Higgins,WR,False,CLE,2,True,13,19.1543,0.9109,0.4109,12.9487,1.5499,1.4674,1,2,1,19.177,58.1713,3.962,6.37,3.7451,4.26,0.0513,0.0513,False,0.7642,1.5084,0.7441,-1.4571
2021091902,2142,52523,Harrison Bryant,TE,True,CLE,2,True,6,14.9482,0.7108,0.2108,3.1401,6.1958,0.6025,0,2,0,16.4111,55.0199,-0.7706,6.02,0.1429,0.47,2.8599,2.8599,False,10.4806,12.4724,1.9918,-9.6125
2021091902,2264,46104,Nick Chubb,RB,False,CLE,2,True,1,8.0607,0.3833,0.0,-5.46,5.2969,-4.07,0,4,0,13.04,28.85,-0.9691,4.69,0.574,0.56,6.46,6.46,False,12.5397,14.4749,1.9352,-8.0149
2021091902,2678,46167,Jordan Akins,TE,True,HOU,2,True,17,17.6398,0.8388,0.3388,9.2637,1.5371,-0.1096,1,1,0,12.4391,50.3463,-0.2448,6.33,3.1984,3.53,7.7363,7.7363,False,6.5498,7.1407,0.5909,0.5955
2021091902,2795,42429,David Johnson,RB,False,HOU,2,True,14,8.9489,0.4256,0.0,-0.74,6.5472,1.18,0,2,0,18.04,62.32,-0.0365,5.27,3.3315,1.0,14.74,14.74,False,10.6512,13.0277,2.3766,1.7123
2021091902,2965,41246,Brandin Cooks,WR,False,HOU,2,True,7,14.9462,0.7107,0.2107,9.4184,4.5937,3.0731,1,4,2,14.6308,6.9916,-1.8489,4.26,1.0364,1.16,-2.4184,-2.4184,False,1.74,2.4395,0.6994,-4.8579
2021091902,3052,41246,Brandin Cooks,WR,False,HOU,2,True,2,13.7381,0.6533,0.1533,1.5867,3.1877,3.0729,2,5,2,18.7131,1.0033,0.0401,5.29,2.2616,2.34,0.4133,0.4133,False,-1.5007,0.1329,1.6335,0.2805
2021091902,3136,43370,Austin Hooper,TE,True,CLE,2,True,5,12.7345,0.6056,0.1056,4.8412,2.7563,1.2674,2,4,0,14.3875,74.7988,3.1529,2.4,1.1478,2.02,0.1588,0.1588,False,1.7713,2.0054,0.234,-1.8465
2021091902,3548,44898,Kareem Hunt,RB,False,CLE,2,True,2,12.1993,0.5801,0.0801,1.4916,1.444,1.0565,1,6,2,21.653,55.8184,1.4438,2.96,-0.1049,2.7,0.5084,0.5084,False,3.042,2.2445,-0.7975,-1.7361
2021091902,3651,41246,Brandin Cooks,WR,False,HOU,2,True,11,20.3091,0.9658,0.4658,14.5271,0.9655,0.7704,1,1,1,8.8293,78.6929,-0.2456,5.33,1.7757,4.51,-3.5271,-3.5271,True,3.1231,2.0979,-1.0252,-5.625
2021091902,3675,41246,Brandin Cooks,WR,False,HOU,2,True,8,12.43,0.5911,0.0911,6.6055,3.876,3.8595,1,3,1,24.4071,74.9545,-0.4225,5.85,-0.049,2.79,1.3945,1.3945,False,4.9814,1.376,-3.6054,0.0185
2021091902,3732,35527,Andre Roberts,WR,False,HOU,2,True,35,19.5588,0.9301,0.4301,19.6308,4.5952,-3.9163,1,3,0,12.4285,37.1892,-1.7024,8.07,2.4897,1.48,15.3692,15.3692,False,9.127,6.8183,-2.3087,8.5509
2021091903,62,52442,Michael Pittman,WR,False,IND,2,True,14,12.4958,0.5942,0.0942,4.5305,1.1672,-0.9644,1,3,0,18.9187,54.5495,-1.8729,3.85,2.0219,1.8,9.4695,9.4695,False,11.5705,7.0083,-4.5622,2.4612
2021091903,181,40641,Jack Doyle,TE,True,IND,2,True,5,14.6859,0.6984,0.1984,6.1346,0.6382,-0.3016,1,3,1,17.6119,12.8954,-1.0991,2.01,0.5776,1.72,-1.1346,-1.1346,False,2.4959,1.6376,-0.8583,-2.7721
2021091903,329,39989,Robert Woods,WR,False,LA,2,True,16,17.0636,0.8114,0.3114,12.9339,1.7481,0.6336,1,2,0,21.1385,75.5361,0.6466,7.62,4.572,1.78,3.0661,3.0661,False,3.3507,6.845,3.4944,-3.7789
2021091903,353,47853,Darrell Henderson,RB,False,LA,2,True,23,26.2449,1.248,0.748,1.0045,23.8271,-3.9488,0,0,0,4.2705,71.2055,-2.5485,3.24,2.8,2.85,21.9955,21.9955,False,9.774,8.2211,-1.5528,13.7744
2021091903,377,52465,Van Jefferson,WR,False,LA,2,True,14,24.9447,1.1862,0.6862,15.9424,1.2196,0.3781,1,1,0,24.9214,33.7476,0.8223,6.49,-0.2005,3.98,-1.9424,-1.9424,False,2.2272,1.1699,-1.0572,-3.1124
2021091903,471,44881,Cooper Kupp,WR,False,LA,2,True,16,18.9572,0.9015,0.4015,15.8459,4.4376,-0.8746,1,3,0,14.4952,1.1141,-3.4013,8.39,8.2094,2.15,0.1541,0.1541,False,-2.5017,1.6399,4.1416,-1.4858
2021091903,564,45102,Zach Pascal,WR,False,IND,2,True,9,12.9969,0.6181,0.1181,7.1343,3.9951,3.3231,2,4,1,24.367,80.8757,6.7322,3.38,1.9848,2.61,1.8657,1.8657,False,1.2287,0.9546,-0.2741,0.9111
2021091903,588,52442,Michael Pittman,WR,False,IND,2,True,42,39.779,1.8916,1.3916,39.9928,2.7647,0.4241,2,2,0,14.8612,39.2972,1.4841,9.68,7.4034,0.89,2.0072,2.0072,False,9.7069,16.5752,6.8683,-14.5679
2021091903,633,52449,Jonathan Taylor,RB,False,IND,2,True,2,17.6227,0.838,0.338,-1.1724,4.2576,4.1165,1,1,1,6.3505,33.8624,3.53,1.27,-1.1905,1.08,3.1724,3.1724,False,4.4731,5.1312,0.6581,-1.9588
2021091903,874,52442,Michael Pittman,WR,False,IND,2,True,7,14.9343,0.7102,0.2102,5.4423,1.4189,1.2774,2,4,1,13.6609,4.7577,4.3097,1.57,1.3429,2.02,1.5577,1.5577,False,0.4514,0.5076,0.0562,1.0501
2021091903,945,44881,Cooper Kupp,WR,False,LA,2,True,9,9.9161,0.4715,0.0,-0.18,4.0967,3.23,1,3,2,17.1,95.52,-0.4887,8.75,0.8721,1.76,9.18,9.18,False,4.6408,3.977,-0.6638,5.203
2021091903,990,47853,Darrell Henderson,RB,False,LA,2,True,4,8.3585,0.3975,0.0,1.08,6.1238,-4.37,0,3,0,15.43,72.52,-2.9214,5.94,1.3463,1.06,2.92,2.92,False,11.5519,11.456,-0.0959,-8.536
2021091903,1035,43399,Tyler Higbee,TE,True,LA,2,True,8,20.6572,0.9823,0.4823,6.2631,1.4782,0.1831,2,3,1,19.2183,61.6469,-0.0768,6.52,1.3333,0.4,1.7369,1.7369,False,3.6814,1.1797,-2.5016,0.5572
2021091903,1080,39989,Robert Woods,WR,False,LA,2,True,16,20.4517,0.9726,0.4726,14.9746,3.1986,0.4292,1,2,0,24.8493,48.6054,-0.8155,7.74,2.7397,0.45,1.0254,1.0254,False,6.322,12.484,6.162,-11.4586
2021091903,1149,44881,Cooper Kupp,WR,False,LA,2,True,11,18.1854,0.8648,0.3648,11.9945,3.1237,2.0809,1,2,1,18.1596,35.5355,-0.1362,8.62,3.3293,4.04,-0.9945,-0.9945,False,5.2335,4.9687,-0.2648,-5.9632
2021091903,1199,44881,Cooper Kupp,WR,False,LA,2,True,14,17.9792,0.855,0.355,4.2697,7.3079,1.7786,0,2,1,10.251,27.2103,-3.6825,5.75,1.4076,3.27,9.7303,9.7303,False,5.4673,6.3524,0.8851,3.3779
2021091903,1380,40641,Jack Doyle,TE,True,IND,2,True,13,12.5578,0.5972,0.0972,4.3635,5.8442,1.8817,0,4,0,22.2714,70.9665,1.2104,7.2,1.2713,1.81,8.6365,8.6365,False,7.3617,6.2857,-1.0761,2.3508
2021091903,1426,46173,Nyheim Hines,RB,False,IND,2,True,7,7.0564,0.3356,0.0,1.93,1.7257,0.14,1,5,0,20.32,60.33,0.4355,7.47,2.3937,0.68,5.07,5.07,False,6.7963,7.1554,0.3591,-2.0854
2021091903,1515,52442,Michael Pittman,WR,False,IND,2,True,3,11.6758,0.5552,0.0552,3.1172,1.6248,1.5401,1,3,2,24.1357,35.0128,2.5307,7.87,0.3117,0.94,-0.1172,-0.1172,False,1.0998,1.8455,0.7457,-1.9628
2021091903,1539,45102,Zach Pascal,WR,False,IND,2,True,7,16.9026,0.8038,0.3038,3.1403,7.7888,6.2347,0,1,1,4.1488,32.2597,1.8485,5.75,1.1532,2.18,3.8597,3.8597,False,4.4836,3.3687,-1.115,0.491
2021091903,2148,52442,Michael Pittman,WR,False,IND,2,True,23,25.7265,1.2234,0.7234,19.7956,6.3882,5.0793,0,2,1,6.9307,20.3344,1.8259,7.56,4.0028,1.68,3.2044,3.2044,False,3.1405,2.6003,-0.5402,0.6041
2021091903,2319,45102,Zach Pascal,WR,False,IND,2,True,8,18.1948,0.8652,0.3652,13.4941,3.0299,-0.5731,1,4,0,17.8574,0.0,-0.9264,6.96,5.6243,2.66,-5.4941,-5.0,True,-4.198,-4.4893,-0.2912,-0.5107
2021091903,2449,40641,Jack Doyle,TE,True,IND,2,True,0,7.9507,0.3781,0.0,-8.46,7.1575,2.84,0,3,0,19.53,71.73,1.0265,3.56,-0.2539,3.07,8.46,8.46,False,11.7955,9.124,-2.6715,-0.664
2021091903,2485,52442,Michael Pittman,WR,False,IND,2,True,15,18.3578,0.873,0.373,8.9924,4.695,3.8222,1,4,1,13.3942,54.6076,2.3076,0.81,0.2745,2.74,6.0076,6.0076,False,2.4101,1.8523,-0.5578,4.1553
2021091903,2755,39989,Robert Woods,WR,False,LA,2,True,11,27.3782,1.3019,0.8019,7.0678,8.0335,2.4216,0,1,0,0.6218,63.3622,2.6982,2.01,0.9075,1.37,3.9322,3.9322,False,1.6722,3.1018,1.4296,0.8304
2021091903,2800,44881,Cooper Kupp,WR,False,LA,2,True,44,25.1822,1.1975,0.6975,17.6541,6.5767,-6.0726,0,1,0,5.8184,36.5559,-3.7362,8.51,7.3751,1.87,26.3459,26.3459,False,13.501,17.8924,4.3914,8.4534
2021091903,2829,44881,Cooper Kupp,WR,False,LA,2,True,10,20.1675,0.959,0.459,15.6714,1.9737,-0.011,1,5,0,25.3484,0.0,0.329,7.04,4.9045,3.21,-5.6714,-5.0,True,-3.6747,-2.2933,1.3814,-2.7067
2021091903,3003,40641,Jack Doyle,TE,True,IND,2,True,34,22.081,1.05,0.55,16.1448,11.0132,-6.9204,0,0,0,9.1899,40.7152,-2.5078,7.21,3.063,2.19,17.8552,17.8552,False,10.2701,10.4896,0.2195,7.3656
2021091903,3164,39989,Robert Woods,WR,False,LA,2,True,14,16.8855,0.803,0.303,6.6822,5.7313,3.1793,0,3,1,18.1997,68.8878,2.3211,2.88,2.3837,2.83,7.3178,7.3178,False,4.3182,4.7712,0.453,2.5466
2021091903,3209,39989,Robert Woods,WR,False,LA,2,True,7,22.339,1.0623,0.5623,5.3757,2.3672,2.0278,1,2,1,11.9116,54.0343,-0.3529,1.31,-0.3989,4.51,1.6243,1.6243,False,3.5386,1.6923,-1.8463,-0.0679
2021091903,3233,44881,Cooper Kupp,WR,False,LA,2,True,3,18.7178,0.8901,0.3901,0.3844,6.5905,4.2069,0,1,0,9.9107,51.7756,-0.3216,7.19,-0.4502,2.2,2.6156,2.6156,False,10.0007,6.9476,-3.053,-4.332
2021091903,3684,52442,Michael Pittman,WR,False,IND,2,True,10,25.1654,1.1967,0.6967,11.6029,4.1791,3.8897,1,2,1,5.7482,78.5471,8.2135,6.35,1.5974,1.89,-1.6029,-1.6029,False,0.4143,-1.0807,-1.495,-0.5222
2021091904,107,42516,James O'Shaughnessy,TE,True,JAX,2,True,24,22.9504,1.0914,0.5914,20.1543,4.5112,3.4624,1,2,1,8.0902,54.9557,2.0983,7.86,5.114,3.63,3.8457,3.8457,False,-0.2158,-0.8751,-0.6593,4.7208
2021091904,259,38696,Marvin Jones,WR,False,JAX,2,True,13,14.8743,0.7073,0.2073,10.1722,4.6305,-0.8422,1,2,1,16.322,24.5678,-1.6876,8.75,2.6632,0.65,2.8278,2.8278,False,6.6359,10.8123,4.1764,-7.9845
2021091904,348,38696,Marvin Jones,WR,False,JAX,2,True,25,29.4678,1.4013,0.9013,21.5443,2.2167,-1.6016,1,1,0,0.757,3.1357,-1.8019,8.08,6.5509,1.9,3.4557,3.4557,False,1.3734,0.9827,-0.3906,2.4729
2021091904,420,52526,Albert Okwuegbunam,TE,True,DEN,2,True,6,17.3103,0.8232,0.3232,1.989,10.1704,2.4746,0,0,0,3.6478,73.311,3.0885,4.59,0.1826,2.09,4.011,4.011,False,6.8395,4.2748,-2.5647,-0.2638
2021091904,498,46109,Courtland Sutton,WR,False,DEN,2,True,13,23.1967,1.1031,0.6031,11.4471,2.5759,0.7248,1,2,1,12.3269,47.9729,-0.4779,3.87,-1.8288,3.49,1.5529,1.5529,False,2.2743,0.2043,-2.07,1.3486
2021091904,522,45267,Tim Patrick,WR,False,DEN,2,True,14,16.0459,0.763,0.263,5.693,3.3334,-0.8298,1,3,1,19.0098,40.637,-1.5661,0.52,0.4677,1.78,8.307,8.307,False,7.236,5.067,-2.169,3.24
2021091904,594,42358,Melvin Gordon,RB,False,DEN,2,True,8,14.6778,0.698,0.198,2.5641,4.7673,4.2414,1,1,1,5.1152,18.0059,2.4547,3.76,1.7883,3.91,5.4359,5.4359,False,2.4895,5.0144,2.525,0.4215
2021091904,658,46109,Courtland Sutton,WR,False,DEN,2,True,6,23.9083,1.1369,0.6369,6.4315,1.1885,1.0987,1,1,1,4.6522,19.8985,0.2179,0.97,-0.0134,4.71,-0.4315,-0.4315,False,-0.8829,0.8444,1.7272,-1.2758
2021091904,682,47803,Noah Fant,TE,True,DEN,2,True,6,15.0477,0.7156,0.2156,6.1644,3.5932,2.7345,1,2,1,23.7651,14.2456,0.5365,2.21,-0.1649,1.53,-0.1644,-0.1644,False,5.4846,3.2693,-2.2153,-3.4337
2021091904,740,52733,James Robinson,RB,False,JAX,2,True,-2,8.8146,0.4192,0.0,-0.51,2.067,2.06,1,2,1,12.85,75.47,2.497,6.04,-1.0062,1.47,-1.49,-1.49,False,3.4071,1.4027,-2.0043,-2.8927
2021091904,846,44987,Eric Saubert,TE,True,DEN,2,True,7,10.8435,0.5156,0.0156,-0.2638,5.0861,4.1951,0,4,1,11.9511,67.2238,-0.8358,7.04,1.0333,0.29,7.2638,7.2638,False,5.9859,6.6932,0.7073,0.5706
2021091904,912,47803,Noah Fant,TE,True,DEN,2,True,4,12.0133,0.5713,0.0713,3.9389,1.534,1.1815,1,3,1,0.063,48.8311,3.6477,0.94,-0.0154,0.55,0.0611,0.0611,False,0.6057,-0.555,-1.1607,0.6161
2021091904,1091,52450,Laviska Shenault,WR,False,JAX,2,True,-8,16.3214,0.7761,0.2761,-7.3168,2.1152,2.0983,1,1,1,10.2564,35.6168,4.6495,3.04,-0.7488,1.68,-0.6832,-0.6832,False,4.0746,5.2876,1.213,-5.9708
2021091904,1379,53464,Javonte Williams,RB,False,DEN,2,True,10,15.9164,0.7569,0.2569,-3.3399,10.5376,10.388,0,0,0,12.2088,89.3699,4.8487,3.59,1.9077,1.95,13.3399,13.3399,False,8.7892,9.8095,1.0203,3.5304
2021091904,1403,46109,Courtland Sutton,WR,False,DEN,2,True,16,20.7007,0.9844,0.4844,15.9315,5.2742,4.1409,0,3,1,26.2741,60.3885,8.2791,2.7,1.5102,3.26,0.0685,0.0685,False,2.2352,2.0401,-0.1951,-1.9716
2021091904,1448,46109,Courtland Sutton,WR,False,DEN,2,True,33,23.0268,1.095,0.595,18.5163,1.9067,-1.7563,1,2,0,6.9058,41.5637,-0.6426,8.29,8.1618,2.06,14.4837,14.4837,False,7.4487,13.7552,6.3065,0.7285
2021091904,1494,52766,Kendall Hinton,WR,False,DEN,2,True,15,26.165,1.2442,0.7442,10.5023,1.6587,1.3822,1,1,1,4.5108,16.2577,-0.553,2.59,2.2067,5.38,4.4977,4.4977,False,-0.9882,-0.4212,0.567,4.9189
2021091904,1535,45267,Tim Patrick,WR,False,DEN,2,True,12,8.7273,0.415,0.0,1.75,6.1836,1.23,0,2,0,17.3,9.91,-9.9319,8.34,2.0572,0.62,10.25,10.25,False,7.6722,11.4963,3.8241,-1.2463
2021091904,1586,53574,Luke Farrell,TE,True,JAX,2,True,6,14.4827,0.6887,0.1887,5.3582,1.0905,0.9042,1,2,1,20.4402,70.1018,1.3431,3.82,0.2026,3.73,0.6418,0.6418,False,1.1643,1.1487,-0.0157,-0.5069
2021091904,1636,52450,Laviska Shenault,WR,False,JAX,2,True,5,17.402,0.8275,0.3275,3.3736,3.8673,3.7222,1,2,2,11.9703,66.3764,1.1078,5.32,-1.027,1.32,1.6264,1.6264,False,2.5369,1.2701,-1.2668,0.3563
2021091904,1660,46130,D.J. Chark,WR,False,JAX,2,True,19,24.0881,1.1455,0.6455,17.7118,4.2583,3.906,1,3,1,18.5205,47.3782,-0.5836,5.72,1.9084,3.86,1.2882,1.2882,False,3.1485,0.6226,-2.5259,0.6655
2021091904,1962,47803,Noah Fant,TE,True,DEN,2,True,9,13.7338,0.6531,0.1531,2.159,6.7012,3.9648,0,1,0,7.3661,59.841,1.8308,5.03,1.3002,2.75,6.841,6.841,False,6.6393,5.6504,-0.9889,1.1906
2021091904,2030,42358,Melvin Gordon,RB,False,DEN,2,True,30,19.791,0.9411,0.4411,7.5496,10.2881,-10.2095,0,0,0,20.6153,45.2704,-0.7448,5.33,3.8528,2.18,22.4504,22.4504,False,12.4626,13.0771,0.6145,9.3733
2021091904,2120,46109,Courtland Sutton,WR,False,DEN,2,True,55,30.5208,1.4514,0.9514,32.0549,2.4829,-0.8039,1,2,0,18.6416,39.7951,-0.6153,9.15,8.5927,1.13,22.9451,22.9451,False,15.6483,18.9818,3.3335,3.9633
2021091904,2165,47803,Noah Fant,TE,True,DEN,2,True,14,12.3439,0.587,0.087,4.6339,2.4603,1.9642,1,1,1,19.1798,9.2361,1.2145,4.96,1.5393,3.09,9.3661,9.3661,False,2.9325,3.4253,0.4928,5.9408
2021091904,2216,38696,Marvin Jones,WR,False,JAX,2,True,0,10.1379,0.4821,0.0,-2.38,7.1637,-3.41,0,4,3,17.27,77.88,-3.7549,5.96,-0.0801,1.78,2.38,2.38,False,7.4848,7.6211,0.1363,-5.2411
2021091904,2382,46109,Courtland Sutton,WR,False,DEN,2,True,10,17.653,0.8395,0.3395,4.2959,15.2265,10.4532,0,0,0,7.8867,65.6441,-0.2712,4.27,-0.3952,1.96,5.7041,5.7041,False,6.4666,4.2818,-2.1848,1.4223
2021091904,2616,46109,Courtland Sutton,WR,False,DEN,2,True,9,22.1892,1.0552,0.5552,5.8661,2.1194,1.0361,1,1,0,13.5808,33.8139,-0.5906,5.5,2.1905,3.65,3.1339,3.1339,False,4.5802,5.0241,0.444,-1.8902
2021091904,2682,52526,Albert Okwuegbunam,TE,True,DEN,2,True,0,5.9807,0.2844,0.0,-1.33,3.1717,2.13,4,6,2,11.13,28.34,0.176,7.29,0.978,0.74,1.33,1.33,False,3.5664,3.0756,-0.4908,-1.7456
2021091904,2841,52733,James Robinson,RB,False,JAX,2,True,6,8.5675,0.4074,0.0,-5.54,7.2233,-0.79,0,2,0,12.58,86.04,-4.3574,5.13,1.9524,3.7,11.54,11.54,False,9.1972,9.8358,0.6385,1.7042
2021091904,2939,52526,Albert Okwuegbunam,TE,True,DEN,2,True,4,11.0624,0.5261,0.0261,-0.2821,5.993,5.513,0,1,1,7.4604,65.1521,2.6651,5.84,1.0703,1.83,4.2821,4.2821,False,5.9691,4.2221,-1.747,0.06
2021091904,3215,52733,James Robinson,RB,False,JAX,2,True,13,7.705,0.3664,0.0,-0.47,6.0117,5.99,0,4,1,13.24,58.39,2.129,5.47,1.0709,1.29,13.47,13.47,False,6.4144,6.2898,-0.1246,7.1802
2021091904,3533,45267,Tim Patrick,WR,False,DEN,2,True,11,13.4502,0.6396,0.1396,3.4623,5.2081,3.5725,0,2,0,23.6609,29.6977,2.5713,1.01,0.3748,0.77,7.5377,7.5377,False,4.8179,5.197,0.3791,2.3407
2021091904,3676,52526,Albert Okwuegbunam,TE,True,DEN,2,True,14,12.1612,0.5783,0.0783,2.2991,6.4337,1.4728,0,2,0,16.6842,37.0409,-1.6088,6.25,0.7541,0.6,11.7009,11.7009,False,11.862,7.8795,-3.9825,3.8215
2021091905,378,44985,Isaiah McKenzie,WR,False,BUF,2,True,1,13.3353,0.6341,0.1341,0.992,2.8709,2.8561,1,2,2,14.0713,51.628,-0.2282,6.33,-0.2088,1.93,0.008,0.008,False,3.614,1.7524,-1.8616,-1.7444
2021091905,448,35521,Emmanuel Sanders,WR,False,BUF,2,True,35,22.1159,1.0517,0.5517,19.9772,1.8601,-1.4509,1,1,0,13.7895,21.1928,1.1008,8.31,8.1517,0.73,15.0228,15.0228,False,9.5275,13.8948,4.3673,1.128
2021091905,515,42489,Stefon Diggs,WR,False,BUF,2,True,5,32.0124,1.5223,1.0223,10.8221,4.8711,2.9764,1,1,0,19.1263,0.0,1.0082,3.15,1.2933,2.65,-5.8221,-5.0,True,-1.4057,-0.6879,0.7178,-4.3121
2021091905,709,52494,Zack Moss,RB,False,BUF,2,True,6,10.14,0.4822,0.0,-0.38,7.0614,-3.54,0,4,2,11.93,63.63,-5.626,6.27,4.2384,1.87,6.38,6.38,False,8.2741,12.3421,4.068,-5.9621
2021091905,1008,48017,Myles Gaskin,RB,False,MIA,2,True,6,13.8735,0.6597,0.1597,2.3612,2.2469,-0.0718,1,1,0,8.9243,77.2988,-0.747,6.84,1.1972,2.05,3.6388,3.6388,False,7.5069,4.3806,-3.1264,-0.7418
2021091905,1054,53435,Jaylen Waddle,WR,False,MIA,2,True,9,14.5273,0.6908,0.1908,8.9353,2.302,1.5476,1,1,0,7.0287,64.2547,-0.9815,9.1,-0.7061,1.26,0.0647,0.0647,False,3.4117,6.1887,2.777,-6.124
2021091905,1123,53435,Jaylen Waddle,WR,False,MIA,2,True,5,9.9545,0.4734,0.0,2.96,3.2683,0.56,1,3,0,20.24,55.67,-1.6227,7.77,0.8971,1.31,2.04,2.04,False,7.5888,7.563,-0.0258,-5.523
2021091905,1189,46111,Mike Gesicki,TE,True,MIA,2,True,18,19.3047,0.918,0.418,14.1338,5.9771,-5.5961,0,2,1,22.1643,36.1062,-4.7747,7.71,4.6023,3.42,3.8662,3.8662,False,6.1615,6.368,0.2065,-2.5018
2021091905,1235,44857,Adam Shaheen,TE,True,MIA,2,True,7,10.6595,0.5069,0.0069,4.318,2.336,2.1988,1,3,2,22.754,28.372,2.4635,6.76,1.1553,1.08,2.682,2.682,False,1.4456,1.8504,0.4048,0.8316
2021091905,1367,43475,Jakeem Grant,WR,False,MIA,2,True,0,16.7559,0.7968,0.2968,6.2142,1.1654,0.9616,1,2,2,18.6301,6.1458,5.0934,4.56,2.6083,4.48,-6.2142,-5.0,True,0.3878,0.8944,0.5066,-5.8944
2021091905,1452,38947,Cole Beasley,WR,False,BUF,2,True,7,14.6679,0.6975,0.1975,4.3603,1.1845,0.6216,1,3,0,23.0931,81.4397,1.3704,6.4,2.8367,0.86,2.6397,2.6397,False,1.3883,2.1095,0.7211,0.5303
2021091905,1587,53435,Jaylen Waddle,WR,False,MIA,2,True,14,14.7202,0.7,0.2,8.2455,1.8794,0.8,2,2,0,20.9775,22.4145,0.3025,6.96,5.2774,2.74,5.7545,5.7545,False,3.9184,6.5587,2.6403,-0.8042
2021091905,1767,42357,DeVante Parker,WR,False,MIA,2,True,4,13.6304,0.6482,0.1482,3.6974,2.4248,0.8802,2,3,0,15.771,71.3926,5.5449,0.44,0.3872,4.29,0.3026,0.3026,False,3.1098,2.3308,-0.779,-2.0282
2021091905,1791,48017,Myles Gaskin,RB,False,MIA,2,True,11,10.1018,0.4804,0.0,0.75,5.6407,4.99,0,2,1,22.41,71.12,2.1996,5.95,2.5578,3.63,10.25,10.25,False,5.8821,7.2158,1.3336,3.0342
2021091905,1832,42357,DeVante Parker,WR,False,MIA,2,True,16,20.1463,0.958,0.458,9.8528,3.3751,0.2026,1,1,0,8.8939,50.4972,-1.6453,6.36,1.9273,2.55,6.1472,6.1472,False,7.8332,6.7476,-1.0856,-0.6003
2021091905,1910,46111,Mike Gesicki,TE,True,MIA,2,True,11,17.1708,0.8165,0.3165,7.2225,3.459,2.8526,1,2,1,10.6111,34.5675,1.8071,6.62,1.0504,4.15,3.7775,3.7775,False,3.5558,2.5609,-0.9949,1.2166
2021091905,2283,42489,Stefon Diggs,WR,False,BUF,2,True,7,9.9399,0.4727,0.0,2.86,4.9358,3.8,1,6,3,19.8,39.36,0.4907,7.1,1.4871,1.19,4.14,4.14,False,5.7151,5.2371,-0.4781,-1.0971
2021091905,2438,38947,Cole Beasley,WR,False,BUF,2,True,22,17.3194,0.8236,0.3236,10.8676,5.7055,-3.7572,0,2,0,26.3747,64.5224,1.8807,1.87,0.5797,2.77,11.1324,11.1324,False,6.7524,6.0135,-0.7389,5.1189
2021091905,2462,35521,Emmanuel Sanders,WR,False,BUF,2,True,13,17.699,0.8416,0.3416,10.9376,2.059,0.5524,2,4,0,26.4385,42.3524,0.5757,7.56,3.2713,1.18,2.0624,2.0624,False,1.9203,4.933,3.0127,-2.8707
2021091905,2598,42489,Stefon Diggs,WR,False,BUF,2,True,7,11.1171,0.5287,0.0287,5.5538,0.9468,0.0617,1,3,1,13.8507,9.9262,1.3119,6.36,2.2252,0.76,1.4462,1.4462,False,1.5675,2.0094,0.4418,-0.5631
2021091905,2623,47879,Dawson Knox,TE,True,BUF,2,True,8,22.4043,1.0654,0.5654,15.6729,1.2032,-0.4158,1,1,0,10.547,0.0,0.2198,7.77,1.6499,3.42,-7.6729,-5.0,True,-1.7276,-3.6991,-1.9714,-1.3009
2021091905,2690,41506,Albert Wilson,WR,False,MIA,2,True,5,13.6508,0.6491,0.1491,4.0653,5.3622,5.1132,0,4,1,15.8675,71.4147,3.4383,1.29,-0.635,2.57,0.9347,0.9347,False,3.0796,2.9509,-0.1287,-2.0162
2021091905,2736,42357,DeVante Parker,WR,False,MIA,2,True,8,22.4924,1.0696,0.5696,9.9612,0.742,0.1472,1,1,0,3.7926,59.9588,0.1218,3.57,2.8462,5.72,-1.9612,-1.9612,False,8.2173,0.4177,-7.7995,-2.379
2021091905,2826,48017,Myles Gaskin,RB,False,MIA,2,True,0,10.3433,0.4919,0.0,-0.9,6.1712,6.14,0,2,1,14.63,60.13,5.4632,6.68,1.1531,2.74,0.9,0.9,False,7.613,3.7734,-3.8397,-2.8734
2021091905,3049,48017,Myles Gaskin,RB,False,MIA,2,True,4,4.1449,0.1971,0.0,-4.4,6.8951,-1.08,0,3,0,17.14,84.49,-6.5819,4.98,2.7305,1.88,8.4,8.4,False,10.9059,13.183,2.2771,-4.783
2021091905,3074,48480,Preston Williams,WR,False,MIA,2,True,2,14.7999,0.7038,0.2038,1.7996,1.7478,1.6296,2,2,1,8.9165,74.9604,2.6773,2.55,-0.9342,0.26,0.2004,0.2004,False,0.6568,0.8124,0.1556,-0.612
2021091905,3098,42357,DeVante Parker,WR,False,MIA,2,True,7,17.4431,0.8295,0.3295,4.812,4.2119,0.5704,1,1,0,16.989,69.538,3.718,2.4,0.1578,3.87,2.188,2.188,False,2.4908,1.6567,-0.834,0.5313
2021091905,3122,45217,Cethan Carter,TE,True,MIA,2,True,8,17.1667,0.8163,0.3163,8.9495,1.2685,0.0226,2,2,0,21.9987,59.0505,5.3423,1.68,-0.0331,3.76,-0.9495,-0.9495,False,2.9821,-0.0818,-3.0639,-0.8677
2021091905,3616,42489,Stefon Diggs,WR,False,BUF,2,True,41,33.963,1.6151,1.1151,31.8518,2.5637,-2.2051,1,1,0,2.9157,30.4082,-0.6676,9.73,9.6244,1.16,9.1482,9.1482,False,13.2761,15.0039,1.7279,-5.8557
2021091905,3659,47857,Devin Singletary,RB,False,BUF,2,True,3,7.8776,0.3746,0.0,-4.74,5.9503,0.35,0,2,1,12.26,25.97,-2.2442,5.88,1.6059,2.1,7.74,7.74,False,9.1997,8.3186,-0.8811,-0.5786
2021091905,3925,41506,Albert Wilson,WR,False,MIA,2,True,4,11.5795,0.5506,0.0506,2.7269,2.6588,2.5389,1,5,1,19.7901,65.7631,1.2385,4.94,-0.2585,3.84,1.2731,1.2731,False,3.5039,3.0804,-0.4236,-1.8073
2021091905,4151,41506,Albert Wilson,WR,False,MIA,2,True,6,23.3952,1.1125,0.6125,6.995,3.1249,2.2715,1,2,1,4.8321,18.585,3.5912,3.04,-0.5795,3.69,-0.995,-0.995,False,0.5935,0.2532,-0.3403,-1.2482
2021091906,76,45185,Kendrick Bourne,WR,False,NE,2,True,7,19.7044,0.937,0.437,7.295,4.7,4.6732,1,3,1,15.2353,63.955,-0.804,3.81,-3.5581,3.57,-0.295,-0.295,False,4.102,3.7465,-0.3555,-4.0416
2021091906,126,44912,Jonnu Smith,TE,True,NE,2,True,5,17.9719,0.8546,0.3546,2.1728,8.6392,8.6384,0,1,1,9.8794,61.4872,0.5573,5.61,-0.5279,2.18,2.8272,2.8272,False,4.9876,2.7092,-2.2784,0.118
2021091906,155,41359,James White,RB,False,NE,2,True,5,10.3092,0.4902,0.0,3.85,2.0401,1.62,1,3,2,21.47,54.88,4.969,4.12,3.436,2.58,1.15,1.15,False,0.3667,3.6818,3.315,-2.5318
2021091906,179,47870,Damien Harris,RB,False,NE,2,True,2,12.3123,0.5855,0.0855,1.4759,3.9338,3.507,1,1,1,10.8613,52.1741,4.6698,5.79,1.4722,2.07,0.5241,0.5241,False,1.5157,2.0292,0.5134,-1.505
2021091906,238,48097,Jakobi Meyers,WR,False,NE,2,True,7,11.7995,0.5611,0.0611,3.9136,3.1752,3.1559,1,2,1,25.0947,32.2264,2.7963,5.99,0.3855,1.52,3.0864,3.0864,False,2.0826,1.7139,-0.3687,1.3726
2021091906,924,53463,Elijah Moore,WR,False,NYJ,2,True,27,25.2941,1.2028,0.7028,18.0809,11.1982,-6.1534,0,0,0,4.7485,31.2991,-2.3575,8.86,7.8838,1.86,8.9191,8.9191,False,10.4024,19.3972,8.9948,-10.4781
2021091906,1331,41359,James White,RB,False,NE,2,True,-1,9.9052,0.471,0.0,-1.25,4.1341,3.95,1,3,2,11.78,62.94,5.7902,5.75,2.8017,2.22,0.25,0.25,False,4.1304,2.7323,-1.3981,-2.4823
2021091906,1442,46279,Braxton Berrios,WR,False,NYJ,2,True,11,22.0981,1.0508,0.5508,7.4219,4.3808,3.1845,1,1,1,4.6783,84.3881,-0.5172,6.38,1.4558,1.6,3.5781,3.5781,False,1.1801,1.5415,0.3614,2.0366
2021091906,1592,43324,Hunter Henry,TE,True,NE,2,True,10,13.5233,0.6431,0.1431,4.5605,2.5072,1.6994,1,3,0,18.7898,58.9595,0.8178,6.01,3.2882,0.62,5.4395,5.4395,False,5.3338,7.6896,2.3558,-2.25
2021091906,1616,42363,Nelson Agholor,WR,False,NE,2,True,10,21.0712,1.002,0.502,13.8196,3.7458,3.3591,1,2,1,5.997,42.5704,1.0594,6.8,1.792,4.62,-3.8196,-3.8196,True,-0.7793,-1.8824,-1.1031,-1.9373
2021091906,1645,41359,James White,RB,False,NE,2,True,3,12.7912,0.6083,0.1083,6.9156,1.5932,1.5881,1,2,1,16.3467,39.9544,3.9416,1.14,0.0513,2.28,-3.9156,-3.9156,True,0.6182,-0.3817,-0.9999,-3.5338
2021091906,1732,48097,Jakobi Meyers,WR,False,NE,2,True,8,19.6725,0.9355,0.4355,5.8846,7.2922,3.8276,0,1,0,6.1103,26.3754,0.2125,6.06,1.044,2.22,2.1154,2.1154,False,6.0571,5.5541,-0.503,-3.4388
2021091906,1911,53463,Elijah Moore,WR,False,NYJ,2,True,9,18.5847,0.8838,0.3838,9.7572,1.2602,1.1453,3,4,1,9.4435,68.5628,6.3465,4.6,-1.4406,2.98,-0.7572,-0.7572,False,-0.2548,-1.5611,-1.3063,0.8039
2021091906,2063,53463,Elijah Moore,WR,False,NYJ,2,True,12,27.3073,1.2986,0.7986,13.0961,5.4667,3.953,0,1,1,1.3644,48.2139,-2.6703,5.67,3.013,4.27,-1.0961,-1.0961,False,-1.8052,-0.0329,1.7724,-1.0632
2021091906,2134,42363,Nelson Agholor,WR,False,NE,2,True,9,25.9181,1.2325,0.7325,8.1463,4.2952,3.6774,1,2,1,15.0499,26.5137,-6.3593,3.69,-2.9539,0.29,0.8537,0.8537,False,5.7157,4.861,-0.8547,-4.0072
2021091906,2298,53463,Elijah Moore,WR,False,NYJ,2,True,8,18.4808,0.8788,0.3788,5.5354,4.2674,0.9685,1,2,1,7.5829,72.7546,-0.0724,6.91,0.6215,1.06,2.4646,2.4646,False,3.8083,3.6473,-0.161,-1.1827
2021091906,2427,40149,Ryan Griffin,TE,True,NYJ,2,True,5,14.1744,0.674,0.174,3.5647,4.1716,2.8097,1,1,0,1.6027,27.5153,2.4506,4.41,0.7165,3.4,1.4353,1.4353,False,1.9181,1.8531,-0.065,-0.4178
2021091906,2512,43324,Hunter Henry,TE,True,NE,2,True,32,16.1482,0.7679,0.2679,12.5267,6.0834,-1.7622,0,3,0,17.8907,44.7233,-0.0152,6.95,6.9305,1.27,19.4733,19.4733,False,10.0506,13.891,3.8404,5.5822
2021091906,2568,44912,Jonnu Smith,TE,True,NE,2,True,3,17.4473,0.8297,0.3297,-0.1003,5.9357,5.9353,0,1,1,9.4149,33.0403,2.2197,5.25,-0.4256,1.66,3.1003,3.1003,False,7.0835,4.4316,-2.6519,-1.3312
2021091906,2671,41359,James White,RB,False,NE,2,True,-1,13.2383,0.6295,0.1295,-0.6659,3.2816,2.9316,1,2,2,13.9936,13.6959,3.1794,6.66,0.8036,2.39,-0.3341,-0.3341,False,4.8464,3.6036,-1.2428,-3.9376
2021091906,2736,44817,Corey Davis,WR,False,NYJ,2,True,3,14.0381,0.6676,0.1676,1.9255,7.3503,7.1631,0,3,1,12.6207,72.4845,2.0909,6.98,-0.1462,1.69,1.0745,1.0745,False,8.5481,5.9475,-2.6006,-4.873
2021091906,2760,53536,Michael Carter,RB,False,NYJ,2,True,17,13.7656,0.6546,0.1546,0.8397,6.1664,5.8961,0,1,1,14.458,70.3603,0.2594,6.48,-0.9074,1.69,16.1603,16.1603,False,4.675,2.956,-1.719,13.2043
2021091906,2852,46279,Braxton Berrios,WR,False,NYJ,2,True,4,24.2306,1.1523,0.6523,4.9375,5.2322,5.1825,0,3,2,5.1156,59.8825,0.1688,2.04,-0.4025,2.91,-0.9375,-0.9375,False,0.8557,0.8324,-0.0233,-1.7699
2021091906,2955,53463,Elijah Moore,WR,False,NYJ,2,True,3,12.0661,0.5738,0.0738,2.3031,0.8934,0.8908,1,1,1,13.572,47.7869,1.4477,6.11,-1.4481,0.26,0.6969,0.6969,False,1.3983,0.6919,-0.7065,0.005
2021091906,3156,46279,Braxton Berrios,WR,False,NYJ,2,True,27,25.9881,1.2358,0.7358,21.0025,7.5587,-6.8976,0,3,1,7.4965,62.3275,-1.8328,8.36,6.0782,2.95,5.9975,5.9975,False,-0.5444,4.6227,5.1672,1.3748
2021091906,3243,40149,Ryan Griffin,TE,True,NYJ,2,True,5,12.6092,0.5996,0.0996,1.32,4.1132,3.7747,1,2,1,26.4635,32.71,4.6413,1.54,0.7023,3.55,3.68,3.68,False,1.7655,2.6814,0.9158,0.9987
2021091906,3522,42428,Tyler Kroft,TE,True,NYJ,2,True,8,13.9529,0.6635,0.1635,3.5154,7.3457,6.0419,0,1,1,22.0293,79.0946,4.6379,6.74,0.3386,1.29,4.4846,4.4846,False,6.468,7.0142,0.5462,-2.5296
2021091906,3807,46279,Braxton Berrios,WR,False,NYJ,2,True,6,22.0512,1.0486,0.5486,7.9605,3.5623,-0.447,1,1,0,3.6114,67.6395,-1.1853,7.52,1.131,3.09,-1.9605,-1.9605,False,9.0239,3.7217,-5.3022,-5.6822
2021091906,3877,48657,Jeff Smith,WR,False,NYJ,2,True,35,30.528,1.4517,0.9517,24.0026,1.8113,-0.7863,1,1,0,8.6721,56.8674,-1.2647,5.19,4.8046,5.05,10.9974,10.9974,False,13.5664,5.0894,-8.4771,5.908
2021091906,3942,46279,Braxton Berrios,WR,False,NYJ,2,True,6,16.3251,0.7763,0.2763,3.014,9.3618,9.3463,0,1,1,5.7193,47.576,4.3129,5.97,1.824,2.0,2.986,2.986,False,5.9208,4.7924,-1.1283,-1.8065
2021091906,3971,53536,Michael Carter,RB,False,NYJ,2,True,12,11.6387,0.5535,0.0535,2.5662,9.2079,8.2686,0,2,1,13.2048,42.2138,3.1774,5.63,1.7985,2.49,9.4338,9.4338,False,8.4186,7.0901,-1.3285,2.3437
2021091907,98,47819,Deebo Samuel,WR,False,SF,2,True,10,10.666,0.5072,0.0072,2.3675,4.8369,4.8199,1,3,2,26.5676,76.7725,0.4134,8.0,-0.349,0.17,7.6325,7.6325,False,5.3514,7.3247,1.9734,0.3078
2021091907,418,53439,DeVonta Smith,WR,False,PHI,2,True,11,14.821,0.7048,0.2048,7.1732,1.7717,-1.5032,1,3,0,18.2338,72.4368,1.9236,1.9,1.1874,1.71,3.8268,3.8268,False,7.1864,4.7754,-2.411,-0.9485
2021091907,463,47836,Miles Sanders,RB,False,PHI,2,True,4,12.5636,0.5974,0.0974,0.825,5.039,4.5051,0,3,2,8.4534,63.065,3.2233,6.83,3.0272,1.71,3.175,3.175,False,4.235,7.8302,3.5952,-4.6552
2021091907,567,53579,Kenneth Gainwell,RB,False,PHI,2,True,9,14.3231,0.6811,0.1811,4.2826,3.694,2.2279,1,3,0,22.4687,38.3674,-0.0102,7.49,1.1187,1.61,4.7174,4.7174,False,6.4936,6.4769,-0.0167,-1.7595
2021091907,711,44959,George Kittle,TE,True,SF,2,True,1,16.8378,0.8007,0.3007,0.8333,2.3012,1.9178,1,2,2,12.2037,74.2267,2.5385,3.81,-1.5521,0.75,0.1667,0.1667,False,1.036,0.6784,-0.3576,-0.5117
2021091907,757,52708,Jamycal Hasty,RB,False,SF,2,True,8,11.2996,0.5373,0.0373,1.55,8.2327,5.995,0,3,2,11.2918,72.51,5.7538,3.95,2.9474,2.17,6.45,6.45,False,6.817,7.7577,0.9407,-1.3077
2021091907,869,53439,DeVonta Smith,WR,False,PHI,2,True,5,13.2073,0.6281,0.1281,6.0998,3.5495,3.5427,1,2,1,3.7187,59.2302,5.6392,5.33,-0.3142,0.28,-1.0998,-1.0998,False,-0.0024,-1.677,-1.6746,0.5772
2021091907,919,52608,Quez Watkins,WR,False,PHI,2,True,26,29.7736,1.4158,0.9158,20.9586,6.6079,1.6982,0,1,0,5.81,41.1114,-4.0964,6.02,3.569,3.87,5.0414,5.0414,False,6.2909,4.058,-2.2329,0.9833
2021091907,1134,44959,George Kittle,TE,True,SF,2,True,6,11.0361,0.5248,0.0248,-2.0903,9.8878,-6.2312,0,1,0,11.379,65.6003,-6.494,4.62,2.8093,2.5,8.0903,8.0903,False,12.7126,11.8885,-0.8241,-3.7982
2021091907,1215,40078,Kyle Juszczyk,FB,False,SF,2,True,7,14.8956,0.7083,0.2083,6.0856,2.6146,2.2122,1,2,2,16.1301,64.4544,5.4064,6.63,1.6107,2.58,0.9144,0.9144,False,1.0958,0.047,-1.0488,0.8675
2021091907,1374,47819,Deebo Samuel,WR,False,SF,2,True,17,25.7057,1.2224,0.7224,16.3774,4.5187,4.5088,1,3,1,18.3335,39.8726,3.7936,1.24,1.2008,4.47,0.6226,0.6226,False,2.2497,1.1753,-1.0744,-0.5528
2021091907,1438,52608,Quez Watkins,WR,False,PHI,2,True,91,26.8244,1.2756,0.7756,25.4354,1.9645,-1.3803,1,1,0,4.4535,71.8546,-1.2863,9.24,8.9549,1.89,65.5646,30.0,False,12.6158,15.4451,2.8293,14.5549
2021091907,1675,47819,Deebo Samuel,WR,False,SF,2,True,5,14.3184,0.6809,0.1809,6.1517,0.5129,0.5049,2,4,1,16.2475,85.2383,4.1385,0.47,0.2859,4.29,-1.1517,-1.1517,False,1.3239,-0.629,-1.9529,-0.5227
2021091907,1812,52708,Jamycal Hasty,RB,False,SF,2,True,6,11.9837,0.5699,0.0699,2.559,6.8469,6.7726,0,3,3,24.1475,67.611,4.0948,5.47,2.2753,2.1,3.441,3.441,False,4.0895,5.3065,1.217,-1.8654
2021091907,1925,47819,Deebo Samuel,WR,False,SF,2,True,40,18.744,0.8913,0.3913,15.4233,2.948,-2.9273,2,3,1,20.8106,36.5767,-1.6065,6.68,5.2213,4.7,24.5767,24.5767,False,5.9269,1.1065,-4.8204,23.4702
2021091907,1954,52625,Jauan Jennings,WR,False,SF,2,True,11,19.8465,0.9438,0.4438,7.3837,7.7447,3.5506,0,1,0,14.4118,4.4663,-1.513,1.46,0.5943,5.47,3.6163,3.6163,False,3.7573,4.453,0.6957,-0.8367
2021091907,2217,46671,Trent Sherfield,WR,False,SF,2,True,9,16.0546,0.7635,0.2635,6.686,1.0989,-0.3194,2,2,0,16.6424,57.474,-1.4861,6.99,2.1484,0.91,2.314,2.314,False,7.2889,9.0441,1.7552,-6.7301
2021091907,2527,39983,Zach Ertz,TE,True,PHI,2,True,6,16.8776,0.8026,0.3026,6.0152,1.4777,0.2403,1,2,1,11.1394,40.0548,1.0606,5.53,0.3145,3.12,-0.0152,-0.0152,False,2.3231,1.3714,-0.9518,-1.3865
2021091907,2641,47819,Deebo Samuel,WR,False,SF,2,True,6,20.3024,0.9655,0.4655,-1.8243,4.3309,4.1614,1,1,1,4.8713,94.1643,2.8355,1.0,-0.976,2.91,7.8243,7.8243,False,2.4669,2.5317,0.0648,5.2926
2021091907,2731,52433,Brandon Aiyuk,WR,False,SF,2,True,6,18.982,0.9027,0.4027,6.7875,1.4501,0.8987,1,2,0,5.7281,62.6225,2.2191,2.54,0.8629,5.48,-0.7875,-0.7875,False,1.5514,0.2693,-1.2821,-1.0568
2021091907,2819,47819,Deebo Samuel,WR,False,SF,2,True,15,17.9308,0.8527,0.3527,11.3656,1.0153,0.9981,1,1,1,25.3226,47.9544,4.8317,6.51,1.6322,5.24,3.6344,3.6344,False,-0.5886,-1.1722,-0.5836,4.8066
2021091907,3603,53579,Kenneth Gainwell,RB,False,PHI,2,True,9,12.3923,0.5893,0.0893,0.9957,4.4595,3.9602,1,3,1,15.3236,74.3143,6.6462,1.52,1.5195,2.99,8.0043,8.0043,False,2.5919,2.4876,-0.1043,5.5167
2021091907,3690,46118,Dallas Goedert,TE,True,PHI,2,True,14,19.755,0.9394,0.4394,12.4489,2.5234,-1.6809,2,4,1,10.3149,2.7111,-0.9986,7.43,2.296,5.22,1.5511,1.5511,False,-0.3139,-1.9682,-1.6543,3.5193
2021091907,3804,40078,Kyle Juszczyk,FB,False,SF,2,True,8,14.8636,0.7068,0.2068,5.0521,2.9339,1.8825,1,2,0,19.0173,80.0779,3.06,1.49,1.1223,0.98,2.9479,2.9479,False,2.1826,1.7225,-0.4601,1.2254
2021091908,62,44874,JuJu Smith-Schuster,WR,False,PIT,2,True,6,10.8763,0.5172,0.0172,4.7513,3.1633,1.8371,1,5,1,17.7593,63.8187,4.5127,2.18,1.8195,1.58,1.2487,1.2487,False,2.4145,2.4302,0.0157,-1.1815
2021091908,107,44874,JuJu Smith-Schuster,WR,False,PIT,2,True,5,14.4603,0.6876,0.1876,4.827,2.7443,2.2855,2,3,1,19.7306,55.463,4.5022,1.69,1.6362,1.87,0.173,0.173,False,1.4541,1.3419,-0.1122,-1.1689
2021091908,152,44874,JuJu Smith-Schuster,WR,False,PIT,2,True,2,8.4184,0.4003,0.0,-1.91,3.3744,3.29,1,4,1,19.86,57.7,1.1593,7.53,0.3166,1.07,3.91,3.91,False,6.335,6.6225,0.2875,-2.7125
2021091908,248,39109,Derek Carrier,TE,True,LV,2,True,9,15.7818,0.7505,0.2505,6.3681,5.8461,4.5345,0,3,2,14.1603,78.1019,-0.6597,0.69,0.671,2.39,2.6319,2.6319,False,4.2486,4.2415,-0.0071,-1.6096
2021091908,317,47932,Hunter Renfrow,WR,False,LV,2,True,3,13.0264,0.6195,0.1195,2.6251,2.7203,2.4778,2,4,2,13.1335,66.5149,1.9342,1.87,-0.4594,2.61,0.3749,0.3749,False,1.1241,1.294,0.1699,-0.9191
2021091908,473,52457,Chase Claypool,WR,False,PIT,2,True,2,18.3821,0.8741,0.3741,-1.4221,9.926,7.8641,0,1,1,11.4326,82.0321,4.0149,0.84,-0.0858,1.78,3.4221,3.4221,False,9.3353,6.7788,-2.5565,-3.3567
2021091908,523,43362,Kenyan Drake,RB,False,LV,2,True,11,21.5589,1.0252,0.5252,-0.261,8.9784,3.6095,0,1,0,8.0769,39.521,2.4438,1.04,0.7596,0.94,11.261,11.261,False,12.7923,11.6636,-1.1287,-0.4025
2021091908,630,43362,Kenyan Drake,RB,False,LV,2,True,10,10.9406,0.5203,0.0203,2.8479,9.5247,-7.6582,0,1,0,15.7685,34.2821,-3.8709,2.89,2.8591,2.57,7.1521,7.1521,False,14.5067,12.6394,-1.8673,-5.4873
2021091908,695,53453,Najee Harris,RB,False,PIT,2,True,9,11.471,0.5455,0.0455,-1.4609,6.6946,6.5293,0,2,1,10.1609,79.6809,2.3819,6.15,0.4194,2.11,10.4609,10.4609,False,6.9018,4.3757,-2.5261,6.0852
2021091908,754,47849,Diontae Johnson,WR,False,PIT,2,True,9,17.3784,0.8264,0.3264,7.3583,3.2425,2.8894,2,3,1,13.7017,64.7517,-0.2467,5.58,2.599,3.58,1.6417,1.6417,False,2.3492,4.4784,2.1292,-2.8367
2021091908,918,44874,JuJu Smith-Schuster,WR,False,PIT,2,True,6,11.4649,0.5452,0.0452,5.1727,3.0768,2.1136,1,4,0,26.2843,38.7573,5.6401,0.95,0.9452,3.96,0.8273,0.8273,False,1.6495,1.2157,-0.4338,-0.3884
2021091908,1081,47932,Hunter Renfrow,WR,False,LV,2,True,17,14.3686,0.6833,0.1833,3.4877,1.6534,1.6433,1,2,2,15.7855,36.4923,2.6619,0.89,-0.5037,5.03,13.5123,13.5123,False,0.0222,0.065,0.0428,13.4473
2021091908,1231,47849,Diontae Johnson,WR,False,PIT,2,True,13,24.7616,1.1775,0.6775,18.0028,1.1348,1.1246,1,1,1,4.6125,58.6372,-0.9894,3.46,3.0004,6.49,-5.0028,-5.0,True,-2.47,-1.7486,0.7214,-3.2514
2021091908,1302,44874,JuJu Smith-Schuster,WR,False,PIT,2,True,5,11.6603,0.5545,0.0545,4.2964,1.38,1.2893,2,6,2,18.2209,46.4436,3.8695,0.92,0.8508,4.07,0.7036,0.7036,False,2.2093,1.3535,-0.8558,-0.6499
2021091908,1326,47849,Diontae Johnson,WR,False,PIT,2,True,41,28.9918,1.3787,0.8787,22.812,1.3178,-0.3512,1,1,0,0.0,23.228,-0.5545,7.68,7.4795,1.97,18.188,18.188,False,10.0868,10.4448,0.358,7.7432
2021091908,1443,52420,Henry Ruggs,WR,False,LV,2,True,13,13.734,0.6531,0.1531,1.1742,7.3826,5.027,0,2,1,11.5117,74.0558,-3.7216,5.41,0.0274,1.21,11.8258,11.8258,False,8.6236,7.1831,-1.4405,4.6427
2021091908,1472,47932,Hunter Renfrow,WR,False,LV,2,True,10,16.0442,0.763,0.263,9.1504,5.3287,5.1424,0,4,1,21.0521,53.1296,8.6174,6.4,3.7283,0.72,0.8496,0.8496,False,2.2172,2.6855,0.4683,-1.8359
2021091908,1496,47920,Foster Moreau,TE,True,LV,2,True,25,21.1014,1.0034,0.5034,18.3849,2.191,-0.007,1,3,0,15.4032,33.6651,0.4928,7.75,7.498,1.67,6.6151,6.6151,False,4.5374,6.4411,1.9037,0.1741
2021091908,1554,52489,Bryan Edwards,WR,False,LV,2,True,6,12.7774,0.6076,0.1076,4.681,3.7981,1.436,1,1,0,16.0325,22.399,2.6662,2.42,-0.3627,0.72,1.319,1.319,False,3.2049,1.6572,-1.5477,-0.3382
2021091908,1578,47932,Hunter Renfrow,WR,False,LV,2,True,4,13.9613,0.6639,0.1639,3.3301,1.2404,1.1338,1,1,1,12.5487,18.1299,3.0994,0.28,0.1224,1.47,0.6699,0.6699,False,0.4689,0.528,0.0591,0.142
2021091908,1640,43362,Kenyan Drake,RB,False,LV,2,True,3,12.3837,0.5889,0.0889,0.5568,5.8787,5.6206,0,1,1,9.2623,18.4532,2.2518,6.72,1.2016,2.86,2.4432,2.4432,False,6.2656,6.8317,0.5661,-4.3885
2021091908,1686,42547,Darren Waller,TE,True,LV,2,True,8,14.3185,0.6809,0.1809,7.08,1.1201,0.7671,1,1,0,14.3872,8.87,2.2744,4.83,1.0503,2.91,0.92,0.92,False,1.1698,0.981,-0.1888,-0.061
2021091908,1796,52489,Bryan Edwards,WR,False,LV,2,True,7,20.7508,0.9868,0.4868,15.0021,2.9609,-1.0612,1,3,0,24.2638,0.0,-0.4798,7.92,4.1747,3.7,-8.0021,-5.0,True,-5.6796,-3.9779,1.7017,-1.0221
2021091908,1991,42547,Darren Waller,TE,True,LV,2,True,9,11.4949,0.5466,0.0466,4.0365,0.7274,0.5017,1,3,1,22.7763,71.2335,-0.3061,4.64,-0.7187,2.3,4.9635,4.9635,False,2.3107,2.2765,-0.0343,2.687
2021091908,2036,41500,Willie Snead,WR,False,LV,2,True,14,14.9293,0.7099,0.2099,5.8531,0.8992,0.0023,1,4,0,19.9027,62.4269,0.7241,6.04,3.635,0.83,8.1469,8.1469,False,5.022,4.9043,-0.1177,3.2426
2021091908,2195,53484,Pat Freiermuth,TE,True,PIT,2,True,14,17.6299,0.8384,0.3384,8.6532,1.8175,0.8539,1,1,0,19.3122,73.4868,0.3412,4.44,-0.3453,3.21,5.3468,5.3468,False,3.7383,1.216,-2.5224,4.1309
2021091908,2259,47849,Diontae Johnson,WR,False,PIT,2,True,3,11.1789,0.5316,0.0316,2.5825,5.2482,3.0343,0,5,1,25.3594,67.9375,-4.5551,7.76,-1.5019,1.54,0.4175,0.4175,False,8.4992,6.8812,-1.6179,-6.4638
2021091908,2308,52489,Bryan Edwards,WR,False,LV,2,True,18,19.6274,0.9334,0.4334,15.2909,1.015,0.8389,1,2,2,20.3717,67.0091,1.4103,6.88,3.9482,6.44,2.7091,2.7091,False,0.2675,-0.7622,-1.0296,3.4712
2021091908,2332,43362,Kenyan Drake,RB,False,LV,2,True,9,10.52,0.5003,0.0003,3.0508,7.0537,4.44,0,4,1,18.9112,61.0992,-2.7385,5.48,2.9549,2.81,5.9492,5.9492,False,9.7887,9.7861,-0.0027,-3.8368
2021091908,2375,47932,Hunter Renfrow,WR,False,LV,2,True,23,22.2816,1.0596,0.5596,16.3405,2.2776,-1.7872,1,3,0,16.5009,46.6495,-0.7135,6.26,6.0769,1.01,6.6595,6.6595,False,9.6102,10.5334,0.9232,-3.8739
2021091908,2420,52420,Henry Ruggs,WR,False,LV,2,True,30,19.8433,0.9436,0.4436,15.2231,1.8791,-0.504,1,3,1,23.5784,24.1369,-0.6775,6.99,4.1096,4.99,14.7769,14.7769,False,1.8697,2.0077,0.1379,12.7692
2021091908,2444,47920,Foster Moreau,TE,True,LV,2,True,9,18.5477,0.882,0.382,11.6579,1.2678,-1.2106,2,2,0,10.1182,0.0,-0.2649,7.11,4.8897,3.3,-2.6579,-2.6579,False,-2.7003,-2.9919,-0.2916,0.334
2021091908,2531,53484,Pat Freiermuth,TE,True,PIT,2,True,8,13.0123,0.6188,0.1188,5.724,2.051,1.136,2,3,0,23.1431,73.636,5.825,2.24,2.2226,3.0,2.276,2.276,False,2.1634,1.7471,-0.4162,0.5289
2021091908,2593,52457,Chase Claypool,WR,False,PIT,2,True,16,22.8047,1.0844,0.5844,15.5743,3.5484,3.5483,1,3,1,5.3076,45.4257,-1.5857,4.18,3.9598,5.39,0.4257,0.4257,False,-2.0346,-0.4112,1.6234,0.8369
2021091908,2706,43362,Kenyan Drake,RB,False,LV,2,True,13,9.0384,0.4298,0.0,-5.5,8.2349,-1.31,0,2,1,16.17,102.85,-5.5241,6.6,1.7649,1.88,18.5,18.5,False,10.1629,9.7637,-0.3992,8.7363
2021091908,2754,42547,Darren Waller,TE,True,LV,2,True,13,13.9453,0.6632,0.1632,6.012,2.335,-0.5287,1,2,1,19.5767,75.828,-1.6027,4.76,1.9739,0.14,6.988,6.988,False,7.4897,7.4172,-0.0724,-0.4293
2021091908,2803,52489,Bryan Edwards,WR,False,LV,2,True,16,15.4598,0.7352,0.2352,4.2871,2.1935,2.1113,1,1,1,8.9579,64.8729,4.3738,1.95,0.3279,4.27,11.7129,11.7129,False,0.9211,1.4562,0.5351,10.2567
2021091908,2827,52420,Henry Ruggs,WR,False,LV,2,True,7,16.9734,0.8071,0.3071,4.7049,4.6956,4.6789,1,2,1,10.2241,48.7051,0.8567,6.97,0.4716,3.74,2.2951,2.2951,False,2.4983,1.9074,-0.5908,0.3877
2021091908,2932,52457,Chase Claypool,WR,False,PIT,2,True,52,26.6284,1.2663,0.7663,22.0127,1.4287,-1.3105,1,1,0,5.3341,54.8073,-0.5222,9.01,8.982,0.46,29.9873,29.9873,False,13.8205,21.6168,7.7963,8.3706
2021091908,3031,53453,Najee Harris,RB,False,PIT,2,True,25,13.6101,0.6472,0.1472,4.2634,1.5319,0.7903,1,2,1,11.8118,20.8266,0.2438,6.75,1.5173,3.86,20.7366,20.7366,False,2.2621,2.497,0.2349,18.2396
2021091908,3110,39109,Derek Carrier,TE,True,LV,2,True,4,11.789,0.5606,0.0606,2.5209,1.4729,1.3904,1,4,1,21.9738,72.6291,2.5998,7.7,0.3453,1.07,1.4791,1.4791,False,1.2563,2.3373,1.081,-0.8582
2021091908,3134,42547,Darren Waller,TE,True,LV,2,True,10,19.7902,0.9411,0.4411,11.5161,3.5646,0.4722,2,2,1,6.5531,60.1239,-0.9532,6.87,1.9408,5.18,-1.5161,-1.5161,False,-1.3855,-0.2488,1.1367,-1.2673
2021091908,3229,52420,Henry Ruggs,WR,False,LV,2,True,61,29.7111,1.4129,0.9129,28.1811,2.5802,-1.4653,1,2,0,22.274,32.9889,-1.3505,9.21,8.469,0.84,32.8189,30.0,False,16.5809,20.0363,3.4554,9.9637
2021091908,3285,47849,Diontae Johnson,WR,False,PIT,2,True,4,18.3617,0.8732,0.3732,-1.1103,7.8461,5.9027,0,1,1,7.0701,76.4403,3.4851,2.39,0.1601,2.21,5.1103,5.1103,False,7.368,5.0019,-2.366,0.1083
2021091908,3336,53484,Pat Freiermuth,TE,True,PIT,2,True,5,12.0762,0.5743,0.0743,3.2748,5.9155,5.7885,0,4,1,17.1516,68.6352,-1.5114,7.34,-1.147,1.08,1.7252,1.7252,False,9.6967,6.538,-3.1586,-4.8128
2021091908,3511,53484,Pat Freiermuth,TE,True,PIT,2,True,9,13.8339,0.6579,0.1579,5.9586,1.785,1.5855,1,3,1,26.497,62.1214,0.8908,0.74,0.688,5.24,3.0414,3.0414,False,3.8991,1.3888,-2.5103,1.6526
2021091908,3535,53453,Najee Harris,RB,False,PIT,2,True,5,8.782,0.4176,0.0,0.44,5.6896,-3.52,0,5,2,17.97,58.64,-4.2733,4.92,0.5518,2.53,4.56,4.56,False,7.4149,5.7052,-1.7097,-1.1452
2021091908,3583,47849,Diontae Johnson,WR,False,PIT,2,True,12,20.269,0.9639,0.4639,-0.7207,10.8467,7.5464,0,0,0,8.3532,50.9107,0.8972,2.04,1.68,3.14,12.7207,12.7207,False,8.2727,9.6883,1.4156,3.0324
2021091908,3761,42547,Darren Waller,TE,True,LV,2,True,25,21.4908,1.022,0.522,13.9064,2.0735,-1.8015,1,2,0,9.4425,56.2836,-0.6585,8.87,8.3461,2.29,11.0936,11.0936,False,8.903,16.2087,7.3058,-5.1151
2021091909,75,52584,K.J. Osborn,WR,False,MIN,2,True,64,25.569,1.2159,0.7159,22.719,6.4952,-6.0621,0,1,0,3.0411,41.511,-4.3522,8.74,8.5753,2.14,41.281,30.0,False,8.4908,16.0394,7.5485,13.9606
2021091909,146,42398,Maxx Williams,TE,True,ARI,2,True,4,11.3442,0.5395,0.0395,4.2022,2.5877,2.2311,2,5,2,24.055,70.8878,3.5766,0.94,0.3094,2.12,-0.2022,-0.2022,False,0.766,0.1184,-0.6476,-0.3206
2021091909,362,52430,Justin Jefferson,WR,False,MIN,2,True,6,15.0153,0.714,0.214,6.9233,2.4784,-0.1816,3,3,1,19.4285,66.8367,-0.864,0.67,0.1091,1.99,-0.9233,-0.9233,False,7.852,3.9825,-3.8695,-4.9058
2021091909,476,39973,DeAndre Hopkins,WR,False,ARI,2,True,15,22.5384,1.0718,0.5718,12.1082,1.7949,-1.5858,1,2,0,16.3105,46.9918,-0.4443,1.7,0.8539,1.4,2.8918,2.8918,False,8.7049,3.4751,-5.2298,-0.5833
2021091909,545,46203,Chase Edmonds,RB,False,ARI,2,True,4,14.842,0.7058,0.2058,4.2593,2.0013,1.5942,1,1,1,17.2686,23.7907,4.6392,2.69,2.0375,5.27,-0.2593,-0.2593,False,0.314,2.4298,2.1158,-2.6892
2021091909,641,39973,DeAndre Hopkins,WR,False,ARI,2,True,15,23.8678,1.135,0.635,22.1601,4.7257,-2.3537,1,2,0,4.3933,0.0,-0.2273,7.74,2.5671,1.17,-7.1601,-5.0,True,-3.8414,-3.3244,0.517,-1.6756
2021091909,754,44853,Dalvin Cook,RB,False,MIN,2,True,14,8.4208,0.4004,0.0,2.82,4.7951,-4.11,1,5,1,23.61,42.44,1.596,1.49,1.4587,3.06,11.18,11.18,False,5.664,4.8671,-0.7969,6.3129
2021091909,889,40488,Adam Thielen,WR,False,MIN,2,True,7,14.6107,0.6948,0.1948,11.5663,2.0782,-0.5891,1,3,0,18.504,0.0,-1.9288,6.26,5.6279,2.14,-4.5663,-4.5663,True,-4.546,-5.7693,-1.2233,1.203
2021091909,1243,52430,Justin Jefferson,WR,False,MIN,2,True,14,25.3055,1.2034,0.7034,17.5938,1.9009,-0.3329,1,2,0,5.8996,0.0,-1.4359,6.01,-2.2124,2.35,-3.5938,-3.5938,True,-5.4024,-4.2951,1.1073,0.7012
2021091909,1351,42398,Maxx Williams,TE,True,ARI,2,True,34,18.1614,0.8636,0.3636,13.9705,1.789,1.5991,1,3,1,23.1091,62.0195,2.4706,5.62,3.1638,3.88,20.0295,20.0295,False,1.8265,1.5606,-0.2658,18.4689
2021091909,1396,42398,Maxx Williams,TE,True,ARI,2,True,9,11.8899,0.5654,0.0654,4.1236,3.0298,2.8255,2,3,1,16.187,31.1764,2.9324,1.32,0.361,2.74,4.8764,4.8764,False,1.1186,1.118,-0.0006,3.7584
2021091909,1460,46116,Christian Kirk,WR,False,ARI,2,True,19,28.1587,1.339,0.839,20.742,1.1562,1.1467,2,3,1,24.6636,11.588,1.1348,0.59,0.3242,3.91,-1.742,-1.742,False,-0.1403,-0.5342,-0.3938,-1.2079
2021091909,1797,53478,Rondale Moore,WR,False,ARI,2,True,77,38.8881,1.8493,1.3493,38.6775,21.2803,-21.0009,0,0,0,0.0,38.5025,-7.7774,6.62,4.4228,2.6,38.3225,30.0,False,11.6661,7.556,-4.1101,22.444
2021091909,1868,52584,K.J. Osborn,WR,False,MIN,2,True,4,13.2004,0.6277,0.1277,2.9086,2.9609,2.4979,1,2,1,7.8499,72.3214,2.8012,7.1,1.7116,1.56,1.0914,1.0914,False,1.9229,2.5755,0.6526,-1.4841
2021091909,1897,40488,Adam Thielen,WR,False,MIN,2,True,15,28.5728,1.3587,0.8587,18.765,2.7643,2.0023,1,1,1,3.5157,52.955,-1.5885,6.45,2.789,5.83,-3.765,-3.765,True,-3.2257,-1.3255,1.9002,-2.4395
2021091909,1943,46226,Tyler Conklin,TE,True,MIN,2,True,6,15.0697,0.7166,0.2166,1.8088,9.6674,9.221,0,1,1,6.659,54.7412,3.2507,5.2,1.6103,2.74,4.1912,4.1912,False,6.6648,5.8429,-0.8219,-1.6517
2021091909,2053,52584,K.J. Osborn,WR,False,MIN,2,True,6,17.0342,0.81,0.31,3.7808,2.6513,1.9187,1,1,1,10.7278,36.4592,1.2267,7.21,1.0346,1.54,2.2192,2.2192,False,2.2502,2.5062,0.256,-0.2869
2021091909,2152,53478,Rondale Moore,WR,False,ARI,2,True,18,15.3988,0.7323,0.2323,0.9439,8.8302,8.7447,0,1,1,13.1425,61.3461,1.5166,5.51,-0.3277,1.92,17.0561,17.0561,False,6.2576,4.1309,-2.1267,12.9252
2021091909,2392,53478,Rondale Moore,WR,False,ARI,2,True,6,14.6815,0.6982,0.1982,-4.2118,10.2793,-0.8223,0,0,0,4.8739,67.4818,-3.0058,5.06,2.8675,3.23,10.2118,10.2118,False,7.6048,10.589,2.9842,-0.3772
2021091909,2437,46203,Chase Edmonds,RB,False,ARI,2,True,13,15.8362,0.7531,0.2531,4.9225,1.8259,0.4478,1,1,0,7.9379,48.0475,0.3775,6.63,1.1558,2.33,8.0775,8.0775,False,2.5554,1.8955,-0.6599,6.182
2021091909,2482,42398,Maxx Williams,TE,True,ARI,2,True,25,21.164,1.0064,0.5064,20.0211,7.6477,-4.3907,0,3,0,17.0282,15.6789,-3.0604,7.65,7.6045,0.99,4.9789,4.9789,False,10.44,11.1474,0.7074,-6.1686
2021091909,2747,46116,Christian Kirk,WR,False,ARI,2,True,11,19.8378,0.9434,0.4434,10.1126,7.7788,7.083,0,2,1,13.4108,72.0974,3.7445,5.82,-0.1747,3.9,0.8874,0.8874,False,5.535,1.8542,-3.6808,-0.9667
2021091909,2792,37077,A.J. Green,WR,False,ARI,2,True,29,23.1638,1.1015,0.6015,13.8523,3.0778,-0.0391,1,2,0,6.3573,55.1977,-0.0153,8.01,7.2853,0.94,15.1477,15.1477,False,5.2567,13.477,8.2204,1.6707
2021091909,3056,52430,Justin Jefferson,WR,False,MIN,2,True,13,20.919,0.9948,0.4948,8.0657,2.2883,-0.105,1,2,0,16.4781,43.5143,-0.8867,6.42,2.9624,0.87,4.9343,4.9343,False,6.4462,7.1711,0.7249,-2.2369
2021091909,3249,42398,Maxx Williams,TE,True,ARI,2,True,2,7.2459,0.3446,0.0,-2.33,1.7205,-0.19,1,5,2,18.24,66.03,-0.2578,4.75,0.7193,2.66,4.33,4.33,False,8.0058,6.6584,-1.3474,-2.3284
2021091909,3383,52430,Justin Jefferson,WR,False,MIN,2,True,7,15.9035,0.7563,0.2563,8.3836,2.0335,1.8657,1,2,1,8.1045,90.8864,1.7928,6.36,1.7701,4.74,-1.3836,-1.3836,False,-0.3369,0.8845,1.2214,-2.2681
2021091909,3517,37077,A.J. Green,WR,False,ARI,2,True,6,23.2691,1.1065,0.6065,6.358,1.6689,1.6671,1,1,1,6.3137,62.812,0.8808,0.31,0.1946,2.42,-0.358,-0.358,False,-0.2308,0.4265,0.6573,-0.7845
2021091909,3541,42398,Maxx Williams,TE,True,ARI,2,True,17,14.7149,0.6997,0.1997,3.6645,5.8522,5.7888,0,1,1,9.0093,59.4955,-2.4514,5.97,0.3229,1.2,13.3355,13.3355,False,3.9841,3.8779,-0.1062,9.4576
2021091909,3589,46203,Chase Edmonds,RB,False,ARI,2,True,3,10.105,0.4805,0.0,2.13,3.1822,3.08,1,3,2,23.47,42.05,5.788,2.38,2.3321,2.57,0.87,0.87,False,1.5684,3.221,1.6526,-2.351
2021091909,3635,46116,Christian Kirk,WR,False,ARI,2,True,35,24.955,1.1867,0.6867,20.4066,2.6667,-0.9712,1,1,0,23.7287,20.8934,-0.2197,8.62,7.5239,2.74,14.5934,14.5934,False,9.5151,11.4957,1.9806,3.0977
2021091909,3822,52430,Justin Jefferson,WR,False,MIN,2,True,13,20.5813,0.9787,0.4787,13.3013,2.1658,1.5227,1,2,1,10.9284,71.8687,1.6722,5.34,-1.6475,1.2,-0.3013,-0.3013,False,2.3492,0.942,-1.4072,-1.2433
2021091909,3970,46203,Chase Edmonds,RB,False,ARI,2,True,7,6.23,0.2963,0.0,0.44,6.1282,-5.87,0,2,0,22.47,66.88,-5.2741,4.43,4.3939,0.95,6.56,6.56,False,8.9773,14.0386,5.0613,-7.4786
2021091909,4036,40488,Adam Thielen,WR,False,MIN,2,True,3,11.0229,0.5242,0.0242,-5.7515,11.7529,-2.1565,0,0,0,9.052,82.8115,-5.6727,5.29,2.8314,1.88,8.7515,8.7515,False,10.325,11.0,0.675,-2.2484
2021091909,4180,40488,Adam Thielen,WR,False,MIN,2,True,12,18.3855,0.8743,0.3743,9.373,2.876,0.1662,1,1,0,9.2335,39.487,-0.8711,4.33,-0.3126,4.03,2.627,2.627,False,6.9381,2.0934,-4.8447,0.5336
2021091910,54,41233,Mike Evans,WR,False,TB,2,True,20,29.3931,1.3977,0.8977,20.3287,6.5023,6.4797,0,2,1,17.6048,54.6213,-3.1531,1.44,0.3885,5.44,-0.3287,-0.3287,False,0.7952,0.4336,-0.3616,-0.7624
2021091910,101,41233,Mike Evans,WR,False,TB,2,True,25,21.7968,1.0365,0.5365,19.7601,5.5142,-1.3552,0,3,1,21.6778,27.7699,3.7164,7.47,7.1948,3.32,5.2399,5.2399,False,4.3117,7.0002,2.6885,-1.7603
2021091910,168,35481,Rob Gronkowski,TE,True,TB,2,True,20,19.1456,0.9104,0.4104,13.8903,6.0148,5.3297,0,3,1,11.2409,6.1897,2.2486,6.36,4.3375,3.73,6.1097,6.1097,False,2.7061,3.9123,1.2062,2.1974
2021091910,231,42469,Mike Davis,RB,False,ATL,2,True,0,13.7458,0.6537,0.1537,-3.3307,3.1534,1.4898,1,1,0,4.5678,76.6207,-0.4833,4.17,1.2317,2.18,3.3307,3.3307,False,6.3291,6.7319,0.4027,-3.4011
2021091910,325,44896,Chris Godwin,WR,False,TB,2,True,16,18.9306,0.9002,0.4002,13.77,4.4771,1.5611,2,4,1,18.1087,50.47,8.6107,5.2,4.0228,3.58,2.23,2.23,False,1.1384,1.4867,0.3483,0.7433
2021091910,404,35481,Rob Gronkowski,TE,True,TB,2,True,9,11.6808,0.5555,0.0555,4.1865,3.2535,2.2839,1,4,2,17.2381,20.8535,0.8711,6.99,1.1982,1.23,4.8135,4.8135,False,3.7329,2.9395,-0.7934,1.874
2021091910,473,44816,Leonard Fournette,RB,False,TB,2,True,5,6.6203,0.3148,0.0,-6.69,4.5437,4.43,1,3,1,14.31,20.03,2.177,5.04,0.5321,2.41,11.69,11.69,False,4.7733,6.336,1.5627,5.354
2021091910,537,46095,Calvin Ridley,WR,False,ATL,2,True,9,21.5741,1.0259,0.5259,9.3974,3.9782,3.9768,1,3,1,14.637,61.7426,0.9142,2.44,-2.0775,5.69,-0.3974,-0.3974,False,2.8352,1.1587,-1.6764,-1.5561
2021091910,582,46263,Russell Gage,WR,False,ATL,2,True,5,8.3499,0.3971,0.0,2.64,1.2182,0.21,1,4,1,18.74,61.48,1.0635,7.97,1.451,0.75,2.36,2.36,False,4.2591,4.2208,-0.0383,-1.8608
2021091910,628,37234,Lee Smith,TE,True,ATL,2,True,9,13.5247,0.6432,0.1432,5.6814,5.5993,5.5903,0,3,1,24.9962,52.3586,1.3289,3.56,-0.4092,2.97,3.3186,3.3186,False,4.3269,2.2305,-2.0964,1.0881
2021091910,824,53433,Kyle Pitts,TE,True,ATL,2,True,4,12.0115,0.5712,0.0712,4.7378,2.0611,1.5346,1,5,2,26.5368,57.9422,5.7282,7.82,-0.873,2.47,-0.7378,-0.7378,False,0.2668,-1.0013,-1.2681,0.2635
2021091910,976,44896,Chris Godwin,WR,False,TB,2,True,8,11.3378,0.5392,0.0392,4.8506,4.1253,1.7315,1,5,1,26.4194,34.2594,-0.8464,3.0,1.5487,2.37,3.1494,3.1494,False,4.852,5.7197,0.8677,-2.5704
2021091910,1125,46263,Russell Gage,WR,False,ATL,2,True,5,13.7076,0.6518,0.1518,5.0094,2.478,1.2236,1,3,0,19.1632,60.8606,3.1166,2.35,-0.0037,3.62,-0.0094,-0.0094,False,3.1924,2.0149,-1.1775,-2.0243
2021091910,1173,53433,Kyle Pitts,TE,True,ATL,2,True,24,25.8576,1.2296,0.7296,15.6037,13.4549,-13.4034,0,0,0,5.2416,22.7963,-1.8375,7.28,-0.2553,2.95,8.3963,8.3963,False,11.6773,3.2774,-8.3999,5.1189
2021091910,1206,39975,Cordarrelle Patterson,RB,False,ATL,2,True,4,12.089,0.5749,0.0749,4.1829,1.8354,1.6876,2,2,2,15.6379,9.9771,3.442,1.64,0.1717,3.38,-0.1829,-0.1829,False,0.8731,0.3949,-0.4781,-0.5778
2021091910,1312,35481,Rob Gronkowski,TE,True,TB,2,True,9,12.6159,0.5999,0.0999,4.8953,2.246,1.7383,1,2,1,13.8419,71.1947,1.7384,5.14,0.7535,2.46,4.1047,4.1047,False,2.2922,2.093,-0.1992,2.0117
2021091910,1384,52569,Tyler Johnson,WR,False,TB,2,True,5,10.4937,0.499,0.0,3.89,3.8365,3.15,1,4,1,21.53,53.28,0.6848,4.45,2.2075,3.26,1.11,1.11,False,3.7251,5.2506,1.5255,-4.1406
2021091910,1488,43429,Tajae Sharpe,WR,False,ATL,2,True,8,13.0641,0.6212,0.1212,4.7303,4.5123,4.0075,1,2,1,15.3522,84.6397,0.7717,1.94,0.9096,2.58,3.2697,3.2697,False,2.6075,2.8868,0.2793,0.3829
2021091910,1552,53433,Kyle Pitts,TE,True,ATL,2,True,24,11.2369,0.5344,0.0344,5.2775,1.9645,-1.1795,2,3,0,25.1659,81.3825,-2.0531,6.09,3.7107,1.62,18.7225,18.7225,False,8.1983,9.7089,1.5107,9.0136
2021091910,1597,46095,Calvin Ridley,WR,False,ATL,2,True,7,18.3377,0.872,0.372,2.923,10.2402,8.5838,0,0,0,13.7123,58.767,-2.8665,4.05,-1.4435,2.06,4.077,4.077,False,9.8478,6.5438,-3.304,-2.4668
2021091910,1621,46094,Hayden Hurst,TE,True,ATL,2,True,6,12.1642,0.5785,0.0785,5.6229,2.2005,0.799,1,2,0,2.0434,49.5071,-0.124,3.74,0.8012,1.58,0.3771,0.3771,False,0.9369,0.6472,-0.2897,-0.2701
2021091910,1671,42469,Mike Davis,RB,False,ATL,2,True,1,11.6594,0.5544,0.0544,-4.632,10.5599,0.3998,0,0,0,9.271,54.602,-3.5024,4.27,1.4324,1.84,5.632,5.632,False,10.865,9.852,-1.013,-4.22
2021091910,1754,44896,Chris Godwin,WR,False,TB,2,True,26,18.8073,0.8944,0.3944,17.4686,6.0886,-6.0667,0,3,1,25.9483,65.1114,-2.8304,7.21,6.3613,2.94,8.5314,8.5314,False,6.5556,7.3086,0.753,1.2228
2021091910,1799,35634,Antonio Brown,WR,False,TB,2,True,17,20.9363,0.9956,0.4956,16.0502,5.8303,-3.551,0,2,0,14.4482,37.1498,-2.6551,6.75,2.7648,3.75,0.9498,0.9498,False,9.6499,7.1881,-2.4618,-6.2383
2021091910,1840,44831,O.J. Howard,TE,True,TB,2,True,21,19.2681,0.9163,0.4163,18.2235,4.8652,4.5299,1,2,1,19.9419,18.5565,5.8287,6.53,6.1342,2.72,2.7765,2.7765,False,1.7554,1.8649,0.1095,0.9116
2021091910,1942,41233,Mike Evans,WR,False,TB,2,True,3,14.4022,0.6849,0.1849,4.1639,6.1316,1.6564,0,2,0,8.7722,0.0,-3.6219,5.66,0.7241,1.79,-1.1639,-1.1639,False,-0.585,0.4333,1.0182,-1.5971
2021091910,2009,53433,Kyle Pitts,TE,True,ATL,2,True,14,13.4462,0.6394,0.1394,9.2831,5.2054,4.7445,0,3,1,19.7224,55.8169,4.7703,5.81,4.6131,2.41,4.7169,4.7169,False,2.4228,4.0273,1.6045,0.6896
2021091910,2074,46394,Christian Blake,WR,False,ATL,2,True,8,21.2508,1.0106,0.5106,7.2908,4.8142,4.4723,1,1,1,3.4852,38.9492,2.1138,5.91,1.3726,2.19,0.7092,0.7092,False,-0.2844,0.3021,0.5865,0.4071
2021091910,2335,42033,Cameron Brate,TE,True,TB,2,True,8,14.8773,0.7075,0.2075,6.2495,3.7884,1.4154,1,3,1,12.4659,11.7005,1.7008,2.77,2.4078,3.32,1.7505,1.7505,False,3.9799,3.4899,-0.49,-1.7395
2021091910,2471,46095,Calvin Ridley,WR,False,ATL,2,True,3,18.0601,0.8588,0.3588,3.083,5.4181,3.6842,0,2,1,7.7977,72.017,0.4746,5.99,-2.444,0.76,-0.083,-0.083,False,3.873,2.6188,-1.2542,-2.7019
2021091910,2519,46095,Calvin Ridley,WR,False,ATL,2,True,14,21.7122,1.0325,0.5325,13.8832,5.6526,5.3798,0,3,1,6.0195,50.4668,0.548,6.19,0.9075,3.77,0.1168,0.1168,False,1.2802,0.7279,-0.5523,-0.6111
2021091910,2582,42469,Mike Davis,RB,False,ATL,2,True,4,13.4293,0.6386,0.1386,-0.1089,8.2795,7.3537,0,1,1,6.8182,50.4889,0.4982,5.83,0.7297,2.49,4.1089,4.1089,False,9.5436,6.6982,-2.8454,-2.5893
2021091910,2611,39975,Cordarrelle Patterson,RB,False,ATL,2,True,23,13.6229,0.6478,0.1478,2.0859,5.9371,5.0102,0,1,1,7.1578,44.3041,5.2625,6.98,5.114,1.62,20.9141,20.9141,False,4.9395,6.0271,1.0877,14.8869
2021091910,2683,48374,Olamide Zaccheaus,WR,False,ATL,2,True,12,22.3071,1.0608,0.5608,12.3241,3.4977,2.661,1,2,1,14.0278,8.8459,1.114,2.05,-1.6154,4.34,-0.3241,-0.3241,False,2.7615,1.1097,-1.6518,-1.4338
2021091910,2707,46263,Russell Gage,WR,False,ATL,2,True,8,14.0779,0.6695,0.1695,4.2273,3.4107,-0.5492,1,4,1,19.9126,4.8527,0.3952,3.31,-0.3701,2.71,3.7727,3.7727,False,5.3437,3.1928,-2.1509,0.5799
2021091910,2757,53433,Kyle Pitts,TE,True,ATL,2,True,7,15.022,0.7143,0.2143,4.778,4.1513,3.988,1,2,1,16.8896,5.722,2.6073,6.38,2.9765,1.96,2.222,2.222,False,2.895,2.2667,-0.6283,-0.0448
2021091910,2781,46095,Calvin Ridley,WR,False,ATL,2,True,3,19.915,0.947,0.447,4.7803,1.6975,-0.0761,1,2,0,18.3164,0.0,-3.2391,6.68,2.2825,2.17,-1.7803,-1.7803,False,-4.2704,-3.0448,1.2256,1.2645
2021091910,3049,46095,Calvin Ridley,WR,False,ATL,2,True,22,11.7516,0.5588,0.0588,3.8095,9.1704,5.0085,0,2,0,23.6759,39.2605,1.2824,7.89,0.1611,2.33,18.1905,18.1905,False,10.3797,9.901,-0.4787,8.2895
2021091910,3094,46095,Calvin Ridley,WR,False,ATL,2,True,5,13.1115,0.6235,0.1235,4.6188,1.3351,1.1871,1,2,2,14.4843,15.0012,-0.3427,4.57,2.5812,3.27,0.3812,0.3812,False,1.4753,4.6526,3.1774,-4.2714
2021091910,3129,39975,Cordarrelle Patterson,RB,False,ATL,2,True,7,4.2556,0.2024,0.0,-0.56,5.5992,-5.17,0,4,1,20.28,9.02,-6.3842,4.66,3.3645,1.32,7.56,7.56,False,8.6211,8.235,-0.3861,-0.675
2021091910,3195,46107,Ronald Jones,RB,False,TB,2,True,9,12.4644,0.5927,0.0927,3.5875,8.4364,8.1151,0,2,2,12.0922,64.5225,-0.9094,6.64,1.5906,1.59,5.4125,5.4125,False,9.7935,11.7679,1.9744,-6.3554
2021091910,3427,42469,Mike Davis,RB,False,ATL,2,True,8,5.6388,0.2681,0.0,0.63,3.4015,-3.32,3,6,1,22.75,95.53,-0.8943,2.56,2.5569,0.81,7.37,7.37,False,10.322,8.5511,-1.7709,-1.1811
2021091910,3451,39975,Cordarrelle Patterson,RB,False,ATL,2,True,1,10.988,0.5225,0.0225,-1.3982,6.5656,6.5572,0,3,1,11.4008,89.5382,6.3713,4.2,2.2985,2.6,2.3982,2.3982,False,6.8588,7.1335,0.2748,-4.7353
2021091910,3514,41233,Mike Evans,WR,False,TB,2,True,26,31.0564,1.4768,0.9768,22.3526,3.3191,0.3616,1,4,1,19.0623,20.8174,-1.6849,8.29,3.6471,3.18,3.6474,3.6474,False,3.5242,0.9529,-2.5713,2.6945
2021091910,3540,44816,Leonard Fournette,RB,False,TB,2,True,5,9.7009,0.4613,0.0,2.83,6.8973,6.82,0,4,2,18.55,14.08,-3.0127,6.8,2.2978,2.5,2.17,2.17,False,6.9759,7.8544,0.8785,-5.6844
2021091910,3564,44896,Chris Godwin,WR,False,TB,2,True,12,22.3213,1.0615,0.5615,15.5202,1.7593,0.1168,1,2,0,9.7443,0.0,-0.7025,7.65,4.6845,5.88,-3.5202,-3.5202,True,-3.6867,-4.0019,-0.3152,0.4817
2021091910,3644,42469,Mike Davis,RB,False,ATL,2,True,4,8.7173,0.4145,0.0,-3.68,3.6724,1.08,1,3,0,8.96,76.75,0.0441,4.56,1.9932,2.26,7.68,7.68,False,7.9816,7.2823,-0.6993,0.3977
2021091910,3730,48374,Olamide Zaccheaus,WR,False,ATL,2,True,10,13.102,0.623,0.123,4.4788,5.2605,-0.0505,0,5,1,20.3874,70.6012,-0.1723,2.02,1.0467,2.05,5.5212,5.5212,False,5.5465,5.4126,-0.134,0.1086
2021091910,3775,42469,Mike Davis,RB,False,ATL,2,True,2,9.6902,0.4608,0.0,-1.12,7.7656,6.57,0,2,1,12.26,65.61,-2.6725,6.17,0.2121,2.15,3.12,3.12,False,7.8297,7.3043,-0.5255,-4.1843
2021091910,3804,42469,Mike Davis,RB,False,ATL,2,True,6,9.6581,0.4593,0.0,1.69,4.1454,-3.82,1,3,2,22.26,60.4,2.2606,3.21,1.2676,3.59,4.31,4.31,False,6.6674,6.2696,-0.3978,-1.9596
2021091910,3893,39985,Giovani Bernard,RB,False,TB,2,True,6,11.7975,0.561,0.061,-4.3905,7.8974,7.4494,0,1,1,11.2063,45.0405,2.4342,5.82,1.4661,2.47,10.3905,10.3905,False,7.878,7.2093,-0.6687,3.1812
2021091911,82,52425,CeeDee Lamb,WR,False,DAL,2,True,6,13.9861,0.6651,0.1651,5.8347,2.2293,1.7909,1,2,1,14.6798,71.9153,3.3291,0.28,-0.2139,4.17,0.1653,0.1653,False,1.494,0.8348,-0.6592,-0.6695
2021091911,127,46206,Dalton Schultz,TE,True,DAL,2,True,7,5.5275,0.2629,0.0,-2.05,2.1422,2.11,1,4,2,13.37,63.35,3.1127,6.29,1.882,0.76,9.05,9.05,False,3.7476,4.1336,0.3859,4.9164
2021091911,256,47911,Tony Pollard,RB,False,DAL,2,True,6,10.5502,0.5017,0.0017,-6.0969,10.6546,-0.3442,0,0,0,16.4103,51.1969,-5.3853,5.96,1.7972,2.79,12.0969,12.0969,False,14.6708,10.6932,-3.9775,1.4037
2021091911,322,45532,Blake Jarwin,TE,True,DAL,2,True,20,17.0008,0.8084,0.3084,11.0419,6.8289,-5.0085,0,2,0,23.7645,24.9881,0.4513,1.17,1.1084,2.36,8.9581,8.9581,False,11.9838,7.8017,-4.1821,1.1564
2021091911,389,42347,Amari Cooper,WR,False,DAL,2,True,7,17.9792,0.855,0.355,7.4408,2.6342,2.2824,1,1,1,6.6443,4.2592,1.0317,7.01,2.5658,3.96,-0.4408,-0.4408,False,-0.2378,0.1218,0.3596,-0.5626
2021091911,492,40024,Keenan Allen,WR,False,LAC,2,True,22,42.9126,2.0406,1.5406,21.5939,9.9059,-9.2107,0,1,0,0.0,34.2961,4.4519,3.71,-2.2498,3.89,0.4061,0.4061,False,14.0906,4.6085,-9.482,-4.2024
2021091911,547,52425,CeeDee Lamb,WR,False,DAL,2,True,17,31.2852,1.4877,0.9877,21.8842,5.2471,2.8917,0,1,0,4.1258,58.7258,-1.9357,5.85,1.7153,4.91,-4.8842,-4.8842,True,4.0595,0.4862,-3.5733,-5.3704
2021091911,652,44819,Mike Williams,WR,False,LAC,2,True,7,10.8095,0.514,0.014,0.333,3.7071,1.8073,1,2,1,14.5986,34.787,-1.2963,8.81,1.6372,1.82,6.667,6.667,False,5.5506,8.0103,2.4598,-1.3433
2021091911,807,47911,Tony Pollard,RB,False,DAL,2,True,12,11.1645,0.5309,0.0309,-0.1262,7.3686,5.378,0,2,1,10.0123,53.7462,1.3935,6.11,2.0647,2.0,12.1262,12.1262,False,8.573,9.6193,1.0463,2.5069
2021091911,857,52425,CeeDee Lamb,WR,False,DAL,2,True,10,23.0696,1.097,0.597,7.6826,2.3317,0.9253,1,2,0,7.9596,20.2574,0.8638,2.36,0.4733,5.84,2.3174,2.3174,False,4.509,1.2699,-3.239,1.0475
2021091911,881,52425,CeeDee Lamb,WR,False,DAL,2,True,13,10.2757,0.4886,0.0,3.23,2.4425,1.81,1,4,1,19.05,14.73,1.4864,1.41,1.1105,6.49,9.77,9.77,False,4.4672,2.3795,-2.0877,7.3905
2021091911,1021,53506,Josh Palmer,WR,False,LAC,2,True,5,7.4848,0.3559,0.0,-0.45,6.1128,3.37,0,4,0,23.46,64.44,4.2307,3.48,0.5762,3.21,5.45,5.45,False,8.8055,6.6389,-2.1667,-1.1889
2021091911,1143,45573,Austin Ekeler,RB,False,LAC,2,True,-2,8.9615,0.4262,0.0,-5.7,8.7556,8.49,0,2,1,18.16,51.67,3.1356,5.36,0.9786,2.05,3.7,3.7,False,8.4325,7.506,-0.9265,-3.806
2021091911,1171,34540,Jared Cook,TE,True,LAC,2,True,12,15.847,0.7536,0.2536,3.1617,6.6802,4.6353,0,2,1,9.691,45.3883,0.3553,6.72,2.0967,0.7,8.8383,8.8383,False,7.6928,8.4407,0.7479,0.3977
2021091911,1238,48556,Jalen Guyton,WR,False,LAC,2,True,9,22.9558,1.0916,0.5916,6.0456,3.2647,0.4311,1,1,0,6.9479,41.1444,-0.3395,2.18,1.7334,6.17,2.9544,2.9544,False,4.2777,1.9511,-2.3267,1.0034
2021091911,1323,44819,Mike Williams,WR,False,LAC,2,True,27,25.6472,1.2196,0.7196,19.3154,8.0624,-6.815,0,2,0,21.5973,20.3946,5.138,0.9,0.7995,4.12,7.6846,7.6846,False,9.7228,4.7474,-4.9754,2.9373
2021091911,1433,42347,Amari Cooper,WR,False,DAL,2,True,5,16.4885,0.7841,0.2841,6.0927,2.5489,2.545,1,2,1,10.4132,71.8773,3.9104,7.31,1.5934,3.14,-1.0927,-1.0927,False,1.4642,1.5626,0.0984,-2.6553
2021091911,1499,46277,Cedrick Wilson,WR,False,DAL,2,True,16,20.2706,0.9639,0.4639,-3.8497,8.3582,8.1247,0,1,1,6.7728,66.5897,1.3402,3.96,0.0007,0.85,19.8497,19.8497,False,5.748,4.7636,-0.9844,15.0861
2021091911,1647,45532,Blake Jarwin,TE,True,DAL,2,True,10,23.7494,1.1294,0.6294,12.0413,0.9055,0.8807,1,1,1,13.0412,40.2287,-0.2902,1.85,-1.4915,6.07,-2.0413,-2.0413,False,2.0204,-0.3023,-2.3227,-1.739
2021091911,1714,44819,Mike Williams,WR,False,LAC,2,True,14,12.1403,0.5773,0.0773,6.8995,5.1459,0.0953,0,3,1,26.6159,52.2605,-0.7008,2.97,2.7094,3.78,7.1005,7.1005,False,3.7698,5.0958,1.326,2.0048
2021091911,1794,53627,Larry Rountree,RB,False,LAC,2,True,-1,9.76,0.4641,0.0,-1.45,6.3049,6.21,0,2,2,13.83,47.84,5.1672,5.88,0.9735,1.84,0.45,0.45,False,7.2335,4.2336,-2.9999,-3.7836
2021091911,1924,34540,Jared Cook,TE,True,LAC,2,True,6,17.0822,0.8123,0.3123,4.5585,5.3876,3.8841,0,1,1,9.3093,45.8615,0.7364,7.29,2.6528,1.51,1.4415,1.4415,False,2.6851,5.2075,2.5224,-3.7661
2021091911,1948,34540,Jared Cook,TE,True,LAC,2,True,10,11.7677,0.5596,0.0596,4.1669,1.7563,1.0942,1,3,0,18.3858,39.1331,0.2194,5.55,3.3036,1.22,5.8331,5.8331,False,3.358,7.475,4.1171,-1.6419
2021091911,1998,45573,Austin Ekeler,RB,False,LAC,2,True,7,11.4289,0.5435,0.0435,1.8387,1.6453,1.1983,1,2,1,16.31,27.0513,-0.896,8.74,-0.0305,0.84,5.1613,5.1613,False,4.7067,5.4584,0.7517,-0.2971
2021091911,2271,45573,Austin Ekeler,RB,False,LAC,2,True,8,12.2738,0.5837,0.0837,0.5904,4.7547,2.9872,1,2,0,8.4657,73.5296,1.3985,6.98,1.7971,1.25,7.4096,7.4096,False,7.9736,7.9557,-0.0178,-0.5461
2021091911,2343,44819,Mike Williams,WR,False,LAC,2,True,31,38.7154,1.8411,1.3411,33.7146,4.3018,4.1113,1,2,1,14.8458,29.3854,-0.555,8.27,2.3225,3.23,-2.7146,-2.7146,False,5.9045,3.1948,-2.7097,-5.9094
2021091911,2439,40024,Keenan Allen,WR,False,LAC,2,True,42,38.3907,1.8256,1.3256,36.6306,5.8716,-5.2649,0,1,0,2.9652,31.9094,-1.6947,8.92,8.8944,1.04,5.3694,5.3694,False,16.7597,22.7986,6.0389,-17.4291
2021091911,2468,46320,Justin Jackson,RB,False,LAC,2,True,8,10.3892,0.494,0.0,2.24,4.111,2.22,1,3,0,24.3,23.7,2.3173,1.55,1.2408,1.6,5.76,5.76,False,5.783,5.8267,0.0437,-0.0667
2021091911,2513,45573,Austin Ekeler,RB,False,LAC,2,True,-2,16.157,0.7683,0.2683,-2.3834,3.7722,3.542,1,1,1,4.5032,15.7634,5.4245,3.78,1.9627,3.44,0.3834,0.3834,False,5.3892,5.5349,0.1458,-5.1515
2021091911,2635,52425,CeeDee Lamb,WR,False,DAL,2,True,4,12.9766,0.6171,0.1171,4.0509,3.5795,3.4215,1,3,1,14.536,65.1791,5.1327,1.58,-0.1635,3.1,-0.0509,-0.0509,False,1.8563,0.9543,-0.9021,-1.0051
2021091911,2842,45573,Austin Ekeler,RB,False,LAC,2,True,5,8.4226,0.4005,0.0,0.24,4.4821,3.33,1,6,2,20.7,82.49,5.974,2.43,2.0033,2.15,4.76,4.76,False,4.6792,3.2627,-1.4165,1.4973
2021091911,2866,43845,Stephen Anderson,TE,True,LAC,2,True,7,13.4226,0.6383,0.1383,2.0347,3.5135,1.2414,1,2,0,8.0385,75.1553,-0.1704,7.46,1.046,1.71,4.9653,4.9653,False,6.5158,4.7935,-1.7223,0.1719
2021091911,2966,53506,Josh Palmer,WR,False,LAC,2,True,16,20.6328,0.9812,0.4812,9.4823,6.4989,-2.5493,0,2,0,5.5036,51.0677,-3.5142,6.59,0.6282,3.64,6.5177,6.5177,False,7.0255,2.8206,-4.2049,3.6972
2021091911,3024,48456,Donald Parham,TE,True,LAC,2,True,36,34.7929,1.6545,1.1545,28.4415,11.9645,1.9791,0,0,0,5.9665,8.5285,3.5262,8.14,7.788,1.62,7.5585,7.5585,False,4.2659,7.0118,2.746,0.5466
2021091911,3066,45573,Austin Ekeler,RB,False,LAC,2,True,20,20.332,0.9669,0.4669,12.7075,1.149,-1.1113,1,2,0,6.6526,33.3025,-0.5307,7.24,6.7204,3.18,7.2925,7.2925,False,8.8512,7.6286,-1.2226,-0.3361
2021091911,3101,48556,Jalen Guyton,WR,False,LAC,2,True,4,17.723,0.8428,0.3428,4.7804,3.8369,3.2033,2,2,2,13.1285,8.7196,0.9087,5.49,0.1178,1.76,-0.7804,-0.7804,False,1.0535,1.5804,0.527,-2.3608
2021091911,3323,46206,Dalton Schultz,TE,True,DAL,2,True,11,19.6455,0.9342,0.4342,12.4155,0.7922,0.0194,1,2,0,11.0689,10.1945,-0.1907,6.98,2.4307,5.1,-1.4155,-1.4155,False,6.1768,0.1857,-5.9911,-1.6012
2021091911,3506,43845,Stephen Anderson,TE,True,LAC,2,True,2,13.2215,0.6287,0.1287,0.989,3.9058,3.8493,1,2,1,7.774,62.291,2.5316,5.51,0.5358,2.54,1.011,1.011,False,2.4031,1.7435,-0.6596,-0.7324
2021091911,3530,44819,Mike Williams,WR,False,LAC,2,True,15,15.0651,0.7164,0.2164,9.7872,5.3344,-4.6538,0,4,1,25.8148,52.1228,-2.0623,2.7,2.5287,2.79,5.2128,5.2128,False,9.6111,6.1906,-3.4206,-0.9778
2021091911,3629,40024,Keenan Allen,WR,False,LAC,2,True,30,22.8995,1.089,0.589,16.1454,4.4592,0.3336,1,1,0,12.7719,15.9746,0.5644,8.5,2.5899,1.02,13.8546,13.8546,False,6.2971,10.4456,4.1485,3.4091
2021091911,3758,45573,Austin Ekeler,RB,False,LAC,2,True,14,12.7634,0.6069,0.1069,6.4217,3.0335,1.9462,1,1,0,25.4081,18.6883,2.1106,7.75,5.8134,1.7,7.5783,7.5783,False,1.9141,7.7305,5.8165,-0.1523
2021091911,3855,45532,Blake Jarwin,TE,True,DAL,2,True,7,13.1523,0.6254,0.1254,3.93,3.4064,3.2411,1,2,1,15.7194,84.43,5.0912,0.48,-0.08,1.62,3.07,3.07,False,2.6784,0.7611,-1.9173,2.3089
2021091911,3879,43293,Ezekiel Elliott,RB,False,DAL,2,True,7,11.0274,0.5244,0.0244,3.9055,6.0185,5.0006,0,3,2,10.8476,81.2045,1.3595,6.8,2.6853,0.57,3.0945,3.0945,False,6.485,7.9734,1.4884,-4.8789
2021091911,3988,43293,Ezekiel Elliott,RB,False,DAL,2,True,5,7.191,0.342,0.0,1.54,3.2432,3.11,2,5,1,24.69,61.43,6.6182,5.64,4.0999,1.97,3.46,3.46,False,1.7437,3.3771,1.6334,0.0829
2021091911,4012,42347,Amari Cooper,WR,False,DAL,2,True,12,16.7113,0.7947,0.2947,9.91,1.8003,1.4668,2,3,1,14.0263,49.53,4.2235,6.59,4.6492,1.22,2.09,2.09,False,-0.5374,3.5913,4.1287,-1.5013
2021091911,4057,46277,Cedrick Wilson,WR,False,DAL,2,True,4,13.6095,0.6472,0.1472,2.8119,4.0021,3.1679,1,1,1,6.9379,43.4081,0.9439,7.32,1.5756,1.83,1.1881,1.1881,False,2.4094,2.383,-0.0264,-1.1949
2021091912,204,43556,Chester Rogers,WR,False,TEN,2,True,10,16.6433,0.7914,0.2914,11.7396,1.4397,0.5143,2,3,0,25.1869,70.6404,2.1704,1.93,1.68,5.33,-1.7396,-1.7396,False,2.7434,-0.446,-3.1894,-1.2936
2021091912,255,42412,Tyler Lockett,WR,False,SEA,2,True,51,32.492,1.5451,1.0451,34.3742,3.3027,-1.5822,1,1,0,10.9093,35.7658,-1.478,9.11,7.1038,1.24,16.6258,16.6258,False,19.6865,17.9959,-1.6906,-1.3701
2021091912,391,53074,Nick Westbrook-Ikhine,WR,False,TEN,2,True,6,17.6648,0.84,0.34,5.1442,4.676,4.2206,1,2,1,4.356,80.1658,3.6756,6.03,1.1299,1.3,0.8558,0.8558,False,0.8376,-0.2622,-1.0997,1.118
2021091912,508,53065,Tommy Hudson,TE,True,TEN,2,True,14,7.5355,0.3583,0.0,-1.39,4.8661,3.87,1,4,1,17.78,66.59,2.4633,5.0,4.6666,1.77,15.39,15.39,False,5.4043,7.346,1.9417,8.044
2021091912,532,47834,A.J. Brown,WR,False,TEN,2,True,13,19.2189,0.9139,0.4139,12.9891,4.0634,2.8597,3,4,0,21.8605,38.1409,9.1474,6.42,2.3654,3.83,0.0109,0.0109,False,2.0014,0.512,-1.4894,-0.5011
2021091912,577,42589,Geoff Swaim,TE,True,TEN,2,True,5,15.7469,0.7488,0.2488,5.2015,4.3657,3.0895,1,2,2,13.628,33.3785,1.9202,6.42,0.8902,3.18,-0.2015,-0.2015,False,2.9032,2.2143,-0.6889,-2.4158
2021091912,601,37079,Julio Jones,WR,False,TEN,2,True,17,27.1936,1.2932,0.7932,18.4321,1.2858,0.9606,1,2,1,16.4387,15.1179,1.0007,5.14,3.1546,5.09,-1.4321,-1.4321,False,1.1166,2.25,1.1334,-3.6821
2021091912,796,52622,Freddie Swain,WR,False,SEA,2,True,9,18.6195,0.8854,0.3854,3.8945,4.0575,3.5144,1,2,1,9.4253,67.5355,1.2417,1.43,-0.5073,4.15,5.1055,5.1055,False,2.2075,3.49,1.2825,1.6156
2021091912,841,47847,DK Metcalf,WR,False,SEA,2,True,4,18.9451,0.9009,0.4009,4.8906,2.7781,2.6578,1,1,1,6.7578,55.5194,3.0181,2.45,-0.7717,6.09,-0.8906,-0.8906,False,0.3571,1.3701,1.013,-2.2607
2021091912,1091,37079,Julio Jones,WR,False,TEN,2,True,51,30.1083,1.4318,0.9318,31.641,2.7077,-0.2521,1,2,0,18.0544,44.629,-0.7317,8.9,8.8445,2.51,19.359,19.359,False,8.223,14.4878,6.2648,4.8713
2021091912,1115,37079,Julio Jones,WR,False,TEN,2,True,15,16.9975,0.8083,0.3083,14.1574,1.2168,-0.5265,1,4,1,11.2067,11.5126,0.0463,9.42,1.1268,1.21,0.8426,0.8426,False,3.246,2.8805,-0.3655,-2.0378
2021091912,1282,47847,DK Metcalf,WR,False,SEA,2,True,16,10.9135,0.519,0.019,8.9925,2.5689,-0.4873,2,4,1,26.4557,74.6475,-0.8085,5.83,1.7133,2.54,7.0075,7.0075,False,5.321,3.8601,-1.4608,3.1473
2021091912,1327,42412,Tyler Lockett,WR,False,SEA,2,True,63,26.5002,1.2602,0.7602,24.4964,5.0754,-1.44,0,1,0,18.707,39.1836,-1.1058,8.87,5.1256,1.76,38.5036,30.0,False,18.9157,14.9708,-3.9448,15.0292
2021091912,1597,37079,Julio Jones,WR,False,TEN,2,True,19,17.4446,0.8296,0.3296,9.2117,3.7745,2.625,1,3,0,15.5065,40.8583,-0.68,6.09,2.1596,3.12,9.7883,9.7883,False,5.2645,4.4718,-0.7927,5.3165
2021091912,1839,47987,Travis Homer,RB,False,SEA,2,True,11,9.0549,0.4306,0.0,0.16,9.3277,-6.96,0,1,0,19.97,75.76,-5.6857,7.08,2.4238,1.89,10.84,10.84,False,12.7576,14.6664,1.9088,-3.8264
2021091912,1897,52622,Freddie Swain,WR,False,SEA,2,True,12,19.3145,0.9185,0.4185,5.364,13.9313,12.3167,0,0,0,7.4888,52.206,-6.7238,5.67,0.5592,3.24,6.636,6.636,False,8.5719,7.1213,-1.4506,-0.4854
2021091912,1943,47847,DK Metcalf,WR,False,SEA,2,True,8,18.3542,0.8728,0.3728,7.2691,4.4451,4.2375,1,2,1,3.9742,37.0409,1.7592,6.02,1.3655,4.07,0.7309,0.7309,False,-0.0398,0.3948,0.4345,0.3362
2021091912,2243,42486,MyCole Pruitt,TE,True,TEN,2,True,6,10.8798,0.5174,0.0174,6.608,0.7462,0.2425,2,5,0,24.073,60.242,3.3162,3.05,2.1858,2.58,-0.608,-0.608,False,1.1198,1.6433,0.5235,-2.2512
2021091912,2288,47834,A.J. Brown,WR,False,TEN,2,True,15,25.0836,1.1928,0.6928,16.1816,1.6291,1.5254,1,2,1,18.3376,39.9284,1.4054,1.77,1.4456,5.64,-1.1816,-1.1816,False,1.2598,-0.2908,-1.5506,-0.8907
2021091912,2333,42486,MyCole Pruitt,TE,True,TEN,2,True,15,8.8725,0.4219,0.0,2.19,6.7476,-5.2,0,3,0,24.1,40.8,-5.4718,5.42,2.2554,1.57,12.81,12.81,False,12.5764,11.36,-1.2164,1.45
2021091912,2537,47847,DK Metcalf,WR,False,SEA,2,True,14,12.5103,0.5949,0.0949,6.5365,5.0999,3.5888,0,5,0,17.8596,73.3535,4.8345,1.96,0.8056,0.78,7.4635,7.4635,False,4.8513,3.7819,-1.0694,3.6816
2021091912,2561,42412,Tyler Lockett,WR,False,SEA,2,True,10,19.6538,0.9346,0.4346,10.2298,10.1853,9.0357,0,0,0,0.5712,55.6002,2.9426,4.53,-1.1969,2.59,-0.2298,-0.2298,False,2.5965,0.7477,-1.8487,-0.9775
2021091912,2618,42412,Tyler Lockett,WR,False,SEA,2,True,11,20.2107,0.9611,0.4611,12.0855,1.8681,1.6297,1,1,1,3.8506,45.7945,1.2818,5.99,1.6169,4.81,-1.0855,-1.0855,False,-1.3578,-1.6377,-0.2799,0.5522
2021091912,2740,42486,MyCole Pruitt,TE,True,TEN,2,True,22,17.2936,0.8224,0.3224,16.1201,6.2341,-4.4541,0,4,1,21.4993,74.7799,-3.2874,7.76,7.3212,1.92,5.8799,5.8799,False,5.6525,12.6248,6.9723,-6.745
2021091912,2764,43334,Derrick Henry,RB,False,TEN,2,True,12,9.3665,0.4454,0.0,1.97,8.4996,-6.7,0,3,0,25.28,65.79,-4.113,5.18,1.4348,1.83,10.03,10.03,False,8.9499,10.0957,1.1459,-0.0657
2021091912,2874,43556,Chester Rogers,WR,False,TEN,2,True,12,16.4049,0.7801,0.2801,11.434,2.1338,0.4314,2,3,1,23.4912,31.716,2.6874,3.63,3.5841,4.58,0.566,0.566,False,1.1446,2.6141,1.4695,-2.048
2021091912,2919,42589,Geoff Swaim,TE,True,TEN,2,True,5,12.0067,0.571,0.071,6.8978,1.8283,1.792,1,5,1,25.5605,25.8722,3.696,0.11,0.1098,3.46,-1.8978,-1.8978,False,0.8594,-0.0041,-0.8635,-1.8937
2021091912,3078,42412,Tyler Lockett,WR,False,SEA,2,True,7,14.3196,0.6809,0.1809,6.2768,3.2606,3.1072,1,2,2,20.6768,69.7332,2.6176,0.54,0.5351,2.59,0.7232,0.7232,False,3.0876,2.1191,-0.9685,-1.3959
2021091912,3102,52622,Freddie Swain,WR,False,SEA,2,True,68,29.7589,1.4151,0.9151,30.4913,13.7362,-13.5005,0,0,0,16.3184,38.0387,-5.4984,8.75,8.7323,1.39,37.5087,30.0,False,24.0245,26.3987,2.3742,3.6013
2021091912,3158,47834,A.J. Brown,WR,False,TEN,2,True,15,18.1684,0.864,0.364,13.1341,3.6151,3.6067,1,4,1,20.3935,62.1759,5.6622,6.29,4.4072,3.59,1.8659,1.8659,False,1.9337,1.4769,-0.4568,0.389
2021091912,3261,44856,Gerald Everett,TE,True,SEA,2,True,3,9.471,0.4504,0.0,2.13,2.3901,2.38,2,5,2,23.55,68.51,3.9069,6.96,1.3936,1.99,0.87,0.87,False,0.9794,1.2243,0.2449,-0.3543
2021091912,3516,37079,Julio Jones,WR,False,TEN,2,True,16,26.3675,1.2539,0.7539,16.6958,2.9208,1.7679,3,3,1,12.5143,29.4542,0.1499,0.19,0.0607,5.5,-0.6958,-0.6958,False,3.1081,0.7615,-2.3466,-1.4573
2021091912,3619,47847,DK Metcalf,WR,False,SEA,2,True,7,15.0602,0.7162,0.2162,4.5751,5.2595,3.4644,0,3,0,22.9531,63.2649,1.4451,4.85,0.7177,2.24,2.4249,2.4249,False,6.6626,5.6064,-1.0562,-3.1816
2021091912,3725,37079,Julio Jones,WR,False,TEN,2,True,10,13.6016,0.6468,0.1468,7.077,2.471,1.4257,2,3,0,13.3508,71.693,0.7962,4.63,1.7509,2.56,2.923,2.923,False,3.7409,4.7744,1.0335,-1.8514
2021091912,3773,43334,Derrick Henry,RB,False,TEN,2,True,4,10.4792,0.4983,0.0,3.74,1.2356,1.21,1,5,2,23.66,50.81,3.4626,0.26,0.2395,4.92,0.26,0.26,False,-0.2409,1.797,2.0379,-1.537
2021091912,3797,44975,Jeremy McNichols,RB,False,TEN,2,True,9,8.3358,0.3964,0.0,3.4,5.4048,4.11,0,3,1,21.98,46.94,3.3667,2.56,2.4298,2.08,5.6,5.6,False,4.322,4.4931,0.1711,1.1069
2021091912,3842,44975,Jeremy McNichols,RB,False,TEN,2,True,12,9.0003,0.428,0.0,1.74,6.2439,-5.25,0,5,1,22.89,36.7,-1.3049,3.05,2.4483,0.98,10.26,10.26,False,8.8244,8.0439,-0.7805,2.2161
2021091912,3929,43334,Derrick Henry,RB,False,TEN,2,True,4,10.0392,0.4774,0.0,3.34,2.7735,1.3,1,5,1,25.19,11.35,3.2621,4.58,1.5454,2.07,0.66,0.66,False,3.1077,2.9774,-0.1303,-2.3174
2021091912,3953,44975,Jeremy McNichols,RB,False,TEN,2,True,5,9.7843,0.4653,0.0,4.46,3.4694,1.69,1,3,1,24.1,6.73,2.481,4.42,1.3871,3.07,0.54,0.54,False,2.2824,2.3208,0.0385,-1.7808
2021091912,4126,47987,Travis Homer,RB,False,SEA,2,True,3,18.1146,0.8614,0.3614,2.4798,11.9136,11.8982,0,0,0,6.5595,70.2102,1.2055,6.02,1.0785,2.57,0.5202,0.5202,False,7.8694,6.6696,-1.1998,-6.1494
2021091912,4335,43334,Derrick Henry,RB,False,TEN,2,True,6,9.7301,0.4627,0.0,4.59,1.6478,-0.16,2,5,1,24.84,77.69,3.4473,2.96,2.3515,1.79,1.41,1.41,False,0.4328,1.3628,0.93,0.0472
2021091913,397,43454,Tyreek Hill,WR,False,KC,2,True,7,16.253,0.7729,0.2729,7.1272,3.7516,0.3572,1,2,1,3.1714,70.2828,-2.0188,6.31,0.3929,2.64,-0.1272,-0.1272,False,2.1414,-0.5745,-2.7159,0.4473
2021091913,421,47839,Mecole Hardman,WR,False,KC,2,True,19,10.1881,0.4845,0.0,7.0,1.886,0.15,2,3,0,23.1,63.36,0.5217,5.92,3.3761,1.46,12.0,12.0,False,5.2794,5.7667,0.4872,6.2333
2021091913,523,43415,Demarcus Robinson,WR,False,KC,2,True,33,31.803,1.5123,1.0123,35.4597,5.6597,-2.999,0,1,0,13.2976,0.0,-1.8589,8.7,8.6825,1.98,-2.4597,-2.4597,False,-3.2104,0.691,3.9014,-3.1507
2021091913,579,47808,Marquise Brown,WR,False,BAL,2,True,17,25.4735,1.2114,0.7114,7.136,1.074,0.7932,1,1,1,5.1535,67.734,2.3864,1.99,-1.1865,5.09,9.864,9.864,False,-0.9185,-0.0977,0.8208,9.9617
2021091913,806,47839,Mecole Hardman,WR,False,KC,2,True,17,27.5595,1.3106,0.8106,17.3316,6.1258,5.9199,0,2,1,0.0,69.1184,0.1476,2.6,-0.7506,3.62,-0.3316,-0.3316,False,0.6415,-0.0187,-0.6601,-0.3129
2021091913,952,48683,Joe Fortson,TE,True,KC,2,True,11,18.9063,0.8991,0.3991,7.3209,3.1496,2.6035,1,1,1,7.2627,90.7091,2.9011,1.8,1.7563,4.95,3.6791,3.6791,False,0.6838,0.9996,0.3158,2.6795
2021091913,1022,46155,Mark Andrews,TE,True,BAL,2,True,7,11.181,0.5317,0.0317,3.1876,3.6399,3.5961,1,6,1,22.2027,64.1824,3.3701,3.29,1.1871,2.3,3.8124,3.8124,False,2.8736,2.2736,-0.5999,1.5388
2021091913,1107,40011,Travis Kelce,TE,True,KC,2,True,14,13.2309,0.6292,0.1292,5.3436,3.5708,-0.5539,1,1,0,17.987,82.6964,-1.9268,4.23,1.6535,2.33,8.6564,8.6564,False,9.7973,8.1094,-1.6879,0.547
2021091913,1152,43415,Demarcus Robinson,WR,False,KC,2,True,10,14.8973,0.7084,0.2084,6.0549,6.4275,1.2121,0,4,1,20.0396,65.2051,2.8629,2.8,1.9906,3.84,3.9451,3.9451,False,4.5851,4.3255,-0.2596,-0.3804
2021091913,1328,47808,Marquise Brown,WR,False,BAL,2,True,20,22.4476,1.0675,0.5675,16.788,2.9722,0.7541,1,2,0,16.7927,31.542,0.9471,0.82,0.6308,4.14,3.212,3.212,False,3.5518,0.9461,-2.6057,2.2659
2021091913,1352,46155,Mark Andrews,TE,True,BAL,2,True,8,24.9229,1.1852,0.6852,10.2626,6.9019,-5.1319,0,3,1,7.6409,17.8774,-2.7255,7.32,-1.4994,2.18,-2.2626,-2.2626,False,6.9098,3.8345,-3.0753,-6.0971
2021091913,1453,53180,Ty'Son Williams,RB,False,BAL,2,True,9,12.3689,0.5882,0.0882,-1.367,7.543,7.1142,0,1,1,14.0344,22.507,4.6537,8.3,4.1161,1.94,10.367,10.367,False,6.1717,10.2582,4.0865,0.1088
2021091913,1477,53180,Ty'Son Williams,RB,False,BAL,2,True,7,10.7154,0.5096,0.0096,1.9859,6.5668,6.5355,0,1,1,14.5041,10.0941,0.2567,6.91,-0.4255,1.38,5.0141,5.0141,False,5.8166,4.3525,-1.4641,0.6615
2021091913,1606,40011,Travis Kelce,TE,True,KC,2,True,14,15.3701,0.7309,0.2309,5.5581,2.8253,0.5134,1,1,0,9.0957,48.4219,-1.2257,6.12,1.5943,1.76,8.4419,8.4419,False,5.0663,5.5401,0.4739,2.9018
2021091913,1719,41325,Jerick McKinnon,RB,False,KC,2,True,14,22.1238,1.0521,0.5521,2.3421,6.0833,5.4103,0,1,1,7.1103,13.7179,1.7986,1.01,0.3661,3.45,11.6579,11.6579,False,5.7549,5.3939,-0.3611,6.2641
2021091913,1802,41230,Sammy Watkins,WR,False,BAL,2,True,11,18.1377,0.8625,0.3625,7.6714,1.8104,0.9181,1,2,1,17.7775,67.8086,0.4872,6.62,3.314,0.72,3.3286,3.3286,False,3.1432,5.6151,2.4719,-2.2865
2021091913,1866,53180,Ty'Son Williams,RB,False,BAL,2,True,4,10.8734,0.5171,0.0171,1.8507,4.6557,4.3491,1,3,1,21.1191,67.3593,0.9026,1.81,0.0439,2.31,2.1493,2.1493,False,5.0234,3.7119,-1.3115,-1.5627
2021091913,1939,46155,Mark Andrews,TE,True,BAL,2,True,12,20.6682,0.9828,0.4828,11.2313,3.6527,3.6362,1,2,2,12.9473,49.1687,0.0901,2.09,-2.0063,3.2,0.7687,0.7687,False,0.8185,0.5452,-0.2733,0.2235
2021091913,2012,41230,Sammy Watkins,WR,False,BAL,2,True,8,20.4809,0.9739,0.4739,6.4489,6.3773,5.9661,0,1,1,6.7751,27.3311,1.5657,5.42,1.96,3.97,1.5511,1.5511,False,4.7179,5.3175,0.5997,-3.7665
2021091913,2186,40011,Travis Kelce,TE,True,KC,2,True,5,10.8039,0.5138,0.0138,2.8492,5.2941,2.4863,0,4,0,13.9162,59.1708,2.7811,4.84,2.849,3.66,2.1508,2.1508,False,5.5079,6.7878,1.2799,-4.637
2021091913,2210,42511,Michael Burton,FB,False,KC,2,True,11,8.5976,0.4088,0.0,-1.61,7.2985,-6.53,0,2,0,18.23,59.12,-5.3232,6.68,0.2285,0.75,12.61,12.61,False,10.3872,7.4933,-2.8939,5.1167
2021091913,2255,46522,Byron Pringle,WR,False,KC,2,True,40,11.2628,0.5356,0.0356,5.8222,6.8638,3.0898,0,2,0,24.8419,34.5078,-0.965,4.37,3.7144,1.36,34.1778,30.0,False,9.6272,10.4291,0.8019,19.5709
2021091913,2388,46155,Mark Andrews,TE,True,BAL,2,True,20,13.5124,0.6426,0.1426,3.8236,8.5733,5.2476,0,2,1,17.2564,58.2764,0.0927,6.98,0.3763,0.84,16.1764,16.1764,False,8.1944,8.9133,0.7189,7.2631
2021091913,2412,47808,Marquise Brown,WR,False,BAL,2,True,42,21.0227,0.9997,0.4997,18.9064,10.3108,-6.5638,0,0,0,25.7117,23.4636,0.8766,6.08,4.8956,3.43,23.0936,23.0936,False,10.3308,9.4334,-0.8974,13.6602
2021091913,2537,47839,Mecole Hardman,WR,False,KC,2,True,5,19.0725,0.907,0.407,9.2919,2.4198,2.4197,1,3,1,15.0574,50.9081,2.1796,0.86,0.7909,6.5,-4.2919,-4.2919,True,1.3605,-0.2866,-1.6471,-4.0053
2021091913,2615,40011,Travis Kelce,TE,True,KC,2,True,46,16.5156,0.7854,0.2854,2.7414,2.4437,1.3453,2,3,1,13.3205,43.2086,3.1923,3.37,-2.0627,2.07,43.2586,30.0,False,0.809,0.2982,-0.5108,29.7018
2021091913,2698,46155,Mark Andrews,TE,True,BAL,2,True,-2,8.5984,0.4089,0.0,-0.71,3.2845,2.84,2,4,2,19.02,73.73,-2.9972,7.42,-0.6261,0.93,-1.29,-1.29,False,5.7974,4.4851,-1.3123,-5.7751
2021091913,2876,43454,Tyreek Hill,WR,False,KC,2,True,3,16.8441,0.801,0.301,-3.5545,13.7089,13.654,0,0,0,7.2653,57.4545,2.2051,0.65,-0.2144,0.7,6.5545,6.5545,False,10.7444,9.7185,-1.0258,-3.164
2021091913,3004,41230,Sammy Watkins,WR,False,BAL,2,True,19,15.6149,0.7425,0.2425,12.4997,4.5443,-3.9979,1,3,1,22.9616,24.3903,4.291,7.4,1.4829,2.92,6.5003,6.5003,False,4.082,3.4679,-0.6141,3.0324
2021091913,3068,47852,Josh Oliver,TE,True,BAL,2,True,9,13.3181,0.6333,0.1333,5.2914,2.4411,1.7727,1,3,2,15.9982,5.8586,-0.2665,7.37,-0.2893,1.13,3.7086,3.7086,False,2.8352,1.4545,-1.3806,2.2541
2021091913,3211,47839,Mecole Hardman,WR,False,KC,2,True,8,12.5074,0.5948,0.0948,4.1872,3.1367,2.7286,1,3,1,21.8913,68.9828,0.1807,1.71,-0.3462,2.7,3.8128,3.8128,False,5.0559,3.9799,-1.0759,-0.1671
2021091913,3256,43415,Demarcus Robinson,WR,False,KC,2,True,3,21.1019,1.0035,0.5035,4.1639,6.276,6.2709,0,1,1,9.0812,63.4261,0.7942,0.89,0.6632,5.08,-1.1639,-1.1639,False,4.7206,6.127,1.4063,-7.2908
2021091913,3458,46155,Mark Andrews,TE,True,BAL,2,True,10,18.2023,0.8656,0.3656,8.6108,2.5927,1.9105,1,1,1,13.5334,30.3892,-0.1288,9.09,-0.5723,1.63,1.3892,1.3892,False,1.5392,2.1613,0.6221,-0.772
2021091913,3705,46522,Byron Pringle,WR,False,KC,2,True,23,18.2752,0.8691,0.3691,15.0827,6.8073,6.2855,0,2,1,26.4138,59.9073,3.4898,7.16,5.4266,4.34,7.9173,7.9173,False,5.269,6.0241,0.7551,1.8932
2021091913,3729,40011,Travis Kelce,TE,True,KC,2,True,13,12.8933,0.6131,0.1131,4.2186,6.3433,5.6532,0,5,2,20.379,48.1914,-1.5583,4.24,1.6669,3.75,8.7814,8.7814,False,6.0273,6.4407,0.4135,2.3407
2021091913,3907,41230,Sammy Watkins,WR,False,BAL,2,True,6,18.6014,0.8846,0.3846,4.7092,0.6225,0.6124,1,2,1,18.9141,58.3208,1.3166,4.82,0.856,1.28,1.2908,1.2908,False,1.9787,1.8423,-0.1364,-0.5515
2021092000,76,43584,Kalif Raymond,WR,False,DET,2,True,8,22.7812,1.0833,0.5833,6.3179,2.881,0.4551,1,2,1,6.5502,68.8721,2.529,1.95,0.7506,4.07,1.6821,1.6821,False,1.9952,1.5998,-0.3954,0.0823
2021092000,105,52574,Quintez Cephus,WR,False,DET,2,True,46,25.1761,1.1972,0.6972,17.2746,1.418,-1.0908,1,1,0,8.9382,49.2254,-0.2274,7.53,7.2067,1.33,28.7254,28.7254,False,11.9591,12.1525,0.1934,16.5729
2021092000,134,47791,T.J. Hockenson,TE,True,DET,2,True,9,8.0295,0.3818,0.0,1.42,8.0948,-5.24,0,2,0,14.29,18.71,-3.0912,7.0,1.7124,1.58,7.58,7.58,False,11.5549,10.3251,-1.2298,-2.7451
2021092000,201,52574,Quintez Cephus,WR,False,DET,2,True,5,31.2047,1.4839,0.9839,10.2626,3.4471,0.2698,1,1,0,0.0,0.0,4.0576,3.35,-0.8104,3.44,-5.2626,-5.0,True,-2.4078,-2.5033,-0.0955,-2.4967
2021092000,325,41282,Davante Adams,WR,False,GB,2,True,18,12.5163,0.5952,0.0952,4.5554,6.3322,-0.783,0,4,0,16.2611,54.8346,-7.9628,1.79,1.7371,1.61,13.4446,13.4446,False,11.8603,10.8416,-1.0188,2.6031
2021092000,579,53541,Amon-Ra St. Brown,WR,False,DET,2,True,6,12.228,0.5815,0.0815,5.4797,3.7787,2.1068,1,5,1,18.0339,69.9403,5.297,1.16,0.8552,2.38,0.5203,0.5203,False,1.8763,1.4144,-0.4619,-0.8941
2021092000,624,47791,T.J. Hockenson,TE,True,DET,2,True,4,21.5564,1.0251,0.5251,7.1852,1.1608,1.0895,1,1,1,2.047,54.9548,1.6401,6.11,-1.3994,2.01,-3.1852,-3.1852,True,-0.3608,-0.4743,-0.1135,-2.7109
2021092000,750,52574,Quintez Cephus,WR,False,DET,2,True,5,12.1364,0.5771,0.0771,3.4591,5.713,5.4662,0,2,1,18.3846,62.3809,0.4813,4.93,-0.7891,1.18,1.5409,1.5409,False,5.3643,3.6452,-1.7191,-2.1044
2021092000,946,41282,Davante Adams,WR,False,GB,2,True,5,16.1625,0.7686,0.2686,4.6689,3.2121,2.7345,2,2,1,13.2663,77.5311,1.6011,4.8,0.4425,4.46,0.3311,0.3311,False,2.3503,2.2371,-0.1132,-1.906
2021092000,1028,46424,Jason Cabinda,FB,False,DET,2,True,4,12.2125,0.5807,0.0807,0.7402,3.0906,2.8309,1,1,1,10.4874,55.1198,0.812,6.18,1.9845,1.92,3.2598,3.2598,False,3.9796,4.9905,1.0109,-1.7308
2021092000,1147,43584,Kalif Raymond,WR,False,DET,2,True,10,17.6499,0.8393,0.3393,3.6246,9.9812,-3.3729,0,1,0,3.8383,15.4054,-1.1941,5.8,1.2514,2.7,6.3754,6.3754,False,6.4381,3.0025,-3.4356,3.3728
2021092000,1197,47791,T.J. Hockenson,TE,True,DET,2,True,8,19.9029,0.9465,0.4465,9.4593,1.3023,-0.7031,2,2,0,4.7948,0.0,-0.2637,7.87,6.1804,2.39,-1.4593,-1.4593,False,-4.4319,0.0175,4.4494,-1.4768
2021092000,1357,44995,Aaron Jones,RB,False,GB,2,True,9,11.0064,0.5234,0.0234,0.5328,3.77,3.5923,1,3,1,18.6619,31.4872,1.4848,6.9,1.4039,2.0,8.4672,8.4672,False,3.7816,4.5734,0.7918,3.8937
2021092000,1491,44995,Aaron Jones,RB,False,GB,2,True,1,10.6713,0.5075,0.0075,-0.9136,1.8593,1.8048,2,3,2,12.3973,1.4236,1.7576,8.69,2.1993,0.91,1.9136,1.9136,False,-1.0744,0.046,1.1203,1.8676
2021092000,1596,47791,T.J. Hockenson,TE,True,DET,2,True,20,23.1071,1.0988,0.5988,12.9454,3.5034,2.5539,1,2,1,24.5241,32.2446,-0.2886,5.17,-0.0244,1.37,7.0546,7.0546,False,3.7055,2.906,-0.7995,4.1486
2021092000,1637,44947,Jamaal Williams,RB,False,DET,2,True,1,14.1387,0.6723,0.1723,-4.2315,5.62,5.4129,0,1,1,4.8722,30.1015,6.875,5.44,2.6606,4.68,5.2315,5.2315,False,5.2868,5.1933,-0.0935,0.0381
2021092000,1873,44995,Aaron Jones,RB,False,GB,2,True,10,12.7106,0.6044,0.1044,1.6712,5.9892,3.8162,0,3,1,8.9518,82.9488,-3.7211,6.59,1.9267,1.14,8.3288,8.3288,False,5.6632,9.0966,3.4334,-0.7679
2021092000,1942,41282,Davante Adams,WR,False,GB,2,True,50,32.8163,1.5605,1.0605,31.0969,1.5451,-1.3236,1,1,0,4.1531,45.5331,-0.7281,8.94,8.389,3.04,18.9031,18.9031,False,16.1288,17.2452,1.1165,1.6579
2021092000,2041,45635,Robert Tonyan,TE,True,GB,2,True,22,20.7473,0.9866,0.4866,17.8081,1.189,-1.0553,2,3,0,20.958,5.0419,-0.2257,7.58,7.2914,3.5,4.1919,4.1919,False,4.8906,4.0877,-0.8029,0.1042
2021092000,2119,44947,Jamaal Williams,RB,False,DET,2,True,6,12.7692,0.6072,0.1072,2.3855,2.098,1.8983,1,1,1,13.9834,55.5545,0.7558,7.81,0.3311,2.45,3.6145,3.6145,False,2.8096,2.0395,-0.7701,1.575
2021092000,2164,47791,T.J. Hockenson,TE,True,DET,2,True,15,13.8208,0.6572,0.1572,7.0245,1.6093,-0.1924,1,2,0,18.7011,42.6555,0.0268,6.46,4.4172,1.74,7.9755,7.9755,False,4.3701,7.3363,2.9662,0.6392
2021092000,2248,53541,Amon-Ra St. Brown,WR,False,DET,2,True,7,15.2775,0.7265,0.2265,7.1774,1.3845,0.2556,1,2,1,20.1548,24.7026,2.5365,2.86,0.2532,5.46,-0.1774,-0.1774,False,2.0128,-0.4028,-2.4156,0.2255
2021092000,2337,37139,Randall Cobb,WR,False,GB,2,True,14,19.6478,0.9343,0.4343,13.6403,3.7036,2.2373,2,4,1,24.4997,66.1497,3.1815,1.89,1.0599,3.49,0.3597,0.3597,False,2.8917,1.3126,-1.579,-0.953
2021092000,2483,37139,Randall Cobb,WR,False,GB,2,True,9,20.8394,0.991,0.491,9.7442,3.4192,3.2363,1,1,1,8.1371,38.2358,-1.1766,6.4,1.5158,4.16,-0.7442,-0.7442,False,3.6639,4.1414,0.4775,-4.8856
2021092000,2531,41282,Davante Adams,WR,False,GB,2,True,22,21.7,1.0319,0.5319,14.4633,6.1724,-3.367,0,2,0,19.5445,18.9267,5.2091,5.69,2.9578,3.67,7.5367,7.5367,False,7.9569,6.3121,-1.6449,1.2247
2021092000,2645,44995,Aaron Jones,RB,False,GB,2,True,11,9.1253,0.4339,0.0,-0.3,5.5184,4.51,0,5,3,20.2,11.33,1.1166,7.97,2.6578,1.41,11.3,11.3,False,4.667,5.5603,0.8933,5.7397
2021092000,2959,47791,T.J. Hockenson,TE,True,DET,2,True,5,15.9444,0.7582,0.2582,5.0238,3.968,1.5675,1,2,0,17.165,70.3462,7.2656,3.79,0.3244,2.18,-0.0238,-0.0238,False,2.7734,1.5322,-1.2413,-1.5559
2021092000,2983,47791,T.J. Hockenson,TE,True,DET,2,True,3,15.8537,0.7539,0.2539,2.6099,3.2321,3.2295,1,1,1,4.5452,67.7301,4.71,6.6,1.6146,1.88,0.3901,0.3901,False,1.3507,0.7496,-0.6011,-0.3596
2021092000,3030,44947,Jamaal Williams,RB,False,DET,2,True,5,12.684,0.6032,0.1032,2.7564,3.7172,2.4308,1,2,1,13.7897,69.5636,2.8531,5.54,1.8064,3.7,2.2436,2.2436,False,2.7057,3.962,1.2563,-1.7183
2021092000,3054,52574,Quintez Cephus,WR,False,DET,2,True,7,9.2598,0.4403,0.0,-0.03,6.57,2.87,0,4,1,21.07,66.91,-4.9218,8.48,-0.4202,0.46,7.03,7.03,False,9.8967,9.1437,-0.7531,-2.1137
2021092000,3157,41282,Davante Adams,WR,False,GB,2,True,15,17.6736,0.8404,0.3404,13.0729,3.461,-2.9245,1,1,0,9.306,72.1171,2.9417,2.64,2.3583,5.23,1.9271,1.9271,False,6.9603,3.82,-3.1403,-1.8928
2021092000,3203,52470,A.J. Dillon,RB,False,GB,2,True,8,19.1596,0.9111,0.4111,7.7651,2.3071,2.0068,1,2,1,2.5083,54.3049,-1.0017,3.78,0.2071,3.67,0.2349,0.2349,False,-0.3985,-0.1789,0.2195,0.4138
2021092000,3546,52443,D'Andre Swift,RB,False,DET,2,True,7,14.1549,0.6731,0.1731,-2.635,10.8624,10.8447,0,0,0,7.0119,94.475,0.9088,3.21,1.2995,2.03,9.635,9.635,False,8.0443,10.0014,1.9571,-0.3664
2021092000,3575,53541,Amon-Ra St. Brown,WR,False,DET,2,True,5,14.3876,0.6842,0.1842,5.223,1.4913,1.0437,1,1,0,21.4118,79.537,3.9816,2.02,1.1022,1.89,-0.223,-0.223,False,1.1703,1.3124,0.1421,-1.5354
2021092000,3599,48053,Trinity Benson,WR,False,DET,2,True,24,9.7201,0.4622,0.0,3.12,3.3894,1.85,1,2,0,19.8,76.65,0.6494,7.66,0.2099,1.67,20.88,20.88,False,4.6719,5.1714,0.4994,15.7086
2021092000,3623,52443,D'Andre Swift,RB,False,DET,2,True,16,8.3342,0.3963,0.0,-6.01,4.7499,1.46,1,2,0,13.33,61.2,0.9202,5.0,3.0049,3.29,22.01,22.01,False,8.4032,9.5585,1.1553,12.4515
2021092000,3669,52443,D'Andre Swift,RB,False,DET,2,True,7,7.2401,0.3443,0.0,-5.53,4.9245,-1.47,1,3,0,13.71,44.34,-0.7375,4.42,3.4939,3.8,12.53,12.53,False,12.2541,11.2524,-1.0018,1.2776
2021092300,54,46093,D.J. Moore,WR,False,CAR,3,True,7,19.2376,0.9148,0.4148,7.6864,1.7365,1.5726,1,1,1,6.2436,67.5336,1.4002,1.91,0.2324,5.76,-0.6864,-0.6864,False,-0.1709,-0.9914,-0.8205,0.305
2021092300,341,46093,D.J. Moore,WR,False,CAR,3,True,29,24.6373,1.1716,0.6716,22.1186,2.3664,-2.2407,2,2,0,13.9428,54.1914,4.9469,4.73,1.1146,1.43,6.8814,6.8814,False,6.2472,1.1193,-5.1279,5.7622
2021092300,365,53488,Terrace Marshall,WR,False,CAR,3,True,12,17.4913,0.8318,0.3318,11.2666,4.7043,4.5853,1,4,1,15.1705,35.0134,5.273,8.05,1.0145,1.33,0.7334,0.7334,False,2.309,2.3524,0.0434,-1.619
2021092300,415,46093,D.J. Moore,WR,False,CAR,3,True,26,19.3587,0.9206,0.4206,13.9026,5.3499,-5.2095,0,2,0,25.8738,17.8874,2.2797,4.35,1.2187,2.32,12.0974,12.0974,False,6.4119,5.7175,-0.6944,6.38
2021092300,596,46120,Anthony Miller,WR,False,HOU,3,True,4,12.3413,0.5869,0.0869,3.468,3.0927,1.6431,2,4,1,20.9362,59.232,3.9943,1.27,0.6681,2.72,0.532,0.532,False,1.8868,1.2893,-0.5975,-0.7573
2021092300,692,46093,D.J. Moore,WR,False,CAR,3,True,13,26.7079,1.2701,0.7701,15.0775,1.8518,0.9019,1,1,0,1.4265,70.5325,0.2316,4.62,0.4123,5.73,-2.0775,-2.0775,False,-2.105,-2.7655,-0.6605,0.688
2021092300,737,43808,Robby Anderson,WR,False,CAR,3,True,4,10.623,0.5052,0.0052,4.5781,0.7884,0.2024,1,5,1,26.3922,71.3819,1.8811,5.62,1.5755,1.26,-0.5781,-0.5781,False,0.4835,0.6129,0.1295,-1.1911
2021092300,838,44820,Christian McCaffrey,RB,False,CAR,3,True,8,22.8419,1.0862,0.5862,0.6012,4.7421,4.447,1,2,2,4.2279,55.4788,4.1368,1.98,0.872,4.54,7.3988,7.3988,False,2.0742,3.634,1.5597,3.7649
2021092300,926,46093,D.J. Moore,WR,False,CAR,3,True,24,25.1784,1.1973,0.6973,18.0802,8.1392,4.3755,0,2,0,18.0696,19.9598,-1.6352,0.74,0.3875,2.23,5.9198,5.9198,False,8.8382,8.3592,-0.4791,-2.4394
2021092300,1023,45785,Dan Arnold,TE,True,CAR,3,True,12,14.8582,0.7066,0.2066,9.1685,3.5823,3.5822,2,3,1,26.5631,7.8915,-1.3169,2.65,2.2682,3.75,2.8315,2.8315,False,3.0533,4.5958,1.5424,-1.7643
2021092300,1530,40138,Rex Burkhead,RB,False,HOU,3,True,5,16.4293,0.7813,0.2813,0.5344,7.3455,6.6869,0,1,1,12.6873,74.9956,0.778,6.45,0.2645,0.42,4.4656,4.4656,False,5.2257,6.7484,1.5227,-2.2828
2021092300,1595,46140,Royce Freeman,RB,False,CAR,3,True,8,12.6402,0.6011,0.1011,4.4854,6.0551,5.164,0,4,1,16.7536,69.6246,3.4036,1.94,1.9332,3.28,3.5146,3.5146,False,3.1398,3.4855,0.3458,0.0291
2021092300,1697,41246,Brandin Cooks,WR,False,HOU,3,True,8,22.2188,1.0566,0.5566,8.8696,1.3018,1.2797,1,2,1,4.1982,56.0404,-0.0796,2.72,2.6225,5.35,-0.8696,-0.8696,False,-1.0234,-0.1212,0.9022,-0.7485
2021092300,1721,41246,Brandin Cooks,WR,False,HOU,3,True,30,25.6392,1.2192,0.7192,23.5543,7.6528,5.2704,0,2,0,8.8033,33.2657,1.4135,7.81,6.8048,4.83,6.4457,6.4457,False,7.2965,10.9296,3.6331,-4.4839
2021092300,1766,46167,Jordan Akins,TE,True,HOU,3,True,10,18.2525,0.868,0.368,9.5086,4.3798,-0.5921,1,3,2,13.0713,13.8814,2.2205,1.68,1.0288,3.59,0.4914,0.4914,False,4.0043,2.4628,-1.5415,-1.9713
2021092300,1812,41246,Brandin Cooks,WR,False,HOU,3,True,11,17.8711,0.8498,0.3498,5.3696,4.9479,4.9206,1,4,3,17.1766,7.6004,0.0727,5.59,2.5143,1.09,5.6304,5.6304,False,2.6222,4.582,1.9598,1.0484
2021092300,1853,46120,Anthony Miller,WR,False,HOU,3,True,1,14.8133,0.7044,0.2044,9.2773,4.7099,-1.5567,1,4,0,23.8232,0.0,-0.0628,5.96,4.4382,1.32,-8.2773,-5.0,True,-4.259,-2.2677,1.9913,-2.7323
2021092300,1904,53555,Chuba Hubbard,RB,False,CAR,3,True,10,13.4464,0.6394,0.1394,6.659,9.4314,6.6137,0,2,0,26.0827,68.991,3.1756,1.34,1.0685,2.06,3.341,3.341,False,7.6346,6.0187,-1.6159,-2.6777
2021092300,2037,46120,Anthony Miller,WR,False,HOU,3,True,10,15.0369,0.7151,0.2151,5.8277,2.8919,-0.1314,2,3,1,18.5689,77.3523,5.4839,2.47,2.4536,2.07,4.1723,4.1723,False,2.0852,2.942,0.8568,1.2304
2021092300,2084,46167,Jordan Akins,TE,True,HOU,3,True,5,11.6234,0.5527,0.0527,0.574,3.5335,2.8585,1,2,2,9.4366,70.236,2.4527,6.03,1.0243,1.66,4.426,4.426,False,2.5883,2.8075,0.2193,1.6185
2021092300,2108,46120,Anthony Miller,WR,False,HOU,3,True,5,18.6574,0.8872,0.3872,4.9521,2.3458,1.6865,1,2,2,3.1415,60.3479,1.5231,6.35,0.1086,2.6,0.0479,0.0479,False,-1.22,-1.3787,-0.1586,1.4266
2021092300,2377,46093,D.J. Moore,WR,False,CAR,3,True,10,16.14,0.7675,0.2675,6.4913,0.764,-0.6247,1,2,0,12.8005,84.0987,-0.6986,6.05,3.93,2.18,3.5087,3.5087,False,8.4741,7.3099,-1.1642,-3.8012
2021092300,2476,46093,D.J. Moore,WR,False,CAR,3,True,16,18.3549,0.8728,0.3728,13.8646,1.5805,-0.5502,1,2,0,21.6503,48.0454,-2.3111,6.52,2.9894,3.29,2.1354,2.1354,False,7.8294,3.7845,-4.0449,-1.6491
2021092300,2524,43663,Alex Erickson,WR,False,CAR,3,True,25,22.294,1.0602,0.5602,11.8506,1.2308,-0.46,1,1,0,14.1277,20.5094,0.0241,9.4,1.0543,1.0,13.1494,13.1494,False,7.0318,3.2763,-3.7554,9.8731
2021092300,2750,53555,Chuba Hubbard,RB,False,CAR,3,True,10,13.8071,0.6566,0.1566,5.3724,4.7694,2.2334,1,3,1,16.4173,62.3776,1.5398,0.34,-0.0483,3.22,4.6276,4.6276,False,4.575,2.7277,-1.8473,1.8998
2021092300,2774,53488,Terrace Marshall,WR,False,CAR,3,True,8,21.5008,1.0224,0.5224,11.1055,1.6222,1.0968,1,2,0,15.6679,47.3545,1.3657,0.9,0.355,6.48,-3.1055,-3.1055,True,2.3726,-1.3016,-3.6742,-1.8039
2021092300,2896,53512,Tommy Tremble,TE,True,CAR,3,True,30,22.9902,1.0933,0.5933,19.969,6.9819,-6.9593,0,2,0,7.0632,22.731,-4.3442,8.44,8.4093,1.19,10.031,10.031,False,10.7806,18.478,7.6974,-8.447
2021092300,2974,53488,Terrace Marshall,WR,False,CAR,3,True,5,17.1244,0.8143,0.3143,2.9178,3.2496,3.0506,1,2,1,7.4284,5.7722,-1.4421,6.2,0.5339,2.45,2.0822,2.0822,False,3.94,3.8345,-0.1055,-1.7523
2021092300,3049,41246,Brandin Cooks,WR,False,HOU,3,True,13,25.582,1.2165,0.7165,15.1277,2.3389,2.0939,1,2,1,3.3151,60.6423,1.5643,3.31,2.2717,5.75,-2.1277,-2.1277,False,-1.6397,-0.7174,0.9223,-1.4103
2021092300,3073,41246,Brandin Cooks,WR,False,HOU,3,True,15,20.2863,0.9647,0.4647,15.7609,7.0098,6.9315,0,2,1,19.7023,46.9091,2.6936,5.53,3.5958,4.88,-0.7609,-0.7609,False,5.6057,3.7818,-1.8238,-4.5428
2021092300,3119,41246,Brandin Cooks,WR,False,HOU,3,True,11,13.4833,0.6412,0.1412,5.0353,3.7005,0.4394,1,3,0,15.6883,42.8947,-1.0565,4.76,2.9417,1.49,5.9647,5.9647,False,6.6382,10.1447,3.5066,-4.1801
2021092300,3165,41246,Brandin Cooks,WR,False,HOU,3,True,5,16.5063,0.7849,0.2849,4.9874,1.9061,0.7972,2,2,1,8.4548,31.4226,-0.0718,4.12,-1.4832,1.4,0.0126,0.0126,False,0.9122,0.4893,-0.4229,-0.4767
2021092300,3263,43808,Robby Anderson,WR,False,CAR,3,True,8,13.2724,0.6312,0.1312,3.0376,5.9238,5.8848,0,1,1,17.1132,68.2324,5.3747,2.45,1.7351,2.61,4.9624,4.9624,False,5.1394,4.4112,-0.7282,0.5512
2021092300,3351,45785,Dan Arnold,TE,True,CAR,3,True,11,12.228,0.5815,0.0815,5.618,7.2256,6.9906,0,2,2,13.1349,45.202,2.4766,6.9,1.6938,2.09,5.382,5.382,False,5.9624,6.0055,0.0431,-0.6235
2021092300,3375,53488,Terrace Marshall,WR,False,CAR,3,True,23,20.341,0.9673,0.4673,14.4136,3.371,0.5644,1,2,1,14.4749,25.7564,0.4506,8.31,1.5486,2.19,8.5864,8.5864,False,5.4001,4.6147,-0.7854,3.9717
2021092300,3573,46167,Jordan Akins,TE,True,HOU,3,True,12,16.1361,0.7673,0.2673,6.7304,3.0824,2.9528,1,1,1,12.2132,55.0296,-1.7133,4.97,-0.8963,3.07,5.2696,5.2696,False,4.3041,1.8414,-2.4627,3.4282
2021092300,3665,46167,Jordan Akins,TE,True,HOU,3,True,5,16.5424,0.7867,0.2867,5.573,2.0159,1.9246,1,1,1,13.733,49.997,0.4054,6.13,-0.0941,2.9,-0.573,-0.573,False,1.4874,0.5319,-0.9555,-1.1049
2021092300,3716,41246,Brandin Cooks,WR,False,HOU,3,True,8,25.734,1.2237,0.7237,10.6734,2.7633,2.7599,1,1,1,1.9453,39.2966,-0.6827,1.18,-1.0316,4.98,-2.6734,-2.6734,False,-0.8326,1.3364,2.169,-4.0099
2021092600,125,52536,Gabe Davis,WR,False,BUF,3,True,23,27.0076,1.2843,0.7843,17.5843,4.286,-4.1087,1,2,0,17.4888,62.4257,3.061,0.76,-0.7595,2.07,5.4157,5.4157,False,5.0289,3.7438,-1.285,1.6719
2021092600,170,35521,Emmanuel Sanders,WR,False,BUF,3,True,11,13.1798,0.6267,0.1267,6.1151,3.4978,2.7033,2,3,1,17.0773,46.9749,3.7145,2.08,1.7758,0.55,4.8849,4.8849,False,1.3251,1.2235,-0.1017,3.6615
2021092600,194,42489,Stefon Diggs,WR,False,BUF,3,True,13,9.7802,0.4651,0.0,2.78,5.1686,-4.37,0,4,1,24.32,39.28,-4.144,7.6,0.6888,0.83,10.22,10.22,False,9.6701,9.4679,-0.2022,0.7521
2021092600,223,48011,Tommy Sweeney,TE,True,BUF,3,True,1,12.4063,0.59,0.09,0.6574,4.6045,3.3245,1,2,2,3.514,28.3226,2.3242,6.96,-0.1397,2.47,0.3426,0.3426,False,1.8262,0.1974,-1.6289,0.1452
2021092600,258,35521,Emmanuel Sanders,WR,False,BUF,3,True,28,35.1789,1.6729,1.1729,34.6627,2.7263,-0.9539,1,1,0,1.1222,0.0,-0.9898,8.62,2.9779,3.12,-6.6627,-5.0,True,-3.5171,-6.4544,-2.9373,1.4544
2021092600,346,47859,Terry McLaurin,WR,False,WAS,3,True,0,10.2941,0.4895,0.0,0.93,1.0382,-0.13,1,5,0,15.13,71.33,0.9197,7.69,-0.0953,1.5,-0.93,-0.93,False,6.1671,4.8145,-1.3526,-5.7445
2021092600,370,47859,Terry McLaurin,WR,False,WAS,3,True,16,10.4215,0.4956,0.0,0.78,4.5684,0.41,1,6,1,16.51,70.62,-1.2805,8.34,0.0771,1.69,15.22,15.22,False,8.8202,8.2523,-0.5678,6.9677
2021092600,489,42489,Stefon Diggs,WR,False,BUF,3,True,3,26.1381,1.243,0.743,3.271,3.4136,3.3462,1,1,1,3.9818,72.859,-0.6133,1.61,-1.2773,3.99,-0.271,-0.271,False,0.7864,1.9211,1.1347,-2.1921
2021092600,610,35521,Emmanuel Sanders,WR,False,BUF,3,True,9,12.5418,0.5964,0.0964,5.7358,3.4705,2.8781,1,2,1,15.1853,46.9842,0.151,8.2,0.9936,2.04,3.2642,3.2642,False,2.6954,4.1005,1.4051,-0.8363
2021092600,660,38947,Cole Beasley,WR,False,BUF,3,True,7,16.0027,0.761,0.261,7.5967,2.8484,0.9793,1,1,0,18.6493,35.4333,-1.2582,5.12,-0.7789,3.08,-0.5967,-0.5967,False,6.5695,4.8128,-1.7568,-5.4095
2021092600,772,41349,Logan Thomas,TE,True,WAS,3,True,15,19.1472,0.9105,0.4105,9.8446,1.4762,0.4423,2,2,0,19.6509,54.4554,-0.6595,2.96,-2.2299,3.92,5.1554,5.1554,False,4.8563,1.2126,-3.6436,3.9428
2021092600,887,52494,Zack Moss,RB,False,BUF,3,True,17,9.4827,0.4509,0.0,1.2,3.289,2.38,1,5,2,17.52,40.77,0.5194,4.69,3.5524,3.73,15.8,15.8,False,4.4469,5.4586,1.0116,10.3414
2021092600,972,38947,Cole Beasley,WR,False,BUF,3,True,4,15.6623,0.7448,0.2448,3.7808,0.7103,-0.0681,2,3,1,15.1285,9.4692,1.1206,1.89,0.7793,3.75,0.2192,0.2192,False,2.1376,0.5018,-1.6358,-0.2825
2021092600,1017,52494,Zack Moss,RB,False,BUF,3,True,7,7.8142,0.3716,0.0,1.82,3.3285,0.95,1,1,0,16.16,5.66,-0.0654,5.34,1.9718,0.72,5.18,5.18,False,6.1162,5.3241,-0.7921,-0.1441
2021092600,1077,47859,Terry McLaurin,WR,False,WAS,3,True,10,23.2368,1.105,0.605,11.2596,1.4127,0.6175,1,1,0,3.6654,64.0004,0.2053,7.6,-0.5791,1.16,-1.2596,-1.2596,False,0.1896,0.1884,-0.0012,-1.448
2021092600,1200,47879,Dawson Knox,TE,True,BUF,3,True,14,26.2708,1.2493,0.7493,15.3038,1.1557,-0.3542,1,1,0,2.726,0.0,-0.2247,7.06,6.9584,1.22,-1.3038,-1.3038,False,-4.4056,1.6932,6.0988,-2.9969
2021092600,1394,41349,Logan Thomas,TE,True,WAS,3,True,14,16.7908,0.7985,0.2985,8.5508,4.5092,-4.1285,1,4,1,25.6619,9.6892,0.6743,1.69,-0.2652,2.37,5.4492,5.4492,False,3.7902,2.8799,-0.9103,2.5693
2021092600,1497,38947,Cole Beasley,WR,False,BUF,3,True,18,17.6276,0.8383,0.3383,12.1216,3.3684,-1.0191,1,2,0,24.9589,63.2384,1.327,1.75,-1.0595,4.0,5.8784,5.8784,False,5.8838,4.1174,-1.7664,1.761
2021092600,1547,38947,Cole Beasley,WR,False,BUF,3,True,2,14.2519,0.6777,0.1777,1.64,3.2714,3.2295,1,2,1,15.2796,52.3,6.5902,0.97,0.5626,2.79,0.36,0.36,False,0.8984,0.6745,-0.2239,-0.3145
2021092600,1683,43010,Adam Humphries,WR,False,WAS,3,True,7,12.2039,0.5803,0.0803,4.6147,5.0818,4.651,0,4,2,21.7133,81.6153,3.9421,3.29,2.0499,2.26,2.3853,2.3853,False,3.6923,3.1572,-0.535,-0.7719
2021092600,1758,35521,Emmanuel Sanders,WR,False,BUF,3,True,41,23.5451,1.1197,0.6197,22.6301,2.2978,-2.2371,1,1,0,15.4604,36.5599,-1.6288,8.59,8.5371,2.05,18.3699,18.3699,False,10.3324,16.6806,6.3482,1.6894
2021092600,2084,43722,J.D. McKissic,RB,False,WAS,3,True,4,13.8079,0.6566,0.1566,3.4796,3.2889,2.9609,1,4,3,16.4215,56.5004,0.8012,6.53,2.0406,1.19,0.5204,0.5204,False,3.0553,5.6463,2.591,-5.1259
2021092600,2173,42489,Stefon Diggs,WR,False,BUF,3,True,13,27.8332,1.3236,0.8236,13.8857,4.9502,4.7087,1,1,1,3.7135,66.5443,-0.4583,1.95,-0.2116,3.83,-0.8857,-0.8857,False,-0.2853,0.8245,1.1098,-1.7102
2021092600,2202,38947,Cole Beasley,WR,False,BUF,3,True,22,23.1965,1.1031,0.6031,17.2298,4.1596,-1.5355,1,1,0,17.1894,50.1502,0.2224,7.13,0.9615,0.94,4.7702,4.7702,False,12.9841,9.6298,-3.3542,-4.8597
2021092600,2243,42489,Stefon Diggs,WR,False,BUF,3,True,11,27.2581,1.2962,0.7962,12.8269,3.6071,3.3544,1,1,1,0.8449,32.4931,-0.02,3.5,0.4356,3.23,-1.8269,-1.8269,False,-1.1949,-0.1444,1.0505,-1.6824
2021092600,2289,47879,Dawson Knox,TE,True,BUF,3,True,5,13.4823,0.6411,0.1411,2.6504,4.1918,1.8265,1,2,1,8.3909,31.9596,0.2618,6.72,1.3489,1.43,2.3496,2.3496,False,3.812,3.8335,0.0215,-1.4839
2021092600,2369,47859,Terry McLaurin,WR,False,WAS,3,True,15,23.4876,1.1169,0.6169,14.5872,3.5271,0.0376,1,3,1,11.1124,45.8328,-0.3474,8.52,2.5889,2.01,0.4128,0.4128,False,5.8558,6.308,0.4523,-5.8952
2021092600,2507,38947,Cole Beasley,WR,False,BUF,3,True,11,12.5258,0.5956,0.0956,6.3931,1.9118,-0.0496,1,3,0,20.8633,86.8469,0.1837,6.53,4.005,0.83,4.6069,4.6069,False,5.6863,5.9901,0.3038,-1.3832
2021092600,2531,42489,Stefon Diggs,WR,False,BUF,3,True,9,16.3066,0.7754,0.2754,4.9328,5.8906,3.2157,0,2,1,13.023,77.4872,1.9858,3.46,1.2083,3.3,4.0672,4.0672,False,3.9807,5.45,1.4693,-1.3828
2021092600,2576,38947,Cole Beasley,WR,False,BUF,3,True,5,18.5866,0.8839,0.3839,4.2654,4.61,3.5612,1,1,1,7.6364,67.0346,0.992,6.59,1.6032,1.82,0.7346,0.7346,False,2.0706,3.5025,1.432,-2.768
2021092600,2712,38947,Cole Beasley,WR,False,BUF,3,True,10,13.7245,0.6526,0.1526,5.7608,3.196,-1.5501,1,2,0,19.8039,33.7792,-1.2692,3.87,0.8567,3.34,4.2392,4.2392,False,14.0805,6.2887,-7.7919,-2.0494
2021092600,2736,47879,Dawson Knox,TE,True,BUF,3,True,11,15.5992,0.7418,0.2418,12.0991,1.6723,1.3064,1,3,1,24.178,17.9809,6.6605,2.75,1.7746,3.53,-1.0991,-1.0991,False,0.1698,-0.4658,-0.6356,-0.6333
2021092600,2879,35521,Emmanuel Sanders,WR,False,BUF,3,True,5,22.0673,1.0494,0.5494,15.551,3.2107,-1.4259,1,2,0,5.581,0.0,0.6619,6.05,2.0404,3.28,-10.551,-5.0,True,-3.5309,-4.1135,-0.5826,-0.8865
2021092600,3471,43722,J.D. McKissic,RB,False,WAS,3,True,11,8.75,0.4161,0.0,5.15,6.6584,-6.54,0,4,1,24.69,95.44,-2.8608,2.93,2.5382,0.65,5.85,5.85,False,5.6201,5.7462,0.1261,0.1038
2021092600,3590,47879,Dawson Knox,TE,True,BUF,3,True,19,13.0634,0.6212,0.1212,10.3692,5.3438,-5.2671,0,3,1,23.9081,11.6908,-3.2022,5.88,5.7686,1.89,8.6308,8.6308,False,2.7292,4.6584,1.9292,3.9724
2021092600,3793,46362,Cam Sims,WR,False,WAS,3,True,15,22.4377,1.067,0.567,10.0555,6.2845,-5.0977,0,2,1,7.2026,55.9545,0.118,1.81,0.9091,4.81,4.9445,4.9445,False,4.9896,3.051,-1.9386,1.8935
2021092600,3875,47859,Terry McLaurin,WR,False,WAS,3,True,37,19.3826,0.9217,0.4217,9.9381,2.4906,1.2591,1,3,0,16.9375,34.3419,1.2246,6.48,3.4339,2.36,27.0619,27.0619,False,3.2379,3.5883,0.3504,23.4736
2021092600,3968,41349,Logan Thomas,TE,True,WAS,3,True,2,17.7855,0.8458,0.3458,6.8435,0.7958,0.7114,1,2,1,12.2726,0.0,-0.0514,6.29,2.1214,2.46,-4.8435,-4.8435,True,-3.8221,-4.5126,-0.6905,-0.3309
2021092600,4095,48011,Tommy Sweeney,TE,True,BUF,3,True,1,11.7372,0.5581,0.0581,0.9859,2.8347,2.8212,1,2,1,15.6687,60.5141,4.503,5.56,0.6169,1.7,0.0141,0.0141,False,1.8739,1.2146,-0.6593,-1.2004
2021092601,99,41238,Odell Beckham,WR,False,CLE,3,True,13,20.6953,0.9841,0.4841,14.399,1.7998,-0.1651,1,2,1,25.3094,61.221,-0.9065,1.96,1.4645,5.56,-1.399,-1.399,False,5.8948,1.9271,-3.9677,-3.3262
2021092601,506,53640,Demetric Felton,RB,False,CLE,3,True,13,9.8925,0.4704,0.0,0.55,7.9932,0.46,0,4,1,15.39,57.91,-4.1211,7.8,1.5724,1.8,12.45,12.45,False,7.306,7.5254,0.2194,4.9246
2021092601,553,52595,Donovan Peoples-Jones,WR,False,CLE,3,True,21,27.2617,1.2964,0.7964,17.674,5.838,-4.7666,0,1,0,2.687,32.666,-2.5829,7.72,7.5013,1.68,3.326,3.326,False,11.5492,13.0019,1.4527,-9.6759
2021092601,603,41238,Odell Beckham,WR,False,CLE,3,True,7,13.0019,0.6183,0.1183,6.0545,0.9986,0.6366,1,4,1,23.9463,21.6655,1.2105,5.55,2.3209,2.79,0.9455,0.9455,False,0.4756,1.3468,0.8712,-0.4014
2021092601,627,53640,Demetric Felton,RB,False,CLE,3,True,0,12.6337,0.6008,0.1008,-4.8474,10.9642,10.9642,0,0,0,9.5796,25.7974,3.0323,6.61,2.4075,2.8,4.8474,4.8474,False,8.0466,7.7514,-0.2952,-2.904
2021092601,733,52451,Cole Kmet,TE,True,CHI,3,True,11,12.9605,0.6163,0.1163,6.8327,7.3943,4.9958,0,3,1,21.9871,74.8073,2.6036,1.5,1.3991,2.46,4.1673,4.1673,False,5.0473,5.5497,0.5024,-1.3825
2021092601,799,44898,Kareem Hunt,RB,False,CLE,3,True,3,11.9629,0.5689,0.0689,-1.0597,3.7631,3.5012,1,1,1,14.4692,78.3297,3.5653,4.31,-0.8674,1.9,4.0597,4.0597,False,3.7596,2.4643,-1.2952,1.5954
2021092601,1227,43461,Rashard Higgins,WR,False,CLE,3,True,17,23.6592,1.1251,0.6251,17.1824,3.4927,3.2207,1,2,1,18.2745,57.5076,2.8396,7.02,4.3873,5.05,-0.1824,-0.1824,False,1.5184,0.7132,-0.8053,-0.8956
2021092601,1255,43461,Rashard Higgins,WR,False,CLE,3,True,7,10.5407,0.5013,0.0013,3.0197,6.1984,6.0768,0,1,1,23.8912,55.2503,2.2013,7.03,-0.2552,0.35,3.9803,3.9803,False,4.8907,5.3081,0.4174,-1.3277
2021092601,1467,41290,Allen Robinson,WR,False,CHI,3,True,9,17.8641,0.8495,0.3495,11.1573,0.8047,0.1894,1,3,1,0.6002,55.1527,-0.4,1.43,-0.0077,4.08,-2.1573,-2.1573,False,1.7921,-0.7138,-2.5059,-1.4435
2021092601,1650,52595,Donovan Peoples-Jones,WR,False,CLE,3,True,18,24.1635,1.1491,0.6491,10.8125,0.8669,0.3546,1,1,0,4.0931,73.4575,-0.0664,4.99,4.441,0.8,7.1875,7.1875,False,4.8486,6.4685,1.6198,0.719
2021092601,1695,44898,Kareem Hunt,RB,False,CLE,3,True,17,12.2015,0.5802,0.0802,3.406,4.7831,3.9902,1,4,2,17.665,52.054,1.1029,5.41,3.4397,2.07,13.594,13.594,False,4.9968,7.8238,2.827,5.7703
2021092601,1742,43370,Austin Hooper,TE,True,CLE,3,True,6,11.6765,0.5553,0.0553,4.3148,2.5475,2.5432,1,5,1,25.1765,33.5152,1.507,5.14,1.1728,2.32,1.6852,1.6852,False,2.557,3.1881,0.6311,-1.5029
2021092601,1783,44898,Kareem Hunt,RB,False,CLE,3,True,4,12.2296,0.5816,0.0816,0.9858,3.0672,2.9815,1,2,2,13.9398,30.5142,5.9704,3.3,2.891,4.49,3.0142,3.0142,False,1.7844,5.0062,3.2219,-1.992
2021092601,1930,43370,Austin Hooper,TE,True,CLE,3,True,13,17.2319,0.8194,0.3194,13.6707,3.9864,-3.9534,2,4,1,24.3458,0.0,-3.4305,6.44,6.3257,2.87,-0.6707,-0.6707,False,-2.9429,-2.7518,0.1912,2.0811
2021092601,2193,41238,Odell Beckham,WR,False,CLE,3,True,26,27.5612,1.3106,0.8106,20.9392,1.0085,-0.8388,1,1,0,0.9048,19.9808,-0.3917,8.88,8.7822,1.95,5.0608,5.0608,False,14.069,13.8884,-0.1806,-8.8276
2021092601,2612,41290,Allen Robinson,WR,False,CHI,3,True,18,20.0371,0.9528,0.4528,11.8247,1.7513,0.7508,1,1,0,5.9462,58.8253,1.8617,4.54,4.2061,5.19,6.1753,6.1753,False,1.0799,1.3792,0.2993,4.7961
2021092601,2810,47856,David Montgomery,RB,False,CHI,3,True,11,14.4968,0.6894,0.1894,1.2903,7.6575,7.0935,0,2,1,9.3861,13.8097,1.5928,5.1,1.7969,2.86,9.7097,9.7097,False,6.1855,7.4015,1.2161,2.3082
2021092601,2889,41238,Odell Beckham,WR,False,CLE,3,True,16,16.1741,0.7691,0.2691,11.3795,4.8875,2.7875,1,4,0,17.5642,64.1205,1.5195,6.57,4.9772,2.58,4.6205,4.6205,False,7.6684,7.5967,-0.0717,-2.9762
2021092602,79,39907,Darren Fells,TE,True,DET,3,True,11,14.6175,0.6951,0.1951,4.5856,8.1123,7.6762,0,3,2,17.5999,70.6944,-0.3213,6.63,0.4902,0.67,6.4144,6.4144,False,6.5816,6.8112,0.2296,-0.3969
2021092602,224,47808,Marquise Brown,WR,False,BAL,3,True,5,15.8962,0.7559,0.2559,4.9949,3.4312,3.1205,1,2,1,5.9027,91.3151,0.8777,6.37,0.8006,3.38,0.0051,0.0051,False,-0.2073,0.1012,0.3085,-0.0961
2021092602,470,46155,Mark Andrews,TE,True,BAL,3,True,16,18.9729,0.9022,0.4022,13.2123,7.4126,-6.4476,0,5,1,13.5803,52.0777,-1.7722,7.36,2.9642,2.74,2.7877,2.7877,False,6.7719,7.8463,1.0744,-5.0586
2021092602,494,47808,Marquise Brown,WR,False,BAL,3,True,11,23.9557,1.1392,0.6392,12.3341,2.3479,0.417,2,5,1,21.3615,36.5359,3.8009,2.05,-0.7132,4.64,-1.3341,-1.3341,False,2.4642,0.6059,-1.8583,-1.94
2021092602,653,43584,Kalif Raymond,WR,False,DET,3,True,3,11.3853,0.5414,0.0414,1.0855,5.0657,5.0526,0,3,1,14.0454,44.5745,2.8727,8.32,2.7896,1.08,1.9145,1.9145,False,6.474,8.0236,1.5496,-6.1091
2021092602,677,52443,D'Andre Swift,RB,False,DET,3,True,4,10.2529,0.4876,0.0,1.9,2.2415,1.93,1,4,1,22.88,40.14,2.2323,7.82,1.1707,0.69,2.1,2.1,False,3.3032,2.8839,-0.4193,-0.7839
2021092602,898,47852,Josh Oliver,TE,True,BAL,3,True,6,15.7597,0.7494,0.2494,3.7787,2.3569,1.5927,1,2,0,14.2303,60.2713,2.4707,4.95,-0.4461,0.99,2.2213,2.2213,False,2.6564,2.2117,-0.4447,0.0095
2021092602,1174,46155,Mark Andrews,TE,True,BAL,3,True,21,18.185,0.8648,0.3648,13.4965,5.3848,-2.3484,0,2,1,11.1025,33.4235,-2.7968,8.4,4.788,1.83,7.5035,7.5035,False,6.0158,8.7741,2.7583,-1.2706
2021092602,1301,47791,T.J. Hockenson,TE,True,DET,3,True,5,13.6186,0.6476,0.1476,5.7113,1.6847,1.5765,2,4,1,16.8957,69.8087,3.4523,0.13,-0.1267,2.78,-0.7113,-0.7113,False,1.3308,0.1313,-1.1995,-0.8426
2021092602,1596,47808,Marquise Brown,WR,False,BAL,3,True,37,27.8662,1.3251,0.8251,26.8009,5.7019,3.4481,0,1,0,10.2251,21.3491,-0.5706,9.55,2.8733,2.89,10.1991,10.1991,False,9.155,5.1414,-4.0135,5.0577
2021092602,1699,52500,Devin Duvernay,WR,False,BAL,3,True,19,27.5048,1.3079,0.8079,26.0316,10.217,-8.4627,0,0,0,13.7415,0.0,3.7775,7.72,5.5345,4.83,-7.0316,-5.0,True,2.716,4.2581,1.5421,-9.2581
2021092602,1755,52574,Quintez Cephus,WR,False,DET,3,True,8,14.6692,0.6976,0.1976,4.4815,2.191,1.261,1,2,0,16.6939,71.1285,0.8192,5.33,-0.9539,1.5,3.5185,3.5185,False,4.3505,1.8629,-2.4875,1.6555
2021092602,1800,43584,Kalif Raymond,WR,False,DET,3,True,1,12.0789,0.5744,0.0744,-0.1808,4.2322,1.9505,1,2,1,14.5377,67.6508,-4.2201,6.63,-0.414,0.11,1.1808,1.1808,False,8.8812,7.6446,-1.2367,-6.4638
2021092602,1975,52609,James Proche,WR,False,BAL,3,True,29,42.4642,2.0193,1.5193,28.8217,2.7618,2.7331,1,1,1,0.0,47.2283,0.606,8.41,-2.263,2.48,0.1783,0.1783,False,-2.3914,-1.5168,0.8746,1.6951
2021092602,2030,52500,Devin Duvernay,WR,False,BAL,3,True,3,10.0404,0.4775,0.0,3.46,3.214,2.74,2,3,2,20.95,43.97,-3.0468,7.31,-1.8303,2.52,-0.46,-0.46,False,5.4779,2.431,-3.0469,-2.891
2021092602,2135,44947,Jamaal Williams,RB,False,DET,3,True,15,9.1697,0.436,0.0,0.9,7.9992,-7.64,0,2,0,23.68,90.95,-4.6969,5.95,1.7267,2.04,14.1,14.1,False,7.789,8.7716,0.9826,5.3284
2021092602,2164,44947,Jamaal Williams,RB,False,DET,3,True,10,8.9574,0.426,0.0,-3.33,8.906,-2.2,0,2,0,15.68,79.37,-3.7926,4.4,2.5663,0.55,13.33,13.33,False,9.1255,10.5869,1.4615,2.7431
2021092602,2305,41230,Sammy Watkins,WR,False,BAL,3,True,9,19.3738,0.9213,0.4213,10.2474,0.7352,-0.6532,3,6,1,10.128,65.3626,-3.5033,2.01,-1.0268,1.85,-1.2474,-1.2474,False,4.8684,1.6286,-3.2398,-2.876
2021092602,2361,46155,Mark Andrews,TE,True,BAL,3,True,41,23.0002,1.0937,0.5937,17.6629,7.1048,-4.7791,0,3,0,13.5762,55.5971,-3.3818,8.42,5.765,1.28,23.3371,23.3371,False,8.0246,13.0379,5.0133,10.2992
2021092602,2501,47791,T.J. Hockenson,TE,True,DET,3,True,5,13.2347,0.6294,0.1294,3.166,1.8985,1.0086,1,2,0,20.9333,72.184,0.5403,5.39,0.2013,1.23,1.834,1.834,False,5.087,2.4593,-2.6277,-0.6253
2021092602,2525,43584,Kalif Raymond,WR,False,DET,3,True,12,14.4284,0.6861,0.1861,5.0591,5.1595,-3.3978,0,3,1,14.2336,65.1509,3.6108,1.76,0.8546,2.83,6.9409,6.9409,False,4.9131,3.7748,-1.1384,3.1662
2021092602,2570,52443,D'Andre Swift,RB,False,DET,3,True,11,21.5412,1.0244,0.5244,-2.6705,12.0453,10.8512,0,0,0,3.971,63.0105,2.0805,3.58,1.9061,2.23,13.6705,13.6705,False,7.051,9.4006,2.3496,4.2699
2021092602,2615,52443,D'Andre Swift,RB,False,DET,3,True,14,13.2981,0.6324,0.1324,1.9567,2.5156,0.6214,1,2,0,20.3381,45.0933,-0.9711,4.34,2.6191,1.89,12.0433,12.0433,False,8.8312,8.9178,0.0866,3.1255
2021092602,2639,52443,D'Andre Swift,RB,False,DET,3,True,19,9.0764,0.4316,0.0,-0.67,5.4619,5.35,0,2,1,20.47,33.63,-1.8951,7.6,1.2622,0.98,19.67,19.67,False,9.1102,12.2672,3.157,7.4028
2021092602,2699,46992,KhaDarel Hodge,WR,False,DET,3,True,9,22.533,1.0715,0.5715,9.576,2.7991,2.648,1,2,1,4.9441,3.234,2.3091,7.1,1.2353,4.56,-0.576,-0.576,False,-1.0333,-1.5022,-0.469,0.9262
2021092602,2805,46155,Mark Andrews,TE,True,BAL,3,True,7,22.0313,1.0477,0.5477,7.9246,0.9336,0.2467,1,1,0,7.8148,67.1554,0.6257,7.08,-0.7585,2.87,-0.9246,-0.9246,False,3.4035,-0.5563,-3.9598,-0.3683
2021092602,2918,46155,Mark Andrews,TE,True,BAL,3,True,24,19.2835,0.917,0.417,14.672,8.6594,-5.8592,0,2,0,16.8827,28.428,-3.0845,4.73,4.7289,1.97,9.328,9.328,False,9.1091,9.5272,0.4181,-0.1991
2021092602,2980,41230,Sammy Watkins,WR,False,BAL,3,True,5,14.8352,0.7055,0.2055,4.3534,4.6109,3.2073,1,1,0,1.7889,14.7766,2.2176,4.29,0.1138,2.5,0.6466,0.6466,False,2.0072,0.1119,-1.8953,0.5348
2021092602,3192,43584,Kalif Raymond,WR,False,DET,3,True,11,21.354,1.0155,0.5155,11.3812,1.4629,1.3639,1,3,1,16.3175,35.8588,2.8292,2.43,2.4274,5.07,-0.3812,-0.3812,False,1.4757,2.6329,1.1572,-3.0141
2021092602,3343,52443,D'Andre Swift,RB,False,DET,3,True,6,13.6273,0.648,0.148,0.2246,4.706,1.2303,1,2,0,6.6457,6.7054,-4.8286,6.68,0.6391,0.81,5.7754,5.7754,False,5.8764,6.212,0.3357,-0.4366
2021092602,3495,41230,Sammy Watkins,WR,False,BAL,3,True,18,26.8162,1.2752,0.7752,16.9952,4.5668,-0.4494,1,3,1,12.1609,58.0148,6.4319,1.64,1.4902,6.41,1.0048,1.0048,False,4.1395,1.2732,-2.8662,-0.2684
2021092602,3606,39907,Darren Fells,TE,True,DET,3,True,24,19.5459,0.9295,0.4295,9.0158,7.2825,-5.9135,0,1,0,14.7432,70.3142,2.2469,7.56,-0.033,2.21,14.9842,14.9842,False,8.4807,6.3967,-2.084,8.5874
2021092602,3651,43584,Kalif Raymond,WR,False,DET,3,True,19,24.2436,1.1529,0.6529,19.2832,2.8076,1.9982,2,2,1,14.271,34.9768,2.5507,6.77,6.5605,3.87,-0.2832,-0.2832,False,1.3126,1.8846,0.572,-2.1678
2021092602,4003,41230,Sammy Watkins,WR,False,BAL,3,True,36,33.3239,1.5847,1.0847,27.8714,6.5472,-2.9079,0,1,0,9.7643,56.8786,-4.5295,8.79,1.126,1.51,8.1286,8.1286,False,15.3224,11.067,-4.2555,-2.9383
2021092603,76,45281,Jacob Hollister,TE,True,JAX,3,True,6,15.3006,0.7276,0.2276,5.6904,1.15,-0.2824,2,3,1,13.9224,69.2896,1.4727,0.61,0.573,1.45,0.3096,0.3096,False,2.7218,3.6131,0.8913,-3.3035
2021092603,223,39973,DeAndre Hopkins,WR,False,ARI,3,True,7,14.9365,0.7103,0.2103,3.9074,4.6066,-4.1063,1,3,1,18.4922,85.3126,0.3926,1.4,0.7962,3.04,3.0926,3.0926,False,8.6115,4.977,-3.6345,-1.8844
2021092603,339,52733,James Robinson,RB,False,JAX,3,True,0,10.8739,0.5171,0.0171,1.0322,3.1197,2.7699,1,1,1,21.5504,72.0278,5.1156,6.43,-0.4586,1.09,-1.0322,-1.0322,False,3.6715,1.0742,-2.5973,-2.1064
2021092603,389,42398,Maxx Williams,TE,True,ARI,3,True,7,12.7414,0.6059,0.1059,6.1619,2.1809,1.8886,2,4,1,23.9123,49.8181,5.0734,1.0,0.4904,2.48,0.8381,0.8381,False,0.3549,0.1555,-0.1995,0.6826
2021092603,413,42398,Maxx Williams,TE,True,ARI,3,True,5,12.9993,0.6182,0.1182,2.1792,4.8876,4.8834,1,2,1,11.7988,47.8208,3.5286,5.24,0.8396,1.31,2.8208,2.8208,False,4.1312,3.5424,-0.5888,-0.7217
2021092603,437,46116,Christian Kirk,WR,False,ARI,3,True,28,16.2431,0.7724,0.2724,15.9751,4.6017,-4.593,1,3,0,25.4684,28.3749,-2.9134,8.31,7.397,1.37,12.0249,12.0249,False,6.9426,14.5745,7.6319,-2.5496
2021092603,602,38696,Marvin Jones,WR,False,JAX,3,True,8,10.1483,0.4826,0.0,-1.02,2.7731,1.28,1,1,0,14.22,76.33,-1.5233,7.85,1.1359,0.87,9.02,9.02,False,6.6284,7.9734,1.3449,1.0466
2021092603,647,38696,Marvin Jones,WR,False,JAX,3,True,14,21.7391,1.0338,0.5338,14.3928,0.6135,0.4837,1,3,1,22.0389,48.0572,2.732,6.05,0.6796,0.77,-0.3928,-0.3928,False,0.5838,0.0538,-0.53,-0.4465
2021092603,781,42398,Maxx Williams,TE,True,ARI,3,True,7,15.1963,0.7226,0.2226,5.8301,5.5449,4.763,0,3,2,14.6429,91.4499,2.4764,0.39,-0.269,1.25,1.1699,1.1699,False,3.6666,1.6912,-1.9753,-0.5214
2021092603,889,38696,Marvin Jones,WR,False,JAX,3,True,11,15.9229,0.7572,0.2572,9.6917,5.1972,2.0665,0,2,0,16.9158,38.8483,0.0719,7.5,2.0673,1.51,1.3083,1.3083,False,9.9649,9.0113,-0.9535,-7.703
2021092603,953,52450,Laviska Shenault,WR,False,JAX,3,True,20,24.9002,1.1841,0.6841,12.3549,10.3341,9.9992,0,0,0,6.3213,27.0651,-4.6147,6.98,0.358,2.04,7.6451,7.6451,False,4.9396,5.0666,0.127,2.5785
2021092603,1143,46203,Chase Edmonds,RB,False,ARI,3,True,6,9.2046,0.4377,0.0,-2.44,7.5669,-2.2,0,2,0,15.14,87.69,-2.8899,4.57,1.8704,0.33,8.44,8.44,False,9.1508,11.0031,1.8523,-2.5631
2021092603,1167,37077,A.J. Green,WR,False,ARI,3,True,10,25.5522,1.2151,0.7151,9.0411,1.1993,1.1513,1,1,1,3.3857,68.9989,0.5112,1.29,-1.0892,3.02,0.9589,0.9589,False,-2.175,0.0618,2.2368,0.8971
2021092603,1396,44917,James Conner,RB,False,ARI,3,True,10,10.4936,0.499,0.0,0.64,7.6942,-5.09,0,2,1,16.58,63.71,-6.2203,6.15,2.3426,0.96,9.36,9.36,False,9.1625,9.8462,0.6837,-0.4862
2021092603,1600,52450,Laviska Shenault,WR,False,JAX,3,True,9,14.9546,0.7111,0.2111,0.0747,11.3507,8.3268,0,0,0,6.7699,62.9553,-0.7947,5.61,3.006,2.62,8.9253,8.9253,False,7.819,9.0338,1.2148,-0.1085
2021092603,1735,52450,Laviska Shenault,WR,False,JAX,3,True,12,13.14,0.6249,0.1249,6.9528,8.1447,4.247,0,3,1,24.3959,35.7372,1.8484,1.67,0.3429,3.18,5.0472,5.0472,False,5.3437,4.3037,-1.04,0.7435
2021092603,1759,38696,Marvin Jones,WR,False,JAX,3,True,13,18.8534,0.8965,0.3965,11.4597,3.0469,-1.0805,1,2,0,26.6041,18.5203,8.4832,6.07,0.3018,0.96,1.5403,1.5403,False,2.2449,4.1079,1.8629,-2.5676
2021092603,1800,38696,Marvin Jones,WR,False,JAX,3,True,5,22.701,1.0795,0.5795,4.5728,0.9389,0.8074,1,1,1,5.7189,12.3772,3.0522,1.49,-0.9787,3.43,0.4272,0.4272,False,-0.4181,0.3017,0.7198,0.1255
2021092603,1824,46130,D.J. Chark,WR,False,JAX,3,True,12,26.9354,1.2809,0.7809,19.0734,2.9111,-2.461,1,2,0,4.8637,0.0,-2.8557,7.45,4.3969,2.52,-7.0734,-5.0,True,-5.8856,-6.8152,-0.9295,1.8152
2021092603,1934,46203,Chase Edmonds,RB,False,ARI,3,True,12,16.2107,0.7709,0.2709,3.3982,7.013,7.0071,0,1,1,5.9645,58.8518,7.2212,4.73,4.1281,1.2,8.6018,8.6018,False,4.9758,5.9126,0.9368,2.6892
2021092603,2046,46116,Christian Kirk,WR,False,ARI,3,True,5,13.2991,0.6324,0.1324,4.9705,3.5156,3.4467,1,3,1,20.7891,70.1295,4.5217,0.69,-0.0715,5.51,0.0295,0.0295,False,1.3622,-0.1525,-1.5147,0.182
2021092603,2283,37077,A.J. Green,WR,False,ARI,3,True,34,22.6953,1.0792,0.5792,19.2162,7.3975,-7.3781,0,2,0,15.4112,60.5738,-0.6113,6.49,3.9813,2.83,14.7838,14.7838,False,9.0612,7.5323,-1.5289,7.2515
2021092603,2307,46116,Christian Kirk,WR,False,ARI,3,True,8,23.8299,1.1332,0.6332,9.3918,3.3615,3.0344,1,2,2,0.0,37.5982,0.1668,4.37,-2.0502,1.01,-1.3918,-1.3918,False,-0.7756,0.6973,1.4728,-2.089
2021092603,2432,46116,Christian Kirk,WR,False,ARI,3,True,3,16.7682,0.7974,0.2974,5.1725,1.8463,1.1913,2,4,1,17.4238,22.4675,2.5151,5.36,0.0758,2.28,-2.1725,-2.1725,False,1.3693,0.318,-1.0513,-2.4906
2021092603,2506,46203,Chase Edmonds,RB,False,ARI,3,True,7,8.429,0.4008,0.0,-3.54,7.0061,-4.75,0,4,1,18.69,26.26,-1.8922,4.97,0.2644,1.38,10.54,10.54,False,13.2368,10.7958,-2.441,-0.2558
2021092603,2845,46116,Christian Kirk,WR,False,ARI,3,True,33,22.2911,1.06,0.56,19.4354,6.6393,-6.0076,0,3,0,15.9759,17.9846,-2.3153,8.04,4.8666,4.5,13.5646,13.5646,False,14.8475,8.3139,-6.5336,5.2507
2021092603,3069,38696,Marvin Jones,WR,False,JAX,3,True,10,11.21,0.5331,0.0331,5.0922,6.3528,-0.4598,0,4,1,19.007,66.5878,-6.9506,7.16,1.2765,1.24,4.9078,4.9078,False,5.6264,8.7237,3.0973,-3.8159
2021092603,3164,37077,A.J. Green,WR,False,ARI,3,True,13,29.1925,1.3882,0.8882,14.4454,3.13,1.6224,1,2,0,0.0732,50.8546,0.4191,3.79,-0.5006,2.5,-1.4454,-1.4454,False,0.2303,-0.0806,-0.3109,-1.3648
2021092603,3209,46203,Chase Edmonds,RB,False,ARI,3,True,1,11.8363,0.5629,0.0629,0.9209,4.9052,4.9024,1,3,1,17.5134,51.4291,3.203,2.6,0.0141,2.89,0.0791,0.0791,False,5.2511,4.2656,-0.9855,-4.1865
2021092603,3233,37077,A.J. Green,WR,False,ARI,3,True,36,29.2595,1.3914,0.8914,30.9358,2.1843,-1.0629,1,1,0,16.2077,20.0942,-0.4928,9.28,8.9587,1.06,5.0642,5.0642,False,17.5841,19.7989,2.2148,-14.7347
2021092603,3327,46203,Chase Edmonds,RB,False,ARI,3,True,7,14.4206,0.6858,0.1858,5.1532,3.4581,2.8956,1,2,2,11.4157,7.9268,1.6177,5.58,1.1478,2.92,1.8468,1.8468,False,1.4844,2.313,0.8286,-0.4662
2021092603,3457,38696,Marvin Jones,WR,False,JAX,3,True,11,24.0836,1.1453,0.6453,7.745,1.1179,1.0172,1,1,1,3.7893,67.365,-0.0257,0.67,-0.2093,5.09,3.255,3.255,False,-0.9933,-0.0029,0.9904,3.2579
2021092603,3500,52733,James Robinson,RB,False,JAX,3,True,6,10.6616,0.507,0.007,0.8206,7.9466,-1.6431,0,2,1,7.966,69.1994,2.0179,4.52,2.9433,0.12,5.1794,5.1794,False,6.4596,8.7389,2.2793,-3.5595
2021092603,3582,46130,D.J. Chark,WR,False,JAX,3,True,12,22.0979,1.0508,0.5508,13.5271,3.6779,3.2395,1,1,1,3.945,22.4829,0.3687,6.03,2.7179,4.59,-1.5271,-1.5271,False,-0.2724,-0.612,-0.3396,-0.9151
2021092603,3606,53574,Luke Farrell,TE,True,JAX,3,True,-1,14.0224,0.6668,0.1668,2.8302,5.5891,5.0865,0,2,2,15.5365,20.0998,0.1613,7.18,0.6008,1.13,-3.8302,-3.8302,True,5.1549,7.7749,2.62,-11.6051
2021092603,3732,37077,A.J. Green,WR,False,ARI,3,True,19,28.0927,1.3359,0.8359,15.8205,7.034,2.176,0,3,1,16.7264,59.7095,-3.4692,1.91,0.2159,4.04,3.1795,3.1795,False,7.1751,2.9553,-4.2197,0.2242
2021092603,3929,52733,James Robinson,RB,False,JAX,3,True,5,11.2877,0.5368,0.0368,-0.9386,10.2875,-5.9465,0,0,0,18.6548,81.2286,-3.7866,5.59,0.3091,1.15,5.9386,5.9386,False,11.1305,11.9066,0.7761,-5.968
2021092603,3997,52733,James Robinson,RB,False,JAX,3,True,9,18.641,0.8864,0.3864,7.5887,6.3593,2.5561,0,2,1,7.5204,70.7513,4.0196,3.54,3.5158,4.05,1.4113,1.4113,False,2.5744,4.7493,2.1749,-3.338
2021092603,4045,52733,James Robinson,RB,False,JAX,3,True,13,8.7687,0.417,0.0,4.51,8.3299,6.13,0,4,1,21.83,66.14,6.9589,3.94,3.7982,2.01,8.49,8.49,False,4.3569,5.0449,0.688,3.4451
2021092603,4138,46130,D.J. Chark,WR,False,JAX,3,True,25,14.4724,0.6882,0.1882,11.1288,5.6238,-1.1139,0,3,0,9.413,39.2612,4.1864,4.82,4.7755,2.8,13.8712,13.8712,False,8.1915,8.2077,0.0162,5.6635
2021092603,4162,45281,Jacob Hollister,TE,True,JAX,3,True,9,12.9444,0.6156,0.1156,5.705,9.1257,6.5998,0,2,2,24.9663,19.495,1.235,5.97,2.7261,0.91,3.295,3.295,False,6.8218,9.8355,3.0137,-6.5405
2021092604,100,45573,Austin Ekeler,RB,False,LAC,3,True,4,14.6796,0.6981,0.1981,-4.9165,10.1795,9.987,0,0,0,10.9948,79.2165,2.4034,5.22,1.5827,2.87,8.9165,8.9165,False,8.8512,8.5164,-0.3348,0.4001
2021092604,330,48683,Joe Fortson,TE,True,KC,3,True,5,12.4064,0.59,0.09,3.8946,3.6567,3.5082,2,4,1,14.5869,40.0554,5.2516,3.82,0.9403,1.38,1.1054,1.1054,False,1.3799,0.9816,-0.3983,0.1238
2021092604,425,52810,Gabe Nabers,FB,False,LAC,3,True,3,12.1317,0.5769,0.0769,0.0203,5.1633,5.1363,0,2,1,12.7661,97.3097,4.1873,7.43,1.8239,1.84,2.9797,2.9797,False,5.3898,5.5725,0.1827,-2.5928
2021092604,492,45573,Austin Ekeler,RB,False,LAC,3,True,8,10.7791,0.5126,0.0126,-2.5094,6.7823,6.5221,0,1,1,11.9336,92.7894,3.6478,7.28,4.0223,2.51,10.5094,10.5094,False,6.3067,8.5573,2.2507,1.952
2021092604,673,46526,Darrel Williams,RB,False,KC,3,True,6,9.5305,0.4532,0.0,5.55,1.3515,1.15,1,3,1,18.65,28.54,2.9288,2.31,0.5936,2.42,0.45,0.45,False,-0.1716,0.4435,0.6151,0.0065
2021092604,737,43454,Tyreek Hill,WR,False,KC,3,True,8,16.5623,0.7876,0.2876,8.2319,0.9529,0.7516,2,4,2,25.1243,14.1181,0.4446,5.86,1.1191,3.84,-0.2319,-0.2319,False,1.4551,0.9257,-0.5294,-1.1576
2021092604,788,52810,Gabe Nabers,FB,False,LAC,3,True,8,11.3342,0.539,0.039,-3.1191,11.0535,-6.0033,0,0,0,10.7291,54.4391,-8.4957,6.02,4.3834,1.5,11.1191,11.1191,False,12.4867,15.8765,3.3898,-4.7574
2021092604,876,44819,Mike Williams,WR,False,LAC,3,True,11,14.0847,0.6698,0.1698,6.2508,2.672,-0.1549,2,3,1,14.7404,33.8992,0.3044,6.19,4.9526,0.7,4.7492,4.7492,False,3.3637,6.5736,3.2099,-1.8244
2021092604,940,48456,Donald Parham,TE,True,LAC,3,True,19,19.3014,0.9179,0.4179,11.9684,6.0402,-5.1908,0,4,1,18.3488,14.0916,-0.8436,8.43,2.1022,1.21,7.0316,7.0316,False,3.5431,5.8005,2.2573,1.2312
2021092604,985,40024,Keenan Allen,WR,False,LAC,3,True,4,12.0735,0.5741,0.0741,7.6938,4.3411,-1.5073,1,3,0,22.1947,0.0,3.1811,2.13,1.9393,2.54,-3.6938,-3.6938,True,-3.7858,-4.0191,-0.2333,0.3253
2021092604,1125,40011,Travis Kelce,TE,True,KC,3,True,17,11.8108,0.5616,0.0616,5.3046,0.7735,-0.4335,1,3,0,19.72,48.0754,0.628,6.05,3.8049,1.3,11.6954,11.6954,False,5.0104,4.4379,-0.5725,7.2576
2021092604,1236,44819,Mike Williams,WR,False,LAC,3,True,8,20.0262,0.9523,0.4523,4.4909,2.2001,1.7161,1,3,1,16.7867,23.6291,-0.7835,5.83,1.24,2.51,3.5091,3.5091,False,4.046,3.3571,-0.6889,0.152
2021092604,1260,40024,Keenan Allen,WR,False,LAC,3,True,6,29.0859,1.3831,0.8831,7.5635,1.8799,1.7895,1,2,1,6.3875,12.4465,-0.0381,1.97,-1.8417,3.28,-1.5635,-1.5635,False,0.3806,0.3879,0.0073,-1.9514
2021092604,1305,45573,Austin Ekeler,RB,False,LAC,3,True,16,11.6903,0.5559,0.0559,2.3045,8.1117,5.395,0,4,0,14.4157,14.1655,2.4389,2.53,0.7961,2.57,13.6955,13.6955,False,8.3052,6.6649,-1.6404,7.0306
2021092604,1330,44819,Mike Williams,WR,False,LAC,3,True,0,18.2076,0.8658,0.3658,4.8146,2.6213,1.2792,2,3,0,10.5521,0.0,9.3321,2.78,2.7188,1.75,-4.8146,-4.8146,True,-3.7824,-3.2161,0.5664,-1.5986
2021092604,1460,45573,Austin Ekeler,RB,False,LAC,3,True,5,8.4504,0.4018,0.0,2.61,1.8085,1.58,1,4,1,26.5,69.76,1.0454,5.04,0.0563,1.41,2.39,2.39,False,3.9043,2.4664,-1.4379,-0.0764
2021092604,1484,45573,Austin Ekeler,RB,False,LAC,3,True,12,12.7134,0.6046,0.1046,0.7094,12.5039,10.9655,0,0,0,15.6042,66.4806,-3.415,6.88,1.3328,1.41,11.2906,11.2906,False,11.5838,12.8705,1.2868,-1.5799
2021092604,1529,45573,Austin Ekeler,RB,False,LAC,3,True,7,10.2344,0.4867,0.0,-0.99,6.4103,6.41,0,2,2,11.1,57.49,4.2512,6.8,4.4415,2.65,7.99,7.99,False,6.0681,7.7462,1.678,0.2438
2021092604,1575,40024,Keenan Allen,WR,False,LAC,3,True,30,12.3711,0.5883,0.0883,2.5223,5.2365,5.2061,0,6,2,25.4143,47.2877,-4.3483,6.84,2.0648,0.11,27.4777,27.4777,False,6.9932,8.4407,1.4475,19.037
2021092604,1629,46522,Byron Pringle,WR,False,KC,3,True,5,12.2181,0.581,0.081,4.6995,1.727,0.877,1,5,0,23.7346,81.4205,6.7824,5.01,-0.2535,6.09,0.3005,0.3005,False,0.7644,-1.2977,-2.0621,1.5982
2021092604,1675,40011,Travis Kelce,TE,True,KC,3,True,15,17.6527,0.8394,0.3395,11.4649,6.252,4.8727,0,4,2,21.9836,69.6151,5.3963,1.96,1.9588,2.18,3.5351,3.5351,False,3.3896,2.9339,-0.4558,0.6012
2021092604,1716,40011,Travis Kelce,TE,True,KC,3,True,28,21.7293,1.0333,0.5333,16.9859,2.0339,-1.776,1,1,0,6.0561,49.0641,-1.1845,7.84,6.9114,2.38,11.0141,11.0141,False,10.4723,13.2499,2.7776,-2.2358
2021092604,1762,40011,Travis Kelce,TE,True,KC,3,True,7,13.0033,0.6184,0.1184,5.592,2.525,1.8888,1,4,1,19.6828,32.388,0.7136,5.66,2.6363,2.69,1.408,1.408,False,2.9148,4.4511,1.5363,-3.0431
2021092604,2045,43415,Demarcus Robinson,WR,False,KC,3,True,11,24.001,1.1413,0.6413,14.7393,3.9582,3.9211,2,3,1,18.5135,60.4607,0.5594,0.18,-0.157,3.57,-3.7393,-3.7393,True,2.6171,1.3058,-1.3113,-5.0451
2021092604,2133,43454,Tyreek Hill,WR,False,KC,3,True,12,11.0533,0.5256,0.0256,3.306,2.9431,1.6911,1,4,1,20.5948,47.334,0.782,8.46,1.0149,1.04,8.694,8.694,False,4.3474,5.3361,0.9887,3.3579
2021092604,2157,40011,Travis Kelce,TE,True,KC,3,True,8,17.4275,0.8287,0.3287,8.6371,2.8693,1.444,1,3,0,17.324,29.3729,-1.3648,1.77,-0.7692,3.53,-0.6371,-0.6371,False,5.1889,1.9841,-3.2048,-2.6212
2021092604,2496,40011,Travis Kelce,TE,True,KC,3,True,6,13.3358,0.6342,0.1342,5.9138,1.4215,1.1775,1,3,2,21.6439,60.6162,3.8044,4.35,1.3702,2.81,0.0862,0.0862,False,0.558,0.68,0.122,-0.5938
2021092604,2564,40011,Travis Kelce,TE,True,KC,3,True,23,14.4016,0.6848,0.1848,7.8138,3.5943,1.2025,2,2,0,25.588,52.0062,-8.7605,6.86,-0.0335,1.55,15.1862,15.1862,False,6.867,5.3604,-1.5066,9.8258
2021092604,2657,43454,Tyreek Hill,WR,False,KC,3,True,18,16.5,0.7846,0.2846,15.8968,3.8138,0.9182,1,2,0,8.5253,15.3632,-0.8467,6.73,0.1997,2.13,2.1032,2.1032,False,4.0023,3.0356,-0.9667,-0.9325
2021092604,2857,34540,Jared Cook,TE,True,LAC,3,True,21,17.9747,0.8548,0.3548,8.9841,1.5143,-1.0917,1,1,0,8.2522,57.0159,0.3469,7.0,6.4101,2.18,12.0159,12.0159,False,11.1611,13.9876,2.8264,-1.9716
2021092604,2914,40024,Keenan Allen,WR,False,LAC,3,True,11,17.9178,0.8521,0.3521,4.4945,7.6259,6.8156,0,2,1,11.4487,40.5455,3.234,3.65,2.0579,3.34,6.5055,6.5055,False,3.6853,4.3886,0.7034,2.1168
2021092604,2959,40024,Keenan Allen,WR,False,LAC,3,True,5,20.2506,0.963,0.463,7.6419,1.4854,1.1941,1,1,1,6.7483,26.5481,0.0037,6.27,1.5593,3.51,-2.6419,-2.6419,False,0.1229,0.7381,0.6152,-3.3801
2021092604,2983,40024,Keenan Allen,WR,False,LAC,3,True,0,11.4554,0.5447,0.0447,0.3444,3.5994,3.3071,1,3,1,14.9305,28.2656,6.9784,7.17,1.8871,2.27,-0.3444,-0.3444,False,2.6995,1.5045,-1.195,-1.8489
2021092604,3026,40024,Keenan Allen,WR,False,LAC,3,True,9,15.7066,0.7469,0.2469,6.565,2.6107,0.4305,2,4,1,22.7754,21.135,-1.1319,5.7,2.4098,0.22,2.435,2.435,False,6.6277,6.3169,-0.3107,-3.8819
2021092604,3071,44819,Mike Williams,WR,False,LAC,3,True,20,24.2631,1.1538,0.6538,13.8538,6.0507,-0.5402,0,1,0,5.2713,6.8362,-2.168,7.28,6.9346,1.43,6.1462,6.1462,False,6.0086,6.2966,0.2881,-0.1505
2021092604,3134,53591,Noah Gray,TE,True,KC,3,True,5,5.9144,0.2813,0.0,-2.76,4.6637,-3.16,1,2,0,11.33,74.97,-3.3327,7.55,1.9872,2.21,7.76,7.76,False,10.4828,9.996,-0.4868,-2.236
2021092604,3206,46526,Darrel Williams,RB,False,KC,3,True,5,10.9858,0.5224,0.0224,-4.5652,11.9146,9.7576,0,0,0,14.8034,52.9952,0.1215,6.29,1.5547,2.19,9.5652,9.5652,False,9.1393,10.2701,1.1308,-0.7049
2021092604,3344,43454,Tyreek Hill,WR,False,KC,3,True,11,17.9888,0.8554,0.3554,11.9639,4.1869,3.9066,1,2,1,5.9946,9.4861,3.8942,7.08,1.6708,4.33,-0.9639,-0.9639,False,-0.2934,-1.1197,-0.8263,0.1558
2021092604,3697,52810,Gabe Nabers,FB,False,LAC,3,True,1,5.4748,0.2603,0.0,-1.43,4.1376,3.86,2,4,1,9.94,2.42,4.1943,7.57,2.7732,1.97,2.43,2.43,False,1.1969,0.1633,-1.0336,2.2667
2021092604,3940,40024,Keenan Allen,WR,False,LAC,3,True,15,14.0489,0.6681,0.1681,7.121,2.0494,-1.7254,2,4,1,15.1077,44.329,-0.8204,6.06,5.7173,1.83,7.879,7.879,False,5.494,7.4643,1.9703,0.4147
2021092604,3981,34540,Jared Cook,TE,True,LAC,3,True,6,11.9234,0.567,0.067,1.3686,4.7635,4.2281,1,2,2,9.6516,35.2514,-6.3808,6.01,0.8748,1.19,4.6314,4.6314,False,7.2453,5.9574,-1.288,-1.326
2021092604,4145,44819,Mike Williams,WR,False,LAC,3,True,16,22.5078,1.0703,0.5703,8.7206,1.8135,0.0594,1,1,0,5.9188,11.4594,-1.2205,7.13,6.3484,1.34,7.2794,7.2794,False,3.9539,9.2508,5.2968,-1.9714
2021092605,342,40023,Terron Armstead,T,False,NO,3,True,12,3.2659,0.1553,0.0,-12.06,1.2735,-0.29,1,5,3,21.53,67.33,-1.1507,4.33,-4.1919,1.37,24.06,24.06,False,5.4635,2.9892,-2.4743,21.0708
2021092605,366,40092,Kenny Stills,WR,False,NO,3,True,17,27.95,1.3291,0.8291,15.5235,7.9039,0.832,0,2,0,15.2952,27.6365,-6.1432,2.91,-0.5747,3.37,1.4765,1.4765,False,10.1689,5.2534,-4.9155,-3.7769
2021092605,481,44879,Alvin Kamara,RB,False,NO,3,True,11,11.5622,0.5498,0.0498,5.2586,4.9134,1.2832,1,4,1,25.4415,7.2814,-0.7622,6.74,5.3913,1.4,5.7414,5.7414,False,4.9981,5.8678,0.8698,-0.1265
2021092605,580,45185,Kendrick Bourne,WR,False,NE,3,True,14,32.1452,1.5286,1.0286,17.5966,0.7194,0.3448,1,1,0,3.6039,64.0134,0.1934,5.09,-1.4907,3.71,-3.5966,-3.5966,True,4.6219,-1.0059,-5.6278,-2.5907
2021092605,668,53098,Marquez Callaway,WR,False,NO,3,True,11,26.1883,1.2453,0.7453,11.226,1.667,1.6211,1,1,1,7.6329,63.154,0.3407,2.94,-2.8362,4.61,-0.226,-0.226,False,1.6065,1.592,-0.0145,-1.8181
2021092605,718,52762,Tony Jones,RB,False,NO,3,True,6,12.3105,0.5854,0.0854,3.4988,4.5864,3.5863,1,1,1,5.0086,57.0312,3.9978,6.66,4.2012,1.85,2.5012,2.5012,False,1.2012,4.7133,3.5122,-2.2122
2021092605,771,52762,Tony Jones,RB,False,NO,3,True,4,10.5205,0.5003,0.0003,2.2604,4.4618,4.4082,1,3,1,23.3097,39.1196,6.3025,1.59,1.2433,2.68,1.7396,1.7396,False,3.1933,1.9671,-1.2262,-0.2274
2021092605,940,48097,Jakobi Meyers,WR,False,NE,3,True,7,11.3254,0.5386,0.0386,4.3707,3.3437,0.4953,1,3,1,21.1285,55.9193,4.5749,1.82,1.3154,2.98,2.6293,2.6293,False,2.02,1.9732,-0.0467,0.656
2021092605,1220,47870,Damien Harris,RB,False,NE,3,True,2,14.2003,0.6753,0.1753,2.4887,2.6629,2.3627,1,1,1,15.1118,64.6913,1.635,6.77,-0.8063,1.48,-0.4887,-0.4887,False,2.2726,1.0265,-1.2461,-1.5152
2021092605,1244,43324,Hunter Henry,TE,True,NE,3,True,9,19.3332,0.9194,0.4194,10.0214,1.9252,1.2183,1,2,0,11.2196,55.1986,0.5055,4.75,-0.1873,4.18,-1.0214,-1.0214,False,3.4223,0.4372,-2.9851,-1.4587
2021092605,1329,43324,Hunter Henry,TE,True,NE,3,True,6,15.1517,0.7205,0.2205,4.559,2.8497,2.5884,1,2,2,16.7031,51.591,7.3517,3.13,2.1723,2.79,1.441,1.441,False,0.6298,1.3418,0.712,0.0992
2021092605,1443,44879,Alvin Kamara,RB,False,NO,3,True,9,18.3066,0.8705,0.3705,-3.1658,10.1272,9.5137,0,0,0,9.2159,37.7258,1.8998,2.51,1.3066,3.77,12.1658,12.1658,False,8.2872,10.1724,1.8852,1.9935
2021092605,1580,48097,Jakobi Meyers,WR,False,NE,3,True,17,23.9002,1.1365,0.6365,16.342,1.3086,0.8946,1,3,0,12.0686,56.908,0.8209,8.57,1.4955,0.86,0.658,0.658,False,1.4446,3.9891,2.5444,-3.331
2021092605,1820,53098,Marquez Callaway,WR,False,NO,3,True,7,19.1117,0.9088,0.4088,13.842,0.6806,-0.184,1,3,0,23.1132,0.0,-0.6335,3.14,2.2553,0.83,-6.842,-5.0,True,-4.1278,-5.3941,-1.2663,0.3941
2021092605,1887,45185,Kendrick Bourne,WR,False,NE,3,True,31,14.3761,0.6836,0.1836,9.9752,5.4586,-1.5666,0,3,0,23.5213,68.5448,-4.9331,7.15,4.4938,0.61,21.0248,21.0248,False,6.3958,14.4819,8.0861,6.5429
2021092605,1978,48097,Jakobi Meyers,WR,False,NE,3,True,7,15.733,0.7482,0.2482,5.738,4.5323,3.7955,1,2,2,8.4414,23.452,1.2936,6.32,0.9996,3.96,1.262,1.262,False,2.462,3.0741,0.6121,-1.8122
2021092605,2243,43324,Hunter Henry,TE,True,NE,3,True,3,12.0004,0.5707,0.0707,3.1668,2.2852,2.0327,1,4,1,12.5452,71.5532,1.6545,4.1,-0.7528,1.71,-0.1668,-0.1668,False,2.375,0.949,-1.426,-1.1158
2021092605,2414,53098,Marquez Callaway,WR,False,NO,3,True,10,13.7684,0.6547,0.1547,4.5493,4.0208,2.7948,1,3,1,21.2488,55.2407,-0.6038,8.67,-0.1982,0.49,5.4507,5.4507,False,4.4508,7.8426,3.3918,-2.3919
2021092605,2526,48097,Jakobi Meyers,WR,False,NE,3,True,10,13.1093,0.6234,0.1234,6.2543,3.9992,1.3336,2,3,1,25.9431,85.4957,1.696,1.14,-1.0187,1.7,3.7457,3.7457,False,2.7969,0.9792,-1.8177,2.7665
2021092605,2550,45185,Kendrick Bourne,WR,False,NE,3,True,8,15.6738,0.7453,0.2453,8.2214,0.7833,0.6672,1,4,2,22.036,72.0586,3.8583,6.56,1.6768,4.64,-0.2214,-0.2214,False,0.4382,-0.0289,-0.4671,-0.1925
2021092605,2574,48097,Jakobi Meyers,WR,False,NE,3,True,27,25.9767,1.2353,0.7353,21.5615,10.706,5.0251,0,0,0,17.9617,50.6485,-1.3079,5.91,3.2525,4.14,5.4385,5.4385,False,8.7822,5.1693,-3.6129,0.2692
2021092605,2619,48097,Jakobi Meyers,WR,False,NE,3,True,7,16.9452,0.8058,0.3058,6.7372,1.0596,0.5036,1,2,1,18.1636,36.0328,0.5166,5.1,-0.663,3.54,0.2628,0.2628,False,2.0993,-0.1713,-2.2706,0.4341
2021092605,2690,43324,Hunter Henry,TE,True,NE,3,True,9,17.6263,0.8382,0.3382,9.0222,2.5609,0.8578,2,4,2,16.1791,25.2378,-1.1892,5.68,-0.0525,2.81,-0.0222,-0.0222,False,3.0361,0.9732,-2.0629,-0.9954
2021092605,2735,53000,J.J. Taylor,RB,False,NE,3,True,4,19.4304,0.924,0.424,4.6744,2.1192,1.7189,1,2,1,6.0146,18.4856,1.9047,1.84,-0.2019,5.25,-0.6744,-0.6744,False,0.1815,-0.3265,-0.508,-0.3479
2021092605,2759,48097,Jakobi Meyers,WR,False,NE,3,True,4,11.9562,0.5686,0.0686,4.1041,1.5674,1.5355,1,4,1,24.8941,15.2859,1.2194,6.12,-0.8147,1.12,-0.1041,-0.1041,False,2.1332,0.335,-1.7982,-0.4391
2021092605,2783,42363,Nelson Agholor,WR,False,NE,3,True,4,9.7968,0.4659,0.0,-0.52,3.3425,2.81,1,5,1,17.5,15.96,3.5849,2.65,2.4235,2.8,4.52,4.52,False,5.6174,5.8752,0.2577,-1.3552
2021092605,2849,44912,Jonnu Smith,TE,True,NE,3,True,4,13.9682,0.6642,0.1642,-4.6302,11.4114,-1.8915,0,0,0,13.1891,17.5002,-2.5375,3.86,1.399,2.3,8.6302,8.6302,False,8.9365,9.707,0.7705,-1.0767
2021092605,3045,45185,Kendrick Bourne,WR,False,NE,3,True,11,19.1203,0.9092,0.4092,10.5176,1.8615,1.725,1,2,1,13.3391,66.4424,3.0957,0.39,-0.0304,1.1,0.4824,0.4824,False,1.1095,-0.0402,-1.1497,0.5226
2021092605,3069,48097,Jakobi Meyers,WR,False,NE,3,True,5,11.7036,0.5565,0.0565,4.7791,0.9424,0.9405,1,3,1,20.3437,61.0809,1.3055,4.59,-0.7228,4.33,0.2209,0.2209,False,0.6614,0.1007,-0.5607,0.1201
2021092605,3317,45185,Kendrick Bourne,WR,False,NE,3,True,22,16.7812,0.798,0.298,7.3918,1.3327,0.5722,1,2,0,8.3317,14.5482,0.3939,7.23,5.8447,3.07,14.6082,14.6082,False,3.1637,7.7068,4.5431,6.9014
2021092605,3769,43324,Hunter Henry,TE,True,NE,3,True,9,7.7789,0.3699,0.0,2.51,6.9274,3.41,0,4,1,20.58,72.48,7.3182,5.87,1.4985,1.53,6.49,6.49,False,6.3142,4.8918,-1.4225,1.5982
2021092605,3815,45185,Kendrick Bourne,WR,False,NE,3,True,10,14.8303,0.7052,0.2052,6.4963,1.9219,0.7697,1,5,0,23.1261,60.3137,-0.576,6.73,1.8821,1.51,3.5037,3.5037,False,5.3871,5.2371,-0.1501,-1.7333
2021092605,3878,39212,Brandon Bolden,RB,False,NE,3,True,4,10.4626,0.4975,0.0,-3.78,9.6903,9.49,0,1,1,13.06,59.66,6.0507,6.03,2.9812,2.36,7.78,7.78,False,9.8242,8.8235,-1.0008,-1.0435
2021092605,3907,39212,Brandon Bolden,RB,False,NE,3,True,5,17.8241,0.8476,0.3476,4.2699,3.6446,3.6151,1,1,1,8.5046,47.6101,1.3285,3.53,-1.2662,1.63,0.7301,0.7301,False,1.4742,1.6902,0.2159,-0.9601
2021092605,4020,48097,Jakobi Meyers,WR,False,NE,3,True,10,18.3444,0.8723,0.3723,10.9628,8.9293,8.7964,0,1,1,21.0166,38.4972,2.5727,5.86,0.5179,0.01,-0.9628,-0.9628,False,4.854,5.0107,0.1567,-5.9735
2021092605,4061,39212,Brandon Bolden,RB,False,NE,3,True,14,12.6406,0.6011,0.1011,5.6461,0.5937,0.185,1,2,0,15.7875,33.2639,1.3076,6.06,1.5439,2.78,8.3539,8.3539,False,0.3854,0.6232,0.2378,7.7307
2021092606,76,42469,Mike Davis,RB,False,ATL,3,True,3,12.246,0.5823,0.0823,-4.316,6.585,-1.2422,0,1,0,8.4042,75.796,-4.0256,4.37,0.6557,1.68,7.316,7.316,False,10.3587,9.6695,-0.6892,-2.3535
2021092606,159,39975,Cordarrelle Patterson,RB,False,ATL,3,True,8,11.8911,0.5655,0.0655,-5.8555,6.3518,-3.2906,0,1,0,10.6793,70.7855,-4.2118,6.22,2.2078,3.06,13.8555,13.8555,False,9.689,10.1377,0.4487,3.7177
2021092606,232,46071,Saquon Barkley,RB,False,NYG,3,True,14,6.3455,0.3018,0.0,0.06,3.7942,0.84,1,5,1,17.09,80.01,-3.9313,6.21,0.5812,1.05,13.94,13.94,False,5.7373,7.3783,1.641,6.5617
2021092606,319,47954,Darius Slayton,WR,False,NYG,3,True,8,16.8988,0.8036,0.3036,6.3077,4.4341,1.9895,1,2,1,13.9465,61.9923,-1.2156,3.64,1.5734,1.42,1.6923,1.6923,False,5.9235,6.1407,0.2172,-4.4483
2021092606,343,45255,C.J. Board,WR,False,NYG,3,True,38,27.1765,1.2923,0.7923,24.1986,0.7708,-0.6654,1,1,0,3.6334,37.1114,-0.1538,9.34,9.3376,1.27,13.8014,13.8014,False,11.8747,15.4214,3.5466,-1.6199
2021092606,551,46095,Calvin Ridley,WR,False,ATL,3,True,19,15.9941,0.7606,0.2606,11.7397,3.0741,-1.7411,2,4,2,23.8285,67.5403,5.79,6.49,3.7595,1.89,7.2603,7.2603,False,2.2545,2.903,0.6485,4.3573
2021092606,677,44908,Kenny Golladay,WR,False,NYG,3,True,19,22.7546,1.0821,0.5821,11.3874,2.7584,2.1142,1,2,1,16.0905,77.7726,2.8768,1.76,-1.7224,3.23,7.6126,7.6126,False,0.8729,-0.0968,-0.9696,7.7093
2021092606,727,44835,Evan Engram,TE,True,NYG,3,True,8,15.6407,0.7438,0.2438,7.6918,1.7417,1.1387,1,3,0,24.7018,65.4382,2.313,0.96,0.1306,3.03,0.3082,0.3082,False,2.1202,1.2115,-0.9087,-0.9034
2021092606,836,37234,Lee Smith,TE,True,ATL,3,True,3,5.3373,0.2538,0.0,-1.16,5.1668,3.81,0,4,1,15.2,61.21,4.7376,5.13,2.2818,1.52,4.16,4.16,False,5.613,7.7163,2.1033,-3.5563
2021092606,860,46095,Calvin Ridley,WR,False,ATL,3,True,4,13.9877,0.6652,0.1652,1.711,4.4817,2.0459,1,2,1,17.2607,55.479,-0.5009,4.84,0.0667,1.38,2.289,2.289,False,5.0813,5.3045,0.2232,-3.0156
2021092606,1017,44908,Kenny Golladay,WR,False,NYG,3,True,18,17.1,0.8132,0.3132,9.394,5.8374,-0.357,0,3,1,16.552,60.786,5.838,6.55,4.3556,1.44,8.606,8.606,False,3.5521,5.161,1.6089,3.445
2021092606,1041,43329,Sterling Shepard,WR,False,NYG,3,True,12,22.4908,1.0695,0.5695,14.2481,3.2516,2.7841,1,4,1,22.4869,37.8619,0.0446,1.6,-0.7759,2.34,-2.2481,-2.2481,False,3.3042,1.642,-1.6622,-3.8901
2021092606,1108,53449,Kadarius Toney,WR,False,NYG,3,True,9,15.2117,0.7234,0.2234,5.8804,3.1817,1.6845,1,2,1,23.1148,31.5296,2.1942,5.02,-1.4308,2.88,3.1196,3.1196,False,3.9024,1.6452,-2.2571,1.4744
2021092606,1271,52573,Collin Johnson,WR,False,NYG,3,True,16,26.3083,1.2511,0.7511,12.8817,2.2122,2.1138,1,1,1,6.5077,16.1983,-0.2667,1.58,-1.3691,6.3,3.1183,3.1183,False,-0.1105,-0.76,-0.6495,3.8783
2021092606,1339,39975,Cordarrelle Patterson,RB,False,ATL,3,True,9,18.4077,0.8754,0.3754,2.695,4.5379,4.4941,1,1,1,5.0852,78.685,2.3436,2.35,-0.7593,4.04,6.305,6.305,False,1.655,1.8904,0.2354,4.4146
2021092606,1427,46095,Calvin Ridley,WR,False,ATL,3,True,20,9.9378,0.4726,0.0,2.39,3.6676,1.03,1,3,0,26.5,57.83,-0.4788,8.77,0.3336,0.51,17.61,17.61,False,7.6129,9.5517,1.9389,8.0583
2021092606,1488,46095,Calvin Ridley,WR,False,ATL,3,True,4,12.0554,0.5733,0.0733,4.6513,6.1123,6.1066,0,4,1,24.674,45.8887,0.7315,6.61,-0.2549,1.18,-0.6513,-0.6513,False,6.0542,5.1613,-0.8929,-5.8126
2021092606,1512,46095,Calvin Ridley,WR,False,ATL,3,True,6,13.7174,0.6523,0.1523,6.1173,1.2929,0.7756,2,2,1,16.3559,40.0827,3.4998,1.13,0.7702,3.2,-0.1173,-0.1173,False,0.1515,0.0573,-0.0943,-0.1746
2021092606,1696,45255,C.J. Board,WR,False,NYG,3,True,15,24.4821,1.1642,0.6642,10.4509,3.551,3.202,1,1,1,7.0376,82.7791,-0.8945,1.45,-1.2181,2.49,4.5491,4.5491,False,0.0062,1.0347,1.0285,3.5144
2021092606,1838,42469,Mike Davis,RB,False,ATL,3,True,12,9.9285,0.4721,0.0,-1.46,9.7544,9.73,0,2,2,11.73,43.02,2.1312,6.19,1.1503,1.31,13.46,13.46,False,9.0816,9.009,-0.0726,4.451
2021092606,1867,48374,Olamide Zaccheaus,WR,False,ATL,3,True,14,19.5445,0.9294,0.4294,14.9366,1.9541,1.7486,2,4,1,26.1555,14.0334,9.5992,8.32,2.8565,1.94,-0.9366,-0.9366,False,0.4315,2.0417,1.6102,-2.9783
2021092606,1902,46095,Calvin Ridley,WR,False,ATL,3,True,3,10.0404,0.4775,0.0,-6.75,4.4785,-2.37,1,1,0,14.29,14.38,-1.9525,7.38,4.1546,2.7,9.75,9.75,False,13.0499,13.6001,0.5502,-3.8501
2021092606,1987,48374,Olamide Zaccheaus,WR,False,ATL,3,True,4,11.5874,0.551,0.051,5.7995,3.5547,-0.4061,1,3,0,25.8221,0.0,2.7448,4.53,2.3412,1.39,-1.7995,-1.7995,False,-3.0184,-3.6335,-0.6151,1.834
2021092606,2043,46071,Saquon Barkley,RB,False,NYG,3,True,0,11.9504,0.5683,0.0683,-6.3605,12.1749,-1.6051,0,0,0,13.5335,81.4705,-8.2433,5.81,1.3109,2.75,6.3605,6.3605,False,13.9358,11.9814,-1.9543,-5.6209
2021092606,2067,44835,Evan Engram,TE,True,NYG,3,True,13,16.3524,0.7776,0.2776,9.7936,6.2372,0.0114,0,3,1,26.0585,65.4864,3.3945,1.25,1.1297,3.8,3.2064,3.2064,False,3.9178,3.4859,-0.4319,-0.2795
2021092606,2137,42469,Mike Davis,RB,False,ATL,3,True,1,8.0781,0.3841,0.0,1.3,2.6249,2.48,2,7,2,23.59,35.12,4.3956,1.65,0.1487,2.43,-0.3,-0.3,False,1.6858,1.5839,-0.1019,-1.8839
2021092606,2314,52573,Collin Johnson,WR,False,NYG,3,True,13,27.534,1.3093,0.8093,13.0034,3.3636,2.5234,1,4,2,6.6072,69.7966,-0.3193,1.54,0.2266,6.12,-0.0034,-0.0034,False,0.6333,-0.993,-1.6263,0.9896
2021092606,2338,44908,Kenny Golladay,WR,False,NYG,3,True,11,18.8705,0.8974,0.3974,9.5011,1.6655,1.6655,1,3,1,12.2318,60.4889,-0.8443,0.91,0.9089,4.7,1.4989,1.4989,False,1.7573,0.5684,-1.189,0.9305
2021092606,2522,39975,Cordarrelle Patterson,RB,False,ATL,3,True,12,11.4477,0.5444,0.0444,3.5277,8.8129,7.6993,0,1,1,17.8772,86.6723,1.1902,4.87,4.2286,2.15,8.4723,8.4723,False,9.4477,12.0828,2.6352,-3.6105
2021092606,2622,52573,Collin Johnson,WR,False,NYG,3,True,10,21.219,1.009,0.509,8.2592,3.6997,-1.636,1,2,1,6.7204,53.0408,3.8081,1.0,0.2735,5.03,1.7408,1.7408,False,3.4385,3.0095,-0.429,-1.2687
2021092606,2875,37234,Lee Smith,TE,True,ATL,3,True,3,8.7551,0.4163,0.0,1.02,5.6754,-2.18,0,4,2,18.23,65.26,-1.0983,3.55,1.2589,0.48,1.98,1.98,False,9.9244,10.0683,0.1438,-8.0883
2021092606,3036,52573,Collin Johnson,WR,False,NYG,3,True,7,17.8365,0.8482,0.3482,5.3539,4.6007,4.0926,1,2,2,12.0614,36.2261,2.5058,4.26,1.9353,0.64,1.6461,1.6461,False,1.3667,2.6908,1.3241,-1.0446
2021092606,3121,52573,Collin Johnson,WR,False,NYG,3,True,5,13.7691,0.6548,0.1548,5.2835,0.8768,0.8673,1,2,1,21.7806,24.4265,2.717,1.13,0.2812,3.22,-0.2835,-0.2835,False,0.4354,0.3389,-0.0965,-0.6225
2021092606,3162,44908,Kenny Golladay,WR,False,NYG,3,True,16,26.3156,1.2514,0.7514,12.8197,3.8615,-1.9044,2,2,0,14.0135,11.2503,-1.2612,0.89,-0.8122,1.7,3.1803,3.1803,False,6.8579,4.2134,-2.6446,-1.0331
2021092606,3298,39975,Cordarrelle Patterson,RB,False,ATL,3,True,-1,9.925,0.472,0.0,-4.72,5.8666,5.77,0,2,1,9.78,73.87,4.2412,3.08,0.5221,2.27,3.72,3.72,False,5.3445,4.8003,-0.5443,-1.0803
2021092606,3339,53433,Kyle Pitts,TE,True,ATL,3,True,10,16.9052,0.8039,0.3039,9.7189,1.4578,0.7253,2,3,1,23.1542,60.3511,0.39,6.97,1.2139,2.86,0.2811,0.2811,False,3.1874,1.3791,-1.8083,-1.098
2021092606,3384,39975,Cordarrelle Patterson,RB,False,ATL,3,True,26,9.6739,0.46,0.0,1.76,6.6115,-6.1,0,3,0,17.62,55.56,-2.2517,4.61,4.0421,1.86,24.24,24.24,False,13.7246,14.3959,0.6713,9.8441
2021092606,3439,42469,Mike Davis,RB,False,ATL,3,True,4,22.5519,1.0724,0.5724,-7.8983,9.5802,0.2759,0,1,0,3.0576,36.8083,-0.9378,3.53,1.4879,2.17,11.8983,11.8983,False,7.9116,6.1707,-1.7409,5.7276
2021092606,3468,43429,Tajae Sharpe,WR,False,ATL,3,True,6,21.5345,1.024,0.524,4.1276,2.159,1.2897,1,2,0,14.7743,20.8224,0.1488,5.14,1.3121,1.39,1.8724,1.8724,False,4.6998,4.1503,-0.5494,-2.2779
2021092606,3511,48374,Olamide Zaccheaus,WR,False,ATL,3,True,14,18.9953,0.9033,0.4033,7.6998,3.8066,0.1528,1,3,1,8.3436,17.7002,-3.2926,7.08,1.1649,4.82,6.3002,6.3002,False,2.4257,2.3647,-0.061,3.9355
2021092606,3564,46095,Calvin Ridley,WR,False,ATL,3,True,1,8.2802,0.3938,0.0,2.0,1.1552,0.76,1,6,1,19.18,5.1,-0.0329,8.01,0.2544,1.85,-1.0,-1.0,False,3.0436,2.4117,-0.6319,-3.4117
2021092606,3664,37234,Lee Smith,TE,True,ATL,3,True,1,8.1302,0.3866,0.0,4.2,1.798,-0.78,2,9,0,20.21,0.0,0.3437,4.32,3.834,0.48,-3.2,-3.2,True,-3.8827,-2.6764,1.2063,-0.5236
2021092606,3720,46071,Saquon Barkley,RB,False,NYG,3,True,4,11.5714,0.5503,0.0503,-0.6549,9.114,7.7559,0,1,1,11.5069,75.8849,0.6387,4.96,1.0963,2.2,4.6549,4.6549,False,11.0815,9.0792,-2.0023,-4.4243
2021092606,3770,47959,Kaden Smith,TE,True,NYG,3,True,9,11.7283,0.5577,0.0577,4.491,6.9538,3.255,0,3,1,24.4665,60.699,3.379,1.28,0.8837,4.7,4.509,4.509,False,3.7802,3.7617,-0.0185,0.7473
2021092606,4022,53433,Kyle Pitts,TE,True,ATL,3,True,25,19.5282,0.9286,0.4286,15.0829,5.1085,-0.9124,0,2,0,11.5705,35.0171,-1.9669,6.85,4.3461,4.31,9.9171,9.9171,False,11.4301,7.3295,-4.1006,2.5876
2021092607,390,53453,Najee Harris,RB,False,PIT,3,True,12,13.5643,0.645,0.145,0.8964,5.1622,1.9517,0,2,0,8.0398,86.4536,-2.8222,5.9,0.6648,1.15,11.1036,11.1036,False,7.7772,8.3791,0.6019,2.7245
2021092607,697,53434,Ja'Marr Chase,WR,False,CIN,3,True,15,21.4097,1.0181,0.5181,11.649,4.3187,-1.5046,1,2,1,4.7683,27.891,-0.8483,5.77,3.3564,5.56,3.351,3.351,False,4.9788,1.2115,-3.7673,2.1396
2021092607,765,43344,Tyler Boyd,WR,False,CIN,3,True,7,20.1744,0.9594,0.4594,1.4835,8.221,8.175,0,1,1,6.4025,22.4165,-2.5897,4.27,0.7913,3.15,5.5165,5.5165,False,6.2284,7.9357,1.7073,-2.4192
2021092607,789,43344,Tyler Boyd,WR,False,CIN,3,True,17,11.8796,0.5649,0.0649,2.9207,2.3565,1.22,1,1,0,21.998,13.8893,-0.899,5.15,-0.6053,2.6,14.0793,14.0793,False,7.6625,3.9163,-3.7462,10.163
2021092607,962,52457,Chase Claypool,WR,False,PIT,3,True,6,13.4855,0.6413,0.1413,5.0469,0.3233,0.3233,1,3,1,17.737,62.1631,0.6824,1.01,-0.8003,1.91,0.9531,0.9531,False,0.4774,0.4392,-0.0382,0.5138
2021092607,1099,52457,Chase Claypool,WR,False,PIT,3,True,3,15.5657,0.7402,0.2402,3.0052,2.9704,2.2951,1,4,2,19.0509,45.9348,0.6075,1.89,-1.6019,1.81,-0.0052,-0.0052,False,5.9254,2.1542,-3.7712,-2.1594
2021092607,1288,53453,Najee Harris,RB,False,PIT,3,True,7,7.0157,0.3336,0.0,-7.39,7.3499,7.33,0,2,1,13.75,91.45,6.2958,5.26,2.3986,4.12,14.39,14.39,False,8.4297,8.5714,0.1416,5.8186
2021092607,1312,53484,Pat Freiermuth,TE,True,PIT,3,True,3,13.91,0.6615,0.1615,2.912,3.7743,2.6656,2,3,0,20.2355,74.988,5.9655,2.44,2.2419,1.85,0.088,0.088,False,3.7302,4.8821,1.1519,-4.7941
2021092607,1355,44874,JuJu Smith-Schuster,WR,False,PIT,3,True,16,11.7886,0.5606,0.0606,3.6258,8.2682,5.7431,0,3,0,25.9199,76.3842,-1.0032,3.01,1.0856,3.21,12.3742,12.3742,False,10.6927,9.3745,-1.3182,2.9998
2021092607,1477,44874,JuJu Smith-Schuster,WR,False,PIT,3,True,6,15.4503,0.7347,0.2347,6.301,2.2201,0.418,2,4,0,23.0692,32.689,1.8067,5.54,1.5382,2.72,-0.301,-0.301,False,3.3548,2.5118,-0.843,-2.8129
2021092607,1501,53453,Najee Harris,RB,False,PIT,3,True,6,11.1986,0.5325,0.0325,4.1403,3.0304,1.3087,1,3,1,26.3624,28.6597,7.4979,5.0,1.2401,3.75,1.8597,1.8597,False,0.7607,0.4938,-0.2669,1.3659
2021092607,1587,53453,Najee Harris,RB,False,PIT,3,True,18,5.7185,0.2719,0.0,-6.19,4.3941,0.46,1,3,0,21.22,27.97,-5.5984,6.85,0.597,2.44,24.19,24.19,False,11.1608,8.5258,-2.635,15.6642
2021092607,1684,43344,Tyler Boyd,WR,False,CIN,3,True,7,12.1007,0.5754,0.0754,3.9053,4.9751,4.9259,1,4,1,22.5437,71.4847,-0.4838,2.49,-0.8582,0.88,3.0947,3.0947,False,5.8692,3.4916,-2.3776,-0.3969
2021092607,1752,43495,Mike Thomas,WR,False,CIN,3,True,19,18.4407,0.8769,0.3769,10.0854,5.8058,4.36,0,3,1,14.2637,43.4346,-0.4141,6.23,4.2592,2.44,8.9146,8.9146,False,3.4586,7.0305,3.5719,1.8841
2021092607,1793,53434,Ja'Marr Chase,WR,False,CIN,3,True,34,26.8046,1.2747,0.7747,20.9576,1.5585,-0.1626,1,1,0,6.4133,13.2824,-1.612,8.61,8.207,2.0,13.0424,13.0424,False,4.4804,9.4945,5.0141,3.548
2021092607,1954,46322,Auden Tate,WR,False,CIN,3,True,21,25.9734,1.2351,0.7351,18.6574,8.07,-1.1124,0,3,1,25.4388,48.9526,-2.0152,7.0,1.2071,0.35,2.3426,2.3426,False,6.8295,6.0528,-0.7767,-3.7101
2021092607,2072,46322,Auden Tate,WR,False,CIN,3,True,14,17.1935,0.8176,0.3176,8.5304,2.1022,1.1456,1,2,1,16.917,60.6696,0.5643,7.02,2.9923,1.82,5.4696,5.4696,False,3.6721,7.1318,3.4597,-1.6622
2021092607,2151,44927,Samaje Perine,RB,False,CIN,3,True,8,18.659,0.8873,0.3873,4.0953,5.3175,3.5939,0,2,1,6.3124,45.1647,0.951,0.97,0.2977,3.11,3.9047,3.9047,False,2.29,2.2065,-0.0835,1.6983
2021092607,2218,53631,Chris Evans,RB,False,CIN,3,True,14,8.6055,0.4092,0.0,0.09,3.8373,3.45,1,6,2,21.58,36.85,0.6687,7.23,0.2473,0.95,13.91,13.91,False,4.85,2.3916,-2.4584,11.5184
2021092607,2301,43344,Tyler Boyd,WR,False,CIN,3,True,5,11.7965,0.561,0.061,3.7072,3.0471,1.5791,1,2,1,22.2213,26.6728,-0.3835,3.94,0.4453,3.4,1.2928,1.2928,False,5.7882,3.7265,-2.0617,-2.4337
2021092607,2381,53453,Najee Harris,RB,False,PIT,3,True,6,17.437,0.8292,0.3292,-1.011,7.8718,7.8718,0,1,1,8.5243,76.401,1.422,1.17,0.817,2.54,7.011,7.011,False,7.9892,8.7019,0.7127,-1.6909
2021092607,2506,53434,Ja'Marr Chase,WR,False,CIN,3,True,9,25.8779,1.2306,0.7306,16.9858,3.832,-0.9851,1,1,0,22.2622,0.0,0.2149,8.19,1.4588,1.21,-7.9858,-5.0,True,-4.3625,-3.0556,1.3069,-1.9444
2021092607,2569,53484,Pat Freiermuth,TE,True,PIT,3,True,15,17.8703,0.8498,0.3498,10.7881,2.3347,-0.4588,1,3,0,21.4648,65.3519,0.4125,3.34,1.6528,4.16,4.2119,4.2119,False,8.4304,4.567,-3.8634,-0.3552
2021092607,2614,53453,Najee Harris,RB,False,PIT,3,True,21,6.106,0.2904,0.0,-1.21,5.1089,-2.63,0,4,1,23.16,61.99,-4.461,5.19,1.6322,1.27,22.21,22.21,False,6.6457,8.7352,2.0895,13.4748
2021092607,2797,44860,Joe Mixon,RB,False,CIN,3,True,4,10.1965,0.4849,0.0,-1.24,2.7837,1.85,1,2,1,11.1,67.19,1.2438,6.66,2.6183,1.55,5.24,5.24,False,4.931,6.5864,1.6554,-1.3464
2021092607,2923,52457,Chase Claypool,WR,False,PIT,3,True,16,19.0834,0.9075,0.4075,10.2632,0.7653,0.2642,1,3,1,17.4122,87.0968,1.5669,6.33,2.8056,1.55,5.7368,5.7368,False,0.2938,2.1028,1.809,3.634
2021092607,3011,46256,Ray-Ray McCloud,WR,False,PIT,3,True,24,22.7965,1.0841,0.5841,14.4203,1.2443,-0.6552,1,2,0,10.0889,61.4297,-0.1808,7.05,5.7877,5.11,9.5797,9.5797,False,15.3625,8.8989,-6.4636,0.6808
2021092607,3040,53453,Najee Harris,RB,False,PIT,3,True,0,7.6892,0.3656,0.0,-0.41,7.2649,-5.28,0,5,1,22.84,53.37,-4.7098,4.73,0.533,2.8,0.41,0.41,False,8.8893,7.399,-1.4903,-6.989
2021092607,3070,52793,Cody White,WR,False,PIT,3,True,6,9.9768,0.4744,0.0,1.8,6.0882,6.07,0,5,2,17.52,50.06,1.2963,7.21,-0.0352,1.76,4.2,4.2,False,6.2821,4.8809,-1.4012,-0.6809
2021092607,3094,52457,Chase Claypool,WR,False,PIT,3,True,8,20.8902,0.9934,0.4934,-0.4839,5.6272,5.593,0,1,1,8.3222,46.4939,4.2222,0.79,0.3568,0.77,8.4839,8.4839,False,5.3111,4.3956,-0.9155,4.0884
2021092607,3118,46256,Ray-Ray McCloud,WR,False,PIT,3,True,3,10.4202,0.4955,0.0,2.81,5.2976,3.83,0,4,1,23.29,35.7,5.9287,4.1,0.0064,2.53,0.19,0.19,False,3.7256,2.6773,-1.0484,-2.4873
2021092607,3142,46256,Ray-Ray McCloud,WR,False,PIT,3,True,6,11.148,0.5301,0.0301,4.0042,5.9841,4.6014,0,3,1,25.5218,31.1958,6.3871,5.55,1.7987,0.93,1.9958,1.9958,False,2.1463,1.1007,-1.0456,0.8951
2021092607,3237,46129,James Washington,WR,False,PIT,3,True,8,25.2127,1.199,0.699,10.5914,4.0184,2.6879,1,1,0,3.9972,7.2986,-0.8244,5.06,1.7331,5.76,-2.5914,-2.5914,False,1.8301,0.0069,-1.8233,-2.5982
2021092607,3261,53453,Najee Harris,RB,False,PIT,3,True,7,12.3155,0.5856,0.0856,1.7048,0.888,0.0287,3,5,1,13.8136,8.2952,0.7822,4.72,3.6754,0.96,5.2952,5.2952,False,1.4324,4.2094,2.777,1.0858
2021092607,3362,53453,Najee Harris,RB,False,PIT,3,True,5,13.4393,0.6391,0.1391,4.6837,6.9426,4.6466,0,3,0,13.1076,16.5963,-0.4554,5.21,1.5363,3.04,0.3163,0.3163,False,8.7732,7.4288,-1.3444,-7.1125
2021092607,3386,53453,Najee Harris,RB,False,PIT,3,True,8,12.9548,0.616,0.116,4.7522,8.0605,6.6218,0,2,2,11.184,12.0778,3.3719,5.32,1.9143,3.16,3.2478,3.2478,False,2.4798,2.9939,0.5141,0.254
2021092607,3523,53434,Ja'Marr Chase,WR,False,CIN,3,True,7,16.4927,0.7843,0.2843,6.7813,1.107,1.0377,1,2,1,21.4685,65.1987,3.5028,5.95,2.0448,3.33,0.2187,0.2187,False,0.4841,1.1688,0.6847,-0.9501
2021092607,3610,52793,Cody White,WR,False,PIT,3,True,11,28.7584,1.3676,0.8676,12.7047,1.5789,0.9915,1,2,0,4.1251,72.2253,-0.6699,3.32,-0.8475,5.13,-1.7047,-1.7047,False,1.099,-1.6422,-2.7413,-0.0625
2021092607,3634,52457,Chase Claypool,WR,False,PIT,3,True,17,25.7946,1.2266,0.7266,14.6597,4.2073,3.8258,1,3,1,8.5027,59.5403,-0.364,3.46,2.8484,6.11,2.3403,2.3403,False,1.0447,1.5121,0.4675,0.8282
2021092607,3663,53453,Najee Harris,RB,False,PIT,3,True,5,8.7999,0.4185,0.0,0.9,6.7743,5.56,0,5,2,24.62,55.97,4.5872,4.74,0.3669,1.38,4.1,4.1,False,7.5743,5.9311,-1.6432,-1.8311
2021092607,3687,52457,Chase Claypool,WR,False,PIT,3,True,29,27.5757,1.3113,0.8113,23.662,7.187,-0.2716,0,1,0,6.4337,28.138,4.1491,6.3,6.2762,1.01,5.338,5.338,False,9.1985,7.8252,-1.3733,-2.4872
2021092607,3711,53453,Najee Harris,RB,False,PIT,3,True,9,9.8303,0.4675,0.0,-1.71,9.963,-5.31,0,1,0,13.09,25.23,-5.8398,4.16,2.7423,2.24,10.71,10.71,False,11.592,11.193,-0.3991,-0.483
2021092607,3738,53453,Najee Harris,RB,False,PIT,3,True,3,12.9403,0.6154,0.1154,3.1258,2.0505,1.6551,1,3,2,10.844,10.6942,1.4929,5.76,0.9169,3.31,-0.1258,-0.1258,False,1.6736,1.9643,0.2908,-2.0901
2021092607,3804,46129,James Washington,WR,False,PIT,3,True,8,10.6343,0.5057,0.0057,2.6419,9.21,-8.1387,0,2,1,21.8739,16.4181,0.8394,2.85,0.336,3.22,5.3581,5.3581,False,8.7888,8.6017,-0.1871,-3.2437
2021092607,3867,53453,Najee Harris,RB,False,PIT,3,True,-1,6.7819,0.3225,0.0,-5.79,5.3481,4.0,0,4,2,20.18,16.81,0.8159,5.6,1.8028,2.25,4.79,4.79,False,6.6463,7.6445,0.9982,-2.8545
2021092607,4054,53453,Najee Harris,RB,False,PIT,3,True,8,8.447,0.4017,0.0,-3.89,7.3306,0.77,0,2,0,13.75,77.79,-1.9867,5.33,3.1412,2.4,11.89,11.89,False,11.4696,12.0241,0.5545,-0.1341
2021092608,288,43334,Derrick Henry,RB,False,TEN,3,True,6,13.9812,0.6649,0.1649,-2.7686,10.6153,8.8635,0,0,0,6.6684,50.1486,3.4662,4.2,2.6169,2.16,8.7686,8.7686,False,7.1113,10.1654,3.0541,-1.3968
2021092608,355,37079,Julio Jones,WR,False,TEN,3,True,15,13.442,0.6392,0.1392,5.8793,3.304,0.6937,1,3,1,14.8574,36.3707,-2.3099,9.07,1.1446,1.1,9.1207,9.1207,False,6.0515,7.8156,1.7641,1.305
2021092608,448,43556,Chester Rogers,WR,False,TEN,3,True,6,12.6308,0.6006,0.1006,6.4107,1.4314,0.2478,1,4,0,20.0017,0.0493,0.5637,7.78,2.5906,1.01,-0.4107,-0.4107,False,-1.2515,-1.5047,-0.2532,1.094
2021092608,565,40641,Jack Doyle,TE,True,IND,3,True,10,16.3237,0.7763,0.2763,10.5155,2.9757,2.9668,1,3,1,23.0289,58.0545,5.9676,6.3,2.1196,2.81,-0.5155,-0.5155,False,2.3406,1.5627,-0.7779,-2.0782
2021092608,657,53074,Nick Westbrook-Ikhine,WR,False,TEN,3,True,9,12.5696,0.5977,0.0977,5.1761,4.0489,3.8919,2,2,1,19.026,70.0339,1.324,1.74,1.2908,4.84,3.8239,3.8239,False,3.0498,3.6453,0.5956,0.1785
2021092608,724,42589,Geoff Swaim,TE,True,TEN,3,True,3,8.7692,0.417,0.0,2.7,2.3978,2.17,1,2,1,12.4,60.33,1.7754,7.27,0.7978,1.28,0.3,0.3,False,2.6961,3.026,0.3299,-2.726
2021092608,929,52442,Michael Pittman,WR,False,IND,3,True,8,15.1003,0.7181,0.2181,5.3054,0.8209,0.7672,2,6,1,15.4804,40.5846,2.9818,5.39,1.6298,2.48,2.6946,2.6946,False,0.4138,1.0712,0.6574,1.6234
2021092608,1144,37079,Julio Jones,WR,False,TEN,3,True,25,21.4124,1.0182,0.5182,18.7205,5.8515,-5.6908,0,2,1,8.4326,53.7195,0.1406,8.01,5.8285,4.27,6.2795,6.2795,False,4.0217,6.1636,2.1419,0.1158
2021092608,1236,37079,Julio Jones,WR,False,TEN,3,True,7,13.8872,0.6604,0.1604,3.6653,0.6006,0.1476,2,2,0,17.5691,29.6647,2.3607,2.77,-0.3409,1.78,3.3347,3.3347,False,2.6448,1.3502,-1.2946,1.9845
2021092608,1281,53074,Nick Westbrook-Ikhine,WR,False,TEN,3,True,18,18.8114,0.8945,0.3945,7.0766,8.8934,3.32,0,1,0,17.7994,11.3734,-4.2407,6.68,3.9706,0.92,10.9234,10.9234,False,7.8897,7.9653,0.0756,2.9581
2021092608,1365,47842,Parris Campbell,WR,False,IND,3,True,4,14.4519,0.6872,0.1872,4.0169,5.7628,5.7074,0,3,3,13.5844,74.3731,2.9752,6.92,-0.07,2.79,-0.0169,-0.0169,False,2.6252,1.3529,-1.2723,-1.3698
2021092608,1727,52442,Michael Pittman,WR,False,IND,3,True,18,25.3728,1.2066,0.7066,18.6229,5.6374,-4.3929,0,3,0,22.1923,30.0771,-2.9275,6.18,2.9621,4.69,-0.6229,-0.6229,False,11.0361,6.216,-4.8201,-6.8389
2021092608,1857,45102,Zach Pascal,WR,False,IND,3,True,4,15.5778,0.7408,0.2408,4.3878,1.7617,1.7382,2,2,2,14.2714,70.6322,2.2225,6.41,-0.5074,3.53,-0.3878,-0.3878,False,0.5868,0.0648,-0.522,-0.4526
2021092608,1998,52442,Michael Pittman,WR,False,IND,3,True,3,17.6431,0.839,0.339,2.673,1.2278,1.1007,1,2,2,13.967,41.567,1.879,3.88,1.0415,2.54,0.327,0.327,False,1.7397,2.8411,1.1013,-2.5141
2021092608,2135,47842,Parris Campbell,WR,False,IND,3,True,5,18.0728,0.8594,0.3594,3.9137,0.3602,-0.184,2,6,1,20.423,16.1563,-0.9546,7.56,2.876,0.21,1.0863,1.0863,False,1.0132,5.1272,4.1141,-4.0409
2021092608,2432,46836,Cameron Batson,WR,False,TEN,3,True,13,27.9115,1.3273,0.8273,12.8037,7.0091,-4.2715,0,2,1,7.9189,19.4963,5.2781,0.92,-0.3581,3.19,0.1963,0.1963,False,5.5236,3.5916,-1.932,-3.3953
2021092608,2456,53074,Nick Westbrook-Ikhine,WR,False,TEN,3,True,13,17.5861,0.8363,0.3363,9.1284,2.5208,1.899,2,3,1,19.6555,10.2416,1.1111,5.69,3.8609,1.79,3.8716,3.8716,False,1.4651,3.7543,2.2892,0.1174
2021092608,2790,42589,Geoff Swaim,TE,True,TEN,3,True,-2,8.7561,0.4164,0.0,-1.79,2.9469,2.4,2,3,1,18.36,9.28,4.3281,5.84,-0.5648,1.54,-0.21,-0.21,False,5.3596,2.8942,-2.4655,-3.1042
2021092608,2814,44975,Jeremy McNichols,RB,False,TEN,3,True,10,12.6,0.5992,0.0992,3.8529,7.1537,6.9799,0,2,2,10.9981,6.3171,2.4766,6.94,2.7518,3.74,6.1471,6.1471,False,3.9357,4.8096,0.8739,1.3375
2021092608,2868,45102,Zach Pascal,WR,False,IND,3,True,27,34.7911,1.6544,1.1544,27.1076,10.5022,6.8314,0,0,0,0.0,48.2424,1.5973,4.9,3.9912,1.25,-0.1076,-0.1076,False,0.83,3.2133,2.3833,-3.3209
2021092608,2936,46173,Nyheim Hines,RB,False,IND,3,True,36,11.2387,0.5344,0.0344,-0.0606,7.0847,7.0829,0,2,1,10.4123,43.4306,3.9529,6.2,1.4347,1.84,36.0606,30.0,False,7.8023,7.4255,-0.3768,22.5745
2021092608,3150,43334,Derrick Henry,RB,False,TEN,3,True,11,18.5,0.8797,0.3797,3.5037,6.2622,6.2126,0,1,1,5.1815,63.4763,1.6192,1.84,1.5633,3.14,7.4963,7.4963,False,3.6142,5.616,2.0017,1.8804
2021092608,3174,53074,Nick Westbrook-Ikhine,WR,False,TEN,3,True,13,23.2912,1.1076,0.6076,13.3425,2.0,1.9927,2,2,1,6.0038,41.7375,2.5071,5.69,1.7158,4.67,-0.3425,-0.3425,False,-1.9865,-1.201,0.7855,0.8585
2021092608,3240,42486,MyCole Pruitt,TE,True,TEN,3,True,7,15.1501,0.7204,0.2204,6.0113,2.8467,0.5799,2,4,1,25.1061,30.1287,1.9322,1.03,0.0968,4.88,0.9887,0.9887,False,3.3103,3.3093,-0.001,-2.3206
2021092608,3534,44792,Mo Alie-Cox,TE,True,IND,3,True,3,12.809,0.6091,0.1091,-2.9486,10.9903,10.8562,0,0,0,9.3065,55.2786,4.2194,5.46,1.4793,0.46,5.9486,5.9486,False,6.6856,8.2992,1.6135,-2.3506
2021092608,3563,46173,Nyheim Hines,RB,False,IND,3,True,4,9.2729,0.441,0.0,3.91,4.0543,3.86,1,4,1,21.9,46.13,5.0463,4.37,1.1539,1.1,0.09,0.09,False,1.7153,1.9721,0.2568,-1.8821
2021092608,3604,52442,Michael Pittman,WR,False,IND,3,True,9,14.7616,0.702,0.202,5.1113,1.7985,1.7501,1,3,1,15.376,40.1987,3.9035,4.81,2.5318,0.69,3.8887,3.8887,False,0.2148,1.0367,0.8219,2.852
2021092608,3628,46173,Nyheim Hines,RB,False,IND,3,True,3,10.4889,0.4988,0.0,-1.19,9.3108,-3.47,0,1,0,18.03,37.41,-3.6255,4.36,2.0964,1.67,4.19,4.19,False,12.5568,12.36,-0.1968,-8.17
2021092609,54,45267,Tim Patrick,WR,False,DEN,3,True,6,15.3067,0.7279,0.2279,4.1103,4.0314,3.8854,1,1,1,6.0375,70.9697,2.3969,6.1,0.9669,3.11,1.8897,1.8897,False,1.0161,1.2025,0.1864,0.6871
2021092609,199,44817,Corey Davis,WR,False,NYJ,3,True,11,25.3445,1.2052,0.7052,11.7036,0.426,-0.2078,1,2,0,16.0706,79.8964,-0.3893,2.08,-0.3919,5.23,-0.7036,-0.7036,False,5.1178,-1.1648,-6.2825,0.4611
2021092609,327,46109,Courtland Sutton,WR,False,DEN,3,True,8,20.6997,0.9843,0.4843,8.4221,1.9153,1.8613,1,3,1,13.2744,64.0279,1.5435,3.26,-2.2461,1.67,-0.4221,-0.4221,False,1.3088,0.1445,-1.1642,-0.5667
2021092609,409,46109,Courtland Sutton,WR,False,DEN,3,True,5,12.0541,0.5732,0.0732,4.3182,0.9761,0.7978,2,4,2,23.1588,46.5218,3.4239,1.78,-0.9806,2.75,0.6818,0.6818,False,0.4411,-0.0921,-0.5332,0.7739
2021092609,452,52454,K.J. Hamler,WR,False,DEN,3,True,28,23.5522,1.12,0.62,16.3572,7.5879,5.9477,0,1,1,9.429,33.7028,-3.2515,6.8,1.189,2.46,11.6428,11.6428,False,6.0055,6.9833,0.9778,4.6596
2021092609,497,47803,Noah Fant,TE,True,DEN,3,True,6,14.1672,0.6737,0.1737,3.9397,2.8806,2.4527,1,3,1,14.4993,14.7503,2.7005,0.64,0.0558,3.06,2.0603,2.0603,False,2.3583,1.3329,-1.0254,0.7274
2021092609,712,53464,Javonte Williams,RB,False,DEN,3,True,17,11.0023,0.5232,0.0232,3.0928,9.2084,-6.098,0,1,0,11.6774,61.5772,1.6223,3.28,0.9819,1.84,13.9072,13.9072,False,14.4255,10.9845,-3.441,2.9227
2021092609,779,52526,Albert Okwuegbunam,TE,True,DEN,3,True,6,12.7305,0.6054,0.1054,3.4002,2.712,2.3372,1,2,1,10.511,29.5098,2.6273,6.26,0.2862,2.94,2.5998,2.5998,False,0.9927,1.0228,0.0301,1.577
2021092609,910,42428,Tyler Kroft,TE,True,NYJ,3,True,4,13.2196,0.6286,0.1286,4.1883,1.6621,1.3711,2,3,2,17.1166,69.7617,3.4643,0.45,0.2978,3.55,-0.1883,-0.1883,False,0.9147,0.37,-0.5447,-0.5583
2021092609,934,42428,Tyler Kroft,TE,True,NYJ,3,True,8,12.4416,0.5916,0.0916,6.9912,0.7032,0.1313,1,2,1,14.1608,62.4588,0.6267,7.25,1.9777,0.56,1.0088,1.0088,False,2.9624,3.8575,0.8951,-2.8487
2021092609,958,44817,Corey Davis,WR,False,NYJ,3,True,7,15.6914,0.7462,0.2462,5.9898,2.0139,1.9842,1,2,1,18.1928,55.1202,4.3613,1.3,0.3649,2.63,1.0102,1.0102,False,1.0757,0.3605,-0.7152,0.6497
2021092609,1003,44817,Corey Davis,WR,False,NYJ,3,True,6,18.0364,0.8577,0.3577,4.2347,1.2166,0.6642,1,2,0,17.3978,48.7253,1.4864,5.64,2.613,1.74,1.7653,1.7653,False,2.3412,3.8221,1.4809,-2.0567
2021092609,1073,47969,Ty Johnson,RB,False,NYJ,3,True,6,17.05,0.8108,0.3108,2.7339,2.2962,1.7978,1,2,1,10.4866,38.6561,1.3308,6.06,0.624,2.24,3.2661,3.2661,False,1.7092,2.4792,0.77,0.7868
2021092609,1277,47803,Noah Fant,TE,True,DEN,3,True,9,11.9125,0.5665,0.0665,2.6126,8.2849,-5.2308,0,2,1,17.2929,93.0174,-1.6146,8.41,-0.7125,0.77,6.3874,6.3874,False,8.1178,8.5083,0.3904,-2.1209
2021092609,1519,45267,Tim Patrick,WR,False,DEN,3,True,27,21.9308,1.0429,0.5429,14.6719,1.5631,0.149,1,1,0,5.0391,32.7481,0.0942,8.15,7.5004,3.14,12.3281,12.3281,False,6.5057,11.0278,4.5221,1.3003
2021092609,1543,46109,Courtland Sutton,WR,False,DEN,3,True,6,15.3174,0.7284,0.2284,5.7414,1.7932,1.6812,1,4,2,14.6503,15.3586,5.7726,5.21,0.6629,3.19,0.2586,0.2586,False,-0.1775,-0.4159,-0.2384,0.6745
2021092609,1770,53463,Elijah Moore,WR,False,NYJ,3,True,14,22.7219,1.0805,0.5805,13.3878,6.2754,4.3133,0,2,0,2.6446,74.6822,-2.6846,7.22,2.2874,4.22,0.6122,0.6122,False,-1.0291,0.9244,1.9535,-0.3122
2021092609,2122,42358,Melvin Gordon,RB,False,DEN,3,True,21,21.3257,1.0141,0.5141,-1.8112,2.9601,2.6597,1,1,1,2.0742,43.0012,5.5123,2.6,1.6899,4.72,22.8112,22.8112,False,3.069,2.9488,-0.1201,19.8623
2021092609,2328,40149,Ryan Griffin,TE,True,NYJ,3,True,5,10.2884,0.4893,0.0,3.53,5.1451,4.89,0,2,1,24.32,68.21,3.3711,5.99,0.623,1.78,1.47,1.47,False,4.2092,2.8893,-1.3199,-1.4193
2021092609,2452,53464,Javonte Williams,RB,False,DEN,3,True,9,8.8724,0.4219,0.0,3.99,6.2721,-5.34,0,3,2,23.14,82.53,2.4759,5.06,3.1568,2.94,5.01,5.01,False,3.8356,6.6153,2.7797,-1.6053
2021092609,2549,46279,Braxton Berrios,WR,False,NYJ,3,True,22,25.3537,1.2057,0.7057,21.4688,2.0937,-0.826,1,2,1,7.6456,34.7312,0.1503,9.09,3.6827,2.13,0.5312,0.5312,False,6.1568,3.4489,-2.7079,-2.9176
2021092609,2620,45555,Keelan Cole,WR,False,NYJ,3,True,7,22.1894,1.0552,0.5552,6.9429,0.7858,-0.2829,1,2,0,15.6778,32.1771,-2.865,2.28,-2.1922,2.84,0.0571,0.0571,False,4.4841,-0.5148,-4.9989,0.5719
2021092609,2644,44817,Corey Davis,WR,False,NYJ,3,True,4,23.3187,1.1089,0.6089,5.3739,2.1135,2.0784,2,2,1,6.1938,26.9661,3.4284,2.08,-0.0428,3.81,-1.3739,-1.3739,False,-0.3491,-0.2369,0.1122,-1.137
2021092609,2790,44987,Eric Saubert,TE,True,DEN,3,True,10,13.648,0.649,0.149,2.1556,1.3591,1.1923,1,1,1,13.6489,58.8144,-0.802,7.39,0.1045,0.99,7.8444,7.8444,False,3.9828,4.7481,0.7653,3.0964
2021092609,2835,53464,Javonte Williams,RB,False,DEN,3,True,7,12.2526,0.5827,0.0827,1.032,7.5895,7.4163,0,2,2,15.581,64.478,-3.7353,6.28,-0.0965,0.88,5.968,5.968,False,8.5389,8.1345,-0.4044,-2.1666
2021092609,2875,45267,Tim Patrick,WR,False,DEN,3,True,24,23.1844,1.1025,0.6025,17.3633,6.5339,-3.9174,0,1,0,10.1919,25.7067,-0.0948,7.46,6.9598,2.83,6.6367,6.6367,False,13.8033,15.1363,1.3329,-8.4996
2021092609,2920,46109,Courtland Sutton,WR,False,DEN,3,True,14,17.2538,0.8205,0.3205,13.1266,2.04,0.6594,1,3,1,16.2831,7.2234,1.3195,5.77,4.6075,4.26,0.8734,0.8734,False,0.9235,1.7385,0.815,-0.8651
2021092609,3044,53536,Michael Carter,RB,False,NYJ,3,True,10,10.4499,0.4969,0.0,-1.28,6.7093,6.65,0,2,2,11.61,76.54,4.0089,5.85,2.3168,0.95,11.28,11.28,False,5.0013,5.3537,0.3524,5.9263
2021092609,3068,45555,Keelan Cole,WR,False,NYJ,3,True,23,28.8869,1.3737,0.8737,23.6161,6.8759,3.8045,0,1,0,7.4511,41.2839,-0.3985,8.41,4.3679,3.36,-0.6161,-0.6161,False,4.9495,6.1284,1.1789,-6.7446
2021092609,3187,45267,Tim Patrick,WR,False,DEN,3,True,31,30.5217,1.4514,0.9514,18.9249,0.8633,-0.6761,1,1,0,0.0,13.3251,0.2229,8.05,7.8881,2.94,12.0751,12.0751,False,9.3064,7.752,-1.5543,4.3231
2021092609,3258,46279,Braxton Berrios,WR,False,NYJ,3,True,4,16.4945,0.7844,0.2844,2.8284,3.5633,3.1886,1,1,1,10.7056,60.2016,1.0264,6.78,0.4163,1.1,1.1716,1.1716,False,3.1753,3.7811,0.6058,-2.6095
2021092609,3575,44817,Corey Davis,WR,False,NYJ,3,True,13,21.4249,1.0188,0.5188,14.3416,3.8745,3.0737,1,2,1,5.2175,61.3084,-0.9821,6.92,2.7593,4.84,-1.3416,-1.3416,False,-1.724,0.2833,2.0074,-1.625
2021092609,3626,48657,Jeff Smith,WR,False,NYJ,3,True,13,23.4483,1.1151,0.6151,12.9099,6.4143,4.8419,0,1,1,6.2534,49.7901,-2.4728,6.7,2.8939,4.39,0.0901,0.0901,False,1.5844,2.3504,0.766,-2.2603
2021092610,184,42357,DeVante Parker,WR,False,MIA,3,True,8,13.9669,0.6642,0.1642,5.8363,0.5225,-0.5088,1,2,0,15.3957,57.1037,-1.7384,7.12,4.8504,1.3,2.1637,2.1637,False,6.7492,11.1465,4.3972,-8.9828
2021092610,318,47932,Hunter Renfrow,WR,False,LV,3,True,24,15.4974,0.737,0.237,11.6463,3.1008,0.681,1,3,0,23.0395,72.0237,-1.2211,7.18,3.9514,2.95,12.3537,12.3537,False,7.3887,8.3971,1.0084,3.9565
2021092610,342,42547,Darren Waller,TE,True,LV,3,True,7,9.8968,0.4706,0.0,3.05,1.6818,0.78,1,5,0,20.91,55.97,0.3737,5.98,3.6619,0.7,3.95,3.95,False,4.4236,7.9014,3.4778,-3.9514
2021092610,387,52489,Bryan Edwards,WR,False,LV,3,True,23,10.1213,0.4813,0.0,2.44,1.1129,0.73,1,7,2,22.26,46.44,1.1577,7.51,-0.1533,0.43,20.56,20.56,False,0.6318,0.0051,-0.6267,20.5549
2021092610,631,53435,Jaylen Waddle,WR,False,MIA,3,True,5,12.9162,0.6142,0.1142,6.5383,1.7603,0.8296,1,4,1,22.2176,23.3417,-1.5311,8.18,0.5108,2.02,-1.5383,-1.5383,False,4.5554,4.3238,-0.2316,-5.8621
2021092610,736,43362,Kenyan Drake,RB,False,LV,3,True,10,10.5508,0.5017,0.0017,2.7015,5.1439,5.1439,0,2,1,20.3117,72.4485,3.5501,4.85,0.8497,2.04,7.2985,7.2985,False,4.886,3.0416,-1.8444,4.2569
2021092610,804,47932,Hunter Renfrow,WR,False,LV,3,True,25,28.5671,1.3585,0.8585,16.4879,2.1905,-2.1834,1,1,0,1.2879,48.5321,-2.3123,7.64,5.7869,4.24,8.5121,8.5121,False,13.474,6.7582,-6.7157,1.7539
2021092610,903,47920,Foster Moreau,TE,True,LV,3,True,8,10.6459,0.5063,0.0063,2.1682,8.7014,-8.4371,0,1,0,20.3918,55.9018,-2.992,6.25,1.3133,1.69,5.8318,5.8318,False,8.9399,10.7879,1.848,-4.9561
2021092610,957,53435,Jaylen Waddle,WR,False,MIA,3,True,-1,21.1784,1.0071,0.5071,-1.6228,5.0388,5.038,0,1,1,7.4033,102.1628,3.7049,0.97,-0.3605,1.61,0.6228,0.6228,False,6.3147,5.6834,-0.6313,-5.0606
2021092610,1078,52420,Henry Ruggs,WR,False,LV,3,True,18,29.804,1.4173,0.9173,18.666,9.0286,6.4366,0,1,1,2.9304,40.574,3.7685,6.08,0.7915,3.42,-0.666,-0.666,False,4.1099,1.1001,-3.0099,-1.7661
2021092610,1124,42547,Darren Waller,TE,True,LV,3,True,8,17.4033,0.8276,0.3276,5.7367,0.7938,0.0829,2,3,0,19.12,33.0433,0.0343,6.56,3.4393,0.42,2.2633,2.2633,False,2.2385,2.7435,0.505,-0.4802
2021092610,1247,42357,DeVante Parker,WR,False,MIA,3,True,12,24.835,1.181,0.681,13.015,0.987,0.4917,1,1,0,20.2202,62.175,-1.629,4.18,-3.2966,5.17,-1.015,-1.015,False,2.415,0.0362,-2.3787,-1.0513
2021092610,1292,43310,Will Fuller,WR,False,MIA,3,True,8,20.4129,0.9707,0.4707,7.881,2.1048,-0.6825,2,3,1,14.2643,51.199,4.6387,3.03,-2.0373,3.23,0.119,0.119,False,3.3768,2.0215,-1.3553,-1.9025
2021092610,1465,43861,Peyton Barber,RB,False,LV,3,True,5,7.9703,0.379,0.0,-6.61,8.5607,-0.93,0,3,0,18.54,101.89,-6.1942,6.24,1.8119,2.14,11.61,11.61,False,11.1261,13.1628,2.0367,-1.5528
2021092610,1521,52420,Henry Ruggs,WR,False,LV,3,True,23,25.2173,1.1992,0.6992,24.5883,2.5709,0.4776,1,1,0,17.7898,47.8817,-0.2071,8.89,3.9736,3.27,-1.5883,-1.5883,False,8.6994,5.5871,-3.1124,-7.1753
2021092610,1584,42547,Darren Waller,TE,True,LV,3,True,12,13.5895,0.6462,0.1462,4.6229,1.5108,1.1863,2,2,1,12.1643,43.6771,-0.5561,8.99,1.0458,0.68,7.3771,7.3771,False,2.8177,6.8797,4.062,0.4974
2021092610,1650,52420,Henry Ruggs,WR,False,LV,3,True,21,10.6728,0.5075,0.0075,0.7474,5.8139,3.0017,0,3,0,9.8009,28.4326,-8.659,6.92,2.3111,2.45,20.2526,20.2526,False,8.977,10.2794,1.3024,9.9732
2021092610,1723,48233,Alec Ingold,FB,False,LV,3,True,1,9.0103,0.4285,0.0,0.4,2.1493,-0.2,3,6,1,20.42,0.66,-0.973,6.33,1.2154,2.2,0.6,0.6,False,2.766,0.7771,-1.9888,-0.1771
2021092610,1927,43310,Will Fuller,WR,False,MIA,3,True,10,22.6251,1.0759,0.5759,7.9933,5.9129,5.6838,0,3,1,16.9103,51.7767,2.5648,2.87,-2.842,3.32,2.0067,2.0067,False,3.8091,2.0435,-1.7656,-0.0368
2021092610,1968,46111,Mike Gesicki,TE,True,MIA,3,True,9,21.9253,1.0426,0.5426,11.3508,1.9393,1.0482,1,1,0,6.7889,39.0992,0.196,7.15,0.8676,5.17,-2.3508,-2.3508,False,1.1849,-0.7968,-1.9816,-1.554
2021092610,1992,53435,Jaylen Waddle,WR,False,MIA,3,True,7,12.004,0.5708,0.0708,4.7158,5.33,4.2131,0,3,2,26.3012,36.2342,1.5117,2.83,0.364,3.92,2.2842,2.2842,False,4.386,4.3614,-0.0245,-2.0772
2021092610,2064,53435,Jaylen Waddle,WR,False,MIA,3,True,4,12.7161,0.6047,0.1047,4.2506,3.1102,3.06,1,4,1,25.9921,29.8794,5.0037,4.78,0.483,3.52,-0.2506,-0.2506,False,1.3276,1.278,-0.0496,-1.5286
2021092610,2244,53435,Jaylen Waddle,WR,False,MIA,3,True,4,10.1645,0.4834,0.0,2.81,5.0071,4.55,0,4,1,17.47,77.65,2.8744,5.24,2.6776,0.94,1.19,1.19,False,5.3754,4.1746,-1.2008,-2.9846
2021092610,2371,44849,Zay Jones,WR,False,LV,3,True,15,15.2594,0.7256,0.2256,1.1745,7.9395,5.6644,0,2,1,13.8544,52.5455,-3.2547,5.21,-0.0246,1.22,13.8255,13.8255,False,7.0412,6.8884,-0.1529,6.9372
2021092610,2472,47920,Foster Moreau,TE,True,LV,3,True,11,16.9493,0.806,0.306,6.2316,2.1002,0.8727,1,2,1,6.8479,5.7184,0.0738,5.75,0.5281,3.02,4.7684,4.7684,False,-0.0185,-0.2724,-0.2539,5.0408
2021092610,2526,47932,Hunter Renfrow,WR,False,LV,3,True,10,17.2307,0.8194,0.3194,4.3908,6.3791,2.6535,0,2,0,19.156,17.7192,1.1633,1.86,-0.0289,1.53,5.6092,5.6092,False,9.7144,5.1769,-4.5375,0.4324
2021092610,2550,47932,Hunter Renfrow,WR,False,LV,3,True,12,15.3338,0.7292,0.2292,5.5933,3.045,1.1245,1,3,0,14.5958,6.3967,0.9959,4.63,3.418,1.48,6.4067,6.4067,False,3.0818,4.1953,1.1135,2.2114
2021092610,2653,53435,Jaylen Waddle,WR,False,MIA,3,True,7,20.2711,0.964,0.464,6.7386,1.1779,1.1779,2,2,1,12.9395,66.8314,3.1041,1.9,-0.4125,3.9,0.2614,0.2614,False,0.1621,0.075,-0.0872,0.1864
2021092610,2825,43861,Peyton Barber,RB,False,LV,3,True,23,6.9427,0.3301,0.0,0.99,5.4534,-4.94,0,4,0,22.79,61.51,-2.7013,5.47,3.1045,1.14,22.01,22.01,False,9.3614,10.0294,0.668,11.9806
2021092610,2903,43362,Kenyan Drake,RB,False,LV,3,True,7,11.2915,0.537,0.037,-6.3188,10.3198,0.7772,0,0,0,14.4752,55.6288,-2.1451,5.0,0.0323,1.3,13.3188,13.3188,False,11.307,9.3207,-1.9863,3.9981
2021092610,2927,42547,Darren Waller,TE,True,LV,3,True,23,23.9768,1.1402,0.6402,20.0439,2.1466,-1.0061,1,2,1,13.1748,21.9161,-2.4316,8.3,3.1146,1.47,2.9561,2.9561,False,5.8748,4.0322,-1.8426,-1.0761
2021092610,3013,43362,Kenyan Drake,RB,False,LV,3,True,16,12.0559,0.5733,0.0733,4.7602,3.4857,2.4437,1,2,1,19.2668,12.7598,3.3575,6.54,4.3676,3.28,11.2398,11.2398,False,2.2855,3.8943,1.6088,7.3455
2021092610,3171,46111,Mike Gesicki,TE,True,MIA,3,True,8,12.5778,0.5981,0.0981,6.4594,1.0903,0.78,2,4,1,19.2457,63.4606,3.9262,5.84,3.2555,2.04,1.5406,1.5406,False,0.6817,3.0619,2.3803,-1.5214
2021092610,3195,53435,Jaylen Waddle,WR,False,MIA,3,True,9,18.4879,0.8792,0.3792,10.1925,3.093,-0.8892,2,3,1,17.555,52.6575,0.5781,2.21,2.1958,6.25,-1.1925,-1.1925,False,4.6299,3.6796,-0.9504,-4.8721
2021092610,3219,48017,Myles Gaskin,RB,False,MIA,3,True,2,11.4305,0.5436,0.0436,-0.1507,3.9866,3.8798,1,1,1,9.9836,53.6707,2.3741,6.49,1.3615,1.96,2.1507,2.1507,False,5.1652,4.3171,-0.8481,-2.1664
2021092610,3306,43310,Will Fuller,WR,False,MIA,3,True,2,15.9866,0.7602,0.2602,-4.608,9.3166,9.2996,0,1,1,9.6388,29.808,3.2418,3.75,1.2376,1.69,6.608,6.608,False,6.7402,7.631,0.8907,-1.023
2021092610,3410,43861,Peyton Barber,RB,False,LV,3,True,3,9.3692,0.4455,0.0,-6.16,8.9889,-0.72,0,2,1,13.68,77.55,-6.7325,6.28,2.0373,1.84,9.16,9.16,False,10.1222,11.769,1.6468,-2.609
2021092610,3481,48017,Myles Gaskin,RB,False,MIA,3,True,3,14.6822,0.6982,0.1982,-1.4373,7.0734,6.45,0,1,1,6.9896,71.6873,1.6487,5.1,-0.138,2.0,4.4373,4.4373,False,7.9712,4.7913,-3.1799,-0.354
2021092610,3582,46111,Mike Gesicki,TE,True,MIA,3,True,5,12.0952,0.5752,0.0752,4.1316,4.1952,3.4137,2,3,3,16.5634,48.4684,4.9967,1.1,1.0854,2.93,0.8684,0.8684,False,0.4736,1.0571,0.5835,-0.1887
2021092610,3806,53435,Jaylen Waddle,WR,False,MIA,3,True,9,11.1153,0.5286,0.0286,2.842,2.2079,2.1896,1,3,1,26.3824,78.898,3.8587,1.69,-0.2789,5.07,6.158,6.158,False,0.9424,1.8983,0.9559,4.2596
2021092610,3830,46111,Mike Gesicki,TE,True,MIA,3,True,6,17.1452,0.8153,0.3153,6.756,0.9456,0.9117,2,3,1,23.7475,67.044,2.4932,1.44,-1.44,2.36,-0.756,-0.756,False,0.3878,-0.1377,-0.5255,-0.6183
2021092610,3854,46111,Mike Gesicki,TE,True,MIA,3,True,7,17.7913,0.846,0.346,4.9438,2.9819,0.772,1,1,0,4.0321,62.2762,1.2013,5.98,-0.2202,1.55,2.0562,2.0562,False,0.2065,-0.6641,-0.8705,2.7203
2021092610,3949,42357,DeVante Parker,WR,False,MIA,3,True,15,26.4522,1.2579,0.7579,17.1223,0.8964,-0.81,1,3,0,21.9959,48.8777,-0.6737,6.63,3.328,3.55,-2.1223,-2.1223,False,6.6305,2.6884,-3.942,-4.8107
2021092610,3990,53435,Jaylen Waddle,WR,False,MIA,3,True,4,11.0194,0.524,0.024,3.8813,4.1708,3.0273,2,4,2,24.6076,47.1087,3.9601,1.0,-0.3608,5.37,0.1187,0.1187,False,1.2643,0.9532,-0.3111,-0.8346
2021092610,4014,46111,Mike Gesicki,TE,True,MIA,3,True,10,17.3569,0.8254,0.3254,7.9116,1.8729,-0.5531,1,2,1,7.4953,38.9284,-0.7045,7.11,0.6197,2.62,2.0884,2.0884,False,3.6172,0.9943,-2.6229,1.0941
2021092610,4038,46111,Mike Gesicki,TE,True,MIA,3,True,9,17.128,0.8145,0.3145,9.8297,1.1698,0.9284,1,4,2,21.9565,26.7203,3.7542,4.66,1.6844,3.13,-0.8297,-0.8297,False,-0.1287,0.5473,0.6761,-1.3771
2021092610,4246,43310,Will Fuller,WR,False,MIA,3,True,0,14.9709,0.7119,0.2119,1.8646,2.8881,1.3444,1,2,0,7.9816,0.2554,-0.0748,6.54,0.6825,1.97,-1.8646,-1.8646,False,1.7462,-0.2382,-1.9844,-1.6264
2021092610,4358,52420,Henry Ruggs,WR,False,LV,3,True,16,23.9824,1.1404,0.6404,10.7848,4.9481,0.1943,1,1,0,2.6351,58.2652,1.1859,8.05,6.5966,3.0,5.2152,5.2152,False,4.7977,9.4535,4.6558,-4.2383
2021092610,4403,52489,Bryan Edwards,WR,False,LV,3,True,32,21.3068,1.0132,0.5132,23.6768,2.0892,-2.0691,1,2,1,21.981,29.8432,-0.2597,8.02,6.5992,2.63,8.3232,8.3232,False,12.4724,6.0563,-6.4161,2.2669
2021092610,4548,44857,Adam Shaheen,TE,True,MIA,3,True,16,26.7565,1.2724,0.7724,16.6579,5.0067,4.9969,0,2,1,0.1913,58.6521,-3.3446,0.62,0.1268,4.47,-0.6579,-0.6579,False,-0.0094,0.7866,0.796,-1.4446
2021092610,4670,46111,Mike Gesicki,TE,True,MIA,3,True,27,20.4394,0.972,0.472,22.9186,1.6355,0.2252,1,3,1,6.8,62.4214,0.0063,8.39,4.9125,1.43,4.0814,4.0814,False,3.0348,3.1098,0.075,0.9716
2021092610,4793,42357,DeVante Parker,WR,False,MIA,3,True,7,14.7997,0.7038,0.2038,6.1718,2.3654,1.9062,2,3,2,15.8531,34.2082,5.3654,1.44,1.0395,1.72,0.8282,0.8282,False,1.1136,0.5757,-0.5379,0.2525
2021092610,4928,52489,Bryan Edwards,WR,False,LV,3,True,34,21.0222,0.9997,0.4997,18.8698,2.4358,-2.4017,2,2,0,21.2677,61.1902,-0.7256,9.04,6.6639,1.45,15.1302,15.1302,False,9.8325,13.9412,4.1087,1.1889
2021092611,75,42033,Cameron Brate,TE,True,TB,3,True,8,17.6919,0.8413,0.3413,7.9164,2.1264,1.9183,1,3,1,14.0789,65.9536,1.9693,0.9,0.8391,4.38,0.0836,0.0836,False,1.6813,1.5342,-0.1471,-1.4506
2021092611,275,42033,Cameron Brate,TE,True,TB,3,True,5,15.4793,0.7361,0.2361,4.2445,4.4273,4.3963,1,3,1,7.1546,82.3255,0.7225,6.8,0.019,2.64,0.7555,0.7555,False,2.2243,1.8582,-0.366,-1.1027
2021092611,299,39985,Giovani Bernard,RB,False,TB,3,True,1,11.4538,0.5447,0.0447,1.522,2.0359,2.0329,1,2,1,10.2324,80.538,3.7336,6.76,2.0586,2.28,-0.522,-0.522,False,0.8544,1.1451,0.2907,-1.6671
2021092611,505,44816,Leonard Fournette,RB,False,TB,3,True,15,8.9628,0.4262,0.0,-0.1,7.6818,7.64,0,5,2,19.05,85.54,4.5827,6.51,1.5837,0.37,15.1,15.1,False,8.7482,6.8297,-1.9186,8.2703
2021092611,553,44896,Chris Godwin,WR,False,TB,3,True,17,14.3567,0.6827,0.1827,5.5697,3.7488,1.4111,1,2,1,17.227,64.4903,-0.0448,5.42,0.6549,4.77,11.4303,11.4303,False,5.1874,3.6485,-1.5389,7.7819
2021092611,582,44816,Leonard Fournette,RB,False,TB,3,True,4,9.3516,0.4447,0.0,2.94,1.4339,1.4,2,5,2,23.22,50.13,3.559,1.0,0.5021,4.76,1.06,1.06,False,-0.0031,1.9718,1.9749,-0.9118
2021092611,748,44881,Cooper Kupp,WR,False,LA,3,True,22,27.231,1.2949,0.7949,20.6343,10.0096,-9.732,0,0,0,7.0154,57.0057,-2.8724,8.29,3.5781,3.41,1.3657,1.3657,False,11.9826,5.8281,-6.1545,-4.4624
2021092611,780,52465,Van Jefferson,WR,False,LA,3,True,11,21.7069,1.0322,0.5322,10.1804,4.236,-1.4485,2,3,1,6.2542,45.6596,3.0447,2.21,1.4099,6.86,0.8196,0.8196,False,2.6074,0.5934,-2.014,0.2262
2021092611,996,39989,Robert Woods,WR,False,LA,3,True,6,13.1186,0.6238,0.1238,4.3803,4.1869,-2.0601,2,3,0,25.8086,14.7997,3.204,1.38,1.2135,2.42,1.6197,1.6197,False,4.0858,3.899,-0.1867,-2.2793
2021092611,1020,43399,Tyler Higbee,TE,True,LA,3,True,6,18.3408,0.8722,0.3722,4.5906,1.8778,0.5631,1,2,1,6.4691,8.4694,0.1053,6.24,0.2167,2.06,1.4094,1.4094,False,0.8238,0.1382,-0.6856,1.2711
2021092611,1179,39985,Giovani Bernard,RB,False,TB,3,True,7,8.6921,0.4133,0.0,-4.86,9.2,0.03,0,1,0,12.27,78.7,-4.9406,6.25,1.5797,3.03,11.86,11.86,False,7.2559,7.9275,0.6717,3.9325
2021092611,1255,44896,Chris Godwin,WR,False,TB,3,True,7,11.5513,0.5493,0.0493,3.8945,1.2431,-0.1917,1,3,1,24.3914,58.8055,0.3055,8.16,1.1046,1.16,3.1055,3.1055,False,4.5592,6.54,1.9809,-3.4345
2021092611,1279,46107,Ronald Jones,RB,False,TB,3,True,3,22.9698,1.0923,0.5923,3.5337,6.1938,5.1845,0,1,1,3.9511,52.2263,5.6415,1.52,0.7323,4.47,-0.5337,-0.5337,False,3.9111,4.9031,0.9921,-5.4369
2021092611,1338,41233,Mike Evans,WR,False,TB,3,True,17,23.0424,1.0957,0.5957,15.7003,2.6929,0.9288,1,1,0,7.5756,45.4897,-2.0338,6.35,2.8373,5.47,1.2997,1.2997,False,1.6825,2.7839,1.1013,-1.4842
2021092611,1438,35481,Rob Gronkowski,TE,True,TB,3,True,26,18.4909,0.8793,0.3793,11.2246,12.1438,6.3795,0,0,0,10.4575,20.0154,-3.3886,7.17,0.803,2.43,14.7754,14.7754,False,10.4786,8.0493,-2.4293,6.7261
2021092611,1596,44881,Cooper Kupp,WR,False,LA,3,True,9,17.3567,0.8254,0.3254,5.2724,3.9258,-0.6584,2,4,0,14.5653,69.9476,2.3572,1.93,1.2982,3.48,3.7276,3.7276,False,5.071,3.047,-2.024,0.6806
2021092611,1736,43399,Tyler Higbee,TE,True,LA,3,True,11,11.9344,0.5675,0.0675,4.874,1.7757,-1.4766,1,4,0,23.0832,51.576,-1.6505,5.94,4.2061,1.37,6.126,6.126,False,13.243,16.8188,3.5759,-10.6928
2021092611,1782,52465,Van Jefferson,WR,False,LA,3,True,21,18.2173,0.8663,0.3663,12.8997,3.7544,-0.8804,1,3,1,20.5908,32.6503,0.0235,6.08,4.6129,3.73,8.1003,8.1003,False,5.4411,5.568,0.1269,2.5323
2021092611,1828,44881,Cooper Kupp,WR,False,LA,3,True,22,18.2428,0.8675,0.3675,7.8703,3.6337,0.7673,1,2,0,8.1518,16.2397,0.1118,8.04,5.6333,2.07,14.1297,14.1297,False,5.7026,9.3087,3.606,4.8211
2021092611,1857,44881,Cooper Kupp,WR,False,LA,3,True,2,14.8123,0.7044,0.2044,3.3768,5.397,2.8851,0,3,0,12.8386,0.0,-4.4274,7.07,2.9689,0.27,-1.3768,-1.3768,False,-0.0344,2.0095,2.0438,-3.3863
2021092611,1913,44896,Chris Godwin,WR,False,TB,3,True,20,12.5903,0.5987,0.0987,5.4008,1.7792,0.0612,1,2,1,25.6593,69.9392,-0.9451,6.86,2.7431,1.91,14.5992,14.5992,False,3.9933,5.9508,1.9574,8.6484
2021092611,2011,41233,Mike Evans,WR,False,TB,3,True,14,11.6793,0.5554,0.0554,4.4361,7.6711,5.7318,0,6,3,26.2924,49.0139,0.8064,7.64,0.4704,1.88,9.5639,9.5639,False,5.6837,7.2522,1.5685,2.3117
2021092611,2131,47991,Scott Miller,WR,False,TB,3,True,8,11.8257,0.5624,0.0624,4.4965,7.4962,2.9532,0,1,0,25.9233,40.7335,5.2236,5.99,1.3872,3.36,3.5035,3.5035,False,6.2501,5.1691,-1.081,-1.6656
2021092611,2280,33130,DeSean Jackson,WR,False,LA,3,True,75,29.5169,1.4036,0.9036,31.0126,9.5378,-9.5315,0,1,0,11.7671,44.3174,-3.0492,8.72,8.3691,0.81,43.9874,30.0,False,18.9829,22.1986,3.2157,7.8014
2021092611,2359,41233,Mike Evans,WR,False,TB,3,True,20,33.3399,1.5854,1.0854,19.5568,6.7354,6.7326,0,1,1,6.031,60.4232,-4.0945,1.28,-0.0306,6.29,0.4432,0.4432,False,-0.4832,0.6188,1.102,-0.1756
2021092611,2404,35481,Rob Gronkowski,TE,True,TB,3,True,15,16.3473,0.7774,0.2774,12.1356,2.9761,-1.0691,3,4,1,24.8155,45.2444,7.2715,6.58,4.022,3.55,2.8644,2.8644,False,2.6559,3.7294,1.0735,-0.865
2021092611,2450,41233,Mike Evans,WR,False,TB,3,True,11,23.756,1.1297,0.6297,4.5862,4.7884,4.77,1,1,1,7.6446,37.4238,0.9362,0.66,0.6292,5.0,6.4138,6.4138,False,1.9363,4.1278,2.1914,2.286
2021092611,2479,35481,Rob Gronkowski,TE,True,TB,3,True,6,10.6861,0.5082,0.0082,3.2814,4.8434,3.3994,1,5,1,18.3964,27.6986,-2.5606,6.57,0.172,1.55,2.7186,2.7186,False,6.2452,6.4744,0.2292,-3.7558
2021092611,2506,44816,Leonard Fournette,RB,False,TB,3,True,7,16.6236,0.7905,0.2905,4.617,3.6422,0.6685,1,2,1,4.9509,20.623,-1.3536,6.76,1.4355,3.23,2.383,2.383,False,1.8398,2.3356,0.4958,0.0474
2021092611,2663,39989,Robert Woods,WR,False,LA,3,True,20,28.7041,1.365,0.865,21.69,5.9158,5.4898,0,4,1,15.7475,54.2,0.8104,6.79,5.7689,3.98,-1.69,-1.69,False,1.736,2.5248,0.7888,-4.2148
2021092611,2709,33130,DeSean Jackson,WR,False,LA,3,True,5,16.1057,0.7659,0.2659,4.3103,0.6429,0.6214,1,3,2,20.7283,51.0597,0.4896,1.09,-1.0896,3.31,0.6897,0.6897,False,1.7922,0.943,-0.8493,-0.2533
2021092611,2733,33130,DeSean Jackson,WR,False,LA,3,True,40,13.7176,0.6523,0.1523,6.6935,4.4607,-0.6372,1,2,0,16.682,44.4865,-0.9035,7.61,3.1086,1.29,33.3065,30.0,False,9.2326,12.4243,3.1917,17.5757
2021092611,2762,44881,Cooper Kupp,WR,False,LA,3,True,10,20.5596,0.9777,0.4777,5.4218,3.3472,2.0534,1,2,0,5.4473,4.7982,-1.1282,2.98,-0.1009,1.51,4.5782,4.5782,False,2.2246,0.9108,-1.3138,3.6674
2021092611,2818,44831,O.J. Howard,TE,True,TB,3,True,11,12.1517,0.5779,0.0779,3.2545,1.4176,1.402,1,2,1,21.289,71.8655,4.3825,1.31,0.3143,2.92,7.7455,7.7455,False,0.1325,0.5294,0.3969,7.2161
2021092611,3048,52569,Tyler Johnson,WR,False,TB,3,True,23,17.2581,0.8207,0.3207,14.583,2.3742,1.1551,2,3,0,18.2052,60.467,2.1002,8.2,7.5245,1.92,8.417,8.417,False,1.2132,12.3492,11.1359,-3.9321
2021092611,3094,41233,Mike Evans,WR,False,TB,3,True,13,18.4354,0.8767,0.3767,12.859,3.4757,-0.8709,2,3,1,22.9947,39.151,-0.1543,6.29,3.9797,2.38,0.141,0.141,False,4.6706,6.8861,2.2155,-6.7451
2021092611,3118,52569,Tyler Johnson,WR,False,TB,3,True,31,24.9305,1.1855,0.6855,22.6222,6.4234,-6.2342,0,3,1,11.5231,16.9378,-1.4365,8.28,7.1801,0.97,8.3778,8.3778,False,6.5093,8.0992,1.5899,0.2786
2021092611,3319,44881,Cooper Kupp,WR,False,LA,3,True,17,24.1299,1.1475,0.6475,15.1473,4.9369,4.0484,1,2,1,7.1457,46.9527,-1.2454,7.09,3.5482,4.16,1.8527,1.8527,False,2.0341,2.623,0.5889,-0.7703
2021092611,3348,44881,Cooper Kupp,WR,False,LA,3,True,6,17.8421,0.8485,0.3485,4.945,3.8933,0.7681,1,2,1,13.6304,40.025,2.9205,3.82,1.392,3.57,1.055,1.055,False,2.2016,2.3317,0.1301,-1.2767
2021092611,3530,44881,Cooper Kupp,WR,False,LA,3,True,3,12.4083,0.5901,0.0901,2.3314,2.5178,0.8497,1,2,1,19.2093,9.4686,-0.5676,6.13,-0.4287,1.51,0.6686,0.6686,False,4.9173,2.7147,-2.2027,-2.046
2021092611,3627,41233,Mike Evans,WR,False,TB,3,True,17,29.4399,1.4,0.9,18.7128,7.408,6.8831,0,1,1,5.5743,58.5872,-2.859,5.5,1.6365,5.78,-1.7128,-1.7128,False,-0.1914,-0.5195,-0.328,-1.1933
2021092611,3728,35481,Rob Gronkowski,TE,True,TB,3,True,8,17.1996,0.8179,0.3179,0.5503,7.6152,4.0907,0,1,0,9.2216,59.6797,-1.797,6.8,0.3784,1.02,7.4497,7.4497,False,9.6597,11.0352,1.3755,-3.5855
2021092611,3908,39985,Giovani Bernard,RB,False,TB,3,True,-2,14.1216,0.6715,0.1715,-3.7891,3.1468,2.8318,1,1,1,9.4924,92.1091,5.8667,5.25,2.7455,3.24,1.7891,1.7891,False,4.0338,3.4437,-0.5901,-1.6547
2021092611,3932,44896,Chris Godwin,WR,False,TB,3,True,11,22.4441,1.0673,0.5673,11.8092,1.7384,1.5717,1,1,1,26.36,78.4708,0.6612,2.92,-1.7642,3.44,-0.8092,-0.8092,False,2.1633,0.7935,-1.3698,-1.6027
2021092611,3956,39985,Giovani Bernard,RB,False,TB,3,True,8,9.2125,0.4381,0.0,-1.67,7.773,7.39,0,3,1,17.88,80.7,2.762,6.69,2.1272,1.41,9.67,9.67,False,7.6818,7.9411,0.2594,1.7289
2021092611,3985,41233,Mike Evans,WR,False,TB,3,True,5,10.8341,0.5152,0.0152,4.0314,2.7317,2.4393,1,6,3,24.3285,68.2086,-6.1451,7.16,-0.5643,0.87,0.9686,0.9686,False,4.6351,4.6074,-0.0277,-3.6388
2021092611,4009,42033,Cameron Brate,TE,True,TB,3,True,5,16.0696,0.7642,0.2642,5.6962,2.1329,2.0787,1,2,2,9.1674,61.1038,1.7004,5.84,0.6672,2.72,-0.6962,-0.6962,False,1.4578,1.8286,0.3708,-2.5249
2021092611,4033,44896,Chris Godwin,WR,False,TB,3,True,21,22.4281,1.0665,0.5665,19.4367,3.577,-0.2851,1,3,1,23.067,41.9033,8.737,7.06,6.2249,3.47,1.5633,1.5633,False,0.3176,1.4815,1.1639,0.0819
2021092611,4225,41233,Mike Evans,WR,False,TB,3,True,9,17.5242,0.8333,0.3333,3.4413,5.0809,4.8914,0,1,1,8.7161,13.0487,-0.6737,0.44,-0.3561,3.06,5.5587,5.5587,False,6.3011,5.0473,-1.2538,0.5115
2021092611,4254,39985,Giovani Bernard,RB,False,TB,3,True,7,11.2777,0.5363,0.0363,4.0261,1.2711,0.381,1,3,1,19.9873,3.7439,1.0937,6.33,4.0255,1.09,2.9739,2.9739,False,1.2579,3.403,2.1451,-0.4291
2021092612,54,47847,DK Metcalf,WR,False,SEA,3,True,17,17.168,0.8164,0.3164,12.1525,6.9305,-2.6582,0,2,0,20.4583,63.8675,3.1007,3.06,1.114,2.31,4.8475,4.8475,False,7.6702,6.1483,-1.5219,-1.3008
2021092612,141,45062,Chris Carson,RB,False,SEA,3,True,5,8.5101,0.4047,0.0,3.4,3.0451,3.02,1,3,1,19.53,41.69,5.6279,2.47,2.3241,2.03,1.6,1.6,False,2.1736,2.1331,-0.0404,-0.5331
2021092612,186,47847,DK Metcalf,WR,False,SEA,3,True,28,18.8392,0.8959,0.3959,11.1786,4.9412,-3.385,1,4,1,20.5147,27.2014,-1.02,5.86,4.7203,1.33,16.8214,16.8214,False,6.3204,8.7464,2.4259,8.075
2021092612,232,47847,DK Metcalf,WR,False,SEA,3,True,10,16.4908,0.7842,0.2842,7.1436,3.6446,3.1557,1,2,1,7.0658,2.8564,0.6062,6.06,1.9128,4.53,2.8564,2.8564,False,0.121,-1.2535,-1.3746,4.1099
2021092612,356,46226,Tyler Conklin,TE,True,MIN,3,True,17,19.3901,0.9221,0.4221,11.0421,7.6654,6.26,0,3,1,19.8663,32.4479,1.9928,5.53,1.1422,3.14,5.9579,5.9579,False,4.8859,5.276,0.39,0.682
2021092612,404,52430,Justin Jefferson,WR,False,MIN,3,True,10,16.8124,0.7995,0.2995,6.3408,4.298,3.8758,1,1,1,5.3876,12.4392,-0.5475,6.14,1.0377,3.75,3.6592,3.6592,False,1.2699,0.8296,-0.4402,2.8296
2021092612,449,46226,Tyler Conklin,TE,True,MIN,3,True,7,13.0602,0.6211,0.1211,6.3818,1.0514,0.0963,2,3,0,13.0285,0.4482,0.1705,6.08,0.6756,2.36,0.6182,0.6182,False,-1.002,-2.3463,-1.3443,2.9645
2021092612,547,52622,Freddie Swain,WR,False,SEA,3,True,10,20.2072,0.9609,0.4609,7.5607,0.8714,0.0923,1,3,0,18.2804,64.3193,0.2,7.2,3.5378,0.47,2.4393,2.4393,False,3.8488,3.7785,-0.0703,-1.3392
2021092612,571,47847,DK Metcalf,WR,False,SEA,3,True,12,17.9699,0.8545,0.3545,12.5189,0.6863,0.4262,1,3,1,21.4726,49.5411,1.5755,6.92,2.3099,3.49,-0.5189,-0.5189,False,-0.47,0.9344,1.4044,-1.4533
2021092612,909,47847,DK Metcalf,WR,False,SEA,3,True,21,25.0198,1.1898,0.6898,20.852,3.9158,2.371,1,1,0,8.9227,44.298,0.8925,6.44,5.6134,2.46,0.148,0.148,False,4.3962,5.6299,1.2338,-5.4819
2021092612,1056,47885,Alexander Mattison,RB,False,MIN,3,True,6,9.0801,0.4318,0.0,2.73,6.3376,-6.19,0,5,1,22.66,82.37,-1.9304,1.87,1.7991,2.77,3.27,3.27,False,10.8256,6.7585,-4.0671,-3.4885
2021092612,1197,52430,Justin Jefferson,WR,False,MIN,3,True,26,22.1535,1.0535,0.5535,14.2607,8.7243,3.6576,0,3,0,25.2846,23.9693,-1.3357,5.6,1.1394,4.43,11.7393,11.7393,False,10.6567,7.5104,-3.1463,4.2289
2021092612,1221,46226,Tyler Conklin,TE,True,MIN,3,True,7,12.6808,0.603,0.103,6.0728,3.4931,3.2033,2,5,2,19.602,6.1472,2.908,0.71,0.124,1.93,0.9272,0.9272,False,1.612,0.402,-1.21,0.5252
2021092612,1299,40488,Adam Thielen,WR,False,MIN,3,True,15,21.9328,1.043,0.543,15.2188,0.981,-0.715,1,2,0,17.6408,0.0,-1.4964,5.59,4.7494,3.11,-0.2188,-0.2188,False,-4.7923,-4.8902,-0.0979,4.6713
2021092612,1394,46189,Will Dissly,TE,True,SEA,3,True,39,13.3389,0.6343,0.1343,8.7676,3.1506,-1.3068,1,2,0,20.8721,63.4224,-1.7044,7.03,2.5879,2.1,30.2324,30.0,False,11.619,8.9201,-2.699,21.0799
2021092612,1470,42412,Tyler Lockett,WR,False,SEA,3,True,7,17.953,0.8537,0.3537,6.6214,2.2185,1.8943,1,1,1,3.8979,26.8286,3.2418,5.95,2.1526,1.88,0.3786,0.3786,False,-0.6051,0.2354,0.8405,0.1432
2021092612,1655,47885,Alexander Mattison,RB,False,MIN,3,True,4,8.7801,0.4175,0.0,2.67,4.3715,3.97,1,5,1,25.83,40.86,3.5609,1.75,1.7322,2.98,1.33,1.33,False,3.9824,3.7642,-0.2182,-2.4342
2021092612,1717,40488,Adam Thielen,WR,False,MIN,3,True,7,21.5079,1.0228,0.5228,7.1287,0.2269,0.217,1,1,1,14.7081,30.0413,2.0708,2.07,-2.0684,3.18,-0.1287,-0.1287,False,-0.4681,0.1731,0.6412,-0.3018
2021092612,1789,52430,Justin Jefferson,WR,False,MIN,3,True,9,14.7622,0.702,0.202,8.3134,0.9847,0.427,1,5,0,23.1496,19.7266,1.3253,5.63,2.5909,3.36,0.6866,0.6866,False,2.3789,1.7974,-0.5815,-1.1108
2021092612,1830,46226,Tyler Conklin,TE,True,MIN,3,True,16,15.6218,0.7429,0.2429,2.9024,3.5548,2.7863,1,2,2,17.8571,16.3176,0.4985,6.75,2.2332,0.98,13.0976,13.0976,False,4.673,4.9107,0.2377,8.1869
2021092612,1871,52430,Justin Jefferson,WR,False,MIN,3,True,3,16.5039,0.7848,0.2848,5.2099,2.515,-0.6907,1,2,0,9.7665,0.0,-1.0559,5.9,1.0529,3.99,-2.2099,-2.2099,False,-3.3975,-2.0565,1.3409,-0.1533
2021092612,1927,47987,Travis Homer,RB,False,SEA,3,True,12,12.02,0.5716,0.0716,5.0037,8.5336,-8.5041,0,2,1,26.0587,70.2663,-1.2626,2.74,2.5665,3.28,6.9963,6.9963,False,7.5441,9.3358,1.7916,-2.3395
2021092612,1968,44856,Gerald Everett,TE,True,SEA,3,True,11,10.682,0.508,0.008,-0.4424,9.111,-6.6392,0,2,0,18.7942,63.7424,-6.1164,5.83,0.9542,0.48,11.4424,11.4424,False,11.831,10.4943,-1.3366,0.9481
2021092612,1997,47987,Travis Homer,RB,False,SEA,3,True,31,10.7486,0.5111,0.0111,-4.8903,9.2703,-4.4579,0,1,0,16.3746,57.6503,-6.2886,6.68,4.4611,4.25,35.8903,30.0,False,10.1186,10.2855,0.1669,19.7145
2021092612,2097,40488,Adam Thielen,WR,False,MIN,3,True,-4,8.0967,0.385,0.0,-8.04,5.5114,2.04,0,3,1,12.74,71.11,-1.5852,4.49,0.7542,3.25,4.04,4.04,False,7.4358,7.6099,0.1741,-3.5699
2021092612,2121,52430,Justin Jefferson,WR,False,MIN,3,True,15,29.3237,1.3944,0.8944,11.1466,5.7266,5.7264,0,2,1,6.5867,55.9034,-2.5465,0.78,-0.697,4.45,3.8534,3.8534,False,1.2068,0.7285,-0.4783,3.1248
2021092612,2254,52430,Justin Jefferson,WR,False,MIN,3,True,8,17.9465,0.8534,0.3534,9.6615,2.0941,1.9177,1,1,1,6.4973,24.7385,1.3275,6.94,1.2492,5.41,-1.6615,-1.6615,False,0.5418,-0.8331,-1.3749,-0.8284
2021092612,2304,40488,Adam Thielen,WR,False,MIN,3,True,9,15.2439,0.7249,0.2249,5.3732,6.1817,4.6882,0,2,2,8.5399,18.1068,0.9562,5.33,0.6366,3.6,3.6268,3.6268,False,2.9311,4.1449,1.2138,-0.5181
2021092612,2617,40488,Adam Thielen,WR,False,MIN,3,True,21,28.0626,1.3345,0.8345,21.6322,6.5741,6.5731,0,1,1,18.2286,64.8578,1.0652,5.37,3.6217,5.71,-0.6322,-0.6322,False,2.2722,0.861,-1.4113,-1.4932
2021092612,2684,52584,K.J. Osborn,WR,False,MIN,3,True,11,17.6711,0.8403,0.3403,5.8377,8.1914,7.2632,0,1,1,9.4251,53.9723,-4.2679,7.6,2.1089,3.3,5.1623,5.1623,False,8.2008,10.8588,2.658,-5.6965
2021092612,2729,52430,Justin Jefferson,WR,False,MIN,3,True,28,22.5386,1.0718,0.5718,16.3919,9.0335,1.5841,0,1,0,22.0105,33.0181,-2.1782,5.49,3.1513,5.22,11.6081,11.6081,False,12.0024,8.2999,-3.7025,3.3082
2021092612,2772,46226,Tyler Conklin,TE,True,MIN,3,True,4,14.1494,0.6729,0.1729,4.107,2.999,0.9066,1,2,0,22.5633,17.163,-1.7248,7.86,-0.4223,0.87,-0.107,-0.107,False,7.5406,4.5884,-2.9522,-4.6954
2021092612,2904,44856,Gerald Everett,TE,True,SEA,3,True,14,13.3359,0.6342,0.1342,3.4872,2.785,1.1166,2,3,1,15.9173,70.4628,1.5544,2.58,1.5444,1.64,10.5128,10.5128,False,2.8816,4.3792,1.4976,6.1336
2021092612,2928,42412,Tyler Lockett,WR,False,SEA,3,True,6,16.2433,0.7724,0.2724,6.4074,1.4903,1.0618,1,4,1,14.624,54.2026,3.9934,1.52,0.0273,2.33,-0.4074,-0.4074,False,0.6683,0.1225,-0.5458,-0.53
2021092612,3138,46226,Tyler Conklin,TE,True,MIN,3,True,14,12.7398,0.6058,0.1058,6.9397,2.3001,0.8467,1,2,1,18.9197,49.3203,0.1115,7.99,1.5095,0.92,7.0603,7.0603,False,3.7679,4.3823,0.6144,2.678
2021092612,3209,52584,K.J. Osborn,WR,False,MIN,3,True,15,13.6489,0.6491,0.1491,5.0651,1.6242,0.687,1,4,0,24.0735,32.3649,-0.6631,7.76,1.4434,1.95,9.9349,9.9349,False,3.6873,3.3314,-0.3559,6.6034
2021092612,3411,47847,DK Metcalf,WR,False,SEA,3,True,19,20.9483,0.9962,0.4962,14.9722,4.1,-2.324,1,2,1,15.062,60.0978,-1.8916,6.34,4.6803,3.78,4.0278,4.0278,False,7.3677,8.2682,0.9005,-4.2404
2021092612,3632,52430,Justin Jefferson,WR,False,MIN,3,True,11,20.8723,0.9926,0.4926,12.6268,4.4497,3.0861,1,1,0,5.0315,43.3732,-0.447,6.85,1.6177,5.69,-1.6268,-1.6268,False,3.5496,-0.1185,-3.668,-1.5083
2021092612,3782,44856,Gerald Everett,TE,True,SEA,3,True,7,19.2114,0.9136,0.4136,6.7789,11.3333,11.1746,0,0,0,2.7456,92.5911,-4.8157,5.75,-0.317,1.33,0.2211,0.2211,False,2.1128,3.88,1.7672,-3.6589
2021092612,3811,44856,Gerald Everett,TE,True,SEA,3,True,17,20.2988,0.9653,0.4653,8.195,10.3273,10.2864,0,0,0,3.7799,83.835,4.9885,5.11,2.1814,1.87,8.805,8.805,False,2.7516,5.1782,2.4266,3.6268
2021092613,98,46705,Allen Lazard,WR,False,GB,3,True,42,20.7519,0.9868,0.4868,13.0396,1.5283,-0.6195,1,2,0,10.6994,56.6204,-0.1625,8.1,7.661,2.25,28.9604,28.9604,False,10.1135,16.4867,6.3732,12.4737
2021092613,338,44959,George Kittle,TE,True,SF,3,True,8,11.5319,0.5484,0.0484,5.7437,2.5909,2.5608,1,4,1,18.7174,65.1963,4.4345,2.16,1.7303,3.63,2.2563,2.2563,False,1.6073,1.7276,0.1203,0.5287
2021092613,387,52433,Brandon Aiyuk,WR,False,SF,3,True,7,14.3697,0.6833,0.1833,6.1056,1.8549,1.439,1,2,1,15.3813,59.7944,5.2734,2.24,2.1032,3.91,0.8944,0.8944,False,0.7596,1.2985,0.5389,-0.4041
2021092613,471,41282,Davante Adams,WR,False,GB,3,True,12,17.6503,0.8393,0.3393,6.3161,4.4919,4.3411,1,2,1,8.0291,74.2239,3.6197,1.7,1.6683,2.07,5.6839,5.6839,False,1.4642,1.9479,0.4838,3.7359
2021092613,495,52470,A.J. Dillon,RB,False,GB,3,True,2,11.2611,0.5355,0.0355,0.6403,5.0777,4.9847,0,3,2,10.0851,67.7797,5.1909,6.45,3.3893,2.25,1.3597,1.3597,False,4.7861,7.0416,2.2555,-5.682
2021092613,527,46243,Marquez Valdes-Scantling,WR,False,GB,3,True,47,29.9469,1.4241,0.9241,31.1062,4.0875,0.8312,1,1,0,18.2063,35.3638,-0.598,9.33,7.7766,2.79,15.8938,15.8938,False,12.2321,16.9123,4.6802,-1.0185
2021092613,602,41282,Davante Adams,WR,False,GB,3,True,14,20.4488,0.9724,0.4724,15.1139,0.5661,0.4178,2,2,1,14.9723,0.3361,7.4803,6.24,0.728,2.97,-1.1139,-1.1139,False,-2.3374,-2.8165,-0.479,1.7025
2021092613,931,46243,Marquez Valdes-Scantling,WR,False,GB,3,True,0,16.4748,0.7834,0.2834,-7.7198,13.9807,13.9801,0,0,0,12.0652,65.3098,5.1126,3.37,0.4946,2.23,7.7198,7.7198,False,9.0403,7.6365,-1.4038,0.0833
2021092613,1141,44995,Aaron Jones,RB,False,GB,3,True,3,11.7768,0.56,0.06,-0.0808,4.6227,3.9436,1,2,2,15.1277,6.3308,0.9178,7.31,1.9855,2.67,3.0808,3.0808,False,4.2959,3.5931,-0.7028,-0.5123
2021092613,1226,52433,Brandon Aiyuk,WR,False,SF,3,True,6,19.0365,0.9053,0.4053,5.9486,0.748,0.1634,2,3,0,19.0745,90.8214,0.6585,6.46,1.798,1.38,0.0514,0.0514,False,2.9971,1.8874,-1.1097,-1.836
2021092613,1257,47819,Deebo Samuel,WR,False,SF,3,True,4,15.4574,0.7351,0.2351,3.8277,0.7903,0.5063,1,4,1,21.8594,86.6623,7.9954,4.78,0.756,3.11,0.1723,0.1723,False,-0.8662,-1.0842,-0.218,1.2565
2021092613,1306,52433,Brandon Aiyuk,WR,False,SF,3,True,16,23.5724,1.121,0.621,16.0003,1.6442,1.2922,1,3,1,20.3821,68.5397,0.9003,1.54,1.0794,4.07,-0.0003,-0.0003,False,2.6118,0.6059,-2.0059,-0.6061
2021092613,1355,40078,Kyle Juszczyk,FB,False,SF,3,True,8,15.2328,0.7244,0.2244,2.6477,4.2852,3.414,1,1,1,14.5194,63.7523,2.3896,6.16,2.0846,2.09,5.3523,5.3523,False,3.2765,5.7837,2.5073,-0.4315
2021092613,1402,44959,George Kittle,TE,True,SF,3,True,16,17.8784,0.8502,0.3502,12.7116,1.757,1.2415,2,4,1,23.787,53.6484,2.4129,6.42,3.0031,1.53,3.2884,3.2884,False,1.4796,3.418,1.9384,-0.1297
2021092613,1625,41282,Davante Adams,WR,False,GB,3,True,15,21.0536,1.0012,0.5012,9.2455,3.0427,0.7414,1,1,0,4.1317,34.8145,-0.085,6.68,6.3761,2.8,5.7545,5.7545,False,0.137,8.0882,7.9512,-2.3337
2021092613,1696,41282,Davante Adams,WR,False,GB,3,True,19,21.0386,1.0005,0.5005,13.6804,2.2125,-0.5604,1,1,0,3.3582,10.5896,-0.5558,7.97,7.5739,2.4,5.3196,5.3196,False,2.152,4.9713,2.8193,0.3483
2021092613,1862,44959,George Kittle,TE,True,SF,3,True,10,12.3137,0.5856,0.0856,6.0031,1.8441,0.347,1,3,1,17.2113,26.1369,3.3787,2.91,2.4909,1.53,3.9969,3.9969,False,0.7012,2.8189,2.1177,1.178
2021092613,1921,38613,Mohamed Sanu,WR,False,SF,3,True,11,18.2283,0.8668,0.3668,11.8643,2.3289,2.2869,1,3,1,26.6321,10.5457,3.6899,6.08,1.7837,4.75,-0.8643,-0.8643,False,1.0172,0.7776,-0.2396,-1.6419
2021092613,1962,40078,Kyle Juszczyk,FB,False,SF,3,True,5,14.8205,0.7048,0.2048,4.181,2.4326,1.4181,1,4,0,17.2218,6.779,0.4677,5.59,0.8349,1.61,0.819,0.819,False,3.9984,2.4871,-1.5113,-1.6681
2021092613,2258,44959,George Kittle,TE,True,SF,3,True,7,6.2607,0.2977,0.0,-3.39,7.8388,-7.69,0,4,1,26.49,86.46,-6.3355,3.6,2.6987,2.83,10.39,10.39,False,9.4192,8.4443,-0.9749,1.9457
2021092613,2453,53517,Trey Sermon,RB,False,SF,3,True,0,11.8342,0.5628,0.0628,-5.0704,4.5027,4.4157,1,1,1,10.4234,28.7104,5.0344,5.55,1.428,2.05,5.0704,5.0704,False,5.5234,4.5693,-0.9542,0.5011
2021092613,2481,47819,Deebo Samuel,WR,False,SF,3,True,16,25.8612,1.2298,0.7298,14.9851,6.0641,-5.4925,0,3,1,15.3808,9.2749,-0.8184,1.85,0.925,1.46,1.0149,1.0149,False,4.4777,3.7971,-0.6806,-2.7821
2021092613,2552,52433,Brandon Aiyuk,WR,False,SF,3,True,8,22.5847,1.074,0.574,12.0972,2.4239,-0.0589,1,2,0,10.0646,0.0,-3.0568,2.12,0.3958,4.66,-4.0972,-4.0972,True,-4.9345,-2.9554,1.979,-1.1417
2021092613,2856,41282,Davante Adams,WR,False,GB,3,True,9,18.0316,0.8575,0.3575,7.8397,2.733,1.9198,2,3,1,15.3418,78.4403,2.038,6.45,2.7126,2.33,1.1603,1.1603,False,2.5976,3.8278,1.2302,-2.6674
2021092613,2906,52470,A.J. Dillon,RB,False,GB,3,True,6,15.0446,0.7154,0.2154,0.0153,6.1627,5.5497,0,3,2,17.8311,75.5347,1.4507,2.92,1.8812,1.58,5.9847,5.9847,False,8.7881,9.0512,0.2631,-3.0665
2021092613,3119,46243,Marquez Valdes-Scantling,WR,False,GB,3,True,12,24.0408,1.1432,0.6432,17.6141,2.8502,-2.8396,1,3,0,8.0319,0.0,2.1948,8.74,3.8464,2.27,-5.6141,-5.0,True,-2.7693,-2.8592,-0.0898,-2.1408
2021092613,3356,40078,Kyle Juszczyk,FB,False,SF,3,True,12,15.362,0.7305,0.2305,9.2296,2.4213,0.9107,3,6,0,22.4052,21.3504,1.748,5.01,3.1651,2.55,2.7704,2.7704,False,4.507,5.1386,0.6316,-2.3682
2021092613,3380,38613,Mohamed Sanu,WR,False,SF,3,True,9,14.9947,0.7131,0.2131,3.5049,3.1371,2.9449,1,5,3,18.7957,15.1451,-1.7861,5.26,0.4923,1.43,5.4951,5.4951,False,2.5229,3.278,0.7551,2.2171
2021092613,3681,53517,Trey Sermon,RB,False,SF,3,True,3,15.1469,0.7203,0.2203,2.8015,4.7772,4.3995,1,1,1,13.178,68.7385,4.2036,4.96,0.96,2.42,0.1985,0.1985,False,2.1943,2.319,0.1247,-2.1205
2021092613,4002,44959,George Kittle,TE,True,SF,3,True,39,17.9193,0.8521,0.3521,11.4965,2.4479,0.7847,3,4,1,24.8418,64.0535,-1.0239,6.03,3.0004,4.15,27.5035,27.5035,False,3.2729,5.1291,1.8562,22.3744
2021092613,4091,47819,Deebo Samuel,WR,False,SF,3,True,12,25.4426,1.2099,0.7099,16.5404,0.5814,-0.216,1,1,0,12.6137,21.1196,-0.7118,0.21,0.0851,5.78,-4.5404,-4.5404,True,4.9483,-1.7192,-6.6676,-2.8212
2021092613,4115,44959,George Kittle,TE,True,SF,3,True,12,17.4763,0.8311,0.3311,4.3808,2.328,2.2186,1,3,2,10.2428,19.8092,2.3928,6.59,0.7574,3.77,7.6192,7.6192,False,1.3041,1.7377,0.4336,5.8816
2021092613,4148,40078,Kyle Juszczyk,FB,False,SF,3,True,12,11.887,0.5653,0.0653,3.9921,2.3502,1.4015,1,2,0,21.0561,8.0179,3.0259,5.86,3.7092,0.14,8.0079,8.0079,False,2.3722,3.6373,1.2652,4.3706
2021092613,4212,41282,Davante Adams,WR,False,GB,3,True,25,30.8662,1.4678,0.9678,22.6929,2.7214,-2.5086,1,2,0,25.5731,52.6971,-0.7057,7.46,2.5551,1.64,2.3071,2.3071,False,9.0152,6.0325,-2.9827,-3.7254
2021092613,4284,41282,Davante Adams,WR,False,GB,3,True,17,25.1254,1.1948,0.6948,18.1285,5.8139,3.1457,0,2,1,14.9477,32.4615,-2.6633,6.17,4.1573,5.64,-1.1285,-1.1285,False,2.7164,1.4805,-1.2359,-2.609
2021092700,55,46206,Dalton Schultz,TE,True,DAL,3,True,8,10.6377,0.5059,0.0059,5.5617,1.9657,0.8964,1,5,0,24.6887,69.8883,4.1771,2.78,1.9967,0.55,2.4383,2.4383,False,1.9176,1.6639,-0.2537,0.7744
2021092700,100,43293,Ezekiel Elliott,RB,False,DAL,3,True,8,8.1218,0.3862,0.0,1.84,6.0661,-5.09,0,5,1,23.62,60.6,1.1311,1.73,1.4973,1.99,6.16,6.16,False,4.8167,6.2586,1.4419,-0.0986
2021092700,145,52425,CeeDee Lamb,WR,False,DAL,3,True,44,33.0185,1.5701,1.0701,39.3476,4.2504,-1.6376,1,1,0,21.9503,6.1324,-0.8663,9.93,9.4451,1.39,4.6524,4.6524,False,14.8042,11.5917,-3.2125,-6.9393
2021092700,256,46118,Dallas Goedert,TE,True,PHI,3,True,38,21.0373,1.0004,0.5004,15.8002,5.6774,2.3771,0,3,1,17.5775,59.4898,-0.1838,8.23,2.0189,2.64,22.1998,22.1998,False,2.9443,3.6747,0.7303,18.5251
2021092700,443,42347,Amari Cooper,WR,False,DAL,3,True,7,19.5512,0.9297,0.4297,8.5815,1.5446,1.4107,1,2,1,6.7114,63.1085,2.6107,2.03,0.7016,5.97,-1.5815,-1.5815,False,0.001,-1.6044,-1.6054,0.0229
2021092700,620,45532,Blake Jarwin,TE,True,DAL,3,True,8,11.1879,0.532,0.032,6.6063,2.0054,1.2799,2,5,0,22.5499,23.2837,4.3475,0.51,0.51,2.94,1.3937,1.3937,False,1.7757,1.4385,-0.3372,-0.0448
2021092700,697,43293,Ezekiel Elliott,RB,False,DAL,3,True,4,19.6841,0.936,0.436,3.4601,4.5776,4.4247,1,2,1,5.3474,3.2899,0.5031,5.52,1.0552,2.01,0.5399,0.5399,False,1.419,1.5769,0.1579,-1.037
2021092700,805,53439,DeVonta Smith,WR,False,PHI,3,True,5,21.3194,1.0138,0.5138,7.0052,3.0771,3.0088,1,2,1,6.4708,92.3248,0.1526,2.31,-1.0798,5.64,-2.0052,-2.0052,False,0.263,-0.4463,-0.7094,-1.5588
2021092700,943,46206,Dalton Schultz,TE,True,DAL,3,True,12,16.3938,0.7796,0.2796,9.7231,2.6969,-1.9607,1,2,1,16.6525,22.4269,0.4936,7.89,2.4434,0.65,2.2769,2.2769,False,7.2384,8.1912,0.9528,-5.9144
2021092700,1011,46206,Dalton Schultz,TE,True,DAL,3,True,19,20.5572,0.9776,0.4776,14.4135,4.6698,-3.4018,1,2,0,7.0045,5.0065,-3.3465,7.36,6.352,1.61,4.5865,4.5865,False,6.4975,4.0409,-2.4567,0.5456
2021092700,1243,45052,Noah Brown,WR,False,DAL,3,True,9,17.6614,0.8399,0.3399,8.9989,3.9813,2.3697,1,1,0,0.5732,62.3811,0.6284,4.93,-0.5033,2.17,0.0011,0.0011,False,1.1363,0.4058,-0.7305,-0.4047
2021092700,1295,46206,Dalton Schultz,TE,True,DAL,3,True,8,13.3167,0.6333,0.1333,4.8327,1.5699,0.8014,1,3,2,20.36,52.4673,0.3399,8.03,0.0953,0.67,3.1673,3.1673,False,3.2504,3.1753,-0.0751,-0.008
2021092700,1403,45532,Blake Jarwin,TE,True,DAL,3,True,6,11.2671,0.5358,0.0358,1.9443,3.5079,2.6598,1,2,1,18.1123,23.3957,2.9376,4.13,0.1211,0.74,4.0557,4.0557,False,4.005,2.2963,-1.7087,1.7593
2021092700,1932,52608,Quez Watkins,WR,False,PHI,3,True,21,27.2438,1.2955,0.7955,19.2418,2.9598,-2.6979,2,2,0,25.7339,46.0482,6.0989,2.87,-0.7016,1.73,1.7582,1.7582,False,3.6021,2.7527,-0.8493,-0.9946
2021092700,2127,46118,Dallas Goedert,TE,True,PHI,3,True,28,10.4988,0.4993,0.0,3.23,5.005,4.9,0,2,1,21.63,72.24,-1.2553,8.06,1.0702,0.75,24.77,24.77,False,8.4236,9.1821,0.7585,15.5879
2021092700,2530,52608,Quez Watkins,WR,False,PHI,3,True,41,31.9502,1.5193,1.0193,31.7994,1.6659,-1.0693,1,1,0,12.3282,56.5106,-0.2604,7.44,5.4048,3.52,9.2006,9.2006,False,14.9619,5.3402,-9.6217,3.8604
2021092700,2665,39983,Zach Ertz,TE,True,PHI,3,True,3,16.0419,0.7629,0.2629,3.1942,6.1431,4.3501,0,1,1,11.1735,0.9358,-0.3156,6.53,0.7007,1.58,-0.1942,-0.1942,False,1.0112,1.3115,0.3003,-1.5057
2021092700,2742,46277,Cedrick Wilson,WR,False,DAL,3,True,15,19.3155,0.9185,0.4185,14.738,0.1093,0.0835,1,4,1,25.8985,57.552,5.0736,7.02,4.1766,5.74,0.262,0.262,False,-0.2223,0.8387,1.0609,-0.5767
2021092700,2766,52425,CeeDee Lamb,WR,False,DAL,3,True,15,23.6664,1.1254,0.6254,15.0326,1.0361,0.2831,1,3,0,13.9065,43.4774,-0.0124,2.63,-2.1544,3.02,-0.0326,-0.0326,False,1.8639,-1.1421,-3.006,1.1095
2021092700,2906,53439,DeVonta Smith,WR,False,PHI,3,True,4,18.627,0.8858,0.3858,6.9423,1.1286,1.1259,2,3,2,16.8588,91.1377,5.614,5.77,1.7687,0.58,-2.9423,-2.9423,False,0.3275,-0.0684,-0.3959,-2.874
2021092700,2993,42347,Amari Cooper,WR,False,DAL,3,True,13,15.5925,0.7415,0.2415,8.5668,3.1459,1.7868,2,4,1,14.2773,53.3032,1.2525,6.5,4.9145,1.69,4.4332,4.4332,False,1.6423,4.9785,3.3363,-0.5453
2021092700,3233,43293,Ezekiel Elliott,RB,False,DAL,3,True,7,14.9045,0.7088,0.2088,-0.652,9.1593,7.5465,0,2,1,10.8525,12.942,1.8718,2.02,0.9004,2.28,7.652,7.652,False,11.2403,8.7437,-2.4966,-1.0916
2021092700,3289,46277,Cedrick Wilson,WR,False,DAL,3,True,2,22.9272,1.0903,0.5903,12.234,4.6992,-2.489,1,3,0,6.8347,0.0,-2.291,3.57,0.9894,1.04,-10.234,-5.0,True,-3.4708,-2.5833,0.8876,-2.4167
2021092700,3369,52429,Jalen Reagor,WR,False,PHI,3,True,5,18.4939,0.8794,0.3794,4.474,1.5636,1.1269,2,3,2,13.1341,69.756,0.7111,5.75,1.1965,2.14,0.526,0.526,False,1.4893,2.0492,0.5599,-1.5232
2021092700,3396,52429,Jalen Reagor,WR,False,PHI,3,True,12,15.1537,0.7206,0.2206,4.7975,4.1202,2.6152,2,3,0,20.5968,64.7925,0.0604,8.34,1.1218,1.82,7.2025,7.2025,False,5.3166,8.4399,3.1233,-1.2374
2021092700,3630,46206,Dalton Schultz,TE,True,DAL,3,True,22,12.3338,0.5865,0.0865,3.2746,7.7892,-3.8931,0,1,0,13.1581,19.4754,-0.3682,5.62,0.7462,1.3,18.7254,18.7254,False,9.3668,7.3658,-2.001,11.3597
2021092700,3707,39983,Zach Ertz,TE,True,PHI,3,True,7,19.3551,0.9204,0.4204,8.3761,3.2347,3.0513,1,2,1,13.3798,64.8539,-0.5048,5.63,-1.8171,2.25,-1.3761,-1.3761,False,4.0904,2.1981,-1.8923,-3.5741
2021092700,3731,52429,Jalen Reagor,WR,False,PHI,3,True,24,28.4821,1.3544,0.8544,23.6493,1.9065,0.0734,1,3,1,10.4484,42.7207,0.4703,9.24,2.4102,1.66,0.3507,0.3507,False,3.8743,4.1613,0.287,-3.8106
2021092700,3760,53579,Kenneth Gainwell,RB,False,PHI,3,True,5,11.9167,0.5667,0.0667,5.9337,2.2378,2.2353,1,4,1,7.0424,36.5563,0.5801,7.51,-0.8436,1.31,-0.9337,-0.9337,False,0.6505,-0.6939,-1.3444,-0.2399
2021092700,3795,46118,Dallas Goedert,TE,True,PHI,3,True,7,16.4408,0.7818,0.2818,3.5866,8.6471,8.2691,0,2,2,6.4582,48.2334,6.0333,6.84,0.875,2.1,3.4134,3.4134,False,3.8126,2.6764,-1.1363,0.737
2021092700,3857,39983,Zach Ertz,TE,True,PHI,3,True,16,17.3103,0.8232,0.3232,13.6117,5.2259,-5.008,0,3,1,18.7793,31.0183,-1.9922,6.27,3.9662,2.79,2.3883,2.3883,False,4.8157,6.3559,1.5402,-3.9677
2021092700,3881,53579,Kenneth Gainwell,RB,False,PHI,3,True,12,10.7979,0.5135,0.0135,0.3644,5.1399,2.7304,0,2,0,14.2412,27.4656,-0.1508,6.38,2.5512,2.06,11.6356,11.6356,False,8.1207,9.2531,1.1324,2.3826
2021092700,3905,45607,Greg Ward,WR,False,PHI,3,True,15,33.3106,1.584,1.084,20.1986,2.7783,-1.9361,2,3,0,8.0408,0.0,1.1211,2.55,-1.5787,2.27,-5.1986,-5.0,True,-4.9289,-3.5429,1.3859,-1.4571
2021093000,276,43344,Tyler Boyd,WR,False,CIN,4,True,33,8.993,0.4277,0.0,2.2,6.874,-3.13,0,3,0,16.2,88.94,-2.0102,7.97,0.9257,0.42,30.8,30.0,False,11.0827,10.9999,-0.0828,19.0001
2021093000,351,53434,Ja'Marr Chase,WR,False,CIN,4,True,15,25.4867,1.212,0.712,16.8702,2.148,0.8824,1,1,0,3.9782,43.5798,-1.1347,6.79,0.8992,4.21,-1.8702,-1.8702,False,-0.1966,-1.5372,-1.3406,-0.333
2021093000,449,53434,Ja'Marr Chase,WR,False,CIN,4,True,13,21.9095,1.0419,0.5419,11.6245,1.3592,0.7655,1,1,0,2.674,13.3755,-0.3916,6.55,5.803,2.23,1.3755,1.3755,False,1.2685,9.1007,7.8321,-7.7252
2021093000,549,39954,Tavon Austin,WR,False,JAX,4,True,8,25.96,1.2345,0.7345,7.5485,3.1644,2.9128,1,2,1,1.7173,48.5915,3.124,1.24,0.6106,3.04,0.4515,0.4515,False,-0.1704,-0.1806,-0.0102,0.6321
2021093000,957,43344,Tyler Boyd,WR,False,CIN,4,True,21,16.6364,0.7911,0.2911,12.353,2.0422,0.5775,1,4,0,16.1797,60.977,-0.4673,8.41,2.1057,2.72,8.647,8.647,False,3.9773,3.7985,-0.1788,4.8485
2021093000,1060,45785,Dan Arnold,TE,True,JAX,4,True,12,7.4115,0.3524,0.0,0.47,6.9257,6.66,0,3,1,20.08,80.32,2.9642,7.39,2.3412,0.93,11.53,11.53,False,6.1934,8.9105,2.7171,2.6195
2021093000,1151,38696,Marvin Jones,WR,False,JAX,4,True,10,14.7921,0.7034,0.2034,6.5054,4.5124,4.5051,1,3,1,8.5091,48.7546,1.5115,6.03,1.7962,4.87,3.4946,3.4946,False,2.0574,2.2748,0.2174,1.2198
2021093000,1217,42302,Chris Manhertz,TE,True,JAX,4,True,7,13.7768,0.6551,0.1551,4.7565,6.0878,4.2008,0,3,1,23.921,19.4135,4.6241,1.19,0.2354,1.4,2.2435,2.2435,False,2.2796,2.3313,0.0517,-0.0879
2021093000,1262,53574,Luke Farrell,TE,True,JAX,4,True,7,11.8008,0.5612,0.0612,4.1601,5.0289,5.0187,0,2,1,20.3333,9.9499,0.4863,6.65,-0.1613,2.39,2.8399,2.8399,False,4.722,2.9141,-1.8079,-0.0743
2021093000,1409,43495,Mike Thomas,WR,False,CIN,4,True,0,10.7862,0.5129,0.0129,1.9167,1.2,-0.0604,1,4,0,15.8097,77.9233,1.7029,7.97,-1.8023,2.01,-1.9167,-1.9167,False,4.9424,2.2603,-2.682,-4.177
2021093000,1452,52450,Laviska Shenault,WR,False,JAX,4,True,52,32.4822,1.5446,1.0446,40.9244,1.1037,-1.0574,1,1,0,8.1022,20.6156,-0.6533,7.59,7.5379,2.21,11.0756,11.0756,False,15.1015,12.8018,-2.2997,-1.7262
2021093000,1570,52450,Laviska Shenault,WR,False,JAX,4,True,7,22.1294,1.0523,0.5523,5.4388,0.8264,0.7661,1,2,1,12.8188,2.9712,2.3415,4.81,1.9893,4.26,1.5612,1.5612,False,-0.6533,-0.619,0.0344,2.1802
2021093000,1791,53434,Ja'Marr Chase,WR,False,CIN,4,True,44,22.3449,1.0626,0.5626,17.2149,0.775,-0.6246,1,1,0,4.3646,51.9951,-0.2126,8.59,8.3453,1.04,26.7851,26.7851,False,13.3842,16.3167,2.9325,10.4685
2021093000,1836,42500,C.J. Uzomah,TE,True,CIN,4,True,22,10.894,0.518,0.018,1.5796,10.0887,0.458,0,0,0,21.8987,20.1304,-1.4857,7.07,2.1941,0.73,20.4204,20.4204,False,11.9324,13.9691,2.0368,6.4513
2021093000,2023,48471,Trenton Irwin,WR,False,CIN,4,True,25,25.9689,1.2349,0.7349,20.5696,1.2947,-1.23,1,1,0,0.8787,54.0704,-0.6765,8.34,8.2998,3.24,4.4304,4.4304,False,13.8555,18.5521,4.6965,-14.1217
2021093000,2080,43344,Tyler Boyd,WR,False,CIN,4,True,12,15.7742,0.7501,0.2501,6.8544,2.6341,1.6268,1,1,0,9.369,42.0856,0.7206,6.5,0.4975,2.91,5.1456,5.1456,False,2.3892,1.7134,-0.6759,3.4322
2021093000,2193,43344,Tyler Boyd,WR,False,CIN,4,True,11,19.21,0.9135,0.4135,8.9485,2.9395,2.307,1,1,1,18.7207,10.5415,-1.1056,2.4,-1.4547,2.68,2.0515,2.0515,False,5.1321,3.4366,-1.6955,-1.385
2021093000,2387,44978,Jamal Agnew,WR,False,JAX,4,True,27,29.247,1.3908,0.8908,23.3086,2.2618,0.0711,1,2,0,6.3785,49.9314,-0.8588,8.98,3.4336,1.48,3.6914,3.6914,False,1.5844,1.7135,0.1291,1.9778
2021093000,2505,52450,Laviska Shenault,WR,False,JAX,4,True,5,17.6881,0.8411,0.3411,2.281,3.3598,2.4717,1,2,2,9.8276,36.559,-1.4474,6.58,-1.1109,2.03,2.719,2.719,False,4.8201,2.3379,-2.4822,0.3811
2021093000,2555,45281,Jacob Hollister,TE,True,JAX,4,True,5,13.0864,0.6223,0.1223,3.0451,8.2279,5.5267,0,1,0,13.8362,29.0449,4.2111,5.98,0.8591,2.43,1.9549,1.9549,False,7.226,5.7262,-1.4998,-3.7713
2021093000,2579,52450,Laviska Shenault,WR,False,JAX,4,True,20,20.9978,0.9985,0.4985,8.2907,4.3988,2.816,1,1,0,7.0811,18.6293,0.7279,6.94,1.1848,3.01,11.7093,11.7093,False,4.1389,1.6288,-2.51,10.0805
2021093000,2608,52733,James Robinson,RB,False,JAX,4,True,-2,6.5149,0.3098,0.0,-4.89,5.0136,-0.66,0,4,1,15.58,11.43,-1.0068,3.85,2.6502,2.95,2.89,2.89,False,9.1689,9.7348,0.5659,-6.8448
2021093000,2799,42500,C.J. Uzomah,TE,True,CIN,4,True,8,12.7288,0.6053,0.1053,5.1843,3.5569,0.8051,1,3,1,18.2736,70.2357,2.8371,3.44,1.2753,1.19,2.8157,2.8157,False,3.1066,3.1743,0.0677,-0.3586
2021093000,2867,43344,Tyler Boyd,WR,False,CIN,4,True,4,14.301,0.6801,0.1801,4.0101,4.7716,2.719,2,2,1,11.9793,59.4599,4.2655,3.61,-0.6101,3.57,-0.0101,-0.0101,False,1.3976,1.1009,-0.2967,-1.111
2021093000,2891,43344,Tyler Boyd,WR,False,CIN,4,True,8,16.5676,0.7878,0.2878,5.4874,0.6809,-0.1426,1,1,0,21.5479,54.6926,-0.6912,6.28,1.7278,0.62,2.5126,2.5126,False,2.2933,3.9882,1.6949,-1.4756
2021093000,2936,53434,Ja'Marr Chase,WR,False,CIN,4,True,12,16.8492,0.8012,0.3012,7.0937,3.0531,2.534,1,2,1,19.2799,43.5763,1.264,5.75,3.4315,3.56,4.9063,4.9063,False,3.8062,5.2432,1.4371,-0.337
2021093000,2982,53434,Ja'Marr Chase,WR,False,CIN,4,True,7,13.5814,0.6458,0.1458,5.3346,1.4696,1.2482,1,3,1,21.5755,33.1454,3.4923,6.73,1.5402,1.1,1.6654,1.6654,False,0.3395,2.3323,1.9928,-0.6669
2021093000,3006,42500,C.J. Uzomah,TE,True,CIN,4,True,31,18.6531,0.887,0.387,14.973,2.6334,-2.3275,1,3,0,9.9032,16.907,-1.1104,7.3,2.8758,0.87,16.027,16.027,False,9.4518,7.0546,-2.3972,8.9724
2021093000,3073,38696,Marvin Jones,WR,False,JAX,4,True,7,18.3641,0.8733,0.3733,7.7856,1.902,1.2396,1,1,0,3.1186,67.3644,1.9933,3.36,-0.2262,3.78,-0.7856,-0.7856,False,0.4854,0.1711,-0.3142,-0.9567
2021093000,3118,52450,Laviska Shenault,WR,False,JAX,4,True,11,21.8045,1.0369,0.5369,12.1845,6.0733,-5.906,0,2,0,22.0122,55.1455,4.4974,6.61,-0.1592,2.67,-1.1845,-1.1845,False,9.2204,5.0574,-4.163,-6.242
2021093000,3252,43344,Tyler Boyd,WR,False,CIN,4,True,12,11.7384,0.5582,0.0582,6.0218,5.7798,0.7757,0,3,0,24.8967,85.0882,-3.555,4.69,1.7493,2.74,5.9782,5.9782,False,7.3324,6.6773,-0.6551,-0.6991
2021093000,3384,44927,Samaje Perine,RB,False,CIN,4,True,15,21.819,1.0376,0.5376,3.2016,13.2034,13.2031,0,0,0,7.448,66.1284,-4.8652,0.57,-0.5178,0.16,11.7984,11.7984,False,7.1265,5.1513,-1.9752,6.6471
2021093000,3431,42500,C.J. Uzomah,TE,True,CIN,4,True,9,13.2626,0.6307,0.1307,6.2995,1.725,0.0523,2,2,1,22.4017,46.9305,3.0613,1.75,1.3735,3.04,2.7005,2.7005,False,1.2542,0.8976,-0.3566,1.8029
2021093000,3504,43344,Tyler Boyd,WR,False,CIN,4,True,7,14.58,0.6933,0.1933,5.802,1.8619,1.2159,1,1,0,18.3982,47.898,1.1011,4.51,0.0622,0.9,1.198,1.198,False,3.6589,1.5545,-2.1044,-0.3566
2021100300,76,39975,Cordarrelle Patterson,RB,False,ATL,4,True,4,12.584,0.5984,0.0984,4.3895,1.2111,0.6496,2,4,0,14.7825,65.2905,3.0545,1.6,-0.0056,3.5,-0.3895,-0.3895,False,1.6388,0.3672,-1.2716,-0.7567
2021100300,142,46095,Calvin Ridley,WR,False,ATL,4,True,13,14.7008,0.6991,0.1991,8.2664,2.2153,1.0724,1,4,0,15.7895,54.0336,-0.2739,6.63,4.8044,0.93,4.7336,4.7336,False,4.2615,8.777,4.5155,-4.0434
2021100300,208,53433,Kyle Pitts,TE,True,ATL,4,True,15,15.3966,0.7322,0.2322,12.2711,2.2732,-1.1266,2,3,1,20.946,26.8589,7.9368,7.2,3.5367,1.26,2.7289,2.7289,False,4.0239,4.5809,0.557,-1.852
2021100300,253,46095,Calvin Ridley,WR,False,ATL,4,True,16,25.2387,1.2002,0.7002,14.3314,4.3547,0.4125,1,1,0,2.7521,6.5686,-0.0718,5.42,4.5722,1.34,1.6686,1.6686,False,2.9627,0.8075,-2.1552,0.8611
2021100300,293,43429,Tajae Sharpe,WR,False,ATL,4,True,7,9.9887,0.475,0.0,4.44,0.7401,0.01,1,6,0,26.01,26.67,1.492,6.52,4.3356,1.59,2.56,2.56,False,0.8912,3.9246,3.0334,-1.3646
2021100300,317,53433,Kyle Pitts,TE,True,ATL,4,True,15,19.0659,0.9067,0.4067,14.0567,1.3254,-1.0189,1,2,0,4.3867,10.0233,0.7486,8.33,0.4098,1.12,0.9433,0.9433,False,8.768,3.1276,-5.6404,-2.1843
2021100300,495,44852,Curtis Samuel,WR,False,WAS,4,True,4,15.5775,0.7408,0.2408,3.0592,1.689,0.2374,1,2,0,16.1546,57.3608,5.0844,0.93,0.578,1.73,0.9408,0.9408,False,1.4577,0.5682,-0.8895,0.3726
2021100300,959,46094,Hayden Hurst,TE,True,ATL,4,True,5,8.79,0.418,0.0,-1.74,2.5397,1.85,1,3,1,19.38,65.88,1.1039,7.28,1.0899,0.9,6.74,6.74,False,5.7486,4.5488,-1.1998,2.1912
2021100300,1032,46094,Hayden Hurst,TE,True,ATL,4,True,12,16.1033,0.7658,0.2658,4.8464,4.8915,1.4771,1,1,0,6.1557,49.2236,2.3392,5.97,2.2064,2.05,7.1536,7.1536,False,3.7402,4.8168,1.0765,2.3368
2021100300,1056,39975,Cordarrelle Patterson,RB,False,ATL,4,True,42,26.7956,1.2742,0.7742,25.951,9.9456,-2.4545,0,1,0,26.5035,16.129,-5.6554,8.73,7.3505,0.8,16.049,16.049,False,13.0277,14.8848,1.8571,1.1642
2021100300,1158,45481,Ricky Seals-Jones,TE,True,WAS,4,True,3,9.5222,0.4528,0.0,-2.7,8.8726,-6.49,0,2,1,9.15,79.79,0.1637,6.55,0.0777,1.76,5.7,5.7,False,9.3953,9.7528,0.3575,-4.0528
2021100300,1187,53511,Dyami Brown,WR,False,WAS,4,True,19,27.89,1.3263,0.8263,13.7284,3.2634,2.8921,1,1,1,13.7381,60.4016,-1.1585,2.03,-1.1396,3.52,5.2716,5.2716,False,4.0744,2.49,-1.5844,2.7816
2021100300,1246,47859,Terry McLaurin,WR,False,WAS,4,True,21,27.5743,1.3113,0.8113,20.4844,2.3173,2.0715,2,3,1,20.7505,35.4356,3.1461,7.06,3.9622,4.06,0.5156,0.5156,False,1.1286,-0.3133,-1.4419,0.829
2021100300,1315,47859,Terry McLaurin,WR,False,WAS,4,True,33,30.2857,1.4402,0.9402,25.7541,3.605,-3.2584,1,2,0,4.8001,7.6859,-1.134,8.73,8.5452,1.25,7.2459,7.2459,False,10.663,10.4463,-0.2168,-3.2004
2021100300,1446,43429,Tajae Sharpe,WR,False,ATL,4,True,8,13.2921,0.6321,0.1321,7.0121,0.6518,-0.2196,2,3,0,24.5779,75.1879,-0.9034,6.72,3.4982,1.68,0.9879,0.9879,False,2.661,7.1085,4.4475,-6.1205
2021100300,1632,45481,Ricky Seals-Jones,TE,True,WAS,4,True,16,12.0668,0.5738,0.0738,2.6224,6.2971,5.8357,0,2,1,20.4147,37.4476,-0.9375,7.27,-0.5097,1.26,13.3776,13.3776,False,11.2334,6.4554,-4.778,6.9222
2021100300,1890,46095,Calvin Ridley,WR,False,ATL,4,True,8,19.6402,0.934,0.434,8.9504,0.8445,-0.6761,2,4,1,19.0143,31.3396,-3.3717,6.99,2.72,2.1,-0.9504,-0.9504,False,2.6725,2.8622,0.1897,-3.8126
2021100300,1985,46095,Calvin Ridley,WR,False,ATL,4,True,17,16.3204,0.7761,0.2761,9.2224,3.4606,2.6042,1,2,1,11.6154,26.0076,-1.028,7.4,2.9424,5.01,7.7776,7.7776,False,4.6114,4.8141,0.2026,2.9635
2021100300,2043,46095,Calvin Ridley,WR,False,ATL,4,True,6,14.7285,0.7004,0.2004,3.7043,3.9923,3.5295,1,3,1,22.7633,14.4057,4.1844,5.53,0.5204,2.21,2.2957,2.2957,False,3.2838,1.6769,-1.6069,0.6188
2021100300,2138,39975,Cordarrelle Patterson,RB,False,ATL,4,True,12,8.0088,0.3808,0.0,0.13,7.1211,6.15,0,5,2,23.07,11.92,4.2802,6.48,2.2131,2.25,11.87,11.87,False,6.8963,7.8272,0.9309,4.0428
2021100300,2316,48374,Olamide Zaccheaus,WR,False,ATL,4,True,15,18.2129,0.8661,0.3661,13.1144,2.8876,1.873,1,3,0,19.7658,53.8556,9.8558,5.38,4.0275,2.78,1.8856,1.8856,False,2.3245,1.7192,-0.6053,0.1664
2021100300,2394,46094,Hayden Hurst,TE,True,ATL,4,True,5,12.1622,0.5784,0.0784,4.5625,3.7205,1.4408,2,2,0,21.361,18.5575,1.4857,1.44,1.4354,2.67,0.4375,0.4375,False,5.1262,3.8824,-1.2438,-3.4449
2021100300,2435,46094,Hayden Hurst,TE,True,ATL,4,True,7,11.5325,0.5484,0.0484,5.2817,3.2014,-2.1501,1,4,1,26.5223,13.2383,-4.0133,6.27,1.6882,3.43,1.7183,1.7183,False,5.1895,4.7255,-0.4641,-3.0072
2021100300,2505,39975,Cordarrelle Patterson,RB,False,ATL,4,True,14,21.1687,1.0066,0.5066,12.3521,0.7122,-0.4176,1,1,0,3.5385,2.1379,0.4373,6.98,6.4979,0.92,1.6479,1.6479,False,2.4823,1.7848,-0.6975,-0.1369
2021100300,2562,47859,Terry McLaurin,WR,False,WAS,4,True,20,25.2624,1.2013,0.7013,19.45,3.471,2.5245,1,4,2,19.5343,55.75,-0.2824,7.17,3.0086,3.92,0.55,0.55,False,3.1016,2.0707,-1.0309,-1.5207
2021100300,2680,44852,Curtis Samuel,WR,False,WAS,4,True,10,14.8527,0.7063,0.2063,2.3095,7.467,4.6306,0,2,1,15.7121,37.5905,-2.8329,5.76,-0.1478,2.15,7.6905,7.6905,False,9.2033,4.6967,-4.5066,2.9938
2021100300,2964,53433,Kyle Pitts,TE,True,ATL,4,True,14,13.2484,0.63,0.13,8.0183,2.1857,-0.5397,2,4,1,23.0777,71.6717,5.6491,7.13,4.371,1.63,5.9817,5.9817,False,2.4234,5.1442,2.7208,0.8375
2021100300,3009,53433,Kyle Pitts,TE,True,ATL,4,True,6,16.8291,0.8003,0.3003,4.7847,1.4096,1.3728,1,2,2,8.922,58.5653,3.9835,0.87,0.8483,3.27,1.2153,1.2153,False,0.317,0.5603,0.2433,0.655
2021100300,3033,46095,Calvin Ridley,WR,False,ATL,4,True,7,13.7595,0.6543,0.1543,4.5983,2.6592,-0.653,2,3,0,19.9527,53.0617,-0.1181,4.14,1.2848,3.24,2.4017,2.4017,False,9.79,4.9786,-4.8114,-2.5769
2021100300,3267,42469,Mike Davis,RB,False,ATL,4,True,7,11.1964,0.5324,0.0324,-5.5099,3.4115,3.3859,1,2,1,14.9958,12.7499,4.2651,5.59,1.5436,4.09,12.5099,12.5099,False,4.0746,5.7249,1.6503,6.785
2021100300,3323,43722,J.D. McKissic,RB,False,WAS,4,True,2,20.1122,0.9564,0.4564,-3.5277,9.9845,9.979,0,1,1,6.889,78.6877,3.5189,2.99,0.969,2.61,5.5277,5.5277,False,8.1466,6.5112,-1.6354,-0.9835
2021100300,3373,43722,J.D. McKissic,RB,False,WAS,4,True,-2,10.0743,0.4791,0.0,-2.1,8.9422,6.84,0,1,1,17.09,70.27,-2.1676,6.83,0.7803,2.42,0.1,0.1,False,10.3299,11.1753,0.8454,-11.0753
2021100300,3642,53960,Jaret Patterson,RB,False,WAS,4,True,11,12.7358,0.6056,0.1056,0.6543,9.1615,-4.4011,0,1,0,15.1396,68.5257,-4.3856,5.07,0.703,1.56,10.3457,10.3457,False,12.0711,9.2184,-2.8526,1.1273
2021100300,3763,47859,Terry McLaurin,WR,False,WAS,4,True,23,30.2052,1.4364,0.9364,20.874,9.0701,8.9969,0,2,1,25.4193,30.416,1.03,6.05,1.0402,2.81,2.126,2.126,False,5.0897,4.7396,-0.3501,-2.6136
2021100300,3834,43722,J.D. McKissic,RB,False,WAS,4,True,10,16.4092,0.7803,0.2803,5.3981,8.4311,7.5324,0,1,1,22.5897,22.0719,4.8336,6.04,0.7424,1.49,4.6019,4.6019,False,5.1868,3.739,-1.4478,0.8629
2021100300,3858,47859,Terry McLaurin,WR,False,WAS,4,True,17,36.1678,1.7199,1.2199,26.0488,0.7468,0.7455,1,1,1,23.0515,0.0,-3.0778,1.63,1.2532,3.24,-9.0488,-5.0,True,-6.6568,-5.3948,1.2621,0.3948
2021100300,4092,42794,DeAndre Carter,WR,False,WAS,4,True,24,26.9613,1.2821,0.7821,17.994,5.3768,-4.3969,0,2,1,25.3623,58.016,-2.7393,6.58,1.8974,2.78,6.006,6.006,False,4.546,3.4828,-1.0632,2.5232
2021100300,4138,43010,Adam Humphries,WR,False,WAS,4,True,19,23.5739,1.121,0.621,12.5642,5.7042,3.2952,0,1,0,12.5929,39.4058,-1.4788,6.84,1.0535,3.07,6.4358,6.4358,False,6.3358,5.6279,-0.7079,0.8078
2021100300,4302,43722,J.D. McKissic,RB,False,WAS,4,True,30,15.3787,0.7313,0.2313,-0.1575,6.2027,-1.4912,0,2,1,23.2733,30.2875,-2.246,3.95,0.4862,1.25,30.1575,30.0,False,11.2497,10.4992,-0.7505,19.5008
2021100300,4395,46095,Calvin Ridley,WR,False,ATL,4,True,21,28.5067,1.3556,0.8556,21.2957,3.6839,-3.4104,1,3,0,22.1405,53.8343,3.1151,7.26,3.7468,2.85,-0.2957,-0.2957,False,8.4958,4.6081,-3.8877,-4.9038
2021100301,518,47857,Devin Singletary,RB,False,BUF,4,True,7,9.5469,0.454,0.0,0.59,8.514,-5.11,0,5,1,16.42,64.57,-2.468,2.26,2.1092,2.5,6.41,6.41,False,9.9661,10.3179,0.3518,-3.9079
2021100301,698,47879,Dawson Knox,TE,True,BUF,4,True,25,13.9997,0.6657,0.1657,11.2718,5.1393,0.7096,0,2,0,26.2142,14.7782,-4.4229,7.02,2.1833,1.4,13.7282,13.7282,False,9.9076,11.3741,1.4665,2.3541
2021100301,909,42489,Stefon Diggs,WR,False,BUF,4,True,31,39.4094,1.8741,1.3741,31.6674,3.7342,-0.1166,1,2,0,1.9527,18.5126,-0.9816,9.26,0.8714,1.51,-0.6674,-0.6674,False,3.8245,3.25,-0.5745,-3.9174
2021100301,957,35521,Emmanuel Sanders,WR,False,BUF,4,True,9,20.4911,0.9744,0.4744,9.4315,1.3562,1.3552,1,2,2,26.358,14.4185,1.0107,2.16,-2.1257,2.57,-0.4315,-0.4315,False,0.9999,1.2368,0.2368,-1.6683
2021100301,1214,35521,Emmanuel Sanders,WR,False,BUF,4,True,20,28.1304,1.3377,0.8377,21.308,3.0778,2.6203,1,2,2,16.3329,11.092,6.1764,6.28,4.0325,4.75,-1.308,-1.308,False,0.2369,-0.8854,-1.1223,-0.4227
2021100301,1456,35521,Emmanuel Sanders,WR,False,BUF,4,True,16,30.5587,1.4532,0.9532,18.7274,8.035,4.8509,0,1,0,2.4188,60.5326,-2.5925,6.07,1.7808,3.96,-2.7274,-2.7274,False,1.8998,1.9093,0.0096,-4.6367
2021100301,1783,38947,Cole Beasley,WR,False,BUF,4,True,7,28.0945,1.336,0.836,4.677,5.7408,4.7014,0,1,1,1.4921,25.423,0.2452,3.18,-1.2955,1.72,2.323,2.323,False,0.9528,0.4098,-0.5431,1.9132
2021100301,1812,35521,Emmanuel Sanders,WR,False,BUF,4,True,8,21.5839,1.0264,0.5264,6.9784,2.6124,0.8204,2,2,0,14.9601,16.8116,5.5029,0.13,0.13,2.84,1.0216,1.0216,False,1.6093,0.1921,-1.4172,0.8295
2021100301,1870,42489,Stefon Diggs,WR,False,BUF,4,True,5,10.6625,0.507,0.007,5.053,2.4478,1.6465,2,4,2,19.231,3.327,1.1508,5.56,0.4304,1.74,-0.053,-0.053,False,3.1484,2.6668,-0.4816,-2.7199
2021100301,2076,42489,Stefon Diggs,WR,False,BUF,4,True,16,30.2715,1.4395,0.9395,12.0664,4.1901,3.9229,1,1,1,5.3256,63.2436,0.0932,2.47,-1.5791,2.67,3.9336,3.9336,False,0.3772,0.6178,0.2406,3.3158
2021100301,2194,35521,Emmanuel Sanders,WR,False,BUF,4,True,21,30.6081,1.4555,0.9555,19.3535,5.2522,1.9937,0,2,0,9.7403,37.9865,-2.0349,3.08,-1.4824,5.29,1.6465,1.6465,False,7.6286,1.4926,-6.136,0.1539
2021100301,2451,41246,Brandin Cooks,WR,False,HOU,4,True,8,22.8184,1.0851,0.5851,9.8752,1.7867,1.592,2,2,1,1.6213,64.8648,2.1196,2.69,1.0515,4.19,-1.8752,-1.8752,False,-1.218,-0.0364,1.1816,-1.8389
2021100301,2879,47879,Dawson Knox,TE,True,BUF,4,True,5,7.5171,0.3575,0.0,-0.53,4.8322,4.43,1,4,3,19.73,9.45,-1.3299,7.97,-0.0334,1.22,5.53,5.53,False,5.0277,6.493,1.4653,-0.963
2021100301,3027,41246,Brandin Cooks,WR,False,HOU,4,True,8,18.5695,0.883,0.383,5.4749,6.554,1.329,0,2,1,6.4582,80.3951,1.8978,2.03,0.2477,2.42,2.5251,2.5251,False,3.2457,3.1846,-0.0611,-0.6595
2021100301,3056,46167,Jordan Akins,TE,True,HOU,4,True,4,13.4834,0.6412,0.1412,4.9554,0.8824,0.8811,2,2,1,23.5476,72.3046,2.0697,1.05,0.534,3.83,-0.9554,-0.9554,False,0.1812,0.9408,0.7597,-1.8962
2021100301,3172,42489,Stefon Diggs,WR,False,BUF,4,True,19,18.0648,0.859,0.359,10.5979,2.3334,-0.3827,1,2,1,19.0616,12.5421,0.3739,8.91,3.587,1.4,8.4021,8.4021,False,4.7451,5.4755,0.7304,2.9266
2021100301,3274,42429,David Johnson,RB,False,HOU,4,True,8,16.9521,0.8061,0.3061,7.0695,4.9786,0.7693,1,2,1,8.4956,64.8605,-0.2781,5.44,1.0436,3.33,0.9305,0.9305,False,4.3011,4.2388,-0.0623,-3.3083
2021100301,3324,41246,Brandin Cooks,WR,False,HOU,4,True,12,20.5811,0.9787,0.4787,13.2109,3.5561,3.4522,1,3,1,20.3192,48.5991,5.0683,7.11,2.0491,2.98,-1.2109,-1.2109,False,1.6927,0.9431,-0.7497,-2.154
2021100301,3506,53079,Reggie Gilliam,FB,False,BUF,4,True,8,10.9249,0.5195,0.0195,1.1102,4.8911,2.8328,1,1,0,18.1362,23.2198,1.0455,6.53,1.5488,1.66,6.8898,6.8898,False,10.7392,8.2802,-2.459,-1.3904
2021100301,3673,45339,Pharaoh Brown,TE,True,HOU,4,True,6,11.9899,0.5702,0.0702,4.3357,4.2658,3.7526,1,2,1,20.1725,78.0943,1.9562,3.58,1.7911,3.44,1.6643,1.6643,False,3.4868,3.8512,0.3644,-2.1869
2021100301,3736,41246,Brandin Cooks,WR,False,HOU,4,True,16,22.078,1.0499,0.5499,16.1209,1.6249,1.5119,2,3,1,23.2237,61.0391,-1.2293,5.67,2.1112,4.03,-0.1209,-0.1209,False,3.057,5.1545,2.0975,-5.2754
2021100301,3777,42429,David Johnson,RB,False,HOU,4,True,12,11.2266,0.5339,0.0339,3.4365,5.0571,4.5223,0,2,1,14.3503,57.0635,5.5732,1.63,1.3744,1.32,8.5635,8.5635,False,3.6538,3.4679,-0.1859,5.0956
2021100302,97,52581,Darnell Mooney,WR,False,CHI,4,True,4,14.5136,0.6902,0.1902,4.4092,1.5198,1.2372,1,3,2,19.4752,57.7608,4.9372,1.1,-0.2144,1.82,-0.4092,-0.4092,False,0.7545,0.9483,0.1938,-1.3575
2021100302,142,52581,Darnell Mooney,WR,False,CHI,4,True,4,21.2733,1.0116,0.5116,4.5145,2.5127,2.4113,1,1,1,4.4377,52.4755,-0.397,0.83,0.087,2.9,-0.5145,-0.5145,False,0.8091,1.5623,0.7532,-2.0769
2021100302,208,52581,Darnell Mooney,WR,False,CHI,4,True,21,24.1092,1.1465,0.6465,16.5602,11.9478,-11.683,0,0,0,11.8539,23.4898,-2.8488,9.55,1.8566,0.68,4.4398,4.4398,False,11.8976,16.6151,4.7175,-12.1753
2021100302,401,47791,T.J. Hockenson,TE,True,DET,4,True,7,10.2363,0.4868,0.0,1.28,6.9885,-2.94,0,5,1,21.92,67.22,3.4886,1.58,0.6562,2.99,5.72,5.72,False,7.0127,5.4204,-1.5924,0.2996
2021100302,467,52574,Quintez Cephus,WR,False,DET,4,True,21,27.4699,1.3063,0.8063,17.225,6.3711,5.1189,0,1,1,1.4377,31.505,5.8496,3.02,3.02,5.0,3.775,3.775,False,0.9956,0.2899,-0.7057,3.4852
2021100302,972,52443,D'Andre Swift,RB,False,DET,4,True,5,9.4435,0.4491,0.0,-3.78,5.7691,5.17,0,3,1,10.88,78.89,4.9901,5.84,2.0366,1.65,8.78,8.78,False,5.8821,5.1034,-0.7787,3.6766
2021100302,1092,53541,Amon-Ra St. Brown,WR,False,DET,4,True,6,13.616,0.6475,0.1475,-3.8787,12.7038,11.461,0,0,0,6.7051,50.4987,-1.4959,5.28,2.8563,2.73,9.8787,9.8787,False,7.4816,8.6073,1.1257,1.2714
2021100302,1137,52574,Quintez Cephus,WR,False,DET,4,True,33,13.3301,0.6339,0.1339,12.0887,3.3837,-1.6424,1,4,1,13.81,26.0613,-1.2966,4.46,4.397,0.94,20.9113,20.9113,False,6.247,10.034,3.787,10.8773
2021100302,1579,53541,Amon-Ra St. Brown,WR,False,DET,4,True,17,20.1683,0.9591,0.4591,17.8943,2.5643,1.2309,1,3,1,17.6332,8.4157,-1.4132,5.22,2.4055,4.3,-0.8943,-0.8943,False,2.1428,1.7466,-0.3962,-2.6409
2021100302,1811,41290,Allen Robinson,WR,False,CHI,4,True,8,12.6259,0.6004,0.1004,6.3189,2.1738,2.0592,1,3,1,23.4648,60.8111,4.5837,5.37,3.1761,2.23,1.6811,1.6811,False,0.9991,4.0632,3.0641,-2.3821
2021100302,2336,41290,Allen Robinson,WR,False,CHI,4,True,28,27.5409,1.3097,0.8097,19.7079,4.061,1.8604,1,2,0,22.5348,45.5521,-2.1014,6.72,2.4552,2.27,8.2921,8.2921,False,6.6861,7.5635,0.8774,0.7286
2021100302,2382,52581,Darnell Mooney,WR,False,CHI,4,True,32,29.0599,1.3819,0.8819,21.3998,1.6027,-1.5898,1,1,0,4.8028,15.4702,-0.5666,8.82,8.7989,1.22,10.6002,10.6002,False,13.3106,12.5524,-0.7582,-1.9522
2021100302,2471,52574,Quintez Cephus,WR,False,DET,4,True,20,19.5121,0.9279,0.4279,12.752,7.941,-3.6437,0,3,1,22.2967,67.558,-3.6739,3.02,1.0798,4.13,7.248,7.248,False,3.3894,2.8068,-0.5825,4.4412
2021100302,2561,47791,T.J. Hockenson,TE,True,DET,4,True,11,16.7829,0.7981,0.2981,8.6086,3.7312,2.6951,1,3,2,14.8845,61.4314,8.5459,6.34,4.088,0.86,2.3914,2.3914,False,1.7001,2.5128,0.8128,-0.1214
2021100302,2750,47791,T.J. Hockenson,TE,True,DET,4,True,22,12.2001,0.5802,0.0802,8.4627,2.6643,-1.1822,2,2,0,26.1018,35.9373,-2.2841,7.48,3.0281,1.44,13.5373,13.5373,False,13.0636,12.7569,-0.3067,0.7804
2021100302,2774,53541,Amon-Ra St. Brown,WR,False,DET,4,True,5,18.4501,0.8774,0.3774,6.0406,1.8815,1.7367,1,3,2,9.6793,17.0994,4.0096,6.02,0.187,3.06,-1.0406,-1.0406,False,1.0288,0.548,-0.4808,-1.5886
2021100302,2798,52574,Quintez Cephus,WR,False,DET,4,True,9,13.866,0.6594,0.1594,2.8166,1.711,1.5422,1,2,1,13.6045,14.9034,0.0791,5.02,-1.6526,3.45,6.1834,6.1834,False,2.8121,1.5343,-1.2779,4.6491
2021100302,2940,52451,Cole Kmet,TE,True,CHI,4,True,6,11.2622,0.5356,0.0356,6.0655,1.78,1.7704,1,3,2,5.018,69.2545,5.6725,6.71,1.5619,2.78,-0.0655,-0.0655,False,-0.1683,-0.7275,-0.5592,0.6619
2021100302,2992,41290,Allen Robinson,WR,False,CHI,4,True,27,28.8426,1.3716,0.8716,27.7409,3.365,-3.2109,2,3,1,6.2447,18.1891,0.4124,8.2,5.1871,2.7,-0.7409,-0.7409,False,6.6614,3.6822,-2.9792,-4.4231
2021100302,3232,52443,D'Andre Swift,RB,False,DET,4,True,11,12.7872,0.6081,0.1081,3.7142,7.151,5.2662,0,2,2,11.5487,71.5458,1.9898,2.18,0.9638,2.79,7.2858,7.2858,False,8.517,7.5389,-0.9781,-0.253
2021100302,3288,52443,D'Andre Swift,RB,False,DET,4,True,9,15.9789,0.7599,0.2599,1.1518,10.2103,7.7547,0,0,0,4.9373,60.1282,-0.4149,4.82,0.8535,3.32,7.8482,7.8482,False,8.4531,6.4102,-2.0429,1.438
2021100302,3331,53541,Amon-Ra St. Brown,WR,False,DET,4,True,24,28.7281,1.3661,0.8661,22.8505,9.4084,4.726,0,1,0,5.5114,40.0795,-2.4169,7.48,4.2378,2.75,1.1495,1.1495,False,4.4329,6.1331,1.7002,-4.9836
2021100302,3360,46992,KhaDarel Hodge,WR,False,DET,4,True,13,19.3963,0.9224,0.4224,11.7655,1.0486,0.6443,2,3,0,25.8533,26.6645,1.2656,6.81,2.1202,1.37,1.2345,1.2345,False,0.7686,1.0867,0.3181,0.1478
2021100302,3384,43584,Kalif Raymond,WR,False,DET,4,True,25,21.2607,1.011,0.511,20.954,7.1828,-6.8698,0,4,0,17.8916,4.546,-5.4745,8.53,8.4614,0.99,4.046,4.046,False,3.9628,4.8092,0.8464,-0.7632
2021100302,3752,48053,Trinity Benson,WR,False,DET,4,True,3,18.386,0.8743,0.3743,3.6768,2.4061,2.3972,1,1,1,9.3989,43.0832,1.6216,6.38,-0.4895,1.64,-0.6768,-0.6768,False,3.0721,1.8182,-1.2539,-2.495
2021100302,3795,53541,Amon-Ra St. Brown,WR,False,DET,4,True,9,12.8294,0.6101,0.1101,3.1478,3.1324,2.1508,1,2,1,11.3388,40.8422,-0.5043,8.04,-0.7469,1.52,5.8522,5.8522,False,4.7284,2.6617,-2.0667,3.1905
2021100302,3860,52443,D'Andre Swift,RB,False,DET,4,True,8,14.9337,0.7102,0.2102,7.4594,2.3862,1.6569,1,2,1,19.045,27.7106,-0.2415,5.16,1.3772,2.88,0.5406,0.5406,False,4.2926,3.2892,-1.0033,-2.7487
2021100302,3982,53541,Amon-Ra St. Brown,WR,False,DET,4,True,9,20.675,0.9832,0.4832,9.7463,0.2961,-0.2725,2,3,1,25.6337,7.5537,-1.5741,3.03,-2.098,0.97,-0.7463,-0.7463,False,-0.6176,1.1411,1.7586,-1.8874
2021100302,4116,41290,Allen Robinson,WR,False,CHI,4,True,6,21.0781,1.0023,0.5023,7.7021,0.4037,-0.3126,1,1,0,4.9648,56.4579,0.3985,1.8,1.0195,4.48,-1.7021,-1.7021,False,8.1971,1.9826,-6.2145,-3.6848
2021100303,274,45052,Noah Brown,WR,False,DAL,4,True,9,18.2434,0.8675,0.3675,6.6907,2.9861,2.3659,2,2,2,13.7792,45.3893,2.5361,5.37,1.2536,1.91,2.3093,2.3093,False,1.5047,0.9092,-0.5955,1.4
2021100303,370,46206,Dalton Schultz,TE,True,DAL,4,True,18,11.7518,0.5588,0.0588,-1.1298,10.5108,5.4473,0,0,0,12.703,39.7298,0.7773,3.26,1.8736,1.77,19.1298,19.1298,False,10.5661,10.7696,0.2035,8.3602
2021100303,606,46093,D.J. Moore,WR,False,CAR,4,True,9,7.6222,0.3625,0.0,-2.42,8.2021,-1.29,0,2,1,22.39,51.33,-7.7802,8.48,1.4798,0.18,11.42,11.42,False,8.7944,11.0169,2.2225,0.4031
2021100303,656,46093,D.J. Moore,WR,False,CAR,4,True,29,18.2851,0.8695,0.3695,10.5053,4.2576,3.1754,2,3,1,24.3257,27.1747,0.9037,5.73,0.6367,1.72,18.4947,18.4947,False,2.0683,1.8396,-0.2287,16.6551
2021100303,701,46093,D.J. Moore,WR,False,CAR,4,True,9,13.4227,0.6383,0.1383,4.6599,3.3761,1.6877,1,1,0,8.7036,5.5901,-0.5415,7.38,1.2282,2.3,4.3401,4.3401,False,4.6009,2.7112,-1.8897,1.629
2021100303,805,46206,Dalton Schultz,TE,True,DAL,4,True,12,12.6367,0.6009,0.1009,4.2735,2.1194,1.3103,1,3,0,14.7156,71.1765,0.3246,2.62,0.0343,3.14,7.7265,7.7265,False,4.1997,3.0147,-1.185,4.7119
2021100303,933,46206,Dalton Schultz,TE,True,DAL,4,True,10,12.5152,0.5951,0.0951,3.8342,1.0955,-0.4171,1,4,1,14.9788,60.6058,1.5662,2.01,0.0445,1.41,6.1658,6.1658,False,2.6558,2.6036,-0.0522,3.5621
2021100303,1072,42347,Amari Cooper,WR,False,DAL,4,True,14,30.6317,1.4566,0.9566,15.3648,1.6015,1.4274,1,1,1,4.3042,16.7152,-0.6679,1.82,1.7507,5.23,-1.3648,-1.3648,False,-1.2715,-1.7845,-0.513,0.4197
2021100303,1096,45532,Blake Jarwin,TE,True,DAL,4,True,18,13.9329,0.6626,0.1626,7.1055,2.9209,0.888,1,2,1,19.2439,11.4745,-0.8259,6.37,3.417,2.33,10.8945,10.8945,False,4.052,4.4368,0.3849,6.4577
2021100303,1233,53555,Chuba Hubbard,RB,False,CAR,4,True,3,8.795,0.4182,0.0,0.23,2.9861,2.73,1,5,1,17.23,79.94,5.4663,4.9,3.7365,1.43,2.77,2.77,False,1.5401,4.6917,3.1516,-1.9217
2021100303,1294,43808,Robby Anderson,WR,False,CAR,4,True,13,24.6504,1.1722,0.6722,13.5662,1.7285,0.3426,2,3,1,14.1649,63.7138,4.7657,0.53,0.5299,6.21,-0.5662,-0.5662,False,-0.7396,-1.1888,-0.4492,0.6225
2021100303,1452,46093,D.J. Moore,WR,False,CAR,4,True,5,21.4432,1.0197,0.5197,6.9773,2.0712,1.9914,1,1,1,4.3247,27.6827,-0.6603,1.48,0.1488,5.76,-1.9773,-1.9773,False,-0.9286,-0.4962,0.4324,-1.4811
2021100303,1824,46093,D.J. Moore,WR,False,CAR,4,True,8,10.6002,0.5041,0.0041,2.924,7.0137,5.9104,0,3,1,26.1603,90.386,-0.8834,4.94,0.9916,3.14,5.076,5.076,False,8.8058,7.4718,-1.3339,-2.3959
2021100303,1848,43808,Robby Anderson,WR,False,CAR,4,True,5,14.6134,0.6949,0.1949,1.5613,4.9066,4.1959,1,1,1,10.9997,83.8087,2.5853,6.75,2.9823,2.63,3.4387,3.4387,False,3.0967,5.5123,2.4156,-2.0736
2021100303,1951,46170,Ian Thomas,TE,True,CAR,4,True,9,12.0082,0.571,0.071,2.1139,7.181,6.9115,0,1,1,20.1351,82.2361,0.7797,7.98,-0.6497,1.56,6.8861,6.8861,False,6.3096,5.403,-0.9066,1.4831
2021100303,2022,42347,Amari Cooper,WR,False,DAL,4,True,20,18.2723,0.8689,0.3689,5.5046,3.9019,2.2388,1,2,0,14.8082,62.5654,0.4631,5.02,2.2352,1.66,14.4954,14.4954,False,5.5687,7.3141,1.7455,7.1813
2021100303,2254,46093,D.J. Moore,WR,False,CAR,4,True,39,13.0199,0.6191,0.1191,3.6878,4.7451,-4.2606,1,5,0,21.007,74.7522,-2.1362,8.94,0.5691,0.92,35.3122,30.0,False,12.8059,14.2687,1.4627,15.7313
2021100303,2426,42347,Amari Cooper,WR,False,DAL,4,True,35,27.8171,1.3228,0.8228,24.177,1.8813,-1.874,1,1,0,0.6236,11.043,-1.1526,8.91,8.6132,3.95,10.823,10.823,False,10.3038,9.2004,-1.1034,1.6226
2021100303,2587,52425,CeeDee Lamb,WR,False,DAL,4,True,7,22.645,1.0768,0.5768,8.2583,4.8356,4.6971,1,2,1,2.6749,52.9517,1.9869,3.13,2.2159,4.41,-1.2583,-1.2583,False,0.6807,0.7293,0.0486,-1.9876
2021100303,2637,46206,Dalton Schultz,TE,True,DAL,4,True,6,10.7741,0.5123,0.0123,2.2941,8.2142,-1.4065,0,2,0,14.9476,3.9859,-3.6534,5.18,1.1379,1.46,3.7059,3.7059,False,4.1056,3.4507,-0.6549,0.2552
2021100303,2713,43808,Robby Anderson,WR,False,CAR,4,True,9,21.6656,1.0303,0.5303,9.7137,3.317,3.3075,1,3,1,0.4964,65.7563,0.6207,3.07,-3.0669,2.43,-0.7137,-0.7137,False,-1.2987,-0.9925,0.3062,0.2788
2021100303,2949,46277,Cedrick Wilson,WR,False,DAL,4,True,23,18.8501,0.8964,0.3964,12.3429,8.534,-8.4094,0,2,0,13.8,11.5871,-8.2274,6.78,6.7431,1.77,10.6571,10.6571,False,11.2739,11.1096,-0.1643,-0.4525
2021100303,3238,52859,Rodney Smith,RB,False,CAR,4,True,15,10.4834,0.4985,0.0,2.99,6.5156,5.37,0,2,1,23.76,80.26,1.187,6.74,1.9402,1.57,12.01,12.01,False,6.0008,7.364,1.3631,4.646
2021100303,3262,53488,Terrace Marshall,WR,False,CAR,4,True,2,11.7151,0.5571,0.0571,0.5293,4.6649,4.4923,2,3,3,14.5755,67.3707,3.6786,7.17,1.9137,2.2,1.4707,1.4707,False,1.9446,2.5972,0.6526,-1.1264
2021100303,3392,52859,Rodney Smith,RB,False,CAR,4,True,4,6.7921,0.323,0.0,0.79,6.464,5.17,0,6,1,22.84,37.51,6.2688,4.18,3.796,0.16,3.21,3.21,False,7.3552,9.1631,1.8079,-5.9531
2021100303,3416,52859,Rodney Smith,RB,False,CAR,4,True,7,6.9349,0.3298,0.0,2.15,6.7785,3.73,0,6,1,24.0,31.37,6.3962,3.96,3.7719,1.26,4.85,4.85,False,6.6079,8.8982,2.2903,-4.0482
2021100303,3440,43808,Robby Anderson,WR,False,CAR,4,True,13,25.676,1.221,0.721,13.7534,3.7508,2.2964,1,1,0,2.6604,13.1266,-0.4013,4.31,0.6705,5.2,-0.7534,-0.7534,False,-0.5869,-2.1789,-1.592,1.4254
2021100303,3464,44123,Brandon Zylstra,WR,False,CAR,4,True,8,22.4865,1.0693,0.5693,5.3504,2.9219,2.8454,1,2,1,11.8483,8.8996,2.5936,3.83,1.2127,4.72,2.6496,2.6496,False,1.519,1.6554,0.1363,0.9942
2021100303,3678,52859,Rodney Smith,RB,False,CAR,4,True,5,15.2818,0.7267,0.2267,4.1213,2.6656,2.0853,1,1,1,7.566,75.9387,0.4916,6.94,0.7555,2.66,0.8787,0.8787,False,2.0358,1.2106,-0.8252,-0.3319
2021100303,3703,46170,Ian Thomas,TE,True,CAR,4,True,5,14.5628,0.6925,0.1925,2.1614,9.2413,9.0968,0,1,1,8.3925,73.3586,-0.0171,6.6,-0.4604,0.21,2.8386,2.8386,False,7.7961,8.328,0.5319,-5.4893
2021100303,3857,44123,Brandon Zylstra,WR,False,CAR,4,True,55,24.1893,1.1503,0.6503,16.8716,2.9347,2.8275,1,1,1,12.8631,51.9584,-0.0233,3.69,2.4629,6.78,38.1284,30.0,False,1.6798,-0.7887,-2.4685,30.7887
2021100303,3919,46093,D.J. Moore,WR,False,CAR,4,True,8,13.3062,0.6328,0.1328,7.5991,7.1274,3.1178,0,2,0,18.8815,0.3609,-5.6028,6.86,5.341,1.97,0.4009,0.4009,False,4.7972,4.1227,-0.6745,-3.7218
2021100303,4068,46206,Dalton Schultz,TE,True,DAL,4,True,8,14.2425,0.6773,0.1773,6.978,5.7922,-2.3724,0,4,0,16.2622,42.382,-0.9158,6.99,0.9474,1.85,1.022,1.022,False,11.3801,9.0208,-2.3593,-7.9988
2021100304,76,53435,Jaylen Waddle,WR,False,MIA,4,True,5,19.6446,0.9342,0.4342,6.3995,7.0945,7.079,0,2,1,3.4139,65.2405,1.7406,6.18,-1.1527,2.09,-1.3995,-1.3995,False,1.6233,-0.4202,-2.0435,-0.9794
2021100304,147,46192,Durham Smythe,TE,True,MIA,4,True,2,9.5908,0.4561,0.0,-1.24,3.5058,3.47,1,2,1,21.95,61.37,2.678,4.5,-0.4086,1.04,3.24,3.24,False,5.5494,3.5553,-1.9941,-0.3153
2021100304,171,43310,Will Fuller,WR,False,MIA,4,True,28,26.8103,1.2749,0.7749,23.1398,5.4749,3.7836,0,2,0,6.9413,35.3302,1.3338,8.12,3.7808,2.16,4.8602,4.8602,False,3.4351,3.1116,-0.3235,1.7486
2021100304,258,42837,Malcolm Brown,RB,False,MIA,4,True,2,13.3416,0.6344,0.1344,-1.7493,11.3066,11.1314,0,0,0,11.1099,28.9093,6.5415,6.26,2.9803,1.77,3.7493,3.7493,False,6.2494,7.6156,1.3662,-3.8663
2021100304,484,52449,Jonathan Taylor,RB,False,IND,4,True,1,10.1209,0.4813,0.0,1.15,6.8121,6.21,0,3,1,16.67,61.24,2.8148,5.94,0.1897,1.36,-0.15,-0.15,False,7.7955,4.6625,-3.133,-4.8125
2021100304,573,53435,Jaylen Waddle,WR,False,MIA,4,True,18,14.5225,0.6906,0.1906,3.9728,6.7992,6.7828,0,1,1,9.7669,83.1672,0.8876,5.01,1.0639,3.82,14.0272,14.0272,False,3.8401,4.679,0.8389,9.3482
2021100304,602,52922,Salvon Ahmed,RB,False,MIA,4,True,4,15.2917,0.7272,0.2272,1.7903,5.9833,4.3529,0,1,1,6.6476,67.5097,3.92,3.15,1.6299,2.86,2.2097,2.2097,False,4.1619,4.5422,0.3803,-2.3324
2021100304,679,53435,Jaylen Waddle,WR,False,MIA,4,True,10,15.1115,0.7186,0.2186,4.0099,2.878,1.9241,1,2,1,11.5641,52.1501,3.2397,3.63,0.5027,3.71,5.9901,5.9901,False,1.5526,2.0719,0.5193,3.9182
2021100304,703,52922,Salvon Ahmed,RB,False,MIA,4,True,8,10.5655,0.5024,0.0024,0.7308,5.3841,4.6982,0,1,1,15.5425,45.4792,0.7222,7.21,0.3107,1.4,7.2692,7.2692,False,4.8825,3.5294,-1.3531,3.7398
2021100304,748,43310,Will Fuller,WR,False,MIA,4,True,6,24.1106,1.1465,0.6465,4.8051,1.8155,1.6929,1,2,1,5.8961,35.3349,1.3894,4.17,-0.5335,2.57,1.1949,1.1949,False,-0.1948,-0.4557,-0.2608,1.6506
2021100304,965,52449,Jonathan Taylor,RB,False,IND,4,True,7,11.1894,0.5321,0.0321,-0.8714,5.396,5.3959,0,3,1,15.2069,88.5314,7.911,3.28,3.0717,4.23,7.8714,7.8714,False,5.6438,8.0757,2.432,-0.2043
2021100304,1021,52442,Michael Pittman,WR,False,IND,4,True,6,11.7834,0.5603,0.0603,5.4456,4.0487,3.5901,1,3,1,21.0498,85.4344,6.239,8.31,1.7504,0.85,0.5544,0.5544,False,1.6635,5.7636,4.1001,-5.2092
2021100304,1219,47842,Parris Campbell,WR,False,IND,4,True,12,22.688,1.0789,0.5789,10.8338,4.4517,0.8056,1,2,1,4.3707,68.8562,0.0359,4.69,-0.3043,4.01,1.1662,1.1662,False,0.629,-0.602,-1.231,1.7681
2021100304,1243,44956,Marlon Mack,RB,False,IND,4,True,1,13.465,0.6403,0.1403,1.1793,3.5426,3.4741,1,2,1,7.0156,66.5007,2.2312,7.09,0.2091,1.15,-0.1793,-0.1793,False,2.8744,2.2925,-0.5819,-2.4718
2021100304,1304,52442,Michael Pittman,WR,False,IND,4,True,5,14.6039,0.6945,0.1945,3.5982,1.1745,1.1182,1,3,2,22.0088,62.1018,4.0435,6.24,0.9675,1.58,1.4018,1.4018,False,1.0988,1.3178,0.219,0.0841
2021100304,1357,45102,Zach Pascal,WR,False,IND,4,True,4,11.2955,0.5371,0.0371,2.6339,5.6738,5.5562,0,1,1,18.8906,52.5961,3.8221,7.55,0.6436,1.61,1.3661,1.3661,False,4.4428,4.5406,0.0978,-3.1745
2021100304,1381,44792,Mo Alie-Cox,TE,True,IND,4,True,28,21.6416,1.0291,0.5291,17.816,5.7975,5.657,0,2,1,18.6123,34.284,1.6978,7.78,3.6776,2.57,10.184,10.184,False,4.7296,7.1969,2.4674,2.9871
2021100304,1480,46192,Durham Smythe,TE,True,MIA,4,True,4,10.312,0.4904,0.0,-0.21,6.2588,6.23,0,3,2,18.91,75.46,1.6715,7.2,1.6845,1.29,4.21,4.21,False,9.5384,9.7902,0.2519,-5.5802
2021100304,1588,52442,Michael Pittman,WR,False,IND,4,True,6,12.7231,0.605,0.105,3.473,2.9311,1.775,1,5,2,22.033,79.437,0.1543,7.51,0.5043,0.99,2.527,2.527,False,6.3005,4.9178,-1.3827,-2.3907
2021100304,1651,46173,Nyheim Hines,RB,False,IND,4,True,3,7.5045,0.3569,0.0,-1.33,4.7502,-1.74,1,6,3,26.54,77.5,5.2633,4.92,3.454,1.69,4.33,4.33,False,6.5851,6.5549,-0.0301,-2.2249
2021100304,1734,46173,Nyheim Hines,RB,False,IND,4,True,2,8.5256,0.4054,0.0,0.87,2.0802,2.08,1,4,1,24.88,70.33,5.2766,4.95,2.2611,2.97,1.13,1.13,False,2.3712,3.1556,0.7844,-2.0256
2021100304,1957,48118,Ashton Dulin,WR,False,IND,4,True,17,22.6122,1.0753,0.5753,17.1783,1.2257,0.0934,1,3,1,23.8082,28.8517,0.4497,6.67,2.0135,0.65,-0.1783,-0.1783,False,1.505,0.9975,-0.5075,-1.1758
2021100304,2089,52442,Michael Pittman,WR,False,IND,4,True,8,16.5613,0.7875,0.2875,5.0001,2.0294,1.3086,1,2,1,14.5818,5.3599,0.3604,5.45,1.6697,0.78,2.9999,2.9999,False,2.2619,1.9919,-0.27,1.008
2021100304,2158,44792,Mo Alie-Cox,TE,True,IND,4,True,3,13.4154,0.6379,0.1379,3.7744,7.2961,3.6354,0,7,0,7.3113,0.0,0.2468,7.0,1.9165,1.29,-0.7744,-0.7744,False,-0.3273,2.1674,2.4946,-2.9417
2021100304,2265,41506,Albert Wilson,WR,False,MIA,4,True,11,20.9397,0.9958,0.4958,7.4171,5.0995,4.7936,0,2,1,14.8885,71.9229,3.118,0.32,0.0951,2.87,3.5829,3.5829,False,3.1605,2.0612,-1.0992,1.5216
2021100304,2383,52442,Michael Pittman,WR,False,IND,4,True,14,26.6149,1.2656,0.7656,15.9698,2.7953,2.5707,1,2,1,3.9137,66.1002,0.2747,6.27,0.8488,4.93,-1.9698,-1.9698,False,-1.0196,-0.8943,0.1253,-1.0755
2021100304,2515,47842,Parris Campbell,WR,False,IND,4,True,10,12.4983,0.5943,0.0943,7.8908,5.4835,0.5903,0,3,1,19.4792,19.7192,-4.5549,6.03,4.9908,2.62,2.1092,2.1092,False,5.0944,7.4613,2.3669,-5.3522
2021100304,2619,46111,Mike Gesicki,TE,True,MIA,4,True,8,20.0612,0.954,0.454,7.1968,4.5771,3.7394,1,2,1,6.2368,67.9132,3.1488,4.89,-0.9983,2.04,0.8032,0.8032,False,0.7971,0.0783,-0.7188,0.725
2021100304,2643,42357,DeVante Parker,WR,False,MIA,4,True,7,23.0259,1.095,0.595,9.5057,1.6788,1.6328,1,1,1,3.561,58.8443,-0.6557,1.39,0.7155,6.95,-2.5057,-2.5057,False,-0.5019,-1.0556,-0.5537,-1.45
2021100304,2868,46111,Mike Gesicki,TE,True,MIA,4,True,22,15.4363,0.7341,0.2341,13.792,1.885,-1.0095,1,3,0,19.949,57.678,0.5127,7.48,3.2132,1.94,8.208,8.208,False,6.7532,6.3883,-0.3649,1.8197
2021100304,2948,42357,DeVante Parker,WR,False,MIA,4,True,25,23.8493,1.1341,0.6341,16.8094,0.8571,0.0671,1,1,0,2.3815,11.3106,0.632,8.05,7.742,1.74,8.1906,8.1906,False,5.4524,7.2851,1.8327,0.9055
2021100304,3046,46111,Mike Gesicki,TE,True,MIA,4,True,1,8.9316,0.4247,0.0,-0.95,5.4562,1.12,0,3,1,14.94,1.99,-3.2262,7.79,1.936,2.33,1.95,1.95,False,3.954,2.3195,-1.6345,-0.3695
2021100304,3102,45102,Zach Pascal,WR,False,IND,4,True,41,25.8487,1.2292,0.7292,21.3996,4.6423,0.9484,1,2,0,17.7417,38.7804,-1.2452,8.4,3.7021,3.3,19.6004,19.6004,False,5.4455,2.9838,-2.4618,16.6167
2021100304,3344,44792,Mo Alie-Cox,TE,True,IND,4,True,11,22.2572,1.0584,0.5584,16.318,0.6847,-0.6435,1,2,0,9.2735,0.0,-0.0038,5.59,3.9361,2.18,-5.318,-5.0,True,-2.5852,-3.7901,-1.205,-1.2099
2021100304,3400,42357,DeVante Parker,WR,False,MIA,4,True,42,41.3488,1.9663,1.4663,38.3555,2.1406,1.1153,1,1,0,3.4662,37.7045,-1.3551,5.33,4.9005,0.81,3.6445,3.6445,False,5.1347,6.1186,0.9839,-2.4741
2021100304,3424,46111,Mike Gesicki,TE,True,MIA,4,True,22,18.7459,0.8914,0.3914,16.7341,7.4461,6.8951,0,2,1,18.9556,17.0859,5.7279,7.81,7.2913,2.84,5.2659,5.2659,False,4.1447,5.8271,1.6824,-0.5611
2021100304,3448,42837,Malcolm Brown,RB,False,MIA,4,True,4,10.6612,0.507,0.007,-0.6353,5.7618,5.304,0,1,1,13.7144,11.6453,1.5102,6.87,2.1127,1.45,4.6353,4.6353,False,7.4754,9.1336,1.6582,-4.4983
2021100304,3515,42357,DeVante Parker,WR,False,MIA,4,True,3,20.3871,0.9695,0.4695,11.16,1.6879,-1.6863,3,6,0,26.5599,0.0,3.2365,4.07,1.1716,4.38,-8.16,-5.0,True,-3.9958,-4.3809,-0.3852,-0.6191
2021100304,3702,40641,Jack Doyle,TE,True,IND,4,True,24,21.6213,1.0282,0.5282,19.3571,0.563,-0.331,1,2,0,15.3517,35.1929,0.2605,6.94,6.1099,2.94,4.6429,4.6429,False,4.0055,6.401,2.3955,-1.758
2021100304,3809,52442,Michael Pittman,WR,False,IND,4,True,20,22.7755,1.0831,0.5831,16.8048,4.3988,3.8087,1,2,1,15.4518,17.0252,2.3734,7.36,0.7629,1.18,3.1952,3.1952,False,3.2697,4.2773,1.0075,-1.0821
2021100305,126,46226,Tyler Conklin,TE,True,MIN,4,True,1,12.1924,0.5798,0.0798,2.1979,2.8307,2.8191,1,2,1,9.4455,52.4721,4.1465,6.81,1.227,2.62,-1.1979,-1.1979,False,1.4171,0.8482,-0.5689,-2.0461
2021100305,171,52430,Justin Jefferson,WR,False,MIN,4,True,11,22.1049,1.0512,0.5512,13.6578,3.7784,-0.6857,1,3,1,8.1184,37.3522,-1.3249,6.93,3.6065,5.37,-2.6578,-2.6578,False,1.1175,1.4642,0.3467,-4.122
2021100305,200,40488,Adam Thielen,WR,False,MIN,4,True,22,32.1457,1.5286,1.0286,13.961,8.7875,1.1168,0,1,0,11.8517,25.979,3.5919,3.64,-3.5376,3.05,8.039,8.039,False,9.4402,5.2747,-4.1654,2.7642
2021100305,251,44853,Dalvin Cook,RB,False,MIN,4,True,4,12.5117,0.595,0.095,2.9346,1.5269,1.2757,1,1,1,10.0811,11.1154,0.1914,7.4,0.7851,1.88,1.0654,1.0654,False,1.2543,2.022,0.7676,-0.9565
2021100305,374,52430,Justin Jefferson,WR,False,MIN,4,True,12,21.7696,1.0352,0.5352,15.8357,0.8684,-0.0219,1,3,0,10.9798,0.0,3.4449,0.75,0.5712,5.92,-3.8357,-3.8357,True,-1.7767,-4.6308,-2.8541,0.7951
2021100305,463,53640,Demetric Felton,RB,False,CLE,4,True,3,10.9001,0.5183,0.0183,-5.0408,11.8436,11.8403,0,0,0,14.8009,75.9008,3.7507,7.36,2.1383,1.62,8.0408,8.0408,False,10.2065,11.0,0.7935,-2.9593
2021100305,555,43461,Rashard Higgins,WR,False,CLE,4,True,21,25.2878,1.2025,0.7025,18.437,6.0821,5.3432,0,2,2,14.6262,37.853,-0.7131,6.56,2.5579,3.85,2.563,2.563,False,1.2349,2.0236,0.7887,0.5394
2021100305,888,52523,Harrison Bryant,TE,True,CLE,4,True,3,15.2208,0.7238,0.2238,1.4644,2.0609,1.6912,1,1,1,10.4346,67.6156,2.5639,6.77,2.0301,1.46,1.5356,1.5356,False,-0.102,2.7433,2.8454,-1.2077
2021100305,1025,52584,K.J. Osborn,WR,False,MIN,4,True,20,22.3061,1.0607,0.5607,15.1441,1.6088,-0.0365,1,1,0,2.7386,45.7459,0.3332,8.17,8.0681,1.77,4.8559,4.8559,False,6.3389,11.4027,5.0638,-6.5468
2021100305,1262,53640,Demetric Felton,RB,False,CLE,4,True,9,19.6531,0.9346,0.4346,1.2572,10.6105,10.2016,0,0,0,2.1421,48.8528,6.9363,2.26,2.2487,2.78,7.7428,7.7428,False,5.439,6.401,0.962,1.3418
2021100305,1307,44898,Kareem Hunt,RB,False,CLE,4,True,8,10.9763,0.522,0.022,-0.2665,7.1149,4.8937,0,2,1,10.9946,40.3265,2.2865,6.35,1.5254,1.75,8.2665,8.2665,False,10.0368,10.4661,0.4293,-2.1996
2021100305,1512,43461,Rashard Higgins,WR,False,CLE,4,True,12,18.4985,0.8797,0.3797,12.6993,1.9443,0.9262,2,3,0,23.9229,2.5407,0.2452,5.67,4.1596,3.11,-0.6993,-0.6993,False,1.8276,1.5664,-0.2612,-2.2656
2021100305,1748,43465,Andy Janovich,FB,False,CLE,4,True,0,11.2591,0.5354,0.0354,1.6675,4.5042,3.1982,1,3,1,12.3519,0.0,0.412,7.34,2.1876,2.22,-1.6675,-1.6675,False,-2.9082,-2.5996,0.3086,0.9321
2021100305,1807,42397,Ameer Abdullah,RB,False,MIN,4,True,2,10.0078,0.4759,0.0,-4.19,8.9907,-0.11,0,1,0,9.72,80.01,-4.9961,6.15,1.572,2.01,6.19,6.19,False,8.9238,9.1734,0.2496,-2.9834
2021100305,1859,52584,K.J. Osborn,WR,False,MIN,4,True,3,15.8583,0.7541,0.2541,3.2017,4.8791,4.67,1,1,1,7.8376,75.0283,3.6352,3.01,0.243,1.33,-0.2017,-0.2017,False,2.3597,2.8716,0.5119,-3.0734
2021100305,2023,43461,Rashard Higgins,WR,False,CLE,4,True,11,27.5919,1.3121,0.8121,13.3117,2.9385,2.1175,1,1,1,3.8416,27.9883,-1.3136,5.82,0.8271,2.23,-2.3117,-2.3117,False,-1.5964,-0.5712,1.0252,-1.7405
2021100305,2228,46104,Nick Chubb,RB,False,CLE,4,True,5,8.7233,0.4148,0.0,3.75,0.9105,0.71,1,6,1,24.72,68.44,4.0791,1.51,1.5005,3.34,1.25,1.25,False,1.1875,0.2318,-0.9557,1.0182
2021100305,2451,44841,David Njoku,TE,True,CLE,4,True,9,14.9102,0.709,0.209,4.7933,2.9991,2.1704,1,2,2,24.6274,70.5367,-0.1366,6.88,1.1639,0.8,4.2067,4.2067,False,4.818,4.0862,-0.7318,0.1205
2021100305,2655,52430,Justin Jefferson,WR,False,MIN,4,True,37,16.4501,0.7823,0.2823,13.2124,4.8559,-2.664,1,3,0,19.1231,59.9976,2.9456,9.03,7.0943,0.11,23.7876,23.7876,False,5.8084,16.5924,10.7841,7.1951
2021100305,2884,52430,Justin Jefferson,WR,False,MIN,4,True,20,23.9888,1.1408,0.6408,12.5741,1.1778,-0.3441,1,1,0,6.5131,78.9259,0.159,7.63,7.4976,2.43,7.4259,7.4259,False,5.6693,11.6634,5.994,-4.2375
2021100305,2967,44923,Dede Westbrook,WR,False,MIN,4,True,17,21.023,0.9997,0.4997,16.6373,4.665,4.6001,1,4,1,24.0551,58.5327,4.4245,4.68,2.9762,4.27,0.3627,0.3627,False,2.0509,2.2937,0.2428,-1.931
2021100305,2991,46226,Tyler Conklin,TE,True,MIN,4,True,14,12.6131,0.5998,0.0998,2.1326,6.1528,3.9193,0,2,0,14.3011,54.9474,5.5331,6.44,1.3291,2.42,11.8674,11.8674,False,5.5094,5.1662,-0.3432,6.7011
2021100305,3091,46226,Tyler Conklin,TE,True,MIN,4,True,-3,13.5696,0.6453,0.1453,-1.8698,2.7571,2.5095,1,1,1,10.5261,49.3398,1.1366,6.98,0.1389,3.36,-1.1302,-1.1302,False,3.128,2.8082,-0.3197,-3.9384
2021100305,3335,41238,Odell Beckham,WR,False,CLE,4,True,24,23.9056,1.1368,0.6368,18.2296,4.6823,-4.6592,1,4,1,24.4576,52.0804,2.9933,6.64,4.3807,4.59,5.7704,5.7704,False,4.1345,2.4192,-1.7153,3.3512
2021100305,3544,43461,Rashard Higgins,WR,False,CLE,4,True,19,21.1272,1.0047,0.5047,17.2359,3.7713,3.2875,1,3,1,23.4764,49.0641,3.1779,7.6,5.7184,1.79,1.7641,1.7641,False,1.2943,3.7816,2.4873,-2.0175
2021100305,3715,52430,Justin Jefferson,WR,False,MIN,4,True,31,19.8452,0.9437,0.4437,11.9889,1.1034,-0.2399,1,1,0,5.9691,59.1611,0.4634,7.84,7.7953,1.48,19.0111,19.0111,False,6.1076,14.0654,7.9578,4.9458
2021100305,3787,40488,Adam Thielen,WR,False,MIN,4,True,5,18.3427,0.8723,0.3723,4.3539,2.7186,1.6488,1,3,1,19.7637,33.7061,0.8738,5.79,-0.2314,0.93,0.6461,0.6461,False,3.5629,2.1674,-1.3955,-1.5212
2021100305,4042,52584,K.J. Osborn,WR,False,MIN,4,True,3,16.3893,0.7794,0.2794,4.4243,2.1242,2.0168,1,1,1,6.8632,68.3357,3.2742,6.22,0.6955,0.87,-1.4243,-1.4243,False,-0.0352,1.045,1.0802,-2.4693
2021100305,4164,40488,Adam Thielen,WR,False,MIN,4,True,19,21.8451,1.0388,0.5388,17.3133,5.5984,-3.1122,0,4,1,15.5705,33.6267,3.9586,5.36,4.9244,3.78,1.6867,1.6867,False,4.7841,5.4024,0.6183,-3.7157
2021100305,4227,46226,Tyler Conklin,TE,True,MIN,4,True,6,14.9491,0.7109,0.2109,3.0925,8.5126,8.4714,0,1,1,7.0716,29.0375,0.7522,6.16,2.0035,1.64,2.9075,2.9075,False,5.4759,8.1676,2.6917,-5.2601
2021100306,314,44908,Kenny Golladay,WR,False,NYG,4,True,13,19.2107,0.9135,0.4135,9.8941,1.0465,0.6781,1,3,0,16.4852,84.0259,1.8593,6.58,2.936,0.21,3.1059,3.1059,False,0.556,1.5361,0.9801,1.5698
2021100306,491,45244,Taysom Hill,QB,False,NO,4,True,11,8.3623,0.3977,0.0,-1.08,7.7295,-0.78,0,4,1,15.02,60.22,-2.3763,7.85,1.3928,1.15,12.08,12.08,False,11.5253,11.8535,0.3282,0.2265
2021100306,679,44908,Kenny Golladay,WR,False,NYG,4,True,18,24.9356,1.1858,0.6858,15.176,6.6396,3.454,0,2,0,8.5335,58.514,-2.9478,6.8,1.8023,2.08,2.824,2.824,False,3.768,7.8056,4.0376,-4.9816
2021100306,719,46071,Saquon Barkley,RB,False,NYG,4,True,-4,14.6663,0.6974,0.1974,-5.0111,5.7601,5.708,0,1,1,5.2408,88.7011,4.7248,3.27,-0.4613,2.83,1.0111,1.0111,False,6.2096,6.5178,0.3082,-5.5067
2021100306,799,53449,Kadarius Toney,WR,False,NYG,4,True,4,6.5538,0.3117,0.0,-2.05,6.2832,-0.2,0,3,1,14.81,65.18,-1.8029,6.7,0.5641,1.1,6.05,6.05,False,10.0188,11.3458,1.327,-5.2958
2021100306,876,44908,Kenny Golladay,WR,False,NYG,4,True,27,26.2014,1.246,0.746,17.8236,2.3028,-0.6614,1,2,0,23.8235,34.2164,0.0126,6.32,1.5867,2.94,9.1764,9.1764,False,5.2944,2.7086,-2.5857,6.4678
2021100306,1144,42437,Ty Montgomery,WR,False,NO,4,True,2,18.8987,0.8987,0.3987,2.6173,0.5777,-0.4372,1,2,1,18.9631,40.2327,-3.6661,7.26,0.6454,0.75,-0.6173,-0.6173,False,3.321,2.9917,-0.3293,-3.609
2021100306,1192,44821,John Ross,WR,False,NYG,4,True,52,25.8605,1.2298,0.7298,29.9267,1.1304,-0.9452,1,2,0,18.5545,22.0133,-0.7356,10.29,10.1084,0.77,22.0733,22.0733,False,15.0116,17.1466,2.135,4.9267
2021100306,1340,37737,Chris Hogan,WR,False,NO,4,True,6,20.3454,0.9675,0.4675,5.8025,4.4065,1.9909,1,1,0,3.7833,46.3075,3.373,3.13,-0.5935,2.09,0.1975,0.1975,False,2.2784,1.7698,-0.5086,-1.5723
2021100306,1402,52942,Juwan Johnson,TE,True,NO,4,True,5,13.0122,0.6188,0.1188,4.7806,1.9401,1.1721,1,1,0,12.5862,40.5694,2.5297,7.8,0.5943,1.0,0.2194,0.2194,False,1.8167,0.7016,-1.1151,-0.4822
2021100306,1462,43525,Dwayne Washington,RB,False,NO,4,True,6,10.2231,0.4861,0.0,2.19,6.468,-3.9,0,3,1,18.77,47.6,-3.5226,4.32,2.4587,2.3,3.81,3.81,False,6.5313,7.3862,0.8548,-3.5762
2021100306,1515,42437,Ty Montgomery,WR,False,NO,4,True,19,20.6747,0.9832,0.4832,15.7415,1.3806,-1.1244,2,3,1,15.0107,23.1385,0.1184,8.73,4.0392,2.38,3.2585,3.2585,False,6.9679,6.9541,-0.0139,-3.6956
2021100306,1675,52942,Juwan Johnson,TE,True,NO,4,True,15,20.8538,0.9917,0.4917,13.379,2.8548,-1.6852,2,2,0,19.8746,1.731,-1.6478,5.34,4.4724,1.31,1.621,1.621,False,1.0125,0.3088,-0.7037,1.3122
2021100306,1910,53098,Marquez Callaway,WR,False,NO,4,True,58,32.099,1.5264,1.0264,37.1153,3.3124,-1.0824,1,2,0,16.5164,38.0047,0.3776,9.34,9.1535,1.04,20.8847,20.8847,False,16.4094,18.8716,2.4621,2.0131
2021100306,1936,37737,Chris Hogan,WR,False,NO,4,True,9,19.4273,0.9238,0.4238,5.4407,3.1371,2.9125,1,1,1,7.9042,11.6493,2.1231,6.28,0.6859,3.7,3.5593,3.5593,False,2.607,1.2545,-1.3525,2.3048
2021100306,2033,53449,Kadarius Toney,WR,False,NYG,4,True,19,23.1207,1.0995,0.5995,18.5227,1.9544,0.8299,1,2,0,16.1828,56.4673,0.0624,8.97,2.5401,2.95,0.4773,0.4773,False,3.8962,5.2943,1.3981,-4.817
2021100306,2082,44835,Evan Engram,TE,True,NYG,4,True,7,15.1379,0.7199,0.2199,4.8958,2.8022,2.3664,1,2,2,9.6115,50.2442,2.0972,5.78,0.3448,3.45,2.1042,2.1042,False,1.8386,1.1039,-0.7347,1.0003
2021100306,2111,44908,Kenny Golladay,WR,False,NYG,4,True,8,14.2318,0.6768,0.1768,5.246,2.4049,0.2589,2,3,0,21.59,43.084,5.7046,1.08,0.8827,1.8,2.754,2.754,False,2.0379,1.1236,-0.9143,1.6304
2021100306,2139,44908,Kenny Golladay,WR,False,NYG,4,True,17,26.356,1.2533,0.7533,13.299,11.0941,-7.8426,0,0,0,1.5566,26.741,-4.0824,7.14,1.5916,2.27,3.701,3.701,False,7.7917,5.3626,-2.4291,-1.6616
2021100306,2172,37118,Kyle Rudolph,TE,True,NYG,4,True,20,21.3344,1.0145,0.5145,13.8732,3.6362,-2.7813,1,2,0,3.3419,9.0268,-2.011,7.26,5.662,1.85,6.1268,6.1268,False,4.5393,5.7679,1.2286,0.3589
2021100306,2360,42437,Ty Montgomery,WR,False,NO,4,True,21,18.0428,0.858,0.358,11.0511,4.3698,-1.1704,1,3,1,11.1569,56.0589,0.1714,2.48,-0.388,2.4,9.9489,9.9489,False,4.2679,2.8695,-1.3985,7.0794
2021100306,2384,40092,Kenny Stills,WR,False,NO,4,True,46,33.7878,1.6067,1.1067,39.5539,5.4217,-4.0441,0,1,0,22.5301,6.3961,-1.5909,9.38,9.1747,1.98,6.4461,6.4461,False,13.1062,11.6703,-1.4358,-5.2242
2021100306,2466,44835,Evan Engram,TE,True,NYG,4,True,8,13.1959,0.6275,0.1275,4.0554,0.7553,-0.1736,1,2,0,21.9074,84.2246,-0.1312,6.79,-0.5847,1.04,3.9446,3.9446,False,2.2836,1.3599,-0.9237,2.5846
2021100306,2611,45244,Taysom Hill,QB,False,NO,4,True,15,8.8421,0.4205,0.0,0.5,5.2298,-0.32,0,2,0,11.19,62.69,-1.3998,7.56,2.4363,1.39,14.5,14.5,False,10.7909,13.6901,2.8993,0.8099
2021100306,2835,52513,Adam Trautman,TE,True,NO,4,True,3,7.8995,0.3757,0.0,0.8,4.5637,3.93,1,5,2,17.54,18.13,4.4576,4.97,2.9002,1.92,2.2,2.2,False,3.4593,2.5423,-0.917,-0.3423
2021100306,2968,46071,Saquon Barkley,RB,False,NYG,4,True,5,13.3622,0.6354,0.1354,2.0948,6.465,-4.1212,0,2,1,15.6071,73.1152,-0.5169,6.52,-0.0387,2.24,2.9052,2.9052,False,7.7602,6.6079,-1.1523,-3.7026
2021100306,3067,44835,Evan Engram,TE,True,NYG,4,True,1,14.7589,0.7018,0.2018,0.079,6.6698,6.5763,0,1,1,12.7046,48.101,3.8975,6.52,0.1934,1.31,0.921,0.921,False,4.85,4.053,-0.797,-3.132
2021100306,3228,46071,Saquon Barkley,RB,False,NYG,4,True,54,24.7128,1.1752,0.6752,19.3713,4.7566,-4.5067,1,1,0,2.1449,34.7287,-2.2659,8.75,8.6663,0.94,34.6287,30.0,False,10.9851,16.7492,5.7641,13.2508
2021100306,3324,53098,Marquez Callaway,WR,False,NO,4,True,16,23.7857,1.1311,0.6311,15.1787,6.5177,-0.2268,0,3,0,21.4461,69.3313,3.5455,0.73,-0.3982,5.13,0.8213,0.8213,False,7.5342,4.1096,-3.4246,-3.2883
2021100306,3529,44835,Evan Engram,TE,True,NYG,4,True,8,11.9218,0.5669,0.0669,5.8327,0.2826,0.2614,1,3,1,20.3561,83.2873,0.1907,5.18,2.4311,1.42,2.1673,2.1673,False,-0.4316,0.526,0.9577,1.6413
2021100306,3624,53449,Kadarius Toney,WR,False,NYG,4,True,11,15.9977,0.7607,0.2607,7.1678,3.0506,2.011,1,3,1,22.311,69.1422,-1.024,5.23,1.7939,2.3,3.8322,3.8322,False,7.9599,7.5161,-0.4438,-3.6839
2021100306,3648,44835,Evan Engram,TE,True,NYG,4,True,3,16.951,0.8061,0.3061,4.2286,0.7712,0.6437,1,1,1,6.3243,60.8914,2.084,6.73,-0.7887,3.48,-1.2286,-1.2286,False,1.1058,0.7754,-0.3304,-2.004
2021100306,3702,44908,Kenny Golladay,WR,False,NYG,4,True,28,15.7017,0.7467,0.2467,6.0982,0.459,-0.1906,1,2,1,15.1271,56.6518,0.1274,6.37,2.9925,1.57,21.9018,21.9018,False,0.421,2.9401,2.5192,18.9617
2021100306,3947,44821,John Ross,WR,False,NYG,4,True,17,30.6285,1.4565,0.9565,18.3544,4.02,3.8825,1,2,1,3.2845,56.7956,-1.7857,3.06,2.4406,6.41,-1.3544,-1.3544,False,-4.5144,-3.7785,0.7359,2.4241
2021100306,4055,52573,Collin Johnson,WR,False,NYG,4,True,6,18.57,0.8831,0.3831,4.3521,2.1902,2.0458,2,3,3,12.244,42.6579,-0.9318,2.98,-0.9342,1.99,1.6479,1.6479,False,2.7124,2.575,-0.1374,-0.9271
2021100306,4114,46071,Saquon Barkley,RB,False,NYG,4,True,-1,11.1845,0.5319,0.0319,-1.0221,6.7347,6.7265,0,3,1,10.8249,36.0221,7.0651,2.37,0.2465,0.17,0.0221,0.0221,False,7.9383,5.7313,-2.207,-5.7092
2021100306,4187,44908,Kenny Golladay,WR,False,NYG,4,True,23,21.5875,1.0266,0.5266,15.0088,8.2476,4.9218,0,2,1,11.3469,14.0712,0.9763,7.73,4.0619,3.95,7.9912,7.9912,False,7.0133,6.2974,-0.7159,1.6937
2021100307,725,44930,Josh Reynolds,WR,False,TEN,4,True,11,15.7159,0.7473,0.2473,6.7377,2.014,0.9505,1,4,1,20.9029,72.3523,0.7149,5.83,2.7397,1.98,4.2623,4.2623,False,3.6625,5.1136,1.4511,-0.8513
2021100307,749,53065,Tommy Hudson,TE,True,TEN,4,True,14,19.3221,0.9188,0.4188,9.017,6.1734,5.5514,0,2,1,4.6222,58.663,5.318,7.83,6.7973,2.99,4.983,4.983,False,1.4245,9.0015,7.577,-4.0185
2021100307,818,43334,Derrick Henry,RB,False,TEN,4,True,16,14.6945,0.6988,0.1988,1.7099,8.8585,5.8226,0,3,2,12.4372,34.2401,2.0518,4.81,1.0558,2.83,14.2901,14.2901,False,8.2471,7.3093,-0.9378,6.9809
2021100307,1010,43334,Derrick Henry,RB,False,TEN,4,True,4,11.9259,0.5671,0.0671,2.3262,3.4585,2.9537,1,2,1,15.817,29.6838,4.4086,0.5,0.0926,3.1,1.6738,1.6738,False,2.3082,1.2934,-1.0148,0.3803
2021100307,1214,44817,Corey Davis,WR,False,NYJ,4,True,13,24.4421,1.1623,0.6623,15.2074,4.123,2.7874,1,1,0,5.685,60.5426,-0.1982,7.24,2.7893,6.03,-2.2074,-2.2074,False,2.7179,-0.904,-3.6219,-1.3034
2021100307,1254,44817,Corey Davis,WR,False,NYJ,4,True,30,23.9523,1.139,0.639,15.7783,4.5695,2.8225,1,1,0,7.6182,46.2717,-1.5082,6.91,2.6733,5.19,14.2217,14.2217,False,3.4384,1.0337,-2.4047,13.188
2021100307,1283,40149,Ryan Griffin,TE,True,NYJ,4,True,8,12.2189,0.5811,0.0811,1.9618,3.4825,-1.875,1,4,1,21.3467,30.0282,1.7065,5.08,1.503,2.64,6.0382,6.0382,False,4.9052,4.6326,-0.2725,1.4055
2021100307,1345,47969,Ty Johnson,RB,False,NYJ,4,True,6,9.8304,0.4675,0.0,1.44,5.8551,5.82,0,2,2,20.02,25.14,3.4728,7.15,0.9815,2.7,4.56,4.56,False,4.9598,3.9699,-0.9898,0.5901
2021100307,1702,45355,Anthony Firkser,TE,True,TEN,4,True,7,12.0452,0.5728,0.0728,4.2858,4.1656,2.5004,1,5,1,14.4784,87.0242,3.7151,2.25,1.8653,1.83,2.7142,2.7142,False,1.2307,2.5026,1.2719,0.2117
2021100307,1726,43556,Chester Rogers,WR,False,TEN,4,True,10,12.2501,0.5825,0.0825,6.4735,1.0206,-0.6599,1,2,0,24.1111,77.8765,-2.5772,6.7,4.0406,0.99,3.5265,3.5265,False,10.1241,12.1087,1.9846,-8.5822
2021100307,1779,43556,Chester Rogers,WR,False,TEN,4,True,12,23.1765,1.1021,0.6021,8.3843,4.3817,1.4616,1,2,1,6.2611,66.1157,-1.5301,6.16,-1.1057,1.69,3.6157,3.6157,False,1.2653,1.5515,0.2862,2.0643
2021100307,1791,44930,Josh Reynolds,WR,False,TEN,4,True,7,26.198,1.2458,0.7458,9.1997,6.1062,6.1037,0,2,1,5.9405,54.4603,-0.403,0.77,0.4957,3.81,-2.1997,-2.1997,False,1.0,1.6412,0.6411,-3.8408
2021100307,1828,43334,Derrick Henry,RB,False,TEN,4,True,5,10.7463,0.511,0.011,-1.0874,9.2187,-4.1685,0,1,0,19.456,56.4874,-1.3502,3.09,0.2328,2.85,6.0874,6.0874,False,10.532,8.7178,-1.8142,-2.6304
2021100307,1863,45355,Anthony Firkser,TE,True,TEN,4,True,10,19.1869,0.9124,0.4124,8.2441,3.783,1.5542,2,2,0,17.4852,56.9559,3.478,0.56,0.4706,2.94,1.7559,1.7559,False,2.4341,0.8593,-1.5749,0.8967
2021100307,2005,44930,Josh Reynolds,WR,False,TEN,4,True,9,11.4407,0.544,0.044,3.4251,1.4024,0.2454,2,6,1,25.7314,67.0149,0.9896,8.12,2.6141,0.24,5.5749,5.5749,False,2.5994,7.0358,4.4364,-1.461
2021100307,2082,44975,Jeremy McNichols,RB,False,TEN,4,True,1,9.6814,0.4604,0.0,-0.02,3.2201,3.22,1,1,1,13.68,69.94,3.8065,7.75,1.2324,1.84,1.02,1.02,False,3.9317,3.9353,0.0037,-2.9153
2021100307,2203,42448,Jamison Crowder,WR,False,NYJ,4,True,6,21.8312,1.0382,0.5382,7.681,2.3057,2.2222,2,2,1,5.3329,70.289,3.7586,6.85,0.485,3.69,-1.681,-1.681,False,-0.2058,-0.6928,-0.4869,-0.9882
2021100307,2333,44930,Josh Reynolds,WR,False,TEN,4,True,9,15.3484,0.7299,0.2299,8.7176,3.3944,2.0234,1,5,2,19.7706,52.5224,3.9675,5.33,1.4253,1.36,0.2824,0.2824,False,2.0183,2.5505,0.5322,-2.2681
2021100307,2529,44817,Corey Davis,WR,False,NYJ,4,True,15,16.7601,0.797,0.297,12.9932,3.422,2.9998,1,4,2,24.7153,74.2368,2.9381,5.99,3.4451,2.03,2.0068,2.0068,False,2.4202,3.4269,1.0066,-1.4201
2021100307,2553,47969,Ty Johnson,RB,False,NYJ,4,True,6,10.8205,0.5146,0.0146,4.4172,3.1383,2.0314,1,5,1,25.5396,67.8228,4.5891,2.76,1.8682,1.83,1.5828,1.5828,False,1.7714,1.9104,0.139,-0.3276
2021100307,2598,45555,Keelan Cole,WR,False,NYJ,4,True,54,34.4194,1.6368,1.1368,37.5899,2.7759,-2.7739,1,2,0,1.8583,31.0501,-0.6883,7.99,7.9875,0.49,16.4101,16.4101,False,13.6791,12.4448,-1.2343,3.9653
2021100307,2724,42486,MyCole Pruitt,TE,True,TEN,4,True,14,7.209,0.3428,0.0,-5.76,6.7104,-2.14,0,4,1,16.51,80.87,-6.4022,4.0,0.0133,3.31,19.76,19.76,False,10.1751,8.9092,-1.266,10.8508
2021100307,2879,42486,MyCole Pruitt,TE,True,TEN,4,True,0,13.554,0.6445,0.1445,5.4887,1.0067,-0.5782,2,5,0,17.5196,0.0,0.8493,7.79,1.6515,0.96,-5.4887,-5.0,True,-3.3874,-4.0615,-0.6741,-0.9385
2021100307,2997,42448,Jamison Crowder,WR,False,NYJ,4,True,29,28.8062,1.3698,0.8698,24.1851,4.4969,2.3015,1,2,0,12.0891,9.9049,-0.0977,8.97,4.0066,1.75,4.8149,4.8149,False,7.861,8.9886,1.1276,-4.1737
2021100307,3049,42448,Jamison Crowder,WR,False,NYJ,4,True,3,15.6776,0.7455,0.2455,3.597,1.313,0.3652,1,3,1,4.2521,0.0,1.6122,6.56,-0.3788,2.66,-0.597,-0.597,False,-2.6818,-3.9841,-1.3023,3.3871
2021100307,3205,44817,Corey Davis,WR,False,NYJ,4,True,53,34.3202,1.632,1.132,39.8207,2.0569,-1.9595,2,2,0,6.491,13.2093,-0.861,9.23,8.0215,3.28,13.1793,13.1793,False,10.6164,8.4737,-2.1427,4.7057
2021100307,3371,42448,Jamison Crowder,WR,False,NYJ,4,True,4,17.5832,0.8361,0.3361,2.7929,2.2307,1.0117,1,1,0,9.0797,63.8571,-0.1721,6.76,-0.289,0.96,1.2071,1.2071,False,6.0976,3.7107,-2.387,-2.5035
2021100307,3532,44975,Jeremy McNichols,RB,False,TEN,4,True,9,8.6397,0.4109,0.0,-2.88,9.31,7.46,0,4,3,17.04,38.21,-2.2092,7.18,3.2608,2.22,11.88,11.88,False,7.3655,10.0291,2.6637,1.8509
2021100307,3714,53074,Nick Westbrook-Ikhine,WR,False,TEN,4,True,18,16.8973,0.8035,0.3035,11.741,3.0046,1.9466,1,4,0,18.3743,46.519,0.9648,6.09,3.3967,4.03,6.259,6.259,False,3.9592,4.5408,0.5816,1.7183
2021100307,3794,46279,Braxton Berrios,WR,False,NYJ,4,True,0,8.3849,0.3987,0.0,-6.71,9.8254,-4.35,0,1,0,19.17,66.85,-10.2437,7.47,1.1312,1.46,6.71,6.71,False,9.724,10.0526,0.3286,-3.3426
2021100307,4085,44930,Josh Reynolds,WR,False,TEN,4,True,12,17.1519,0.8156,0.3156,8.4086,4.0526,-3.5992,2,3,1,12.847,28.8414,2.0693,4.75,3.5756,1.76,3.5914,3.5914,False,2.3017,5.5108,3.2091,-1.9194
2021100307,4129,44930,Josh Reynolds,WR,False,TEN,4,True,11,23.865,1.1349,0.6349,11.8301,2.6242,0.476,1,1,0,3.6059,13.3699,-1.0372,7.04,0.583,3.39,-0.8301,-0.8301,False,0.4674,-0.2852,-0.7526,-0.5449
2021100307,4158,53074,Nick Westbrook-Ikhine,WR,False,TEN,4,True,6,18.3128,0.8708,0.3708,4.502,1.9929,0.6009,2,3,2,16.9543,9.368,7.8578,2.58,1.5154,4.65,1.498,1.498,False,-0.3818,0.7372,1.119,0.7609
2021100307,4182,45355,Anthony Firkser,TE,True,TEN,4,True,6,12.0267,0.5719,0.0719,4.9043,0.5765,0.5548,1,3,2,15.469,3.0257,0.1579,6.56,-0.357,1.46,1.0957,1.0957,False,-1.5003,-1.8596,-0.3592,2.9553
2021100307,4228,46836,Cameron Batson,WR,False,TEN,4,True,2,18.9658,0.9019,0.4019,1.4793,6.5415,4.2554,0,1,0,3.4784,0.5507,-2.8108,7.05,2.9594,1.86,0.5207,0.5207,False,3.0011,3.4361,0.435,-2.9154
2021100307,4374,45555,Keelan Cole,WR,False,NYJ,4,True,9,15.7138,0.7472,0.2472,6.5032,1.4184,1.0953,1,4,1,16.3801,68.7068,3.8296,6.9,2.6015,1.39,2.4968,2.4968,False,1.1797,2.89,1.7103,-0.3932
2021100307,4551,45555,Keelan Cole,WR,False,NYJ,4,True,29,24.0196,1.1422,0.6422,22.3644,1.8362,-0.8798,1,1,0,12.6786,34.2456,0.1821,9.22,7.9014,1.88,6.6356,6.6356,False,13.1945,19.0151,5.8206,-12.3796
2021100307,4622,42448,Jamison Crowder,WR,False,NYJ,4,True,11,18.6978,0.8891,0.3891,6.7416,3.9407,2.4373,1,1,0,4.9625,14.0984,1.7347,5.12,0.955,1.14,4.2584,4.2584,False,1.265,0.4303,-0.8347,3.828
2021100307,4843,43556,Chester Rogers,WR,False,TEN,4,True,20,24.1059,1.1463,0.6463,16.9599,3.7098,-1.8728,1,3,1,18.8635,68.9901,1.4365,0.6,0.3866,5.5,3.0401,3.0401,False,4.9783,2.0814,-2.8969,0.9587
2021100307,4929,44975,Jeremy McNichols,RB,False,TEN,4,True,5,9.4751,0.4506,0.0,3.83,7.6945,-5.01,0,2,0,23.48,57.56,-6.1932,6.41,1.0535,2.03,1.17,1.17,False,9.3984,9.2465,-0.1519,-8.0765
2021100307,4953,43556,Chester Rogers,WR,False,TEN,4,True,9,22.8354,1.0859,0.5859,8.31,5.375,5.3217,0,2,1,5.1604,46.05,-0.6573,5.99,-0.0,1.58,0.69,0.69,False,0.642,0.6327,-0.0093,0.0573
2021100307,5010,43556,Chester Rogers,WR,False,TEN,4,True,12,16.4803,0.7837,0.2837,11.2739,1.5826,1.1367,1,2,1,22.7204,33.2561,-0.065,6.88,1.0359,1.96,0.7261,0.7261,False,1.845,1.7606,-0.0845,-1.0344
2021100307,5073,43556,Chester Rogers,WR,False,TEN,4,True,7,13.3877,0.6366,0.1366,4.3917,4.2201,4.1246,1,2,2,25.3984,26.5083,1.549,6.52,1.9888,0.97,2.6083,2.6083,False,3.7204,4.3715,0.6511,-1.7632
2021100308,78,39983,Zach Ertz,TE,True,PHI,4,True,13,9.26,0.4403,0.0,2.56,2.1466,0.96,1,2,0,14.78,71.84,0.4328,8.39,2.4684,0.78,10.44,10.44,False,5.5988,9.0361,3.4372,1.4039
2021100308,131,46118,Dallas Goedert,TE,True,PHI,4,True,21,14.6266,0.6955,0.1955,13.7186,4.7246,-4.2106,1,4,1,21.5056,26.0614,-1.8706,7.13,5.9249,1.18,7.2814,7.2814,False,8.4659,10.1263,1.6603,-2.8449
2021100308,353,52440,Clyde Edwards-Helaire,RB,False,KC,4,True,11,11.4125,0.5427,0.0427,-1.0156,12.3438,11.4761,0,0,0,15.8859,63.4956,-2.2031,7.05,1.5079,1.68,12.0156,12.0156,False,10.1298,11.1437,1.0138,0.8719
2021100308,409,43454,Tyreek Hill,WR,False,KC,4,True,9,17.5504,0.8346,0.3346,8.799,1.6922,1.2651,1,2,2,23.2932,42.121,0.1443,1.21,-1.1388,4.62,0.201,0.201,False,2.7977,0.1205,-2.6772,0.0805
2021100308,465,43454,Tyreek Hill,WR,False,KC,4,True,36,23.9448,1.1387,0.6387,17.5486,5.5595,-2.315,0,5,0,15.3242,19.4014,1.102,2.15,2.096,4.68,18.4514,18.4514,False,9.1085,5.6601,-3.4484,12.7913
2021100308,667,47836,Miles Sanders,RB,False,PHI,4,True,10,7.7766,0.3698,0.0,2.6,6.16,6.16,0,4,1,16.67,47.47,2.6673,6.05,1.3074,2.38,7.4,7.4,False,5.1586,5.061,-0.0976,2.339
2021100308,718,53439,DeVonta Smith,WR,False,PHI,4,True,6,17.0271,0.8097,0.3097,4.8871,0.8586,0.7003,1,2,2,17.5372,29.4329,1.5783,6.1,0.9269,1.62,1.1129,1.1129,False,1.4675,1.196,-0.2715,-0.083
2021100308,800,39983,Zach Ertz,TE,True,PHI,4,True,5,11.5025,0.547,0.047,3.8287,3.2169,2.8663,2,4,1,25.4013,21.3413,5.3017,1.97,1.6748,4.49,1.1713,1.1713,False,2.0018,3.308,1.3062,-2.1367
2021100308,836,53579,Kenneth Gainwell,RB,False,PHI,4,True,12,16.6806,0.7932,0.2932,4.3434,4.0433,0.7537,1,1,0,20.6618,15.7066,0.8411,8.65,1.0347,2.12,7.6566,7.6566,False,6.5774,4.8453,-1.7321,2.8113
2021100308,927,46118,Dallas Goedert,TE,True,PHI,4,True,3,16.8168,0.7997,0.2997,7.7916,1.403,-0.2971,1,2,0,7.2884,0.0,0.1835,7.16,1.0731,3.04,-4.7916,-4.7916,True,-3.7809,-3.4311,0.3498,-1.3605
2021100308,1284,46522,Byron Pringle,WR,False,KC,4,True,19,16.8586,0.8017,0.3017,13.9347,2.7399,-2.3352,1,3,1,25.5352,37.6853,-3.2723,8.09,5.9157,3.34,5.0653,5.0653,False,4.9685,7.5649,2.5964,-2.4996
2021100308,1308,47839,Mecole Hardman,WR,False,KC,4,True,10,13.7492,0.6538,0.1538,-3.8641,8.9949,-0.8023,0,1,0,4.7494,35.9241,-4.9286,4.93,2.6387,2.61,13.8641,13.8641,False,9.9032,6.8752,-3.028,6.9889
2021100308,1343,43454,Tyreek Hill,WR,False,KC,4,True,32,23.3113,1.1085,0.6085,15.7846,1.2392,-0.0045,1,1,0,6.4998,26.4254,-0.2145,9.11,8.4377,1.19,16.2154,16.2154,False,6.3189,15.6948,9.3759,0.5206
2021100308,1422,43454,Tyreek Hill,WR,False,KC,4,True,6,16.1906,0.7699,0.2699,5.9736,3.3817,0.999,1,3,1,11.3067,0.1264,-0.936,5.57,0.0875,1.8,0.0264,0.0264,False,-1.3286,-1.4967,-0.1682,1.5231
2021100308,1562,53439,DeVonta Smith,WR,False,PHI,4,True,7,16.1447,0.7677,0.2677,7.2016,1.173,0.3042,1,3,1,14.5749,44.0784,5.5436,1.35,1.2014,4.11,-0.2016,-0.2016,False,0.7801,0.2825,-0.4976,-0.4842
2021100308,1653,53579,Kenneth Gainwell,RB,False,PHI,4,True,14,19.3205,0.9188,0.4188,3.0957,9.3256,0.4373,0,1,0,5.6087,41.5743,0.6828,5.25,3.5718,1.57,10.9043,10.9043,False,9.4097,10.1687,0.759,0.7356
2021100308,1723,47836,Miles Sanders,RB,False,PHI,4,True,6,13.2395,0.6296,0.1296,1.6486,4.2746,3.534,1,2,2,7.3424,10.3014,0.8664,6.93,2.6899,2.49,4.3514,4.3514,False,2.057,3.4526,1.3957,0.8988
2021100308,1959,46522,Byron Pringle,WR,False,KC,4,True,4,17.5896,0.8364,0.3364,3.7857,6.9659,6.8432,0,1,1,2.9724,32.4643,2.3281,2.18,1.1761,3.43,0.2143,0.2143,False,2.9659,4.0115,1.0456,-3.7972
2021100308,2193,53439,DeVonta Smith,WR,False,PHI,4,True,37,27.7089,1.3177,0.8177,28.2607,1.2191,-1.1863,1,1,0,8.072,60.8493,-0.1251,9.21,7.2655,0.71,8.7393,8.7393,False,18.643,24.442,5.799,-15.7027
2021100308,2217,53439,DeVonta Smith,WR,False,PHI,4,True,12,23.4392,1.1146,0.6146,13.458,3.7281,3.2613,1,3,1,5.872,38.582,-1.1029,7.51,1.2821,3.37,-1.458,-1.458,False,-1.2916,-0.8163,0.4753,-0.6418
2021100308,2274,53579,Kenneth Gainwell,RB,False,PHI,4,True,1,15.1345,0.7197,0.2197,1.2272,5.2552,5.1773,0,1,1,13.1372,39.7328,2.9705,5.84,1.0342,2.1,-0.2272,-0.2272,False,5.0431,4.3101,-0.733,-4.5374
2021100308,2550,53439,DeVonta Smith,WR,False,PHI,4,True,21,29.5816,1.4067,0.9067,17.7125,7.8804,7.7541,0,1,1,5.4636,36.5175,-3.394,4.5,-1.1001,2.92,3.2875,3.2875,False,3.9463,1.266,-2.6803,2.0214
2021100308,2645,53579,Kenneth Gainwell,RB,False,PHI,4,True,7,12.977,0.6171,0.1171,2.9061,6.9817,6.4274,0,3,2,16.0472,13.0739,3.8753,2.88,2.2726,4.31,4.0939,4.0939,False,7.9266,7.2474,-0.6792,-3.1535
2021100308,2735,39983,Zach Ertz,TE,True,PHI,4,True,6,17.9382,0.853,0.353,5.9503,0.8058,0.5018,1,3,1,15.8486,6.4897,2.328,1.46,-0.9907,3.63,0.0497,0.0497,False,1.3412,-0.166,-1.5072,0.2157
2021100308,2812,39983,Zach Ertz,TE,True,PHI,4,True,3,12.8805,0.6125,0.1125,2.2797,3.3006,3.1398,2,2,2,9.8742,1.7403,0.2319,6.46,0.3527,0.1,0.7203,0.7203,False,-1.4016,-0.7112,0.6903,1.4315
2021100308,2927,40011,Travis Kelce,TE,True,KC,4,True,3,10.1446,0.4824,0.0,3.04,1.4983,1.47,1,6,3,24.92,64.08,3.0047,1.99,0.6597,2.59,-0.04,-0.04,False,3.1462,1.5754,-1.5708,-1.6154
2021100308,3017,46526,Darrel Williams,RB,False,KC,4,True,7,14.6713,0.6977,0.1977,1.0471,12.8134,12.4672,0,0,0,7.117,36.9729,0.8781,4.27,0.9467,2.93,5.9529,5.9529,False,7.8133,6.6074,-1.2058,-0.6546
2021100308,3062,40011,Travis Kelce,TE,True,KC,4,True,10,15.1896,0.7223,0.2223,4.8619,3.1168,2.4872,1,1,1,15.3692,16.1981,2.6614,2.2,0.953,3.38,5.1381,5.1381,False,2.3812,2.5696,0.1885,2.5685
2021100308,3173,46118,Dallas Goedert,TE,True,PHI,4,True,4,8.5227,0.4053,0.0,2.23,6.7533,6.58,0,4,1,13.16,55.15,-1.2562,6.98,1.7252,1.61,1.77,1.77,False,8.0589,9.7596,1.7008,-7.9896
2021100308,3206,46118,Dallas Goedert,TE,True,PHI,4,True,14,15.0885,0.7175,0.2175,1.5495,9.0244,-3.2487,0,1,0,6.706,50.6305,1.7286,3.89,0.2734,1.56,12.4505,12.4505,False,8.2558,8.3295,0.0737,4.121
2021100308,3309,46118,Dallas Goedert,TE,True,PHI,4,True,14,18.2555,0.8681,0.3681,10.3272,1.7168,0.1712,2,2,0,26.2008,12.7828,6.2072,2.49,-0.2793,1.16,3.6728,3.6728,False,1.1923,0.1373,-1.0549,3.5355
2021100308,3363,53579,Kenneth Gainwell,RB,False,PHI,4,True,9,16.0939,0.7653,0.2653,5.294,6.0487,5.9883,0,1,1,10.2192,10.816,1.5446,6.73,2.1633,4.16,3.706,3.706,False,3.983,5.0581,1.0751,-1.3521
2021100308,3584,43454,Tyreek Hill,WR,False,KC,4,True,5,11.7478,0.5586,0.0586,2.2003,3.4603,2.5603,1,4,2,14.5607,53.1197,-1.4126,6.47,0.175,1.78,2.7997,2.7997,False,3.8839,3.2858,-0.5981,-0.486
2021100308,3781,47836,Miles Sanders,RB,False,PHI,4,True,18,11.4317,0.5436,0.0436,-3.8738,11.8626,-1.3755,0,0,0,13.2961,75.6938,-3.4067,5.04,3.8101,2.16,21.8738,21.8738,False,9.8792,12.0181,2.1389,9.8557
2021100308,3832,39983,Zach Ertz,TE,True,PHI,4,True,19,23.2361,1.105,0.605,18.2607,4.7388,2.2996,1,3,0,7.0465,35.0893,-0.4903,7.92,4.7288,3.33,0.7393,0.7393,False,5.1444,5.735,0.5906,-4.9957
2021100308,4055,43454,Tyreek Hill,WR,False,KC,4,True,11,18.8525,0.8965,0.3965,12.0649,2.7259,0.6975,1,3,0,10.8529,47.0251,-1.6682,6.69,3.9972,4.63,-1.0649,-1.0649,False,4.5365,4.2892,-0.2473,-5.3541
2021100308,4138,46526,Darrel Williams,RB,False,KC,4,True,8,7.9824,0.3796,0.0,0.39,8.1966,1.49,0,2,0,10.52,39.0,-1.5795,6.17,1.135,2.24,7.61,7.61,False,10.8419,9.6167,-1.2252,-2.0067
2021100308,4190,43454,Tyreek Hill,WR,False,KC,4,True,44,31.996,1.5215,1.0215,29.602,9.5626,2.5092,0,1,0,25.2951,14.568,-5.3728,9.13,7.4125,3.31,14.398,14.398,False,10.5881,12.8004,2.2123,1.5976
2021100308,4306,53439,DeVonta Smith,WR,False,PHI,4,True,17,27.7233,1.3183,0.8183,11.9035,1.4669,1.3409,2,2,2,11.3182,61.2765,-2.8078,3.86,-3.8571,5.37,5.0965,5.0965,False,-1.1729,-1.0952,0.0777,6.1917
2021100308,4471,45607,Greg Ward,WR,False,PHI,4,True,15,22.0305,1.0476,0.5476,16.7467,0.7752,-0.1794,1,1,0,25.7488,0.0,-1.169,7.46,4.1391,3.11,-1.7467,-1.7467,False,-5.3963,-4.4684,0.9279,2.7216
2021100309,76,52465,Van Jefferson,WR,False,LA,4,True,20,26.4496,1.2578,0.7578,22.0678,3.1185,2.7699,1,1,1,7.8946,48.0222,-0.0912,5.78,4.5764,6.36,-2.0678,-2.0678,False,1.4607,-2.2367,-3.6974,0.1688
2021100309,149,44881,Cooper Kupp,WR,False,LA,4,True,5,16.9629,0.8066,0.3066,4.786,2.2855,2.2147,1,4,1,24.6634,46.154,5.2966,5.95,-0.2087,2.38,0.214,0.214,False,1.3562,0.4707,-0.8854,-0.2567
2021100309,173,39989,Robert Woods,WR,False,LA,4,True,18,15.2648,0.7259,0.2259,8.7081,5.0549,3.497,0,3,0,22.7538,37.4319,-0.5757,8.12,3.0904,0.89,9.2919,9.2919,False,7.4462,13.9519,6.5057,-4.66
2021100309,333,46116,Christian Kirk,WR,False,ARI,4,True,5,19.451,0.925,0.425,3.3524,4.3714,0.3324,1,1,0,4.3528,71.7776,1.3581,6.9,0.4056,2.96,1.6476,1.6476,False,4.0226,2.936,-1.0866,-1.2883
2021100309,479,42398,Maxx Williams,TE,True,ARI,4,True,8,11.0674,0.5263,0.0263,5.5846,3.2335,0.7841,1,4,0,24.1069,63.8654,3.6694,1.51,0.5537,2.87,2.4154,2.4154,False,2.5022,1.2389,-1.2633,1.1765
2021100309,541,39973,DeAndre Hopkins,WR,False,ARI,4,True,25,25.5139,1.2133,0.7133,19.2518,1.43,-0.9319,1,2,0,5.3984,51.1482,-0.4387,7.46,4.7692,2.05,5.7482,5.7482,False,11.3038,8.3477,-2.9561,-2.5994
2021100309,615,37077,A.J. Green,WR,False,ARI,4,True,41,26.1515,1.2436,0.7436,25.4601,1.1963,-0.641,1,2,0,8.8033,16.1899,-0.2309,7.93,7.8136,2.16,15.5399,15.5399,False,7.8742,9.4361,1.5619,6.1037
2021100309,703,47853,Darrell Henderson,RB,False,LA,4,True,2,17.7777,0.8454,0.3454,0.5803,11.2576,10.0502,0,0,0,7.8893,59.5697,-1.1898,6.48,-1.0126,2.93,1.4197,1.4197,False,7.605,4.4447,-3.1603,-3.025
2021100309,732,43399,Tyler Higbee,TE,True,LA,4,True,7,15.3726,0.731,0.231,5.6207,1.741,0.5249,1,1,0,7.0654,53.8393,0.9412,6.96,1.7779,2.75,1.3793,1.3793,False,1.721,1.3646,-0.3564,0.0147
2021100309,871,52465,Van Jefferson,WR,False,LA,4,True,14,23.6027,1.1224,0.6224,20.4258,2.1014,0.2503,2,3,0,14.935,0.0,-0.8201,1.22,0.4914,5.69,-6.4258,-5.0,True,-6.972,-5.7942,1.1778,0.7942
2021100309,927,37077,A.J. Green,WR,False,ARI,4,True,6,12.262,0.5831,0.0831,3.9409,2.2426,1.7356,1,6,1,15.5154,71.1591,1.4368,2.78,2.0568,1.48,2.0591,2.0591,False,3.0735,5.3039,2.2304,-3.2448
2021100309,1012,39973,DeAndre Hopkins,WR,False,ARI,4,True,14,11.4721,0.5455,0.0455,3.8441,3.893,3.3516,1,4,1,15.3191,55.7559,5.9975,1.48,1.4073,2.16,10.1559,10.1559,False,0.9,1.0556,0.1555,9.1004
2021100309,1066,39973,DeAndre Hopkins,WR,False,ARI,4,True,10,16.9733,0.8071,0.3071,8.4623,4.1384,4.1038,1,2,1,12.8411,39.5777,1.399,2.08,0.7237,6.15,1.5377,1.5377,False,1.3262,0.7291,-0.5971,0.8086
2021100309,1107,46203,Chase Edmonds,RB,False,ARI,4,True,7,13.5519,0.6444,0.1444,5.149,4.7253,-2.3633,1,3,0,20.1763,32.591,1.8991,5.13,3.2472,2.33,1.851,1.851,False,8.1831,9.7552,1.572,-7.9042
2021100309,1131,46203,Chase Edmonds,RB,False,ARI,4,True,9,15.2146,0.7235,0.2235,6.973,3.1928,-3.0476,2,4,0,25.25,23.337,0.1331,7.28,4.1297,0.86,2.027,2.027,False,8.2606,10.3167,2.0561,-8.2897
2021100309,1176,46203,Chase Edmonds,RB,False,ARI,4,True,-3,5.9822,0.2845,0.0,-4.53,5.73,5.73,0,2,1,11.64,16.47,3.1085,5.96,2.2818,3.23,1.53,1.53,False,5.8586,8.3088,2.4502,-6.7788
2021100309,1200,42398,Maxx Williams,TE,True,ARI,4,True,14,15.7117,0.7471,0.2471,12.2144,2.7343,-2.4978,1,4,0,23.4628,1.9456,-2.7344,7.22,7.22,1.25,1.7856,1.7856,False,-1.0336,-0.471,0.5625,2.2566
2021100309,1520,52465,Van Jefferson,WR,False,LA,4,True,14,27.6788,1.3162,0.8162,16.0949,4.5875,0.8297,1,2,1,15.8195,60.1451,-0.4115,2.41,-1.4029,3.82,-2.0949,-2.0949,False,3.0165,0.0992,-2.9173,-2.1941
2021100309,1861,44881,Cooper Kupp,WR,False,LA,4,True,35,29.3126,1.3939,0.8939,30.3239,2.4957,-2.3956,1,2,1,26.016,28.4861,-0.1846,9.25,7.2421,2.97,4.6761,4.6761,False,10.3632,9.8611,-0.5021,-5.185
2021100309,1908,43399,Tyler Higbee,TE,True,LA,4,True,18,21.1585,1.0062,0.5062,15.2207,3.7183,1.528,1,3,1,21.4836,13.6693,4.5054,4.97,2.9451,3.7,2.7793,2.7793,False,2.4084,3.239,0.8306,-0.4597
2021100309,2054,44917,James Conner,RB,False,ARI,4,True,7,10.48,0.4984,0.0,-3.91,9.8963,-2.01,0,1,0,9.65,84.12,-5.7297,5.45,2.6522,3.21,10.91,10.91,False,9.9702,9.9587,-0.0115,0.9513
2021100309,2078,42398,Maxx Williams,TE,True,ARI,4,True,10,12.1756,0.579,0.079,4.628,6.1857,2.9164,0,3,0,23.1614,68.752,2.9403,2.75,1.1141,2.18,5.372,5.372,False,5.9957,5.0622,-0.9334,0.3098
2021100309,2313,53478,Rondale Moore,WR,False,ARI,4,True,16,13.1269,0.6242,0.1242,2.5384,9.6714,-0.0913,0,1,0,13.1638,36.5516,-4.8629,6.04,3.7707,2.01,13.4616,13.4616,False,12.8113,16.2268,3.4155,-2.7653
2021100309,2342,44917,James Conner,RB,False,ARI,4,True,9,13.6351,0.6484,0.1484,6.4463,4.7977,0.2788,1,3,1,12.5529,17.6037,-2.4804,6.91,6.7812,2.26,2.5537,2.5537,False,6.5252,8.2125,1.6873,-5.6588
2021100309,2720,42398,Maxx Williams,TE,True,ARI,4,True,9,16.5912,0.789,0.289,2.1615,8.4961,8.4897,0,1,1,5.2404,61.8985,0.2568,4.16,1.2163,3.16,6.8385,6.8385,False,6.499,7.6013,1.1022,-0.7627
2021100309,2786,39973,DeAndre Hopkins,WR,False,ARI,4,True,18,18.1177,0.8616,0.3616,14.7383,2.3643,-1.3398,1,2,0,23.186,38.7417,-0.0953,7.36,5.9141,1.57,3.2617,3.2617,False,9.5942,11.7609,2.1667,-8.4992
2021100309,2985,44881,Cooper Kupp,WR,False,LA,4,True,9,12.6205,0.6001,0.1001,-1.0876,7.4615,7.2093,0,2,1,16.7441,46.2176,-0.2664,6.85,-1.1742,0.68,10.0876,10.0876,False,8.801,6.3865,-2.4145,3.701
2021100309,3239,37077,A.J. Green,WR,False,ARI,4,True,12,22.3492,1.0628,0.5628,8.5178,1.8331,1.633,1,1,1,5.0411,36.9822,-1.1635,1.57,1.2576,5.48,3.4822,3.4822,False,-0.6969,-0.3549,0.342,3.8371
2021100309,3390,52465,Van Jefferson,WR,False,LA,4,True,8,18.6169,0.8853,0.3853,5.9576,5.2037,5.2014,0,2,1,7.9326,69.2824,0.9331,1.28,1.1358,3.51,2.0424,2.0424,False,2.3878,3.7047,1.3169,-1.6623
2021100309,3414,44881,Cooper Kupp,WR,False,LA,4,True,7,17.5011,0.8322,0.3322,6.2586,6.1983,6.0283,0,3,1,5.783,60.9514,0.2334,6.35,0.9287,3.77,0.7414,0.7414,False,4.0195,3.6832,-0.3364,-2.9417
2021100309,3498,52465,Van Jefferson,WR,False,LA,4,True,22,22.0914,1.0505,0.5505,16.5117,4.41,-3.751,2,4,1,15.3816,53.7583,2.4273,0.91,-0.9052,0.2,5.4883,5.4883,False,2.5924,3.2863,0.6939,2.202
2021100309,3567,44881,Cooper Kupp,WR,False,LA,4,True,8,16.9123,0.8042,0.3042,5.5279,2.2318,1.1506,1,3,1,7.3913,29.5021,0.4627,6.62,0.8148,3.59,2.4721,2.4721,False,1.6513,1.018,-0.6334,1.4542
2021100309,3658,43399,Tyler Higbee,TE,True,LA,4,True,6,16.8083,0.7993,0.2993,7.2407,2.5541,-0.2108,1,2,0,21.7298,13.2793,-2.5214,4.98,0.1026,2.66,-1.2407,-1.2407,False,7.8426,5.2999,-2.5427,-6.5405
2021100309,4071,39989,Robert Woods,WR,False,LA,4,True,7,13.5589,0.6448,0.1448,5.2423,4.8702,1.9741,1,3,1,18.3408,69.9477,4.8148,1.31,1.1904,2.67,1.7577,1.7577,False,3.2136,2.5414,-0.6722,-0.7838
2021100309,4095,47853,Darrell Henderson,RB,False,LA,4,True,13,7.3603,0.35,0.0,2.61,6.4466,-6.26,0,4,0,23.44,67.14,-6.8549,3.62,3.114,1.92,10.39,10.39,False,10.1865,11.7089,1.5224,-1.3189
2021100309,4151,39989,Robert Woods,WR,False,LA,4,True,9,22.9931,1.0934,0.5934,9.6684,3.8235,2.365,1,2,1,6.9692,39.5416,1.4824,7.24,1.16,3.47,-0.6684,-0.6684,False,1.1168,0.6091,-0.5077,-1.2774
2021100309,4274,45094,Johnny Mundt,TE,True,LA,4,True,9,17.0878,0.8126,0.3126,7.5489,1.7304,1.6298,2,2,1,18.0064,16.1511,3.0152,4.8,1.2763,3.41,1.4511,1.4511,False,0.635,0.825,0.19,0.6261
2021100309,4298,39989,Robert Woods,WR,False,LA,4,True,14,21.6749,1.0307,0.5307,14.842,1.7038,0.3529,1,1,0,6.5524,0.0,-1.3453,7.47,3.9419,5.5,-0.842,-0.842,False,-3.4668,-3.0788,0.3879,2.2368
2021100310,149,40078,Kyle Juszczyk,FB,False,SF,4,True,9,16.703,0.7943,0.2943,6.6389,3.3572,2.712,1,3,2,12.779,64.9011,1.7475,1.07,1.0157,0.61,2.3611,2.3611,False,1.6779,2.3454,0.6674,0.0157
2021100310,198,44959,George Kittle,TE,True,SF,4,True,8,15.69,0.7461,0.2461,10.0761,3.0402,0.1071,1,2,0,25.1399,48.7039,5.5003,5.78,-0.3408,1.69,-2.0761,-2.0761,False,3.104,1.4534,-1.6506,-3.5295
2021100310,282,38613,Mohamed Sanu,WR,False,SF,4,True,9,16.4963,0.7845,0.2845,6.2867,4.854,-0.5127,1,4,1,14.5739,48.2633,5.8423,3.58,1.3243,3.33,2.7133,2.7133,False,3.9328,3.4595,-0.4733,-0.7462
2021100310,306,44959,George Kittle,TE,True,SF,4,True,18,21.1835,1.0074,0.5074,16.2925,4.8405,4.757,1,3,1,14.1063,28.8775,4.3931,3.71,3.3359,4.93,1.7075,1.7075,False,2.8566,3.0985,0.242,-1.391
2021100310,359,46331,Ross Dwelley,TE,True,SF,4,True,21,24.8582,1.1821,0.6821,19.9585,1.0063,-0.5597,1,2,0,6.9129,1.8415,-0.113,7.84,7.7973,1.89,1.0415,1.0415,False,1.9459,3.309,1.3632,-2.2676
2021100310,422,42412,Tyler Lockett,WR,False,SEA,4,True,-2,8.7904,0.418,0.0,-3.68,1.7615,0.38,1,3,1,11.37,67.56,0.0831,7.52,1.2399,0.43,1.68,1.68,False,6.1637,6.1212,-0.0425,-4.4412
2021100310,446,42412,Tyler Lockett,WR,False,SEA,4,True,5,21.6445,1.0293,0.5293,7.6639,1.617,1.4789,1,1,1,4.9975,59.4161,2.9484,5.7,0.5552,4.31,-2.6639,-2.6639,False,0.4269,-0.6033,-1.0301,-2.0606
2021100310,809,52433,Brandon Aiyuk,WR,False,SF,4,True,15,12.1284,0.5767,0.0767,7.2159,5.499,-4.6265,0,1,0,26.5208,73.1641,-2.8407,8.34,2.0317,2.09,7.7841,7.7841,False,12.9352,13.5407,0.6055,-5.7566
2021100310,837,52625,Jauan Jennings,WR,False,SF,4,True,14,15.671,0.7452,0.2452,12.5677,2.9639,1.5884,2,4,1,20.9351,53.0123,1.8609,6.44,3.7425,2.45,1.4323,1.4323,False,2.5112,3.7795,1.2683,-2.3472
2021100310,865,47819,Deebo Samuel,WR,False,SF,4,True,26,24.2143,1.1515,0.6515,17.5366,3.4551,1.1571,1,3,2,12.9369,33.9534,-0.2405,8.64,0.8236,2.16,8.4634,8.4634,False,2.2824,3.46,1.1777,5.0034
2021100310,1173,47819,Deebo Samuel,WR,False,SF,4,True,10,17.5591,0.835,0.335,8.3401,2.306,1.6116,1,4,0,13.642,78.3599,2.7616,6.14,3.4032,2.24,1.6599,1.6599,False,1.8842,3.5168,1.6326,-1.8568
2021100310,1522,43460,Alex Collins,RB,False,SEA,4,True,28,14.0331,0.6673,0.1673,4.3319,7.5499,-2.672,0,2,0,10.029,76.1181,-2.5631,6.73,3.9558,1.39,23.6681,23.6681,False,11.8759,12.9323,1.0564,10.7358
2021100310,1592,47847,DK Metcalf,WR,False,SEA,4,True,28,17.8528,0.849,0.349,14.3904,3.8869,-3.3956,1,3,1,19.4787,30.4596,-0.3949,8.91,5.3311,0.8,13.6096,13.6096,False,6.272,13.4911,7.2191,0.1185
2021100310,1658,47847,DK Metcalf,WR,False,SEA,4,True,12,13.2241,0.6289,0.1289,5.1144,2.4627,0.966,1,3,1,16.4635,7.2456,-1.0565,4.94,2.4401,2.01,6.8856,6.8856,False,3.9041,6.5625,2.6585,0.3231
2021100310,1731,47819,Deebo Samuel,WR,False,SF,4,True,8,17.4756,0.831,0.331,7.2977,3.3649,2.5987,1,2,1,12.5638,67.6523,1.2867,5.41,1.2013,4.34,0.7023,0.7023,False,2.4311,2.8625,0.4314,-2.1602
2021100310,1829,40078,Kyle Juszczyk,FB,False,SF,4,True,8,13.9191,0.6619,0.1619,3.447,3.6387,3.6363,1,3,3,14.5006,58.413,2.0624,4.53,1.8346,1.02,4.553,4.553,False,2.8202,4.1528,1.3327,0.4001
2021100310,2328,42412,Tyler Lockett,WR,False,SEA,4,True,19,27.7554,1.3199,0.8199,22.44,2.7051,0.7117,1,1,0,4.6975,43.89,-1.7258,6.59,3.3298,5.6,-3.44,-3.44,True,1.3107,-0.6754,-1.9861,-2.7646
2021100310,2584,52622,Freddie Swain,WR,False,SEA,4,True,13,25.9648,1.2347,0.7347,16.26,3.7372,-2.9482,1,3,0,4.7123,0.0,0.1934,7.03,6.3425,1.88,-3.26,-3.26,True,-5.2073,-4.0767,1.1305,0.8168
2021100310,2711,47819,Deebo Samuel,WR,False,SF,4,True,76,27.1783,1.2924,0.7924,21.9596,15.9371,-14.9,0,0,0,4.2943,54.2804,-8.1217,8.71,8.0128,1.67,54.0404,30.0,False,8.4528,18.5945,10.1416,11.4055
2021100310,2803,47847,DK Metcalf,WR,False,SEA,4,True,16,32.0072,1.5221,1.0221,21.2722,2.9522,1.1214,1,1,0,3.812,60.2778,-1.1124,5.98,1.098,4.7,-5.2722,-5.0,True,-1.3749,-3.0932,-1.7183,-1.9068
2021100310,2831,43460,Alex Collins,RB,False,SEA,4,True,6,6.4351,0.306,0.0,2.32,2.6407,-2.64,2,6,0,23.67,63.46,-0.7811,2.97,2.1915,1.7,3.68,3.68,False,11.9766,10.1426,-1.834,-6.4626
2021100310,3013,46189,Will Dissly,TE,True,SEA,4,True,2,7.0124,0.3335,0.0,-0.25,3.3034,3.3,2,4,1,25.71,41.46,5.6489,4.62,1.9503,2.48,2.25,2.25,False,3.8637,2.9361,-0.9277,-0.6861
2021100310,3478,47819,Deebo Samuel,WR,False,SF,4,True,11,13.4521,0.6397,0.1397,7.8823,6.8038,-3.5229,0,4,0,18.7021,63.5477,-0.4679,5.81,-0.5559,1.79,3.1177,3.1177,False,13.4931,7.0947,-6.3984,-3.9771
2021100310,3733,40078,Kyle Juszczyk,FB,False,SF,4,True,14,12.988,0.6176,0.1176,0.6373,5.7783,5.7409,0,1,1,14.1262,74.7027,5.1364,6.4,2.2727,1.1,13.3627,13.3627,False,4.5475,5.6138,1.0662,7.7489
2021100310,3815,38613,Mohamed Sanu,WR,False,SF,4,True,12,10.7565,0.5115,0.0115,3.4956,9.1527,2.6899,0,1,0,16.0085,41.3244,0.6343,2.78,0.4847,2.81,8.5044,8.5044,False,11.4386,8.9436,-2.4949,-0.4392
2021100310,3937,47819,Deebo Samuel,WR,False,SF,4,True,12,26.1416,1.2431,0.7431,12.1842,2.0011,0.4408,1,2,0,16.3036,29.9858,3.2935,2.02,-1.9994,4.53,-0.1842,-0.1842,False,1.2138,-0.2203,-1.4341,0.0361
2021100310,3961,38613,Mohamed Sanu,WR,False,SF,4,True,7,16.7796,0.7979,0.2979,5.7421,1.5824,0.8494,1,2,0,14.3116,25.3779,3.2895,2.54,0.3763,2.83,1.2579,1.2579,False,2.48,1.1329,-1.347,0.1249
2021100310,4025,38613,Mohamed Sanu,WR,False,SF,4,True,7,15.601,0.7419,0.2419,7.1646,2.0126,1.8153,2,3,1,26.3517,21.2554,6.9166,5.34,-0.0224,2.93,-0.1646,-0.1646,False,-0.3352,-1.1322,-0.797,0.9677
2021100311,55,45267,Tim Patrick,WR,False,DEN,4,True,11,14.1254,0.6717,0.1717,6.1306,2.3471,1.987,1,1,1,21.1866,69.1794,3.1424,4.89,2.9735,1.55,4.8694,4.8694,False,2.3445,2.9281,0.5836,1.9413
2021100311,360,45267,Tim Patrick,WR,False,DEN,4,True,19,12.3715,0.5883,0.0883,5.0498,6.5992,2.8933,0,2,0,22.1316,61.9902,3.6789,1.87,1.8097,1.51,13.9502,13.9502,False,6.8577,7.0332,0.1755,6.917
2021100311,466,41230,Sammy Watkins,WR,False,BAL,4,True,20,18.9267,0.9,0.4,15.7187,2.3914,0.7383,2,3,0,23.6371,64.6413,0.7749,7.88,5.3962,1.05,4.2813,4.2813,False,4.5366,7.0402,2.5036,-2.7589
2021100311,686,42358,Melvin Gordon,RB,False,DEN,4,True,3,14.0321,0.6673,0.1673,-0.3408,10.7921,7.7267,0,0,0,13.1751,64.5608,-0.1787,6.4,1.8487,2.15,3.3408,3.3408,False,9.7422,9.9818,0.2395,-6.641
2021100311,962,47803,Noah Fant,TE,True,DEN,4,True,3,15.0083,0.7137,0.2137,4.4007,5.2503,3.5092,0,2,0,5.5518,0.0,-0.1446,7.43,2.0156,2.89,-1.4007,-1.4007,False,-1.6146,-1.9682,-0.3536,0.5675
2021100311,1039,52609,James Proche,WR,False,BAL,4,True,12,13.8261,0.6575,0.1575,8.5861,4.1843,-3.7329,1,3,1,23.7443,62.3339,-2.1233,5.42,2.2614,0.65,3.4139,3.4139,False,13.1482,11.0974,-2.0508,-7.6835
2021100311,1150,46155,Mark Andrews,TE,True,BAL,4,True,24,23.5354,1.1192,0.6192,16.6489,1.4679,-1.2694,1,2,0,12.0779,31.7811,-0.5861,8.7,3.1475,0.63,7.3511,7.3511,False,8.5781,10.9144,2.3364,-3.5634
2021100311,1174,46155,Mark Andrews,TE,True,BAL,4,True,12,24.7715,1.178,0.678,13.6449,1.2935,0.8991,1,2,0,6.8863,9.5851,1.1383,6.99,0.3317,3.24,-1.6449,-1.6449,False,1.3366,-0.3173,-1.6539,-1.3276
2021100311,1356,41230,Sammy Watkins,WR,False,BAL,4,True,9,11.9881,0.5701,0.0701,3.6966,4.6048,3.9698,1,7,1,21.9125,56.7334,2.6559,7.47,2.0916,1.05,5.3034,5.3034,False,3.4832,3.4985,0.0153,1.8049
2021100311,1423,47808,Marquise Brown,WR,False,BAL,4,True,49,34.0055,1.6171,1.1171,38.6617,6.0277,-5.7359,0,1,0,23.7059,10.7283,-2.3275,9.41,8.1657,1.31,10.3383,10.3383,False,14.7314,16.2395,1.5081,-5.9013
2021100311,1486,46109,Courtland Sutton,WR,False,DEN,4,True,12,16.7114,0.7947,0.2947,7.0667,2.0952,0.7814,1,2,0,13.8605,72.8133,-0.7005,6.48,3.586,0.83,4.9333,4.9333,False,3.5449,7.5173,3.9723,-2.584
2021100311,1510,47803,Noah Fant,TE,True,DEN,4,True,14,11.4414,0.5441,0.0441,7.5068,2.6469,1.7453,1,4,1,26.2354,59.6232,1.0095,6.82,2.1967,1.11,6.4932,6.4932,False,2.0504,4.2861,2.2357,2.2071
2021100311,1630,47808,Marquise Brown,WR,False,BAL,4,True,32,24.0196,1.1422,0.6422,19.254,7.3546,-7.0992,0,3,1,22.1448,70.546,-5.5083,8.15,6.7796,3.58,12.746,12.746,False,4.6167,8.8341,4.2173,3.9119
2021100311,1680,52500,Devin Duvernay,WR,False,BAL,4,True,7,24.9826,1.188,0.688,9.4459,4.4919,4.2507,1,1,1,4.6064,46.9141,1.596,4.22,1.462,5.78,-2.4459,-2.4459,False,0.8791,-0.1898,-1.0689,-2.2561
2021100311,1916,46155,Mark Andrews,TE,True,BAL,4,True,13,18.4812,0.8788,0.3788,11.129,6.9658,-2.8206,0,3,1,17.0753,14.831,-5.3312,8.08,3.2967,2.16,1.871,1.871,False,6.82,7.8619,1.0419,-5.9909
2021100311,2255,47803,Noah Fant,TE,True,DEN,4,True,11,11.9409,0.5678,0.0678,4.515,2.8106,2.0047,1,3,2,19.7989,73.765,0.5765,8.3,1.6959,0.42,6.485,6.485,False,4.117,9.5602,5.4432,-3.0753
2021100311,2301,52526,Albert Okwuegbunam,TE,True,DEN,4,True,11,12.2473,0.5824,0.0824,7.6861,0.8521,0.7353,1,3,1,26.3735,59.6739,0.6921,6.6,1.6514,1.44,3.3139,3.3139,False,0.9553,0.239,-0.7163,3.0749
2021100311,2421,46155,Mark Andrews,TE,True,BAL,4,True,14,23.5289,1.1189,0.6189,12.694,0.7228,-0.486,1,2,0,23.0331,75.466,0.2289,2.68,-0.3651,0.96,1.306,1.306,False,4.6926,3.2297,-1.463,-1.9237
2021100311,2695,53464,Javonte Williams,RB,False,DEN,4,True,5,10.4202,0.4955,0.0,5.29,1.3285,1.2,1,1,1,16.65,52.53,2.6002,6.73,0.3241,0.5,-0.29,-0.29,False,0.5921,0.4778,-0.1142,-0.7678
2021100311,2780,52609,James Proche,WR,False,BAL,4,True,8,18.5603,0.8826,0.3826,3.8458,5.0217,5.0137,0,2,2,3.4212,69.1342,-0.874,3.87,1.1914,3.17,4.1542,4.1542,False,-0.0751,2.206,2.2812,1.9481
2021100311,2809,41230,Sammy Watkins,WR,False,BAL,4,True,13,26.5811,1.264,0.764,14.1393,2.5374,1.0943,1,1,0,7.3691,51.3007,-0.5099,4.94,-0.2103,2.8,-1.1393,-1.1393,False,3.9546,2.8193,-1.1353,-3.9586
2021100311,2876,52500,Devin Duvernay,WR,False,BAL,4,True,7,15.922,0.7571,0.2571,5.7499,0.7273,0.1546,1,2,0,14.8868,43.3001,1.3815,6.44,4.2386,0.55,1.2501,1.2501,False,3.0222,6.5242,3.502,-5.2742
2021100311,2900,52609,James Proche,WR,False,BAL,4,True,8,10.2725,0.4885,0.0,4.05,3.8552,3.64,1,4,2,14.36,37.0,5.1221,1.7,1.5411,1.38,3.95,3.95,False,1.0652,2.2759,1.2107,1.6741
2021100311,2964,46155,Mark Andrews,TE,True,BAL,4,True,30,23.8413,1.1337,0.6337,24.9728,13.0145,-11.6958,0,0,0,9.3644,5.5572,-0.3186,8.54,7.5943,1.83,5.0272,5.0272,False,6.5017,7.7794,1.2777,-2.7521
2021100311,3045,52500,Devin Duvernay,WR,False,BAL,4,True,17,11.9709,0.5693,0.0693,5.471,6.3975,6.3846,0,3,1,22.5355,40.339,5.5475,2.24,2.1805,4.44,11.529,11.529,False,4.1838,3.2645,-0.9193,8.2645
2021100311,3147,47803,Noah Fant,TE,True,DEN,4,True,6,14.5134,0.6902,0.1902,4.2106,5.7096,5.643,0,3,2,7.725,72.4594,1.1998,6.74,1.3702,2.27,1.7894,1.7894,False,2.5382,4.3228,1.7846,-2.5334
2021100311,3309,52766,Kendall Hinton,WR,False,DEN,4,True,13,10.639,0.5059,0.0059,4.9725,4.8966,2.0795,1,4,0,24.6359,48.4075,-0.438,4.58,2.1063,2.43,8.0275,8.0275,False,8.5349,7.8342,-0.7007,0.1933
2021100311,3355,53464,Javonte Williams,RB,False,DEN,4,True,-3,9.7367,0.463,0.0,-5.35,9.4945,8.62,0,1,1,17.29,45.65,4.0052,5.83,1.8894,1.6,2.35,2.35,False,10.0317,9.1877,-0.844,-6.8377
2021100311,3379,52766,Kendall Hinton,WR,False,DEN,4,True,22,29.0684,1.3823,0.8823,22.9491,2.5936,1.561,2,3,1,1.1886,20.2509,1.2283,5.83,-3.2652,1.61,-0.9491,-0.9491,False,3.5846,0.1881,-3.3966,-1.1372
2021100311,3484,45268,Patrick Ricard,FB,False,BAL,4,True,4,9.263,0.4405,0.0,3.19,3.6504,3.53,1,5,1,19.97,75.62,8.2316,3.45,3.0574,2.98,0.81,0.81,False,2.3765,4.2128,1.8363,-3.4028
2021100311,3508,41230,Sammy Watkins,WR,False,BAL,4,True,7,19.1236,0.9094,0.4094,4.7463,2.5185,1.6331,1,1,0,3.2471,69.6637,-0.3193,5.28,-0.473,4.33,2.2537,2.2537,False,-0.5287,-1.1444,-0.6157,3.398
2021100311,3609,52609,James Proche,WR,False,BAL,4,True,32,14.3523,0.6825,0.1825,8.3062,12.9154,-3.5042,0,0,0,15.2579,52.2138,-14.6246,7.19,2.8831,0.93,23.6938,23.6938,False,11.3946,14.9264,3.5318,8.7674
2021100311,3685,46155,Mark Andrews,TE,True,BAL,4,True,4,11.4355,0.5438,0.0438,3.1085,3.9699,3.8648,1,5,2,10.9439,16.7015,3.0704,5.39,-0.0348,2.26,0.8915,0.8915,False,2.6329,0.857,-1.7759,0.0345
2021100311,3906,45267,Tim Patrick,WR,False,DEN,4,True,9,26.9157,1.2799,0.7799,7.3478,3.3207,3.1352,1,1,1,3.2485,68.7022,1.419,3.17,-2.0414,2.29,1.6522,1.6522,False,-1.3078,-0.5324,0.7755,2.1846
2021100311,3951,47803,Noah Fant,TE,True,DEN,4,True,9,6.4672,0.3075,0.0,-1.35,4.8443,0.9,1,2,0,22.67,57.03,1.9132,4.31,4.2348,1.98,10.35,10.35,False,10.1106,12.0251,1.9145,-1.6751
2021100311,3992,46109,Courtland Sutton,WR,False,DEN,4,True,32,25.2335,1.1999,0.6999,21.9709,0.4416,-0.3283,1,1,0,4.7362,24.2791,-0.6949,8.72,8.3305,1.29,10.0291,10.0291,False,11.372,16.6552,5.2832,-6.6261
2021100311,4033,53464,Javonte Williams,RB,False,DEN,4,True,9,19.0966,0.9081,0.4081,4.8231,0.9257,0.3165,2,3,0,17.8786,9.6069,0.8453,6.69,0.8408,1.28,4.1769,4.1769,False,2.2333,-0.3596,-2.5929,4.5364
2021100312,55,47849,Diontae Johnson,WR,False,PIT,4,True,3,15.9301,0.7575,0.2575,3.975,4.433,4.3615,1,2,1,9.8879,70.935,1.7044,6.34,0.1748,3.59,-0.975,-0.975,False,2.4192,2.2277,-0.1915,-3.2027
2021100312,126,44874,JuJu Smith-Schuster,WR,False,PIT,4,True,9,18.7309,0.8907,0.3907,9.7804,1.4853,1.2214,1,1,1,6.997,51.8696,0.7311,6.88,2.5092,5.09,-0.7804,-0.7804,False,0.1805,0.6019,0.4214,-1.3823
2021100312,216,47849,Diontae Johnson,WR,False,PIT,4,True,45,27.9052,1.327,0.827,25.0589,1.4279,-0.6558,1,1,0,3.7541,19.7911,0.062,8.73,8.6807,1.88,19.9411,19.9411,False,8.0801,11.0892,3.0091,8.8519
2021100312,290,46705,Allen Lazard,WR,False,GB,4,True,5,15.9468,0.7583,0.2583,1.5288,4.132,3.8299,1,1,1,10.3164,76.9212,1.515,6.56,0.2278,1.65,3.4712,3.4712,False,2.6361,1.8798,-0.7563,1.5913
2021100312,377,41282,Davante Adams,WR,False,GB,4,True,21,19.3691,0.9211,0.4211,9.6543,2.1251,-0.3447,1,1,0,4.2191,53.3257,-1.2267,7.09,6.47,2.63,11.3457,11.3457,False,5.0453,10.7362,5.691,0.6095
2021100312,401,41282,Davante Adams,WR,False,GB,4,True,7,11.1202,0.5288,0.0288,4.0307,3.9009,-0.3015,1,4,0,21.7878,37.3893,-0.6435,5.05,1.0663,0.61,2.9693,2.9693,False,7.4721,6.3834,-1.0887,-3.4141
2021100312,712,52470,A.J. Dillon,RB,False,GB,4,True,16,16.1782,0.7693,0.2693,2.631,6.9831,5.0875,0,1,1,10.4956,51.609,-0.799,6.8,1.8229,1.95,13.369,13.369,False,5.8746,7.4556,1.581,5.9134
2021100312,792,37139,Randall Cobb,WR,False,GB,4,True,8,15.1185,0.7189,0.2189,5.7644,2.6845,1.8785,1,2,1,22.3792,28.4956,0.8252,5.6,2.8976,0.33,2.2356,2.2356,False,3.7644,4.1592,0.3948,-1.9236
2021100312,878,37139,Randall Cobb,WR,False,GB,4,True,12,14.9521,0.711,0.211,7.7628,4.1675,-0.5905,2,3,1,24.3917,12.3272,7.4455,4.33,3.3778,2.94,4.2372,4.2372,False,0.146,1.5336,1.3875,2.7036
2021100312,1083,45635,Robert Tonyan,TE,True,GB,4,True,6,10.7306,0.5103,0.0103,3.751,2.2879,2.2765,1,3,1,22.7639,23.269,4.2262,3.51,0.0968,0.79,2.249,2.249,False,1.4798,1.1973,-0.2825,1.0517
2021100312,1145,37139,Randall Cobb,WR,False,GB,4,True,23,20.5325,0.9764,0.4764,12.2351,1.7377,-0.8878,1,1,0,15.2579,10.2549,-0.055,8.53,1.0602,1.02,10.7649,10.7649,False,7.2017,3.6401,-3.5616,7.1248
2021100312,1307,47924,Zach Gentry,TE,True,PIT,4,True,10,11.4475,0.5444,0.0444,5.0871,3.9641,1.7227,1,5,1,19.0076,58.4829,4.3773,2.19,2.1893,1.69,4.9129,4.9129,False,1.8098,3.2185,1.4087,1.6943
2021100312,1342,41236,Eric Ebron,TE,True,PIT,4,True,4,10.0768,0.4792,0.0,2.54,1.1374,0.61,1,7,0,19.29,50.87,-0.143,6.87,0.4505,1.39,1.46,1.46,False,4.9102,5.0235,0.1133,-3.5635
2021100312,1522,30842,Marcedes Lewis,TE,True,GB,4,True,7,10.1961,0.4849,0.0,0.91,5.7073,4.11,0,5,1,21.06,68.49,4.3885,5.34,3.9111,1.24,6.09,6.09,False,5.8352,9.4211,3.5859,-3.3311
2021100312,1665,44995,Aaron Jones,RB,False,GB,4,True,19,21.4865,1.0218,0.5218,6.2106,3.9303,2.3351,1,2,1,13.872,35.6594,-7.1347,5.14,0.8828,3.8,12.7894,12.7894,False,6.1894,4.8001,-1.3892,7.9892
2021100312,2113,44995,Aaron Jones,RB,False,GB,4,True,26,17.1873,0.8173,0.3173,2.3389,7.0265,5.3054,0,2,1,20.5407,34.6211,-5.2619,7.01,1.3832,1.57,23.6611,23.6611,False,11.0778,11.1879,0.1101,12.4732
2021100312,2262,53453,Najee Harris,RB,False,PIT,4,True,4,21.2267,1.0094,0.5094,-0.6116,5.8051,5.781,0,1,1,8.6714,93.3416,4.8395,0.71,0.7035,1.71,4.6116,4.6116,False,5.606,4.7222,-0.8838,-0.1106
2021100312,2286,53453,Najee Harris,RB,False,PIT,4,True,6,6.7032,0.3188,0.0,-5.31,6.2216,-0.8,0,3,1,14.32,93.93,-6.8366,5.43,1.3394,2.97,11.31,11.31,False,9.6092,10.5214,0.9122,0.7886
2021100312,2680,53453,Najee Harris,RB,False,PIT,4,True,-1,8.7879,0.4179,0.0,-2.16,6.058,5.24,0,4,2,18.19,34.05,6.5985,6.43,1.1861,1.55,1.16,1.16,False,4.5673,2.9487,-1.6186,-1.7887
2021100312,2708,46705,Allen Lazard,WR,False,GB,4,True,28,16.9911,0.808,0.308,13.7373,6.345,4.2099,0,3,0,20.5717,53.7727,-3.2882,7.07,3.8226,3.34,14.2627,14.2627,False,6.8381,5.4335,-1.4046,8.8292
2021100312,2791,53484,Pat Freiermuth,TE,True,PIT,4,True,11,16.9232,0.8048,0.3048,9.8207,1.5391,0.8199,1,2,0,26.6281,55.2093,0.9537,2.4,1.3149,4.39,1.1793,1.1793,False,4.6869,1.6716,-3.0153,-0.4924
2021100312,2860,47849,Diontae Johnson,WR,False,PIT,4,True,5,11.7497,0.5587,0.0587,1.5118,6.2787,-3.555,0,5,2,16.2326,40.2482,1.7287,6.45,2.7544,1.25,3.4882,3.4882,False,5.5639,9.7519,4.1879,-6.2637
2021100312,2903,47849,Diontae Johnson,WR,False,PIT,4,True,0,16.7857,0.7982,0.2982,1.8371,1.9267,1.7602,1,2,2,13.7474,35.4429,4.921,5.15,0.795,2.33,-1.8371,-1.8371,False,0.7735,1.0219,0.2484,-2.859
2021100312,2993,45635,Robert Tonyan,TE,True,GB,4,True,2,13.7989,0.6562,0.1562,1.2011,4.2766,4.2645,1,2,1,7.217,95.6989,1.8342,5.05,1.8639,2.36,0.7989,0.7989,False,2.4356,3.7557,1.3201,-2.9568
2021100312,3058,41236,Eric Ebron,TE,True,PIT,4,True,4,10.0658,0.4787,0.0,2.76,3.3615,1.86,2,4,1,24.17,60.61,7.5359,7.49,0.6645,1.59,1.24,1.24,False,0.3784,-0.0571,-0.4356,1.2971
2021100312,3143,46129,James Washington,WR,False,PIT,4,True,11,19.4726,0.926,0.426,4.6864,4.7323,4.6839,1,2,1,8.1593,54.0636,1.7418,0.74,-0.4778,3.35,6.3136,6.3136,False,1.9066,2.0015,0.0948,4.3121
2021100312,3189,44874,JuJu Smith-Schuster,WR,False,PIT,4,True,2,9.1216,0.4338,0.0,1.26,1.977,0.67,1,5,1,24.04,46.53,5.6819,7.05,-0.803,2.85,0.74,0.74,False,0.4975,-1.0531,-1.5506,1.7931
2021100312,3384,47849,Diontae Johnson,WR,False,PIT,4,True,10,22.8478,1.0865,0.5865,11.5348,1.1291,1.094,1,3,1,9.1954,53.8452,-0.3301,4.39,-0.0429,4.8,-1.5348,-1.5348,False,1.2984,0.0471,-1.2513,-1.5819
2021100312,3442,53453,Najee Harris,RB,False,PIT,4,True,9,6.9132,0.3287,0.0,-0.17,5.7568,-5.53,0,5,1,26.26,48.22,-5.7603,3.9,2.6428,1.01,9.17,9.17,False,9.1349,8.7195,-0.4154,0.4505
2021100312,3488,46129,James Washington,WR,False,PIT,4,True,30,28.7618,1.3677,0.8677,25.1661,1.5654,0.4248,1,1,0,16.7818,14.0439,0.2053,8.49,7.4633,2.61,4.8339,4.8339,False,4.8729,9.5241,4.6512,-4.6901
2021100312,3513,47849,Diontae Johnson,WR,False,PIT,4,True,3,16.8734,0.8024,0.3024,0.9276,3.8819,3.5645,1,4,3,11.7896,8.4824,4.5094,1.96,1.7777,2.18,2.0724,2.0724,False,1.2948,1.8011,0.5063,0.2713
2021100312,3728,41282,Davante Adams,WR,False,GB,4,True,11,26.4007,1.2554,0.7554,13.9644,2.2049,1.9713,1,2,1,5.0303,59.8656,0.3773,2.65,0.6015,6.45,-2.9644,-2.9644,False,-0.6988,-2.1795,-1.4808,-0.7849
2021100312,3865,53453,Najee Harris,RB,False,PIT,4,True,4,6.8656,0.3265,0.0,-7.07,5.6663,1.04,0,3,0,20.51,78.42,-2.021,5.5,1.7087,2.21,11.07,11.07,False,13.068,11.5017,-1.5663,-0.4317
2021100313,56,43324,Hunter Henry,TE,True,NE,4,True,7,14.6532,0.6968,0.1968,6.844,1.6055,1.4701,2,3,1,15.6165,53.586,4.2994,1.23,0.325,3.7,0.156,0.156,False,0.356,-0.5254,-0.8814,0.6814
2021100313,80,45185,Kendrick Bourne,WR,False,NE,4,True,4,15.7622,0.7495,0.2495,5.2701,3.5404,3.5393,2,2,1,5.9699,48.2999,2.2439,6.42,-0.3203,3.37,-1.2701,-1.2701,False,-0.762,-0.9618,-0.1998,-0.3083
2021100313,109,43324,Hunter Henry,TE,True,NE,4,True,5,10.1894,0.4845,0.0,0.99,3.6668,1.86,2,5,0,14.53,48.14,3.0324,5.48,3.5909,1.56,4.01,4.01,False,3.6875,7.4162,3.7287,-3.4062
2021100313,226,41233,Mike Evans,WR,False,TB,4,True,8,27.3277,1.2995,0.7995,9.5622,2.0869,2.081,1,1,1,4.9462,79.3778,-0.6446,0.7,-0.6601,5.47,-1.5622,-1.5622,False,-0.2071,0.2527,0.4598,-1.8149
2021100313,303,35634,Antonio Brown,WR,False,TB,4,True,6,16.6318,0.7909,0.2909,-1.3667,11.2068,10.5223,0,0,0,12.8161,62.7167,-3.1129,0.85,-0.8482,2.54,7.3667,7.3667,False,9.3256,6.3536,-2.972,1.0131
2021100313,494,39212,Brandon Bolden,RB,False,NE,4,True,7,10.4695,0.4979,0.0,3.4,6.81,-5.46,0,3,0,24.77,80.74,3.3456,4.82,1.5867,0.8,3.6,3.6,False,9.7939,9.5929,-0.2009,-5.9929
2021100313,654,41233,Mike Evans,WR,False,TB,4,True,13,15.3214,0.7286,0.2286,9.0293,3.5353,0.0742,1,3,0,26.4213,46.4507,-1.2266,6.61,3.1469,1.35,3.9707,3.9707,False,5.9195,11.6054,5.6859,-7.6347
2021100313,678,41233,Mike Evans,WR,False,TB,4,True,28,19.4642,0.9256,0.4256,14.9928,4.6917,-0.9493,1,3,0,18.9518,27.0672,0.2345,8.69,3.9776,1.07,13.0072,13.0072,False,9.1531,12.0258,2.8726,0.9814
2021100313,840,45185,Kendrick Bourne,WR,False,NE,4,True,17,13.4141,0.6379,0.1379,6.5987,3.9909,-0.0176,1,2,0,24.5057,68.6913,1.0043,4.12,2.8188,1.85,10.4013,10.4013,False,5.7847,6.7682,0.9835,3.6332
2021100313,1036,41233,Mike Evans,WR,False,TB,4,True,6,22.5247,1.0711,0.5711,4.9617,3.6901,3.6375,1,2,1,6.9341,48.8983,-0.0152,2.89,-2.0457,3.62,1.0383,1.0383,False,-0.0888,0.9715,1.0603,0.0669
2021100313,1094,35634,Antonio Brown,WR,False,TB,4,True,27,28.1571,1.339,0.839,21.3702,1.7386,-1.6314,1,1,0,4.2376,26.5698,-1.3058,8.93,8.3915,3.16,5.6298,5.6298,False,14.6444,13.3754,-1.2689,-7.7456
2021100313,1295,45185,Kendrick Bourne,WR,False,NE,4,True,16,25.0455,1.191,0.691,15.8339,1.1392,0.8847,1,3,2,23.6251,66.6561,1.3518,6.61,-0.4864,2.57,0.1661,0.1661,False,1.1181,0.9705,-0.1476,-0.8044
2021100313,1319,48097,Jakobi Meyers,WR,False,NE,4,True,15,15.492,0.7367,0.2367,7.8449,5.5017,1.3192,0,2,1,15.7572,62.2051,-3.0709,5.24,3.5273,3.62,7.1551,7.1551,False,3.373,6.6094,3.2364,0.5457
2021100313,1365,45185,Kendrick Bourne,WR,False,NE,4,True,5,11.4632,0.5451,0.0451,2.1718,3.9384,3.9371,1,5,1,20.4801,48.8482,0.7399,8.21,-0.4039,0.19,2.8282,2.8282,False,3.8007,5.7994,1.9987,-2.9711
2021100313,1475,45185,Kendrick Bourne,WR,False,NE,4,True,16,25.6069,1.2177,0.7177,16.1495,2.2458,1.7467,1,2,2,20.5334,30.7105,-1.0755,7.53,1.4484,5.51,-0.1495,-0.1495,False,3.7268,4.3619,0.635,-4.5114
2021100313,1511,39212,Brandon Bolden,RB,False,NE,4,True,7,8.7673,0.4169,0.0,-3.56,4.0918,-0.31,1,4,1,19.21,35.21,-2.5033,6.19,1.2764,0.93,10.56,10.56,False,9.2246,11.0003,1.7757,-0.4403
2021100313,1594,48097,Jakobi Meyers,WR,False,NE,4,True,3,9.6396,0.4584,0.0,2.97,2.2879,2.28,1,7,3,25.66,10.92,3.9326,5.01,1.0903,1.45,0.03,0.03,False,2.3138,1.2476,-1.0662,-1.2176
2021100313,1618,43324,Hunter Henry,TE,True,NE,4,True,11,15.5644,0.7401,0.2401,9.4791,1.8526,1.8004,1,3,1,17.7496,1.7909,3.4244,5.89,0.8289,2.17,1.5209,1.5209,False,-0.4892,-0.7328,-0.2436,2.2538
2021100313,1718,35634,Antonio Brown,WR,False,TB,4,True,8,21.2866,1.0123,0.5123,6.2927,2.8231,2.7883,1,2,1,7.1383,68.2773,2.351,1.4,1.1179,4.4,1.7073,1.7073,False,0.6685,1.9728,1.3043,-0.2655
2021100313,1854,48097,Jakobi Meyers,WR,False,NE,4,True,4,11.7311,0.5579,0.0579,3.0484,1.2547,1.2393,1,5,2,19.4636,64.9216,3.878,1.32,-0.0272,4.36,0.9516,0.9516,False,1.2167,1.0412,-0.1755,-0.0896
2021100313,2041,35634,Antonio Brown,WR,False,TB,4,True,4,17.8422,0.8485,0.3485,4.8212,2.0875,2.0866,1,2,1,9.3251,90.2188,3.5032,1.08,0.4913,3.62,-0.8212,-0.8212,False,0.4288,1.235,0.8062,-2.0562
2021100313,2070,44896,Chris Godwin,WR,False,TB,4,True,28,25.8442,1.229,0.729,21.2814,5.7211,-5.7207,0,2,0,3.507,69.5686,-0.5274,5.85,5.8457,2.55,6.7186,6.7186,False,9.6925,6.2661,-3.4264,0.4525
2021100313,2111,44896,Chris Godwin,WR,False,TB,4,True,26,22.2842,1.0597,0.5597,13.6191,2.9542,0.4057,1,2,0,7.655,49.5709,-0.4865,8.33,7.3774,2.34,12.3809,12.3809,False,4.8503,13.6021,8.7518,-1.2212
2021100313,2135,42033,Cameron Brate,TE,True,TB,4,True,11,20.2081,0.961,0.461,9.5297,5.8801,2.0145,0,3,1,13.0452,27.6603,4.594,5.61,-0.1743,3.43,1.4703,1.4703,False,3.0613,1.5281,-1.5332,-0.0577
2021100313,2401,35634,Antonio Brown,WR,False,TB,4,True,44,26.1655,1.2443,0.7443,22.9138,2.8662,-2.2741,1,1,0,5.2699,58.8662,-0.6973,8.89,8.134,3.35,21.0862,21.0862,False,11.8091,15.4077,3.5986,5.6785
2021100313,2496,47870,Damien Harris,RB,False,NE,4,True,9,11.321,0.5384,0.0384,4.4429,6.0751,3.6545,0,4,0,24.122,33.8471,2.8393,2.43,2.421,3.89,4.5571,4.5571,False,5.0122,4.5664,-0.4458,-0.0092
2021100313,2541,53000,J.J. Taylor,RB,False,NE,4,True,0,11.0108,0.5236,0.0236,-3.6711,7.9841,7.8715,0,1,1,11.1339,31.8711,3.7251,5.72,2.9194,4.31,3.6711,3.6711,False,5.823,8.5131,2.69,-4.842
2021100313,2970,41233,Mike Evans,WR,False,TB,4,True,9,21.4718,1.0211,0.5211,7.7002,4.5186,3.0786,1,1,0,6.3674,11.9298,-2.9477,6.6,1.1903,3.83,1.2998,1.2998,False,4.0549,1.1837,-2.8712,0.1161
2021100313,3086,47870,Damien Harris,RB,False,NE,4,True,21,10.2963,0.4896,0.0,0.83,6.0833,-4.71,0,2,0,13.98,76.53,-1.814,4.55,2.7755,2.65,20.17,20.17,False,15.2336,11.7421,-3.4915,8.4279
2021100313,3110,42363,Nelson Agholor,WR,False,NE,4,True,13,29.0063,1.3794,0.8794,10.4445,3.7962,3.7077,1,2,1,6.6158,45.7155,0.2768,1.89,-1.3027,5.04,2.5555,2.5555,False,-0.4413,-0.0699,0.3714,2.6254
2021100313,3134,48097,Jakobi Meyers,WR,False,NE,4,True,5,13.3498,0.6348,0.1348,4.5932,1.4407,0.6796,1,2,0,14.9596,38.6468,1.9948,3.3,0.4684,3.01,0.4068,0.4068,False,1.5499,2.5286,0.9787,-2.1218
2021100313,3158,47815,N'Keal Harry,WR,False,NE,4,True,10,26.3187,1.2515,0.7515,12.2117,1.1991,1.141,1,2,1,6.63,27.0583,1.4757,1.06,-1.0356,4.18,-2.2117,-2.2117,False,-0.5156,-1.354,-0.8384,-0.8577
2021100313,3182,44912,Jonnu Smith,TE,True,NE,4,True,12,7.129,0.339,0.0,-4.1,7.4767,0.5,0,3,0,14.97,33.02,-2.7757,4.4,1.2224,2.94,16.1,16.1,False,10.7389,9.1656,-1.5734,6.9344
2021100313,3254,44912,Jonnu Smith,TE,True,NE,4,True,1,9.8655,0.4691,0.0,6.45,5.3615,-4.43,0,7,0,22.05,0.0,-1.753,6.15,4.5088,1.97,-5.45,-5.0,True,-0.3423,-1.7317,-1.3894,-3.2683
2021100313,3367,35634,Antonio Brown,WR,False,TB,4,True,7,19.4949,0.9271,0.4271,5.505,4.134,3.4119,1,1,1,2.2147,63.475,-1.3509,6.0,0.6907,2.78,1.495,1.495,False,-1.8799,-1.5185,0.3614,3.0135
2021100313,3572,42033,Cameron Brate,TE,True,TB,4,True,18,15.5105,0.7376,0.2376,11.007,2.4709,1.7256,1,1,0,17.8179,13.913,1.7475,6.29,4.9962,3.41,6.993,6.993,False,4.3768,4.7622,0.3853,2.2308
2021100313,3695,42363,Nelson Agholor,WR,False,NE,4,True,12,31.932,1.5185,1.0185,10.152,3.1358,2.8457,1,1,1,4.1092,64.948,0.4962,2.42,-2.1188,3.42,1.848,1.848,False,0.0357,0.8458,0.81,1.0022
2021100313,3719,48097,Jakobi Meyers,WR,False,NE,4,True,3,10.5606,0.5022,0.0022,3.2806,2.5905,1.9337,1,3,1,22.6577,59.5994,4.0362,1.1,0.2544,2.93,-0.2806,-0.2806,False,1.2804,1.3154,0.035,-1.5959
2021100313,3743,48097,Jakobi Meyers,WR,False,NE,4,True,21,21.0014,0.9987,0.4987,13.2259,1.3731,0.3694,1,2,0,5.6272,46.6041,1.4201,7.07,6.4688,2.03,7.7741,7.7741,False,3.2109,6.8905,3.6796,0.8836
2021100313,3966,41233,Mike Evans,WR,False,TB,4,True,4,20.2809,0.9644,0.4644,4.3674,1.4369,1.3085,1,2,1,6.7797,37.1726,0.3898,1.18,-1.0391,3.57,-0.3674,-0.3674,False,-0.4888,-0.1267,0.3621,-0.2408
2021100313,4001,41233,Mike Evans,WR,False,TB,4,True,11,19.232,0.9145,0.4145,10.3462,3.3516,-2.1506,1,3,0,14.5921,41.6438,-2.2326,8.98,1.5347,1.28,0.6538,0.6538,False,11.4504,14.9415,3.4911,-14.2877
2021100313,4028,35634,Antonio Brown,WR,False,TB,4,True,8,18.2031,0.8656,0.3656,8.5925,1.3218,0.0049,1,2,0,10.3782,31.6675,-0.2171,7.45,1.7025,2.77,-0.5925,-0.5925,False,5.6564,3.835,-1.8214,-4.4274
2021100313,4249,43324,Hunter Henry,TE,True,NE,4,True,9,9.6304,0.458,0.0,4.64,3.108,-2.49,2,5,0,18.95,50.24,2.2594,1.84,1.823,3.2,4.36,4.36,False,5.668,4.2983,-1.3698,0.0617
2021100313,4296,39212,Brandon Bolden,RB,False,NE,4,True,7,10.3984,0.4945,0.0,-3.76,7.7032,-2.14,0,1,0,10.52,54.59,-5.8532,6.04,2.6174,2.15,10.76,10.76,False,9.6476,9.7351,0.0874,1.0249
2021100313,4347,48097,Jakobi Meyers,WR,False,NE,4,True,7,20.185,0.9599,0.4599,7.7612,2.8074,2.2819,1,1,1,3.3051,36.1688,-0.6541,6.1,0.8943,4.27,-0.7612,-0.7612,False,0.6727,-1.1135,-1.7862,0.3523
2021100400,81,40024,Keenan Allen,WR,False,LAC,4,True,5,13.167,0.6261,0.1261,5.2251,1.3068,0.5553,2,2,0,14.2972,70.0549,4.5099,1.78,0.9128,2.3,-0.2251,-0.2251,False,1.6184,0.7457,-0.8727,-0.9708
2021100400,149,40024,Keenan Allen,WR,False,LAC,4,True,4,25.2151,1.1991,0.6991,4.2887,1.7972,1.4093,1,1,1,2.1344,63.8913,2.8441,3.49,-0.9602,4.08,-0.2887,-0.2887,False,-0.1648,0.0682,0.233,-0.3569
2021100400,196,34540,Jared Cook,TE,True,LAC,4,True,22,22.6108,1.0752,0.5752,18.3468,6.298,-1.463,0,2,0,14.3905,40.8232,2.6542,6.38,6.1486,4.28,3.6532,3.6532,False,8.5972,7.1104,-1.4869,-3.4572
2021100400,262,46320,Justin Jackson,RB,False,LAC,4,True,7,11.8606,0.564,0.064,0.1068,7.8119,6.8182,0,1,1,9.3836,20.5632,0.7011,5.77,1.5128,2.55,6.8932,6.8932,False,4.9787,6.1797,1.201,0.7134
2021100400,312,46320,Justin Jackson,RB,False,LAC,4,True,7,10.9656,0.5215,0.0215,-0.6191,8.9539,8.9518,0,2,2,10.2969,15.6791,0.4581,6.48,3.7694,2.35,7.6191,7.6191,False,6.9693,10.0151,3.0458,-2.396
2021100400,380,48456,Donald Parham,TE,True,LAC,4,True,4,16.3484,0.7774,0.2774,11.4469,1.8518,-1.5303,1,4,0,23.6238,0.0,-0.3773,7.02,3.4493,2.64,-7.4469,-5.0,True,-2.7545,-4.3044,-1.55,-0.6956
2021100400,666,52420,Henry Ruggs,WR,False,LV,4,True,4,18.9918,0.9031,0.4031,3.2376,5.1363,4.901,0,1,1,3.3801,74.0624,3.1762,3.66,0.3164,3.63,0.7624,0.7624,False,2.4621,1.5827,-0.8794,-0.8202
2021100400,841,46320,Justin Jackson,RB,False,LAC,4,True,3,12.1777,0.5791,0.0791,-1.2192,10.7404,-6.34,0,0,0,13.4175,45.6592,-3.6127,2.99,2.2854,1.64,4.2192,4.2192,False,13.1944,11.3423,-1.8521,-7.1231
2021100400,964,47932,Hunter Renfrow,WR,False,LV,4,True,12,18.4238,0.8761,0.3761,3.244,12.6373,10.2113,0,0,0,8.1666,68.016,-0.5609,0.25,0.2498,1.15,8.756,8.756,False,8.6144,11.964,3.3496,-3.2079
2021100400,1198,47807,Josh Jacobs,RB,False,LV,4,True,0,7.5248,0.3578,0.0,-4.88,6.325,6.19,0,4,1,17.08,42.17,3.1552,4.15,0.0326,1.56,4.88,4.88,False,7.8955,5.838,-2.0575,-0.958
2021100400,1222,45573,Austin Ekeler,RB,False,LAC,4,True,5,10.6281,0.5054,0.0054,2.199,5.9787,5.9717,0,3,1,14.257,61.471,3.4751,4.26,-0.1873,0.46,2.801,2.801,False,5.8002,3.5441,-2.2561,-0.7431
2021100400,1289,40024,Keenan Allen,WR,False,LAC,4,True,5,14.6332,0.6959,0.1959,5.5336,1.7837,1.4392,1,3,3,20.2976,56.2864,0.8475,7.69,-0.5431,2.25,-0.5336,-0.5336,False,2.9351,1.2327,-1.7024,-1.7663
2021100400,1338,52420,Henry Ruggs,WR,False,LV,4,True,5,17.4118,0.828,0.328,5.3514,2.2157,2.1628,1,2,1,10.6208,79.9386,2.755,6.28,0.1567,3.89,-0.3514,-0.3514,False,0.7685,0.9186,0.1501,-1.27
2021100400,1384,42547,Darren Waller,TE,True,LV,4,True,21,20.0284,0.9524,0.4524,14.3497,5.1178,3.8105,0,2,1,9.1268,65.8303,1.636,6.28,3.3149,4.91,6.6503,6.6503,False,3.0523,3.6763,0.6241,2.9739
2021100400,1468,47932,Hunter Renfrow,WR,False,LV,4,True,7,14.5564,0.6922,0.1922,4.0932,4.4609,4.2739,1,2,2,20.2342,70.1368,2.536,3.96,1.8377,1.53,2.9068,2.9068,False,2.2046,3.2684,1.0638,-0.3616
2021100400,1522,44819,Mike Williams,WR,False,LAC,4,True,11,26.3886,1.2549,0.7549,10.815,0.5508,0.5365,1,1,1,5.6671,69.355,0.1637,0.67,-0.669,4.23,0.185,0.185,False,0.5371,0.0769,-0.4603,0.1082
2021100400,1599,43845,Stephen Anderson,TE,True,LAC,4,True,34,15.7148,0.7473,0.2473,9.3904,9.7161,7.134,0,1,1,9.9954,36.9096,-1.1882,7.51,5.784,2.19,24.6096,24.6096,False,6.215,10.8845,4.6696,13.7251
2021100400,1650,46320,Justin Jackson,RB,False,LAC,4,True,0,11.3559,0.54,0.04,-5.9635,9.4967,0.717,0,1,0,12.0164,16.1135,-5.4284,6.19,2.6619,2.15,5.9635,5.9635,False,12.7171,12.7462,0.0291,-6.7827
2021100400,1674,34540,Jared Cook,TE,True,LAC,4,True,10,17.8451,0.8486,0.3486,14.7486,3.1958,-1.3584,2,4,0,14.3776,0.0,2.5719,6.91,6.9094,2.58,-4.7486,-4.7486,True,-3.9407,-1.1509,2.7898,-3.5977
2021100400,1891,45573,Austin Ekeler,RB,False,LAC,4,True,9,13.0016,0.6183,0.1183,4.5235,7.9471,7.853,0,3,1,16.8121,62.7665,2.7748,2.72,2.6507,3.86,4.4765,4.4765,False,4.5225,7.7027,3.1803,-3.2262
2021100400,1975,34540,Jared Cook,TE,True,LAC,4,True,4,14.066,0.6689,0.1689,2.3082,2.5679,1.4948,1,2,1,8.1706,45.1118,2.3685,6.21,1.8839,0.85,1.6918,1.6918,False,1.6379,5.0803,3.4424,-3.3885
2021100400,1999,40024,Keenan Allen,WR,False,LAC,4,True,7,15.7289,0.748,0.248,4.6281,0.747,0.4231,2,5,1,16.8005,38.0119,0.8965,6.47,1.8072,0.71,2.3719,2.3719,False,0.4888,1.1373,0.6485,1.2346
2021100400,2023,48456,Donald Parham,TE,True,LAC,4,True,13,14.2442,0.6774,0.1774,1.4157,10.7873,8.3419,0,0,0,8.531,35.0443,-0.2585,5.68,1.5542,1.85,11.5843,11.5843,False,7.7127,8.8217,1.109,2.7627
2021100400,2047,48556,Jalen Guyton,WR,False,LAC,4,True,9,23.0296,1.0951,0.5951,10.3239,0.4873,0.4858,1,2,1,2.1606,12.8261,1.3862,3.06,-2.3458,4.2,-1.3239,-1.3239,False,1.8667,-0.5852,-2.4519,-0.7387
2021100400,2088,45573,Austin Ekeler,RB,False,LAC,4,True,14,12.2561,0.5828,0.0828,3.301,1.9713,0.5547,1,2,0,9.2046,10.499,1.422,8.62,7.2563,2.67,10.699,10.699,False,2.3393,11.2946,8.9553,-0.5956
2021100400,2278,47807,Josh Jacobs,RB,False,LV,4,True,0,8.8291,0.4199,0.0,-0.47,5.11,4.9,0,4,3,12.47,79.35,7.2588,5.5,1.882,2.16,0.47,0.47,False,3.8617,3.9938,0.1321,-3.5238
2021100400,2302,41500,Willie Snead,WR,False,LV,4,True,15,19.7531,0.9393,0.4393,11.4795,4.3421,3.2135,2,3,1,20.5112,66.5805,1.2143,7.91,2.8669,0.73,3.5205,3.5205,False,2.4171,6.7819,4.3649,-3.2615
2021100400,2386,42547,Darren Waller,TE,True,LV,4,True,8,15.6322,0.7434,0.2434,5.873,8.7016,2.2431,0,1,0,2.712,35.117,0.6763,6.52,0.9986,2.6,2.127,2.127,False,2.9661,2.1398,-0.8264,-0.0128
2021100400,2457,47932,Hunter Renfrow,WR,False,LV,4,True,8,15.1545,0.7206,0.2206,3.8648,4.7289,4.7123,1,2,1,10.7468,18.2752,4.2205,6.19,0.3844,2.56,4.1352,4.1352,False,3.4874,2.6846,-0.8028,1.4506
2021100400,2524,47807,Josh Jacobs,RB,False,LV,4,True,5,14.49,0.6891,0.1891,0.3155,10.6584,10.457,0,0,0,12.6533,15.0845,2.3843,6.52,1.563,1.67,4.6845,4.6845,False,9.0927,10.3221,1.2294,-5.6376
2021100400,2548,47932,Hunter Renfrow,WR,False,LV,4,True,10,16.5594,0.7875,0.2875,10.8733,2.125,-1.24,2,5,0,18.5223,0.0,0.6137,5.28,3.8382,2.83,-0.8733,-0.8733,False,-4.1611,-3.7422,0.4188,2.8689
2021100400,2829,47807,Josh Jacobs,RB,False,LV,4,True,9,22.456,1.0679,0.5679,-0.5359,3.8179,3.4811,1,1,1,7.5672,81.7659,5.1877,0.28,0.2537,0.64,9.5359,9.5359,False,2.2882,2.4025,0.1143,7.1335
2021100400,2912,42547,Darren Waller,TE,True,LV,4,True,18,15.8679,0.7546,0.2546,14.4088,3.6873,-3.2683,1,3,1,22.1327,12.6212,2.5556,7.85,5.0627,2.54,3.5912,3.5912,False,3.6337,3.6807,0.047,-0.0895
2021100400,2979,42547,Darren Waller,TE,True,LV,4,True,3,21.6036,1.0273,0.5273,7.046,1.2242,-0.788,1,2,0,10.1001,0.0,-0.1742,6.36,0.9027,1.18,-4.046,-4.046,True,-4.1069,-3.5146,0.5923,-0.5315
2021100400,3047,40024,Keenan Allen,WR,False,LAC,4,True,9,17.7664,0.8449,0.3449,5.895,5.602,1.4445,0,2,1,11.4288,79.765,0.9832,4.11,1.1453,2.4,3.105,3.105,False,3.9081,4.1135,0.2054,-1.0085
2021100400,3116,34540,Jared Cook,TE,True,LAC,4,True,15,12.7369,0.6057,0.1057,3.6744,3.305,2.1607,1,2,0,12.4569,71.0856,1.3991,7.07,3.0693,1.2,11.3256,11.3256,False,3.0714,6.2672,3.1958,5.0584
2021100400,3337,52420,Henry Ruggs,WR,False,LV,4,True,51,27.515,1.3084,0.8084,32.3209,2.4482,-0.6208,1,1,0,18.3981,53.9291,-1.4747,10.65,7.7073,1.89,18.6791,18.6791,False,12.6934,18.1721,5.4786,0.507
2021100400,3526,34540,Jared Cook,TE,True,LAC,4,True,13,17.0841,0.8124,0.3124,6.7177,1.5241,-0.5539,1,2,0,11.2319,44.3123,-0.4513,7.29,4.8581,2.37,6.2823,6.2823,False,8.5267,8.0235,-0.5032,-1.7412
2021100400,3711,47932,Hunter Renfrow,WR,False,LV,4,True,5,18.9677,0.902,0.402,4.058,1.2309,1.2059,1,2,1,14.3198,71.312,4.3179,2.5,0.7414,1.94,0.942,0.942,False,0.509,0.5312,0.0223,0.4108
2021100400,3757,52489,Bryan Edwards,WR,False,LV,4,True,4,21.8932,1.0411,0.5411,3.9012,2.666,2.6261,1,2,1,14.0412,66.3188,4.6434,3.87,0.4274,1.95,0.0988,0.0988,False,1.3742,1.4049,0.0307,-1.3061
2021100400,3781,47932,Hunter Renfrow,WR,False,LV,4,True,3,10.2057,0.4853,0.0,0.8,3.8191,3.33,2,5,2,13.3,65.37,4.9206,3.92,1.2672,2.02,2.2,2.2,False,1.1684,1.6103,0.4419,0.5897
2021100700,95,52465,Van Jefferson,WR,False,LA,5,True,16,25.9683,1.2349,0.7349,13.7612,3.037,2.4332,1,3,1,11.7838,71.4988,-2.2915,1.55,-0.3249,5.44,2.2388,2.2388,False,4.4953,1.3438,-3.1515,0.895
2021100700,227,42412,Tyler Lockett,WR,False,SEA,5,True,25,26.1684,1.2444,0.7444,20.6687,3.8364,-0.9217,1,1,0,7.533,54.6513,-2.5342,8.62,3.3029,1.42,4.3313,4.3313,False,9.9312,9.848,-0.0832,-5.5167
2021100700,272,42412,Tyler Lockett,WR,False,SEA,5,True,4,14.3892,0.6843,0.1843,3.901,3.7301,3.1671,1,3,2,4.656,43.289,0.6587,6.48,0.0057,2.36,0.099,0.099,False,0.786,0.5349,-0.2511,-0.4359
2021100700,372,44881,Cooper Kupp,WR,False,LA,5,True,9,14.3942,0.6845,0.1845,7.3982,2.443,0.8017,2,2,0,26.0011,70.4118,2.5122,2.32,1.8873,3.02,1.6018,1.6018,False,2.6635,3.1692,0.5056,-1.5674
2021100700,417,44881,Cooper Kupp,WR,False,LA,5,True,4,19.8923,0.9459,0.4459,5.152,4.1586,3.2538,1,2,1,9.1443,60.018,3.092,5.26,0.0046,4.96,-1.152,-1.152,False,1.586,1.1017,-0.4843,-2.2538
2021100700,599,47847,DK Metcalf,WR,False,SEA,5,True,25,21.254,1.0107,0.5107,23.4627,2.9798,-1.7688,1,2,0,12.0016,39.0273,1.6616,7.18,6.2124,1.49,1.5373,1.5373,False,15.2013,7.0128,-8.1885,-5.4755
2021100700,799,39989,Robert Woods,WR,False,LA,5,True,17,24.5021,1.1652,0.6652,16.9888,3.1281,3.0884,1,2,1,24.1562,33.3812,4.5685,6.92,3.4861,3.93,0.0112,0.0112,False,1.4202,2.4241,1.004,-2.413
2021100700,823,39989,Robert Woods,WR,False,LA,5,True,25,12.89,0.613,0.113,5.7313,5.8641,2.7636,0,1,0,21.3657,27.5687,-1.0192,7.75,1.6933,1.03,19.2687,19.2687,False,9.1218,12.0358,2.914,7.2329
2021100700,1036,44881,Cooper Kupp,WR,False,LA,5,True,5,12.9725,0.6169,0.1169,5.074,2.0726,1.3525,2,2,0,20.0238,47.136,0.8028,3.59,1.4033,3.89,-0.074,-0.074,False,3.6164,3.1149,-0.5014,-3.189
2021100700,1205,47847,DK Metcalf,WR,False,SEA,5,True,19,21.0182,0.9995,0.4995,16.3529,1.7298,-0.1341,1,2,0,15.1772,3.5071,-0.8365,7.75,6.132,3.06,2.6471,2.6471,False,1.6832,3.484,1.8008,-0.8369
2021100700,1336,39989,Robert Woods,WR,False,LA,5,True,9,24.9322,1.1856,0.6856,10.9526,0.5795,-0.2575,1,3,0,12.6277,41.6774,-0.7952,2.38,-2.3007,4.21,-1.9526,-1.9526,False,1.0468,-0.7487,-1.7955,-1.2039
2021100700,1381,44881,Cooper Kupp,WR,False,LA,5,True,5,15.3687,0.7308,0.2308,4.9355,5.1532,4.8674,0,3,1,12.9761,32.5045,3.3235,0.55,0.3703,3.54,0.0645,0.0645,False,1.9639,2.6266,0.6627,-2.5621
2021100700,1405,46100,Sony Michel,RB,False,LA,5,True,8,18.8691,0.8973,0.3973,6.8711,2.5221,2.51,1,2,2,7.6484,25.7489,2.3427,2.38,1.5381,4.2,1.1289,1.1289,False,1.3364,2.0629,0.7265,-0.934
2021100700,1492,39989,Robert Woods,WR,False,LA,5,True,6,20.1127,0.9564,0.4564,5.1585,4.0004,-0.7911,1,1,0,1.9251,15.4515,1.5967,6.49,-0.8797,2.23,0.8415,0.8415,False,7.3256,3.0992,-4.2263,-2.2577
2021100700,1649,52552,DeeJay Dallas,RB,False,SEA,5,True,29,17.3,0.8227,0.3227,12.7049,2.7738,-2.7349,1,1,0,10.3871,60.2951,-1.5513,8.21,7.9489,1.91,16.2951,16.2951,False,12.3456,19.1761,6.8304,-2.881
2021100700,1727,52622,Freddie Swain,WR,False,SEA,5,True,9,13.8726,0.6597,0.1597,7.7302,1.7817,1.4607,1,3,1,26.1529,16.4498,3.4849,5.86,3.0697,1.91,1.2698,1.2698,False,1.2748,3.9204,2.6456,-2.6506
2021100700,1775,42412,Tyler Lockett,WR,False,SEA,5,True,15,24.971,1.1875,0.6875,24.7724,5.9254,-4.5717,0,2,0,22.9218,0.0,2.7261,6.69,3.4945,3.17,-9.7724,-5.0,True,-1.6285,-1.4542,0.1744,-3.5458
2021100700,1828,42412,Tyler Lockett,WR,False,SEA,5,True,8,22.518,1.0708,0.5708,7.4304,5.5921,5.4043,0,1,1,0.7,17.9996,2.5239,4.13,0.8241,2.63,0.5696,0.5696,False,0.7845,-0.3588,-1.1434,0.9284
2021100700,1939,42412,Tyler Lockett,WR,False,SEA,5,True,13,35.7216,1.6987,1.1987,16.0528,1.8948,1.7981,1,1,1,0.0,58.3272,0.646,3.32,-2.0082,5.83,-3.0528,-3.0528,True,-0.5914,-0.5348,0.0566,-2.518
2021100700,1984,48119,Penny Hart,WR,False,SEA,5,True,5,18.2694,0.8688,0.3688,7.833,1.111,0.2448,1,2,0,3.6091,50.087,0.1581,2.56,-0.4256,5.16,-2.833,-2.833,False,2.7424,-1.2826,-4.025,-1.5504
2021100700,2110,39989,Robert Woods,WR,False,LA,5,True,7,16.6721,0.7928,0.2928,6.1773,4.9075,-2.0907,1,3,1,7.9198,90.0127,-0.4239,6.73,1.3567,4.98,0.8227,0.8227,False,4.2042,4.6977,0.4935,-3.8749
2021100700,2161,39989,Robert Woods,WR,False,LA,5,True,9,19.8496,0.9439,0.4439,5.0331,8.8239,5.1371,0,3,2,12.6511,84.1269,1.6326,2.62,-1.2546,1.23,3.9669,3.9669,False,8.0297,5.1139,-2.9158,-1.147
2021100700,2229,33130,DeSean Jackson,WR,False,LA,5,True,68,31.5107,1.4984,0.9984,33.1811,3.6231,-0.2431,1,2,0,9.5489,46.9489,2.3366,9.49,9.4858,1.34,34.8189,30.0,False,7.223,12.4027,5.1798,17.5973
2021100700,2466,39989,Robert Woods,WR,False,LA,5,True,20,22.968,1.0922,0.5922,16.3022,5.4876,-5.4194,0,3,0,21.6765,67.0978,-5.2992,6.54,3.8367,4.02,3.6978,3.6978,False,10.5638,8.8799,-1.6839,-5.1821
2021100700,2490,39989,Robert Woods,WR,False,LA,5,True,20,28.3181,1.3466,0.8466,21.1091,1.7811,0.6429,1,2,0,23.894,41.6809,0.23,7.34,2.8573,3.03,-1.1091,-1.1091,False,3.5463,0.3967,-3.1496,-1.5058
2021100700,2540,43399,Tyler Higbee,TE,True,LA,5,True,13,21.7227,1.033,0.533,15.8446,2.8198,0.7731,1,2,0,6.8595,0.0,-0.5106,7.79,4.5491,3.91,-2.8446,-2.8446,False,-3.6881,-3.2041,0.4839,0.3595
2021100700,2617,52541,Colby Parkinson,TE,True,SEA,5,True,1,17.5983,0.8369,0.3369,-1.8312,5.8287,5.738,0,2,1,6.0423,73.3612,3.0899,0.43,-0.4192,0.43,2.8312,2.8312,False,6.3836,5.6239,-0.7597,-2.7927
2021100700,2748,44881,Cooper Kupp,WR,False,LA,5,True,23,19.5109,0.9278,0.4278,10.9114,4.3258,-1.7635,1,2,1,8.8314,75.1886,-2.6513,6.18,3.9068,1.85,12.0886,12.0886,False,5.0977,8.0546,2.9569,4.034
2021100700,2939,47847,DK Metcalf,WR,False,SEA,5,True,17,15.1094,0.7185,0.2185,5.6738,3.2114,1.3505,2,3,1,22.984,77.8062,-0.2672,5.74,1.7566,0.93,11.3262,11.3262,False,5.6996,5.2598,-0.4398,6.0664
2021100700,3029,52552,DeeJay Dallas,RB,False,SEA,5,True,3,11.1405,0.5298,0.0298,-2.4677,8.8181,8.8049,0,1,1,11.6719,52.5377,3.1482,6.03,0.7495,1.94,5.4677,5.4677,False,6.9804,5.4789,-1.5014,-0.0112
2021100700,3095,46189,Will Dissly,TE,True,SEA,5,True,21,18.5628,0.8827,0.3827,9.6701,3.0858,-2.3735,1,4,0,23.2495,34.7899,-1.5424,5.9,2.6914,1.37,11.3299,11.3299,False,8.3755,10.2104,1.8349,1.1196
2021100700,3119,47847,DK Metcalf,WR,False,SEA,5,True,23,28.7562,1.3675,0.8675,21.0486,0.8898,-0.2386,1,1,0,5.7208,2.0014,-0.467,7.29,7.0765,1.43,1.9514,1.9514,False,3.2645,-0.1492,-3.4137,2.1006
2021100700,3206,39989,Robert Woods,WR,False,LA,5,True,24,19.8634,0.9446,0.4446,13.2128,6.9289,3.6781,0,2,0,25.714,58.8572,-1.6586,5.7,2.773,3.06,10.7872,10.7872,False,8.7314,8.4296,-0.3019,2.3576
2021100700,3230,44881,Cooper Kupp,WR,False,LA,5,True,33,30.4052,1.4459,0.9459,30.4463,6.2029,-6.2016,0,2,0,21.5206,18.6437,-0.9322,9.14,6.4029,2.54,2.5537,2.5537,False,20.7001,16.6046,-4.0955,-14.051
2021100700,3275,44881,Cooper Kupp,WR,False,LA,5,True,13,16.912,0.8042,0.3042,11.5696,0.8949,0.6755,1,2,1,17.0405,3.3004,0.0703,7.26,3.2201,3.32,1.4304,1.4304,False,0.1291,0.4162,0.2871,1.0142
2021100700,3373,42412,Tyler Lockett,WR,False,SEA,5,True,7,17.6965,0.8415,0.3415,6.6637,3.3373,2.3552,1,2,1,5.1789,49.4263,2.3975,6.66,1.5627,2.9,0.3363,0.3363,False,0.5257,1.0055,0.4799,-0.6692
2021100700,3447,43460,Alex Collins,RB,False,SEA,5,True,5,8.3849,0.3987,0.0,-5.44,7.3717,-2.94,0,1,0,13.33,58.67,-7.1165,4.62,1.3939,2.77,10.44,10.44,False,12.7638,11.0107,-1.7531,-0.5707
2021100700,3471,47847,DK Metcalf,WR,False,SEA,5,True,14,18.6395,0.8864,0.3864,8.9046,7.2362,6.1069,0,3,2,21.267,38.8454,6.8789,6.08,2.9365,1.15,5.0954,5.0954,False,3.7953,4.1337,0.3384,0.9617
2021100700,4074,47987,Travis Homer,RB,False,SEA,5,True,13,9.6116,0.4571,0.0,3.13,8.7593,-8.13,0,2,0,19.9,65.62,-3.3086,3.03,3.0272,3.35,9.87,9.87,False,9.3901,9.0753,-0.3148,0.7947
2021101000,55,53433,Kyle Pitts,TE,True,ATL,5,True,0,11.6895,0.5559,0.0559,-0.3802,3.3788,3.364,1,2,2,19.9943,75.3202,-0.3543,7.28,-0.5408,1.97,0.3802,0.3802,False,5.252,3.1891,-2.0629,-2.8089
2021101000,219,37234,Lee Smith,TE,True,ATL,5,True,3,14.6643,0.6973,0.1973,2.4417,2.9951,2.8815,1,1,1,12.8606,41.6283,1.1627,6.12,0.7183,1.7,0.5583,0.5583,False,3.1976,2.2615,-0.9361,-1.7033
2021101000,319,53433,Kyle Pitts,TE,True,ATL,5,True,16,16.4905,0.7842,0.2842,10.0534,1.8657,1.1425,1,3,1,19.2559,17.9766,1.4823,7.64,5.2552,4.09,5.9466,5.9466,False,2.1674,7.1598,4.9924,-1.2132
2021101000,625,43429,Tajae Sharpe,WR,False,ATL,5,True,14,19.876,0.9452,0.4452,8.2493,3.9825,3.3665,1,1,1,15.5936,67.2407,-1.963,2.78,-1.3719,3.9,5.7507,5.7507,False,4.018,3.2857,-0.7324,2.4651
2021101000,670,53433,Kyle Pitts,TE,True,ATL,5,True,18,18.0878,0.8601,0.3601,10.934,1.0008,-0.9807,1,1,0,21.4529,50.086,-0.5183,6.92,5.2035,1.16,7.066,7.066,False,8.5647,12.374,3.8093,-5.308
2021101000,715,37234,Lee Smith,TE,True,ATL,5,True,22,16.1452,0.7678,0.2678,9.4092,8.9847,-8.6887,0,1,0,18.9,30.2908,-0.8974,6.77,2.3499,0.3,12.5908,12.5908,False,11.9912,13.3991,1.4079,-0.8083
2021101000,739,39975,Cordarrelle Patterson,RB,False,ATL,5,True,16,15.9445,0.7582,0.2582,11.2646,3.3248,-3.3062,1,2,1,24.4976,7.1554,-0.7096,6.86,3.2322,3.14,4.7354,4.7354,False,4.4839,3.2275,-1.2564,1.5079
2021101000,763,53433,Kyle Pitts,TE,True,ATL,5,True,2,17.2651,0.821,0.321,7.0953,1.7667,-0.1018,1,2,0,9.3069,0.0,-0.9916,6.24,1.9479,3.38,-5.0953,-5.0,True,-3.5008,-3.287,0.2138,-1.713
2021101000,888,47969,Ty Johnson,RB,False,NYJ,5,True,11,12.2617,0.5831,0.0831,4.8812,9.7796,-7.5529,0,1,0,21.7524,70.3088,-1.4056,5.7,2.1813,3.02,6.1188,6.1188,False,14.6709,11.9422,-2.7288,-5.8234
2021101000,982,39975,Cordarrelle Patterson,RB,False,ATL,5,True,13,17.8886,0.8507,0.3507,11.7932,2.1223,1.7461,1,2,1,13.492,64.3268,1.038,4.77,3.3171,2.53,1.2068,1.2068,False,2.5972,6.1505,3.5533,-4.9437
2021101000,1051,53433,Kyle Pitts,TE,True,ATL,5,True,22,18.5289,0.8811,0.3811,13.1001,1.6729,-1.5106,1,2,1,14.4095,41.1899,-0.4277,8.33,2.939,1.87,8.8999,8.8999,False,5.3273,5.2532,-0.0741,3.6467
2021101000,1134,46094,Hayden Hurst,TE,True,ATL,5,True,17,15.8207,0.7523,0.2523,9.3845,3.6266,-1.8843,1,3,0,23.0451,7.6755,3.1006,3.35,3.3071,4.12,7.6155,7.6155,False,3.93,5.6581,1.7281,1.9574
2021101000,1238,37234,Lee Smith,TE,True,ATL,5,True,5,20.7713,0.9877,0.4877,4.3696,9.748,7.4525,0,1,1,1.3229,29.6404,-4.7565,4.96,0.9218,2.6,0.6304,0.6304,False,5.5796,5.1408,-0.4388,-4.5103
2021101000,1268,46094,Hayden Hurst,TE,True,ATL,5,True,16,19.6781,0.9358,0.4358,9.6732,7.5348,-4.5627,0,2,1,3.1937,20.0368,-3.0656,6.92,5.7214,2.09,6.3268,6.3268,False,1.0026,3.7517,2.7491,2.5752
2021101000,1329,44817,Corey Davis,WR,False,NYJ,5,True,14,18.1322,0.8622,0.3622,9.1843,0.6691,0.0501,1,2,0,11.749,76.2257,0.4159,6.0,4.3182,1.52,4.8157,4.8157,False,2.6202,5.2546,2.6344,-0.4389
2021101000,1492,53536,Michael Carter,RB,False,NYJ,5,True,1,14.6737,0.6978,0.1978,0.0852,4.6052,4.53,1,1,1,8.4565,41.9848,3.5408,4.72,0.0264,2.86,0.9148,0.9148,False,5.0961,2.6096,-2.4865,-1.6948
2021101000,1538,42448,Jamison Crowder,WR,False,NYJ,5,True,13,21.5143,1.0231,0.5231,11.8532,2.5539,0.0107,1,2,1,10.7547,29.9968,-0.0084,5.6,1.612,3.45,1.1468,1.1468,False,2.8746,3.4634,0.5888,-2.3166
2021101000,1676,44817,Corey Davis,WR,False,NYJ,5,True,3,12.0267,0.5719,0.0719,3.9617,1.3571,1.3492,1,4,3,23.5714,12.9483,2.273,7.78,0.4411,0.51,-0.9617,-0.9617,False,0.571,2.0176,1.4466,-2.9793
2021101000,1803,46394,Christian Blake,WR,False,ATL,5,True,6,20.4184,0.971,0.471,4.5943,10.3562,5.5312,0,0,0,5.9374,63.5857,-2.9052,7.48,1.7715,2.15,1.4057,1.4057,False,9.6135,8.602,-1.0114,-7.1964
2021101000,1827,42469,Mike Davis,RB,False,ATL,5,True,10,7.9544,0.3783,0.0,1.59,4.6811,-4.3,1,4,1,23.02,60.81,1.6501,2.13,1.4665,1.24,8.41,8.41,False,6.2018,6.4817,0.2799,1.9283
2021101000,1971,53433,Kyle Pitts,TE,True,ATL,5,True,6,11.8242,0.5623,0.0623,2.2285,0.3511,-0.0972,1,6,0,23.2241,37.8615,0.2041,5.87,2.3847,0.68,3.7715,3.7715,False,2.9736,2.8287,-0.1449,0.9428
2021101000,2283,39975,Cordarrelle Patterson,RB,False,ATL,5,True,12,18.2086,0.8659,0.3659,11.8931,2.4266,1.6147,2,4,0,15.7339,60.5169,1.0789,5.57,3.097,2.68,0.1069,0.1069,False,4.2089,6.8637,2.6548,-6.7568
2021101000,2307,46094,Hayden Hurst,TE,True,ATL,5,True,0,7.7435,0.3682,0.0,-1.44,3.7792,1.65,1,4,1,23.92,61.95,1.3345,6.46,1.4565,0.66,1.44,1.44,False,7.0745,7.1419,0.0674,-5.7019
2021101000,2402,53536,Michael Carter,RB,False,NYJ,5,True,14,8.7635,0.4167,0.0,-0.24,6.5547,6.46,0,4,1,13.61,64.24,3.4439,5.88,1.5783,2.0,14.24,14.24,False,7.6162,6.6755,-0.9408,7.5645
2021101000,2474,40149,Ryan Griffin,TE,True,NYJ,5,True,4,15.1965,0.7226,0.2226,0.383,11.4951,9.7043,0,0,0,13.3887,49.527,5.1555,5.35,0.6872,2.37,3.617,3.617,False,7.6423,5.4938,-2.1485,-1.8768
2021101000,2598,43429,Tajae Sharpe,WR,False,ATL,5,True,13,20.373,0.9688,0.4688,14.8625,1.4245,1.3853,1,2,1,0.1634,59.0775,3.7439,1.69,-1.0613,1.43,-1.8625,-1.8625,False,-0.8925,-1.7323,-0.8398,-0.1302
2021101000,2648,43429,Tajae Sharpe,WR,False,ATL,5,True,17,13.1015,0.623,0.123,6.1662,5.3256,3.8752,0,3,1,21.2309,50.5038,2.7435,3.11,2.9765,1.08,10.8338,10.8338,False,3.1882,3.2699,0.0817,7.5639
2021101000,2722,46094,Hayden Hurst,TE,True,ATL,5,True,7,13.9408,0.6629,0.1629,2.4321,0.9512,0.6484,1,3,0,6.8369,29.5079,1.3194,6.57,1.1792,1.93,4.5679,4.5679,False,0.7607,-0.4721,-1.2328,5.04
2021101000,2969,48374,Olamide Zaccheaus,WR,False,ATL,5,True,5,11.9763,0.5695,0.0695,3.6805,2.8969,2.6581,1,4,1,12.695,61.3695,2.0119,7.41,0.1513,1.95,1.3195,1.3195,False,1.9148,1.1008,-0.8141,0.2187
2021101000,3035,53433,Kyle Pitts,TE,True,ATL,5,True,12,18.0719,0.8594,0.3594,12.5886,2.7889,2.6399,1,4,1,18.0409,45.8714,6.245,5.94,3.6969,5.0,-0.5886,-0.5886,False,0.8703,1.0487,0.1784,-1.6373
2021101000,3080,53433,Kyle Pitts,TE,True,ATL,5,True,29,26.0582,1.2392,0.7392,17.8865,3.7205,2.0987,1,3,0,10.8364,25.1535,2.0051,8.39,1.8216,0.74,11.1135,11.1135,False,4.1962,6.9016,2.7054,4.212
2021101000,3120,43429,Tajae Sharpe,WR,False,ATL,5,True,9,17.6316,0.8384,0.3384,7.5274,1.6644,1.484,1,4,1,14.2545,45.6026,9.7753,5.67,2.7696,1.39,1.4726,1.4726,False,0.0057,0.3205,0.3149,1.1521
2021101000,3144,39975,Cordarrelle Patterson,RB,False,ATL,5,True,2,13.0292,0.6196,0.1196,2.4961,0.9534,0.7097,2,7,2,26.4927,41.9839,1.0899,7.96,-0.7851,0.61,-0.4961,-0.4961,False,0.4236,-0.229,-0.6526,-0.2671
2021101000,3187,42448,Jamison Crowder,WR,False,NYJ,5,True,7,10.4867,0.4987,0.0,5.03,4.2214,2.99,1,6,2,24.15,85.33,5.3756,1.73,1.5366,3.32,1.97,1.97,False,0.5929,1.5268,0.9339,0.4432
2021101000,3211,45555,Keelan Cole,WR,False,NYJ,5,True,23,28.5607,1.3582,0.8582,24.9143,3.2941,2.6955,1,1,1,6.2592,58.6857,0.4452,7.94,3.5824,4.94,-1.9143,-1.9143,False,-1.5722,-1.5985,-0.0263,-0.3158
2021101000,3235,40149,Ryan Griffin,TE,True,NYJ,5,True,6,12.5927,0.5988,0.0988,3.9635,4.5444,3.9989,1,1,1,14.546,55.8365,1.6113,7.3,1.0475,0.74,2.0365,2.0365,False,3.381,4.8615,1.4805,-2.825
2021101000,3270,52467,Denzel Mims,WR,False,NYJ,5,True,27,23.4328,1.1143,0.6143,17.5622,4.0901,-3.3498,1,2,1,25.7016,52.4278,-3.5283,6.19,3.3731,2.58,9.4378,9.4378,False,6.2014,5.4848,-0.7166,3.953
2021101000,3361,42448,Jamison Crowder,WR,False,NYJ,5,True,0,14.2905,0.6796,0.1796,1.4074,2.9612,2.2951,2,4,3,12.0024,1.1926,-0.8741,6.85,0.4313,0.81,-1.4074,-1.4074,False,0.0516,-0.1784,-0.23,-1.229
2021101000,3397,53433,Kyle Pitts,TE,True,ATL,5,True,39,27.2687,1.2967,0.7967,28.6039,7.6958,-1.4276,0,2,0,24.5368,46.3061,-0.0273,8.78,7.8119,1.0,10.3961,10.3961,False,13.7422,22.9812,9.239,-12.5852
2021101000,3442,53433,Kyle Pitts,TE,True,ATL,5,True,4,17.5254,0.8334,0.3334,4.8478,2.6988,2.3282,1,2,1,6.4885,33.3822,1.7853,6.49,0.2933,2.16,-0.8478,-0.8478,False,-0.5333,0.4796,1.0129,-1.3274
2021101000,3500,48374,Olamide Zaccheaus,WR,False,ATL,5,True,15,21.3793,1.0167,0.5167,8.5133,4.5906,3.0206,1,3,1,15.0936,30.6067,-0.502,6.24,4.2644,0.57,6.4867,6.4867,False,2.4177,5.381,2.9633,1.1058
2021101000,3545,39975,Cordarrelle Patterson,RB,False,ATL,5,True,5,9.64,0.4584,0.0,3.51,2.0801,-0.02,1,5,2,20.39,17.59,0.2618,4.44,1.455,2.83,1.49,1.49,False,4.0831,3.5817,-0.5014,-2.0917
2021101000,3700,44817,Corey Davis,WR,False,NYJ,5,True,8,23.3343,1.1096,0.6096,5.4715,9.42,4.8706,0,1,0,1.6237,69.6985,1.9212,4.44,0.0845,3.02,2.5285,2.5285,False,4.5353,3.201,-1.3342,-0.6725
2021101000,3765,45555,Keelan Cole,WR,False,NYJ,5,True,15,25.0876,1.193,0.693,16.2015,4.0773,-2.6087,1,2,0,12.7629,59.8285,2.1152,1.46,0.5505,6.6,-1.2015,-1.2015,False,6.0654,2.0164,-4.0489,-3.2179
2021101000,3789,47969,Ty Johnson,RB,False,NYJ,5,True,11,14.5936,0.694,0.194,4.7978,4.8236,2.1981,1,1,0,16.9528,56.8922,4.4833,1.23,0.9681,3.55,6.2022,6.2022,False,5.6492,3.7952,-1.854,2.407
2021101000,3836,52467,Denzel Mims,WR,False,NYJ,5,True,6,17.6884,0.8411,0.3411,4.3942,10.729,6.0868,0,0,0,16.3529,45.7658,3.0163,2.43,-0.1636,3.78,1.6058,1.6058,False,8.927,5.1285,-3.7986,-3.5227
2021101000,3860,42448,Jamison Crowder,WR,False,NYJ,5,True,10,18.5449,0.8819,0.3819,5.5378,4.8788,2.4215,1,1,0,12.0295,38.5722,-0.1308,3.04,-0.0844,3.52,4.4622,4.4622,False,9.4306,5.2566,-4.1741,-0.7943
2021101000,3911,44817,Corey Davis,WR,False,NYJ,5,True,20,30.2707,1.4395,0.9395,22.7161,3.7977,3.4439,1,2,2,20.1956,12.2239,2.964,6.13,3.5936,4.61,-2.7161,-2.7161,False,2.5919,1.1855,-1.4064,-3.9016
2021101001,206,46140,Royce Freeman,RB,False,CAR,5,True,6,12.94,0.6153,0.1153,3.6191,3.7516,2.3621,1,2,0,9.4985,38.7809,-0.9621,6.9,2.5064,2.11,2.3809,2.3809,False,6.1359,10.3103,4.1744,-7.9294
2021101001,613,53439,DeVonta Smith,WR,False,PHI,5,True,10,28.7326,1.3663,0.8663,12.9423,0.6115,-0.5462,1,2,0,12.7881,0.0,-2.5659,2.46,-2.1674,2.08,-2.9423,-2.9423,False,-5.1558,-2.9315,2.2243,-0.0108
2021101001,735,46170,Ian Thomas,TE,True,CAR,5,True,13,13.725,0.6527,0.1527,10.5557,5.9527,-4.6649,0,4,1,24.0469,51.8643,-3.8613,6.08,4.3603,2.78,2.4443,2.4443,False,4.1511,6.3046,2.1535,-3.8602
2021101001,828,46093,D.J. Moore,WR,False,CAR,5,True,14,14.4089,0.6852,0.1852,6.5895,1.358,0.3829,1,1,0,22.8244,13.8405,0.9951,6.89,4.3173,3.37,7.4105,7.4105,False,3.954,8.0847,4.1306,-0.6742
2021101001,895,53512,Tommy Tremble,TE,True,CAR,5,True,5,17.5834,0.8362,0.3362,6.6164,4.9421,-3.4596,1,4,0,9.6245,0.0,-3.4348,1.46,0.8223,3.93,-1.6164,-1.6164,False,-2.5759,-2.5718,0.0041,0.9554
2021101001,973,52429,Jalen Reagor,WR,False,PHI,5,True,8,22.486,1.0693,0.5693,11.1181,3.8322,1.0759,2,2,1,14.3738,64.4119,2.3912,1.17,1.1384,5.88,-3.1181,-3.1181,True,2.842,0.0886,-2.7534,-3.2067
2021101001,997,53579,Kenneth Gainwell,RB,False,PHI,5,True,8,13.7391,0.6533,0.1533,3.426,2.6816,2.302,2,3,2,15.7863,63.654,-0.934,6.22,0.1042,2.84,4.574,4.574,False,2.7032,2.6398,-0.0634,1.9342
2021101001,1184,46093,D.J. Moore,WR,False,CAR,5,True,12,17.4091,0.8279,0.3279,12.4634,3.3541,2.6893,3,4,2,19.6297,49.7966,1.2578,6.06,2.6945,4.18,-0.4634,-0.4634,False,1.9718,1.4675,-0.5043,-1.931
2021101001,1313,47836,Miles Sanders,RB,False,PHI,5,True,2,10.4995,0.4993,0.0,-6.66,10.0404,9.92,0,0,0,11.47,95.6,6.3369,4.1,1.4807,3.25,8.66,8.66,False,7.2201,7.9255,0.7054,0.7345
2021101001,1359,39983,Zach Ertz,TE,True,PHI,5,True,7,14.9405,0.7105,0.2105,4.0135,4.6481,1.2868,1,2,0,12.5987,83.4065,2.3177,1.31,1.2518,2.17,2.9865,2.9865,False,4.8436,5.2106,0.367,-2.2241
2021101001,1602,46118,Dallas Goedert,TE,True,PHI,5,True,10,14.1701,0.6738,0.1738,10.1592,1.3876,1.3862,1,4,3,0.003,56.8108,0.7211,0.79,0.0528,0.61,-0.1592,-0.1592,False,-0.8102,-1.0078,-0.1977,0.8487
2021101001,1679,53555,Chuba Hubbard,RB,False,CAR,5,True,11,8.3002,0.3947,0.0,1.26,7.0689,-7.02,0,4,1,23.96,38.66,-2.7604,3.52,3.2921,2.34,9.74,9.74,False,8.0492,9.9735,1.9243,-0.2335
2021101001,1974,53555,Chuba Hubbard,RB,False,CAR,5,True,8,10.1221,0.4813,0.0,4.01,5.0674,4.19,0,4,2,22.19,51.27,3.2708,5.52,2.1542,3.66,3.99,3.99,False,2.6876,3.1946,0.5069,0.7954
2021101001,2019,43808,Robby Anderson,WR,False,CAR,5,True,5,19.4992,0.9273,0.4273,6.6574,0.9084,0.8523,1,1,1,6.5438,44.3226,2.9105,6.85,0.5791,5.0,-1.6574,-1.6574,False,0.1452,0.7419,0.5967,-2.3993
2021101001,2095,52429,Jalen Reagor,WR,False,PHI,5,True,15,26.8213,1.2754,0.7754,11.8107,4.7209,4.5598,1,1,1,2.3772,72.5093,-2.7021,1.52,1.4582,6.13,3.1893,3.1893,False,-1.5057,-0.5545,0.9512,3.7437
2021101001,2135,53439,DeVonta Smith,WR,False,PHI,5,True,17,29.6857,1.4117,0.9117,18.121,0.9909,0.6537,1,2,0,26.4299,51.149,-0.2961,7.13,-0.0647,4.12,-1.121,-1.121,False,1.3977,-0.3142,-1.712,-0.8068
2021101001,2209,53439,DeVonta Smith,WR,False,PHI,5,True,7,18.9626,0.9017,0.4017,5.8423,3.6597,3.3778,1,2,2,16.5505,41.6277,3.0051,5.76,0.9764,2.23,1.1577,1.1577,False,2.3958,1.2454,-1.1504,-0.0877
2021101001,2330,53512,Tommy Tremble,TE,True,CAR,5,True,7,15.1686,0.7213,0.2213,4.583,2.7311,2.2611,1,2,2,9.2041,79.687,1.0438,5.72,0.0589,2.86,2.417,2.417,False,1.822,0.8757,-0.9463,1.5413
2021101001,2391,53555,Chuba Hubbard,RB,False,CAR,5,True,0,14.8093,0.7042,0.2042,-0.2222,3.6859,3.6723,1,1,1,5.9205,69.4422,3.2603,1.92,0.8705,3.1,0.2222,0.2222,False,3.7978,3.9189,0.121,-3.6966
2021101001,2540,53439,DeVonta Smith,WR,False,PHI,5,True,11,16.3363,0.7769,0.2769,8.7502,1.3339,0.5537,1,2,0,17.8982,35.2598,0.2255,6.37,3.1792,4.61,2.2498,2.2498,False,3.1937,4.9964,1.8026,-2.7465
2021101001,2773,46118,Dallas Goedert,TE,True,PHI,5,True,8,10.7682,0.5121,0.0121,1.451,4.5185,4.513,2,3,2,10.8687,55.659,5.4922,6.44,2.5721,1.82,6.549,6.549,False,1.9181,2.5451,0.627,4.0038
2021101001,2865,53555,Chuba Hubbard,RB,False,CAR,5,True,5,7.6071,0.3617,0.0,1.82,2.8596,2.78,1,5,2,24.57,70.64,1.4034,1.29,0.7677,3.86,3.18,3.18,False,3.3068,4.6695,1.3626,-1.4895
2021101001,2889,46170,Ian Thomas,TE,True,CAR,5,True,24,23.6963,1.1268,0.6268,20.8236,8.3616,-8.3614,0,3,1,25.6488,46.6364,-3.7711,7.01,5.2542,2.83,3.1764,3.1764,False,5.4668,4.5389,-0.9279,-1.3624
2021101001,2934,46093,D.J. Moore,WR,False,CAR,5,True,2,14.0263,0.667,0.167,2.4292,4.0622,4.0519,1,1,1,8.943,40.7908,2.319,5.94,0.5941,2.24,-0.4292,-0.4292,False,2.6475,2.1184,-0.529,-2.5476
2021101001,3024,53439,DeVonta Smith,WR,False,PHI,5,True,13,21.1641,1.0064,0.5064,7.8209,3.5078,1.4586,1,3,1,16.0801,70.8291,-1.2844,5.82,1.4828,2.3,5.1791,5.1791,False,5.8263,6.8184,0.9921,-1.6393
2021101001,3117,52608,Quez Watkins,WR,False,PHI,5,True,53,30.1171,1.4322,0.9322,31.1111,9.6782,4.0101,0,1,0,18.6196,33.7989,-4.1942,9.38,6.4591,2.02,21.8889,21.8889,False,14.4496,16.0737,1.6241,5.8152
2021101001,3316,53488,Terrace Marshall,WR,False,CAR,5,True,8,19.2611,0.9159,0.4159,8.7281,2.063,1.5421,1,3,1,23.4133,74.3619,-1.0483,6.07,-2.0482,1.78,-0.7281,-0.7281,False,7.7836,3.2934,-4.4902,-4.0215
2021101001,3389,46170,Ian Thomas,TE,True,CAR,5,True,4,13.0108,0.6187,0.1187,2.241,2.3301,1.5295,1,2,0,18.7212,57.909,-0.885,8.08,-0.2439,0.82,1.759,1.759,False,5.2932,4.7685,-0.5247,-3.0096
2021101001,3630,53439,DeVonta Smith,WR,False,PHI,5,True,14,31.3325,1.49,0.99,14.7942,4.2664,-0.1342,2,2,1,5.025,47.6158,3.4284,1.05,0.4588,6.29,-0.7942,-0.7942,False,-0.4363,-2.3719,-1.9356,1.5777
2021101001,3906,46118,Dallas Goedert,TE,True,PHI,5,True,20,21.4981,1.0223,0.5223,16.1978,5.4927,5.3259,0,2,1,19.7529,10.2622,2.0389,7.26,4.6482,4.21,3.8022,3.8022,False,4.8974,5.0316,0.1342,-1.2293
2021101001,3974,53439,DeVonta Smith,WR,False,PHI,5,True,0,22.9605,1.0919,0.5919,11.4149,4.3885,-2.6335,1,2,0,14.4504,0.0,7.5314,4.15,0.4813,3.12,-11.4149,-5.0,True,-4.7672,-3.6241,1.1431,-1.3759
2021101001,4070,43808,Robby Anderson,WR,False,CAR,5,True,25,28.9366,1.376,0.876,23.4784,2.1369,0.7898,1,2,0,19.4552,57.4416,0.6315,6.61,4.2902,3.92,1.5216,1.5216,False,4.2487,2.8138,-1.4349,-1.2922
2021101002,223,52441,Tee Higgins,WR,False,CIN,5,True,2,22.9576,1.0917,0.5917,2.8377,2.2755,2.0981,1,1,1,5.1426,89.5623,4.0888,1.93,-0.1729,3.52,-0.8377,-0.8377,False,0.9438,0.7242,-0.2195,-1.5619
2021101002,247,53434,Ja'Marr Chase,WR,False,CIN,5,True,7,11.5668,0.55,0.05,7.0469,2.3849,1.1966,1,4,1,19.974,86.8431,-1.155,6.74,0.9369,2.05,-0.0469,-0.0469,False,6.9126,4.5205,-2.3921,-4.5674
2021101002,317,37139,Randall Cobb,WR,False,GB,5,True,15,15.7755,0.7502,0.2502,11.6705,1.0205,0.1173,2,3,0,19.558,50.7395,0.9473,8.2,3.919,1.42,3.3295,3.3295,False,0.8993,2.8991,1.9998,0.4304
2021101002,422,42500,C.J. Uzomah,TE,True,CIN,5,True,9,12.606,0.5995,0.0995,2.3191,10.6485,10.4042,0,0,0,15.0764,48.0309,5.2359,4.39,1.901,2.02,6.6809,6.6809,False,5.225,7.6574,2.4324,-0.9764
2021101002,611,44927,Samaje Perine,RB,False,CIN,5,True,5,9.1807,0.4366,0.0,1.69,2.9063,2.88,1,1,1,19.27,42.59,4.297,4.12,2.7365,3.11,3.31,3.31,False,3.122,4.4146,1.2925,-1.1046
2021101002,656,47835,Drew Sample,TE,True,CIN,5,True,6,13.0907,0.6225,0.1225,2.3978,6.2219,1.1051,0,2,0,13.6701,26.6522,0.1883,6.65,0.717,1.79,3.6022,3.6022,False,10.5129,8.2513,-2.2616,-4.6492
2021101002,680,42500,C.J. Uzomah,TE,True,CIN,5,True,7,9.3992,0.447,0.0,3.25,2.5902,-0.78,1,5,1,25.47,20.56,-0.4648,4.0,1.3661,1.36,3.75,3.75,False,5.5766,5.4538,-0.1228,-1.7038
2021101002,704,44860,Joe Mixon,RB,False,CIN,5,True,2,22.151,1.0534,0.5534,3.3233,1.8841,1.8178,1,1,1,3.4653,13.4667,3.6327,1.23,-0.8253,3.59,-1.3233,-1.3233,False,0.6674,1.5786,0.9112,-2.902
2021101002,728,44927,Samaje Perine,RB,False,CIN,5,True,10,10.7166,0.5096,0.0096,3.4148,4.9819,-3.3066,1,4,1,17.7612,12.2252,2.3406,3.39,2.5751,1.21,6.5852,6.5852,False,5.9303,6.0625,0.1322,0.5228
2021101002,752,44927,Samaje Perine,RB,False,CIN,5,True,4,11.5665,0.55,0.05,-0.1101,6.5155,5.8812,0,2,2,9.1674,4.2101,-0.032,6.45,1.5975,1.85,4.1101,4.1101,False,4.2306,5.8052,1.5746,-1.6951
2021101002,808,41282,Davante Adams,WR,False,GB,5,True,17,17.0127,0.809,0.309,11.1514,3.0249,0.6174,1,4,1,18.2695,64.3486,0.9126,7.75,4.9233,0.99,5.8486,5.8486,False,5.0345,7.5738,2.5393,-1.7251
2021101002,896,41282,Davante Adams,WR,False,GB,5,True,34,30.637,1.4569,0.9569,20.6829,10.5088,-7.0328,0,0,0,22.3308,38.7371,4.9669,6.77,2.0932,3.73,13.3171,13.3171,False,7.8233,5.427,-2.3963,7.89
2021101002,920,30842,Marcedes Lewis,TE,True,GB,5,True,14,16.5009,0.7847,0.2847,11.5067,5.7714,-3.8417,0,2,1,11.0152,14.4833,1.8664,7.75,1.0773,1.16,2.4933,2.4933,False,6.8387,7.9162,1.0775,-5.4229
2021101002,968,52470,A.J. Dillon,RB,False,GB,5,True,12,14.9522,0.711,0.211,2.6968,9.997,5.7069,0,1,0,6.5551,9.2032,-1.0687,6.19,3.065,2.58,9.3032,9.3032,False,6.4284,7.4034,0.975,1.8998
2021101002,1024,52441,Tee Higgins,WR,False,CIN,5,True,7,11.3913,0.5417,0.0417,0.9776,5.3442,4.9415,0,2,2,11.7899,74.3524,1.2506,7.96,2.1004,2.1,6.0224,6.0224,False,4.2217,6.0644,1.8427,-0.042
2021101002,1112,52470,A.J. Dillon,RB,False,GB,5,True,13,6.8,0.3234,0.0,-3.25,4.6074,-2.62,1,5,1,16.99,65.44,-1.0673,3.08,2.1252,3.32,16.25,16.25,False,9.7908,8.0089,-1.7819,8.2411
2021101002,1141,41282,Davante Adams,WR,False,GB,5,True,24,19.4408,0.9245,0.4245,11.1181,1.5567,1.0921,1,4,0,12.9023,38.0819,-0.2858,9.2,1.5738,0.85,12.8819,12.8819,False,2.0982,3.6288,1.5306,9.2531
2021101002,1408,44995,Aaron Jones,RB,False,GB,5,True,3,10.5989,0.504,0.004,-0.1283,4.626,4.2818,1,1,1,10.675,80.3283,3.6729,6.89,2.926,1.3,3.1283,3.1283,False,3.5885,5.2936,1.7051,-2.1653
2021101002,1437,41282,Davante Adams,WR,False,GB,5,True,15,22.5969,1.0746,0.5746,12.714,1.7924,1.166,1,4,0,24.2484,64.726,1.0276,6.42,0.9467,2.73,2.286,2.286,False,3.69,1.8631,-1.827,0.423
2021101002,1482,52470,A.J. Dillon,RB,False,GB,5,True,24,15.6561,0.7445,0.2445,1.0076,11.0262,5.3927,0,0,0,9.0106,57.9924,-2.9926,6.68,2.6487,1.89,22.9924,22.9924,False,7.9383,11.403,3.4647,11.5894
2021101002,1529,44995,Aaron Jones,RB,False,GB,5,True,5,11.0108,0.5236,0.0236,0.1198,6.1349,4.8372,0,3,2,10.438,40.1702,-6.695,7.18,2.11,1.45,4.8802,4.8802,False,8.0175,11.0626,3.0451,-6.1824
2021101002,1575,41282,Davante Adams,WR,False,GB,5,True,22,19.5144,0.928,0.428,16.1738,2.2622,-2.2437,1,2,0,16.0752,18.8662,0.1381,7.61,6.2708,3.08,5.8262,5.8262,False,8.3976,7.0912,-1.3064,-1.265
2021101002,1693,52441,Tee Higgins,WR,False,CIN,5,True,5,18.6974,0.8891,0.3891,6.9389,3.171,3.1486,1,1,1,5.8503,70.3011,3.8882,2.01,0.948,3.13,-1.9389,-1.9389,False,0.4712,1.1692,0.698,-3.108
2021101002,1717,53434,Ja'Marr Chase,WR,False,CIN,5,True,70,43.6875,2.0775,1.5775,43.7408,3.6902,-1.8713,1,1,0,8.4587,28.0092,-0.1049,9.78,3.3032,1.02,26.2592,26.2592,False,15.9431,7.1158,-8.8273,19.1434
2021101002,1905,53434,Ja'Marr Chase,WR,False,CIN,5,True,28,14.1916,0.6749,0.1749,4.9174,2.1592,1.8678,1,1,1,16.1139,68.2926,0.2628,1.09,0.5568,4.48,23.0826,23.0826,False,3.2932,2.5478,-0.7454,20.5348
2021101002,1957,46705,Allen Lazard,WR,False,GB,5,True,7,20.1327,0.9574,0.4574,0.376,10.4767,10.1232,0,0,0,4.3835,81.874,4.6208,4.01,2.1558,1.27,6.624,6.624,False,6.9993,11.7136,4.7143,-5.0896
2021101002,2005,41282,Davante Adams,WR,False,GB,5,True,8,17.503,0.8323,0.3323,4.8945,2.4538,0.9882,1,1,0,11.2663,70.5855,-0.2633,6.06,0.856,1.67,3.1055,3.1055,False,6.1256,4.2802,-1.8454,-1.1746
2021101002,2076,45635,Robert Tonyan,TE,True,GB,5,True,8,17.4682,0.8307,0.3307,6.4439,1.0807,0.8142,1,1,1,8.7086,55.5661,0.2596,6.4,1.3121,2.18,1.5561,1.5561,False,0.7255,2.5056,1.7801,-0.9495
2021101002,2168,44995,Aaron Jones,RB,False,GB,5,True,2,13.0993,0.6229,0.1229,-7.6805,11.7239,11.6265,0,0,0,11.3313,37.8805,4.2147,5.77,1.3793,3.76,9.6805,9.6805,False,7.6221,7.2662,-0.3559,2.4143
2021101002,2192,41282,Davante Adams,WR,False,GB,5,True,2,12.814,0.6094,0.1094,2.5282,2.1076,1.9751,2,2,2,17.1874,25.7418,5.8665,9.29,-0.7483,1.88,-0.5282,-0.5282,False,0.8293,-0.1849,-1.0141,-0.3433
2021101002,2273,53434,Ja'Marr Chase,WR,False,CIN,5,True,14,17.3607,0.8256,0.3256,7.0183,0.6336,0.4084,2,4,0,16.2827,68.0317,0.5297,6.39,3.1892,1.6,6.9817,6.9817,False,1.7818,3.644,1.8622,3.3377
2021101002,2340,43344,Tyler Boyd,WR,False,CIN,5,True,5,11.8705,0.5645,0.0645,3.375,3.675,1.6282,1,2,1,19.2869,52.475,-1.9227,4.93,-0.8527,2.81,1.625,1.625,False,6.7136,2.4065,-4.3072,-0.7815
2021101002,2641,41282,Davante Adams,WR,False,GB,5,True,59,28.3659,1.3489,0.8489,32.7224,1.7547,-1.394,1,2,0,19.8073,32.9776,0.5704,9.64,9.5681,1.18,26.2776,26.2776,False,16.6965,16.5562,-0.1404,9.7215
2021101002,2866,52441,Tee Higgins,WR,False,CIN,5,True,10,22.1774,1.0546,0.5546,11.0696,3.2345,3.225,1,1,1,5.4042,49.4304,0.4864,5.22,-0.74,3.74,-1.0696,-1.0696,False,-0.1058,-0.8497,-0.7439,-0.2199
2021101002,2924,53631,Chris Evans,RB,False,CIN,5,True,7,12.0347,0.5723,0.0723,4.1533,0.5386,0.0428,1,3,0,22.0733,43.8467,0.9262,6.62,3.0885,2.02,2.8467,2.8467,False,2.8791,4.1949,1.3158,-1.3482
2021101002,3033,53434,Ja'Marr Chase,WR,False,CIN,5,True,19,21.2209,1.0091,0.5091,12.0318,0.8447,0.2764,1,1,0,3.4587,23.9082,0.7295,7.85,7.1924,1.16,6.9682,6.9682,False,4.1978,8.3813,4.1834,-1.4131
2021101002,3100,52441,Tee Higgins,WR,False,CIN,5,True,0,22.8824,1.0881,0.5881,10.9842,0.5677,0.0489,1,4,0,23.492,0.0,0.2659,8.68,1.0443,2.49,-10.9842,-5.0,True,-4.4464,-4.4456,0.0008,-0.5544
2021101002,3269,43344,Tyler Boyd,WR,False,CIN,5,True,9,11.9568,0.5686,0.0686,4.1345,3.6975,3.6518,1,4,2,24.9606,70.3655,1.0885,2.48,-0.2256,3.83,4.8655,4.8655,False,2.195,1.7998,-0.3952,3.0657
2021101002,3331,53631,Chris Evans,RB,False,CIN,5,True,8,10.9799,0.5221,0.0221,3.6645,7.7334,3.663,0,2,0,20.3785,59.4355,-2.0292,5.32,2.9161,2.15,4.3355,4.3355,False,10.4853,9.8546,-0.6307,-5.5191
2021101002,3377,43344,Tyler Boyd,WR,False,CIN,5,True,8,13.8822,0.6602,0.1602,5.1895,3.0198,2.0429,2,2,1,22.5799,50.0105,2.0413,1.89,0.2464,3.22,2.8105,2.8105,False,2.9678,2.3146,-0.6532,0.4959
2021101002,3423,44927,Samaje Perine,RB,False,CIN,5,True,5,9.219,0.4384,0.0,-4.18,9.9767,9.61,0,1,1,11.22,51.23,-0.9268,6.25,2.3736,2.18,9.18,9.18,False,8.1788,9.3293,1.1505,-0.1493
2021101002,3522,41282,Davante Adams,WR,False,GB,5,True,20,20.4038,0.9703,0.4703,12.957,0.8078,0.1831,1,1,0,23.0127,40.923,0.2488,6.31,2.6517,3.9,7.043,7.043,False,1.277,1.1342,-0.1428,5.9088
2021101002,3806,53434,Ja'Marr Chase,WR,False,CIN,5,True,21,25.5439,1.2147,0.7147,18.7217,0.7005,0.2061,1,1,0,3.2393,44.7683,0.4755,8.06,7.8518,1.27,2.2783,2.2783,False,4.2343,12.0639,7.8296,-9.7856
2021101002,4043,37139,Randall Cobb,WR,False,GB,5,True,15,28.1979,1.3409,0.8409,16.2674,3.3086,0.5329,1,3,0,22.4223,31.1526,-0.7358,8.14,1.4359,1.89,-1.2674,-1.2674,False,4.1131,4.5749,0.4618,-5.8423
2021101003,399,42429,David Johnson,RB,False,HOU,5,True,8,17.416,0.8282,0.3282,6.2373,0.5249,0.515,1,2,1,13.7686,32.4527,2.0562,5.84,3.2216,4.34,1.7627,1.7627,False,-0.6742,0.654,1.3283,1.1087
2021101003,518,45321,Antony Auclair,TE,True,HOU,5,True,11,15.08,0.7171,0.2171,11.9098,2.1621,-1.9342,1,4,0,20.2973,0.0,1.4117,6.3,5.8026,1.7,-0.9098,-0.9098,False,-3.0379,-1.407,1.6309,0.4972
2021101003,616,45185,Kendrick Bourne,WR,False,NE,5,True,15,16.7374,0.7959,0.2959,7.7258,3.1259,2.2604,1,2,1,22.2315,44.7742,0.7359,6.95,3.0946,2.51,7.2742,7.2742,False,4.1729,5.9114,1.7385,1.3629
2021101003,703,42363,Nelson Agholor,WR,False,NE,5,True,11,21.9117,1.042,0.542,11.2596,0.6952,0.5881,1,3,1,16.6258,6.7404,0.8935,6.24,3.2836,4.1,-0.2596,-0.2596,False,-0.2291,1.7581,1.9872,-2.0177
2021101003,846,42429,David Johnson,RB,False,HOU,5,True,7,24.0734,1.1448,0.6448,8.8779,3.3099,1.7902,1,1,0,0.515,66.2721,1.4427,2.92,-0.4995,4.5,-1.8779,-1.8779,False,0.7101,0.5995,-0.1106,-2.4775
2021101003,896,43396,Chris Moore,WR,False,HOU,5,True,67,28.0817,1.3354,0.8354,24.4615,0.7012,0.4118,1,1,0,0.0451,42.8385,-0.0063,7.17,7.0764,2.94,42.5385,30.0,False,2.4865,5.2731,2.7866,24.7269
2021101003,1006,47815,N'Keal Harry,WR,False,NE,5,True,9,20.6434,0.9817,0.4817,7.6353,0.9837,0.9697,1,3,1,15.8924,59.6347,3.0779,5.91,2.8553,1.98,1.3647,1.3647,False,0.9861,3.4954,2.5093,-2.1307
2021101003,1051,48097,Jakobi Meyers,WR,False,NE,5,True,17,13.1825,0.6269,0.1269,9.4899,2.7077,-2.5966,1,2,0,24.3805,50.1201,-2.7351,7.32,5.5161,2.83,7.5101,7.5101,False,6.3201,8.179,1.8589,-0.6689
2021101003,1075,44912,Jonnu Smith,TE,True,NE,5,True,23,16.6799,0.7932,0.2932,13.6691,9.7295,5.8353,0,1,0,21.7659,28.5509,-0.8855,6.47,5.42,2.24,9.3309,9.3309,False,10.3408,12.3968,2.056,-3.0659
2021101003,1110,44912,Jonnu Smith,TE,True,NE,5,True,4,11.5539,0.5494,0.0494,2.1744,2.2093,1.9726,2,6,1,12.4234,7.2256,0.2817,7.07,0.8983,1.98,1.8256,1.8256,False,3.8068,2.0351,-1.7717,-0.2095
2021101003,1236,46167,Jordan Akins,TE,True,HOU,5,True,9,16.0197,0.7618,0.2618,7.2586,2.0665,1.2964,1,2,1,10.2119,69.2314,0.325,6.21,0.9115,2.76,1.7414,1.7414,False,3.8379,3.1645,-0.6734,-1.4231
2021101003,1481,43396,Chris Moore,WR,False,HOU,5,True,13,13.4704,0.6406,0.1406,8.935,0.7337,0.0461,1,4,0,22.1512,49.235,1.3306,7.45,6.7231,0.77,4.065,4.065,False,1.8743,8.2969,6.4226,-4.2319
2021101003,1505,42419,Chris Conley,WR,False,HOU,5,True,40,23.412,1.1133,0.6133,21.9903,3.679,1.5033,1,2,0,5.5094,23.2797,4.3168,7.68,5.3648,1.72,18.0097,18.0097,False,2.6729,3.2212,0.5483,14.7884
2021101003,1753,43324,Hunter Henry,TE,True,NE,5,True,5,10.6133,0.5047,0.0047,-1.0363,7.425,6.3101,0,1,1,16.5564,77.5863,4.3574,5.81,2.9103,1.33,6.0363,6.0363,False,9.5221,10.0006,0.4785,-3.9643
2021101003,1777,45185,Kendrick Bourne,WR,False,NE,5,True,7,21.7006,1.0319,0.5319,8.1427,2.5308,2.4994,1,3,1,0.038,63.8573,2.2099,1.41,-1.0477,0.98,-1.1427,-1.1427,False,-0.4531,-0.6447,-0.1915,-0.498
2021101003,1896,43324,Hunter Henry,TE,True,NE,5,True,16,9.9126,0.4714,0.0,5.6,6.6155,-2.11,0,2,1,12.02,53.62,5.4618,6.22,5.5499,1.5,10.4,10.4,False,2.1349,8.2922,6.1573,2.1078
2021101003,1920,48097,Jakobi Meyers,WR,False,NE,5,True,9,21.1687,1.0066,0.5066,10.4159,3.0721,1.4148,2,3,1,18.2306,33.6841,0.6266,0.37,-0.3239,5.43,-1.4159,-1.4159,False,3.4247,0.152,-3.2727,-1.5679
2021101003,2229,39212,Brandon Bolden,RB,False,NE,5,True,3,11.1458,0.53,0.03,2.159,4.5464,4.2257,1,4,2,25.7136,75.731,8.0157,4.95,1.9667,3.63,0.841,0.841,False,3.0991,1.7315,-1.3676,-0.8906
2021101003,2523,45339,Pharaoh Brown,TE,True,HOU,5,True,15,15.283,0.7268,0.2268,11.6005,3.2733,0.65,1,4,1,25.2107,65.7795,0.6509,6.48,5.6471,3.87,3.3995,3.3995,False,5.5545,8.1522,2.5978,-4.7528
2021101003,2579,42429,David Johnson,RB,False,HOU,5,True,5,16.1627,0.7686,0.2686,3.7709,2.3848,1.6965,1,2,2,6.7327,67.4791,-0.1938,6.1,0.7106,2.23,1.2291,1.2291,False,-0.1097,1.2505,1.3602,-0.0214
2021101003,2679,43324,Hunter Henry,TE,True,NE,5,True,21,16.2172,0.7712,0.2712,12.0001,5.0112,-4.455,0,2,0,22.6178,48.9399,-1.3404,7.88,3.7986,1.71,8.9999,8.9999,False,11.1832,13.1279,1.9447,-4.128
2021101003,2725,42363,Nelson Agholor,WR,False,NE,5,True,20,15.0978,0.718,0.218,11.2109,8.2528,-5.8358,0,2,0,20.3174,25.1991,-1.5934,6.64,5.2805,2.82,8.7891,8.7891,False,11.7675,11.8018,0.0343,-3.0127
2021101003,2906,43396,Chris Moore,WR,False,HOU,5,True,27,17.2176,0.8188,0.3188,10.3449,2.7944,0.357,2,4,0,25.3615,60.9951,0.1388,7.37,3.7173,0.9,16.6551,16.6551,False,3.909,5.844,1.935,10.8111
2021101003,2994,41246,Brandin Cooks,WR,False,HOU,5,True,3,16.0295,0.7623,0.2623,4.698,1.7325,1.6917,1,2,2,8.9641,37.552,1.0984,7.43,-0.3889,0.19,-1.698,-1.698,False,1.837,1.0879,-0.7492,-2.7859
2021101003,3076,43324,Hunter Henry,TE,True,NE,5,True,10,11.0005,0.5231,0.0231,5.2091,5.213,2.2912,0,3,0,15.66,42.0309,2.9825,3.1,1.6925,3.45,4.7909,4.7909,False,5.1217,6.11,0.9883,-1.3191
2021101003,3184,43324,Hunter Henry,TE,True,NE,5,True,13,23.7283,1.1284,0.6284,16.8657,3.5183,-1.4597,1,2,0,6.6115,0.0,-2.1694,7.18,4.847,3.33,-3.8657,-3.8657,True,-3.7577,-5.2231,-1.4655,1.3574
2021101003,3280,41246,Brandin Cooks,WR,False,HOU,5,True,14,22.1343,1.0526,0.5526,14.1774,1.6317,0.4395,2,3,0,18.3191,67.4426,-0.6686,1.91,1.244,4.86,-0.1774,-0.1774,False,3.0033,2.2651,-0.7382,-2.4424
2021101003,3332,48097,Jakobi Meyers,WR,False,NE,5,True,24,19.6863,0.9362,0.4362,11.837,5.1125,4.1408,0,3,1,22.4738,75.453,0.3859,5.67,2.905,2.31,12.163,12.163,False,4.772,5.0463,0.2743,7.1167
2021101003,3420,39212,Brandon Bolden,RB,False,NE,5,True,3,9.2816,0.4414,0.0,0.69,5.4993,0.87,0,3,2,12.41,74.79,-1.3044,6.05,1.6707,1.68,2.31,2.31,False,6.6554,7.9026,1.2472,-5.5926
2021101003,3525,43324,Hunter Henry,TE,True,NE,5,True,10,16.116,0.7664,0.2664,9.5569,0.9634,0.9458,2,3,1,22.9812,42.6731,5.211,5.5,-1.1754,1.97,0.4431,0.4431,False,-0.4617,-0.9304,-0.4686,1.3735
2021101003,3879,42419,Chris Conley,WR,False,HOU,5,True,7,20.972,0.9973,0.4973,7.7092,2.0114,1.1284,1,1,0,13.6601,67.4108,3.6562,1.94,-0.645,2.87,-0.7092,-0.7092,False,1.8558,1.1209,-0.7349,-1.8301
2021101004,99,45785,Dan Arnold,TE,True,JAX,5,True,5,11.6521,0.5541,0.0541,2.163,8.2729,6.8471,0,2,2,13.4327,72.977,8.8246,5.56,4.4919,1.12,2.837,2.837,False,3.8778,7.1137,3.2359,-4.2767
2021101004,314,47834,A.J. Brown,WR,False,TEN,5,True,10,17.5562,0.8349,0.3349,7.5634,4.0144,1.8296,2,4,1,21.4804,65.3566,0.0443,6.98,2.9366,0.81,2.4366,2.4366,False,5.2577,7.6158,2.3581,-5.1791
2021101004,436,45355,Anthony Firkser,TE,True,TEN,5,True,12,10.1769,0.4839,0.0,5.56,6.82,3.03,0,3,1,18.69,63.8,-2.4257,6.62,5.5037,1.23,6.44,6.44,False,7.1018,11.9756,4.8738,-5.5356
2021101004,479,45785,Dan Arnold,TE,True,JAX,5,True,18,23.9773,1.1402,0.6402,16.9351,1.583,0.5841,1,2,0,13.8307,65.5449,0.3302,7.96,2.6322,1.16,1.0649,1.0649,False,4.7961,4.1917,-0.6044,-3.1268
2021101004,503,52733,James Robinson,RB,False,JAX,5,True,6,16.8,0.7989,0.2989,-0.7253,5.7668,5.6463,0,1,1,4.5972,65.1253,4.9315,2.67,0.7851,1.72,6.7253,6.7253,False,5.2817,4.8171,-0.4645,1.9082
2021101004,538,39954,Tavon Austin,WR,False,JAX,5,True,5,17.2982,0.8226,0.3226,4.9374,1.4379,0.7743,1,2,0,7.8073,68.9926,0.63,1.94,0.3951,5.61,0.0626,0.0626,False,3.0556,0.4487,-2.607,-0.3861
2021101004,585,52733,James Robinson,RB,False,JAX,5,True,-2,11.6845,0.5556,0.0556,-4.4011,5.6708,5.0173,0,2,1,9.295,69.5211,5.728,3.49,1.0582,2.49,2.4011,2.4011,False,4.7815,5.4838,0.7023,-3.0827
2021101004,698,44975,Jeremy McNichols,RB,False,TEN,5,True,25,11.199,0.5326,0.0326,6.6944,3.1285,1.395,1,4,1,23.756,71.9856,0.6067,8.28,1.6706,0.44,18.3056,18.3056,False,4.3404,7.4692,3.1288,10.8364
2021101004,845,44003,Marcus Johnson,WR,False,TEN,5,True,10,22.5555,1.0726,0.5726,10.8448,3.0284,1.8118,1,2,0,5.7474,22.1752,-0.2279,6.59,2.0692,4.14,-0.8448,-0.8448,False,3.2744,1.9821,-1.2923,-2.8269
2021101004,869,47834,A.J. Brown,WR,False,TEN,5,True,22,10.5098,0.4998,0.0,2.82,7.078,6.84,0,6,2,18.22,19.85,-3.4078,8.13,0.5176,0.31,19.18,19.18,False,3.9768,8.1191,4.1423,11.0609
2021101004,1035,38696,Marvin Jones,WR,False,JAX,5,True,25,24.1277,1.1474,0.6474,18.7758,2.7679,-1.4544,1,1,0,8.5042,45.1342,-0.6931,8.11,5.1684,2.38,6.2242,6.2242,False,13.3599,11.46,-1.8999,-5.2358
2021101004,1059,44978,Jamal Agnew,WR,False,JAX,5,True,7,7.4319,0.3534,0.0,0.4,4.1606,3.67,2,3,1,13.66,37.76,2.1084,7.94,2.7261,1.54,6.6,6.6,False,2.9654,5.3628,2.3974,1.2372
2021101004,1083,39954,Tavon Austin,WR,False,JAX,5,True,22,25.1072,1.1939,0.6939,10.6228,3.5749,0.901,1,1,0,2.065,20.8872,4.8452,1.93,-0.1544,2.73,11.3772,11.3772,False,3.3448,0.436,-2.9088,10.9412
2021101004,1182,45281,Jacob Hollister,TE,True,JAX,5,True,1,17.2618,0.8209,0.3209,7.7191,2.4851,-0.2426,1,2,0,6.663,0.0,-0.1994,7.08,2.6465,2.01,-6.7191,-5.0,True,-2.6993,-3.5975,-0.8982,-1.4025
2021101004,1233,44003,Marcus Johnson,WR,False,TEN,5,True,22,24.4143,1.161,0.661,18.2151,2.1326,0.4671,1,2,0,24.6682,57.3749,-0.0596,7.32,1.0516,2.54,3.7849,3.7849,False,2.6424,1.3085,-1.3339,2.4764
2021101004,1397,42486,MyCole Pruitt,TE,True,TEN,5,True,14,17.6837,0.8409,0.3409,8.5686,8.3259,-5.9962,0,1,0,19.3895,6.2514,0.9278,4.01,0.7878,1.34,5.4314,5.4314,False,8.6673,6.7714,-1.8959,-1.34
2021101004,1708,43556,Chester Rogers,WR,False,TEN,5,True,26,22.2948,1.0602,0.5602,18.7043,6.5491,5.6522,0,1,1,11.297,23.9157,3.2423,8.1,4.9701,3.65,7.2957,7.2957,False,5.5512,7.4016,1.8504,-0.1058
2021101004,1857,45785,Dan Arnold,TE,True,JAX,5,True,7,16.7564,0.7968,0.2968,6.1478,5.5862,5.3552,0,1,1,8.8489,70.5122,6.0674,7.07,1.6433,1.83,0.8522,0.8522,False,2.9142,2.6097,-0.3046,-1.7574
2021101004,1917,39954,Tavon Austin,WR,False,JAX,5,True,13,21.0508,1.001,0.501,12.8808,4.5177,4.4822,1,2,1,25.6796,61.4392,2.2313,0.17,-0.1381,3.69,0.1192,0.1192,False,3.1846,1.7118,-1.4728,-1.5926
2021101004,2089,44003,Marcus Johnson,WR,False,TEN,5,True,20,10.8137,0.5142,0.0142,2.6615,1.227,-0.188,1,2,0,19.7399,66.4585,0.9144,7.74,0.1067,1.9,17.3385,17.3385,False,4.3457,1.4436,-2.9021,15.8949
2021101004,2176,47834,A.J. Brown,WR,False,TEN,5,True,6,19.5678,0.9305,0.4305,4.618,1.0762,0.2418,1,2,1,5.3753,38.372,0.5767,7.14,1.273,1.92,1.382,1.382,False,2.3538,-0.1977,-2.5515,1.5796
2021101004,2574,45355,Anthony Firkser,TE,True,TEN,5,True,7,9.0134,0.4286,0.0,1.39,6.0844,-6.0,0,4,1,25.61,50.34,0.3206,5.68,1.655,1.87,5.61,5.61,False,6.6085,5.786,-0.8224,-0.176
2021101004,3129,52450,Laviska Shenault,WR,False,JAX,5,True,58,29.6994,1.4123,0.9123,20.0993,5.3516,-0.8606,0,2,0,14.7097,50.0507,1.6877,4.78,0.0759,3.06,37.9007,30.0,False,5.0005,2.9934,-2.0071,27.0066
2021101004,3472,45355,Anthony Firkser,TE,True,TEN,5,True,14,10.6727,0.5075,0.0075,7.2484,8.0537,3.366,0,1,0,20.1529,82.3416,-0.6731,5.94,5.1043,1.34,6.7516,6.7516,False,8.8992,14.6377,5.7385,-7.8861
2021101004,3548,39954,Tavon Austin,WR,False,JAX,5,True,9,17.1082,0.8136,0.3136,9.5691,3.7285,3.7265,1,2,1,19.1893,67.8609,3.8941,5.05,1.5278,2.43,-0.5691,-0.5691,False,1.7522,2.1191,0.3669,-2.6881
2021101004,3616,45785,Dan Arnold,TE,True,JAX,5,True,4,13.6655,0.6498,0.1498,5.2581,2.4358,1.8901,1,2,1,15.5021,60.7619,1.8405,7.68,-0.5464,1.44,-1.2581,-1.2581,False,3.189,3.0745,-0.1144,-4.3327
2021101004,3885,39954,Tavon Austin,WR,False,JAX,5,True,5,18.0264,0.8572,0.3572,5.8051,0.4099,0.1365,1,2,1,14.6474,51.4949,0.6928,6.39,-0.4335,0.98,-0.8051,-0.8051,False,0.9754,0.2603,-0.7151,-1.0655
2021101004,3914,45785,Dan Arnold,TE,True,JAX,5,True,12,10.6177,0.5049,0.0049,5.7776,5.7535,5.7242,0,5,1,24.4328,46.1324,9.288,6.19,5.6164,1.13,6.2224,6.2224,False,2.9164,3.684,0.7676,2.5384
2021101004,3956,45719,Dare Ogunbowale,RB,False,JAX,5,True,19,9.4398,0.4489,0.0,0.86,5.6847,-5.44,0,2,0,22.91,39.24,-2.8484,4.44,2.9853,1.98,18.14,18.14,False,8.5902,8.3786,-0.2116,9.7614
2021101004,3997,44978,Jamal Agnew,WR,False,JAX,5,True,7,14.1796,0.6743,0.1743,4.1255,10.2208,9.8832,0,0,0,9.335,17.2645,-4.4632,6.66,0.6626,3.31,2.8745,2.8745,False,9.9733,7.9016,-2.0717,-5.0271
2021101005,101,47791,T.J. Hockenson,TE,True,DET,5,True,8,14.19,0.6748,0.1748,4.0022,3.2803,1.9418,1,3,1,14.3449,59.0678,1.0566,0.68,0.5278,3.6,3.9978,3.9978,False,3.3884,2.798,-0.5904,1.1997
2021101005,201,52574,Quintez Cephus,WR,False,DET,5,True,13,17.4738,0.8309,0.3309,8.5902,1.1321,0.5332,1,1,0,10.0385,30.2598,-0.0945,7.38,-0.6945,3.59,4.4098,4.4098,False,3.0034,0.9105,-2.0929,3.4994
2021101005,378,52430,Justin Jefferson,WR,False,MIN,5,True,37,27.9252,1.3279,0.8279,17.8733,0.7394,-0.3788,1,1,0,1.0453,53.0067,0.0039,8.57,8.2655,1.17,19.1267,19.1267,False,9.7973,15.7366,5.9393,3.39
2021101005,445,52430,Justin Jefferson,WR,False,MIN,5,True,14,20.8425,0.9911,0.4911,14.5851,4.1065,3.3,1,2,1,7.0941,21.4749,3.579,6.87,4.7749,4.83,-0.5851,-0.5851,False,1.3649,3.8776,2.5128,-4.4627
2021101005,495,47885,Alexander Mattison,RB,False,MIN,5,True,4,11.9517,0.5683,0.0683,1.7913,4.4991,0.1873,1,4,2,15.1504,22.3587,-1.164,7.38,1.7741,2.67,2.2087,2.2087,False,4.9107,5.2718,0.3611,-3.0631
2021101005,575,44947,Jamaal Williams,RB,False,DET,5,True,4,12.0324,0.5722,0.0722,2.4373,1.1745,0.9727,1,2,1,16.5227,72.7727,1.1605,7.6,0.5169,2.68,1.5627,1.5627,False,1.7291,3.4852,1.7561,-1.9225
2021101005,940,52430,Justin Jefferson,WR,False,MIN,5,True,17,23.5903,1.1218,0.6218,14.9677,3.3448,2.9831,1,1,1,11.1524,36.9123,-1.8542,1.92,1.6849,7.29,2.0323,2.0323,False,4.4996,2.7628,-1.7369,-0.7305
2021101005,964,47885,Alexander Mattison,RB,False,MIN,5,True,6,8.9238,0.4244,0.0,2.82,1.7019,1.6,1,3,1,20.74,32.16,1.24,6.63,1.1524,2.16,3.18,3.18,False,2.6213,3.0506,0.4293,0.1294
2021101005,1044,47885,Alexander Mattison,RB,False,MIN,5,True,3,10.4276,0.4959,0.0,3.1,5.3669,4.96,0,4,2,25.91,30.87,5.6261,2.13,1.1419,3.19,-0.1,-0.1,False,3.3634,2.3618,-1.0016,-2.4618
2021101005,1106,44923,Dede Westbrook,WR,False,MIN,5,True,6,15.4296,0.7337,0.2337,5.5779,1.0923,0.5596,1,1,0,10.1272,20.3621,-0.0141,8.62,0.376,0.75,0.4221,0.4221,False,5.4402,3.0285,-2.4117,-2.6063
2021101005,1185,53541,Amon-Ra St. Brown,WR,False,DET,5,True,8,10.0125,0.4761,0.0,0.48,4.06,2.8,1,2,0,13.35,70.74,-0.4072,7.7,0.7514,1.73,7.52,7.52,False,6.9604,6.5301,-0.4303,0.9899
2021101005,1256,52574,Quintez Cephus,WR,False,DET,5,True,4,24.6289,1.1712,0.6712,6.3439,0.3421,0.1573,2,2,0,8.5328,54.0061,2.5989,0.64,0.5719,6.06,-2.3439,-2.3439,False,1.9803,-1.6184,-3.5987,-0.7254
2021101005,1341,52430,Justin Jefferson,WR,False,MIN,5,True,14,18.6001,0.8845,0.3845,12.8965,1.7236,-0.8449,1,2,1,7.8724,61.1135,-0.5471,7.0,4.3862,5.01,1.1035,1.1035,False,6.6192,5.8389,-0.7803,-4.7354
2021101005,1396,52430,Justin Jefferson,WR,False,MIN,5,True,22,21.2152,1.0089,0.5089,11.3936,2.378,0.6235,1,2,0,17.3002,42.6064,0.4317,9.4,1.4024,1.0,10.6064,10.6064,False,3.2006,7.8862,4.6857,2.7202
2021101005,1420,52584,K.J. Osborn,WR,False,MIN,5,True,2,14.6013,0.6943,0.1943,-0.8122,7.6571,7.5436,0,1,1,15.8833,33.0022,0.2843,5.92,0.9149,2.67,2.8122,2.8122,False,9.0405,7.5234,-1.517,-4.7112
2021101005,1476,47885,Alexander Mattison,RB,False,MIN,5,True,15,10.3019,0.4899,0.0,2.83,3.9813,3.65,1,4,1,18.63,12.2,2.272,5.91,3.0615,2.76,12.17,12.17,False,3.6215,4.1289,0.5074,8.0411
2021101005,1532,44947,Jamaal Williams,RB,False,DET,5,True,4,12.8145,0.6094,0.1094,-4.8568,10.0948,10.0906,0,0,0,6.2979,80.4168,0.4867,5.84,1.9494,3.48,8.8568,8.8568,False,8.1361,7.8142,-0.3219,1.0426
2021101005,1573,53541,Amon-Ra St. Brown,WR,False,DET,5,True,6,16.3336,0.7767,0.2767,6.5539,2.1724,2.1651,1,2,1,6.9934,64.7661,3.4531,6.7,0.9174,2.77,-0.5539,-0.5539,False,0.0773,-0.4318,-0.5091,-0.122
2021101005,1669,52574,Quintez Cephus,WR,False,DET,5,True,21,20.7627,0.9873,0.4873,7.3954,2.6264,2.5986,2,3,2,16.7987,55.5846,2.845,6.01,1.8372,4.06,13.6046,13.6046,False,0.0322,0.6182,0.5859,12.9865
2021101005,1745,53541,Amon-Ra St. Brown,WR,False,DET,5,True,8,8.4036,0.3996,0.0,-0.65,5.2541,3.13,0,2,0,19.81,42.86,-0.5574,8.32,1.5633,1.57,8.65,8.65,False,10.9433,10.732,-0.2113,-2.082
2021101005,2019,47791,T.J. Hockenson,TE,True,DET,5,True,14,20.3018,0.9654,0.4654,13.7691,1.6638,0.2393,1,3,1,10.4317,45.2609,-0.8319,5.64,3.5002,4.65,0.2309,0.2309,False,4.2811,1.4619,-2.8192,-1.231
2021101005,2132,46226,Tyler Conklin,TE,True,MIN,5,True,9,15.5259,0.7383,0.2383,5.5867,7.4563,2.2188,0,3,0,22.3961,57.4933,-6.2729,4.23,-0.2656,2.58,3.4133,3.4133,False,9.7192,6.7475,-2.9717,-3.3342
2021101005,2384,52430,Justin Jefferson,WR,False,MIN,5,True,11,21.4578,1.0204,0.5204,13.4692,3.6691,3.6298,1,1,1,6.6539,81.9908,-0.9225,3.26,2.1699,6.96,-2.4692,-2.4692,False,0.2371,1.2727,1.0356,-3.7419
2021101005,2456,44923,Dede Westbrook,WR,False,MIN,5,True,6,11.7654,0.5595,0.0595,3.8904,1.5755,-0.0836,1,3,1,17.8451,75.4096,0.7723,8.85,0.679,1.01,2.1096,2.1096,False,2.6347,6.0537,3.4191,-3.9441
2021101005,2612,52443,D'Andre Swift,RB,False,DET,5,True,2,8.2568,0.3926,0.0,-1.26,5.8821,4.72,0,2,2,18.39,75.58,0.0333,7.51,1.6638,2.03,3.26,3.26,False,5.6495,7.7482,2.0987,-4.4882
2021101005,2682,47885,Alexander Mattison,RB,False,MIN,5,True,3,7.6462,0.3636,0.0,2.49,1.7447,1.54,2,4,1,24.04,67.16,4.3942,1.85,1.6018,4.73,0.51,0.51,False,1.5343,3.116,1.5816,-2.606
2021101005,2779,46992,KhaDarel Hodge,WR,False,DET,5,True,17,17.8051,0.8467,0.3467,14.3689,7.1581,7.1333,0,5,1,22.762,50.9111,4.7584,6.1,4.9581,3.44,2.6311,2.6311,False,4.4953,5.8866,1.3913,-3.2555
2021101005,2910,43971,C.J. Ham,FB,False,MIN,5,True,14,13.2692,0.631,0.131,4.216,3.9237,2.7034,1,2,1,11.5039,75.874,-2.3067,6.74,1.6488,2.43,9.784,9.784,False,5.3795,6.6682,1.2888,3.1158
2021101005,2968,47885,Alexander Mattison,RB,False,MIN,5,True,7,11.9049,0.5661,0.0661,4.5984,2.9391,2.5769,1,2,2,9.8441,52.8616,0.6528,7.22,0.5803,2.41,2.4016,2.4016,False,2.2957,1.634,-0.6617,0.7676
2021101005,3029,46226,Tyler Conklin,TE,True,MIN,5,True,16,18.4381,0.8768,0.3768,13.8398,3.5765,3.5556,1,2,1,9.959,46.2302,4.9361,6.72,4.7766,4.81,2.1602,2.1602,False,1.5102,2.9602,1.4499,-0.8
2021101005,3136,52584,K.J. Osborn,WR,False,MIN,5,True,8,12.3392,0.5868,0.0868,5.5579,4.42,4.4198,1,3,1,20.4465,39.4421,8.078,5.93,3.7791,2.3,2.4421,2.4421,False,1.9143,2.3686,0.4543,0.0735
2021101005,3194,52443,D'Andre Swift,RB,False,DET,5,True,8,17.4733,0.8309,0.3309,1.9633,6.7564,6.107,0,2,2,11.5893,73.2267,0.615,5.88,2.0043,2.02,6.0367,6.0367,False,6.7512,7.5171,0.7659,-1.4804
2021101005,3229,52443,D'Andre Swift,RB,False,DET,5,True,7,8.0993,0.3851,0.0,2.44,5.7918,-5.21,0,3,1,26.39,49.73,-3.1829,5.14,0.9005,2.99,4.56,4.56,False,5.9577,4.9747,-0.983,-0.4147
2021101005,3275,46992,KhaDarel Hodge,WR,False,DET,5,True,18,14.2615,0.6782,0.1782,6.8283,2.405,-2.2116,1,1,0,18.0564,38.0417,-1.1885,8.28,3.0212,1.79,11.1717,11.1717,False,13.1602,11.0433,-2.1169,0.1284
2021101005,3489,53541,Amon-Ra St. Brown,WR,False,DET,5,True,18,10.2805,0.4889,0.0,6.2,6.8066,-0.3,0,2,0,22.16,55.08,6.9985,6.09,3.1211,1.74,11.8,11.8,False,7.2535,8.976,1.7225,2.824
2021101005,3513,52443,D'Andre Swift,RB,False,DET,5,True,21,9.6043,0.4567,0.0,0.04,9.1446,4.64,0,2,0,14.76,43.21,0.6347,4.26,3.3214,1.07,20.96,20.96,False,10.8302,14.2922,3.462,6.6678
2021101005,3808,53541,Amon-Ra St. Brown,WR,False,DET,5,True,10,14.0301,0.6672,0.1672,5.7937,3.9097,3.4233,1,3,1,20.8609,11.2563,1.6483,5.79,3.252,3.42,4.2063,4.2063,False,3.0596,4.2414,1.1818,-0.0351
2021101005,3854,46992,KhaDarel Hodge,WR,False,DET,5,True,0,20.876,0.9927,0.4927,12.34,2.8067,-0.5563,1,3,0,24.2156,0.0,-1.6387,5.51,1.1569,4.51,-12.34,-5.0,True,-4.0583,-3.9132,0.1451,-1.0868
2021101005,3890,40488,Adam Thielen,WR,False,MIN,5,True,21,26.0584,1.2392,0.7392,20.1257,7.5053,6.7127,0,3,1,20.0837,61.8543,-1.2836,6.32,3.904,4.81,0.8743,0.8743,False,3.6603,3.5131,-0.1472,-2.6388
2021101005,3931,44923,Dede Westbrook,WR,False,MIN,5,True,6,15.2689,0.7261,0.2261,5.249,3.5775,3.4178,1,2,2,10.6925,55.631,3.4833,4.36,1.8976,2.59,0.751,0.751,False,1.0208,1.6664,0.6456,-0.9155
2021101005,3972,40488,Adam Thielen,WR,False,MIN,5,True,19,25.0844,1.1929,0.6929,18.8558,4.2382,-0.1178,1,3,1,19.0083,36.1142,-0.8126,5.4,2.8951,2.64,0.1442,0.1442,False,4.2284,3.3728,-0.8556,-3.2287
2021101006,115,52457,Chase Claypool,WR,False,PIT,5,True,23,20.2907,0.9649,0.4649,9.5666,1.5345,1.0382,1,2,0,8.1129,66.8034,-1.0998,6.98,1.8642,4.06,13.4334,13.4334,False,2.6238,1.2194,-1.4044,12.214
2021101006,192,47849,Diontae Johnson,WR,False,PIT,5,True,50,27.2791,1.2972,0.7972,21.1563,1.586,-0.9291,1,3,0,10.7968,29.2737,-0.3548,8.84,8.7006,0.13,28.8437,28.8437,False,9.7932,16.965,7.1718,11.8788
2021101006,313,45267,Tim Patrick,WR,False,DEN,5,True,5,13.1007,0.623,0.123,4.0482,3.9087,3.9011,1,3,1,21.3568,70.3518,6.1665,0.87,0.2291,2.84,0.9518,0.9518,False,1.7732,0.9978,-0.7754,-0.046
2021101006,398,53484,Pat Freiermuth,TE,True,PIT,5,True,4,14.7434,0.7011,0.2011,3.5596,1.5133,0.0479,2,3,2,18.9154,71.5504,5.0308,2.64,2.4344,3.12,0.4404,0.4404,False,0.2699,0.8034,0.5335,-0.363
2021101006,472,41236,Eric Ebron,TE,True,PIT,5,True,5,18.3159,0.871,0.371,6.5641,2.2701,1.309,1,1,0,7.2594,57.9259,-0.7173,7.13,0.4154,3.33,-1.5641,-1.5641,False,2.8557,2.0712,-0.7845,-3.6353
2021101006,653,53464,Javonte Williams,RB,False,DEN,5,True,10,10.2801,0.4889,0.0,3.07,7.8702,-4.77,0,3,2,15.6,28.5,0.353,4.39,4.3896,2.55,6.93,6.93,False,7.6959,9.0304,1.3345,-2.1004
2021101006,756,53453,Najee Harris,RB,False,PIT,5,True,6,11.832,0.5627,0.0627,0.5102,3.4655,3.4543,2,2,2,10.804,57.2598,-2.9587,6.18,0.4817,2.22,5.4898,5.4898,False,2.6405,4.0249,1.3844,1.4649
2021101006,1188,46109,Courtland Sutton,WR,False,DEN,5,True,9,31.801,1.5123,1.0123,13.2872,6.0612,-4.3384,0,1,0,2.8797,47.1228,1.6584,2.28,-1.3759,5.21,-4.2872,-4.2872,True,7.8764,2.2415,-5.6349,-6.5287
2021101006,1389,52457,Chase Claypool,WR,False,PIT,5,True,59,15.8502,0.7537,0.2537,6.6778,2.8268,0.9266,1,2,1,22.1099,67.0822,-1.5139,6.4,2.356,2.15,52.3222,30.0,False,4.9684,7.0372,2.0688,22.9628
2021101006,1609,46109,Courtland Sutton,WR,False,DEN,5,True,14,30.7733,1.4634,0.9634,15.327,3.4791,3.4775,1,1,1,3.516,59.913,-1.9407,3.33,3.3289,6.08,-1.327,-1.327,False,-3.0769,-1.5326,1.5443,0.2056
2021101006,1912,41236,Eric Ebron,TE,True,PIT,5,True,5,9.8422,0.468,0.0,5.74,0.7616,0.38,1,6,1,26.41,75.64,1.405,2.01,1.2408,3.37,-0.74,-0.74,False,0.7387,0.2029,-0.5358,-0.9429
2021101006,2026,46109,Courtland Sutton,WR,False,DEN,5,True,12,24.8459,1.1815,0.6815,16.5874,2.4079,1.8856,1,1,1,4.1886,68.7726,-1.214,6.77,1.6103,6.25,-4.5874,-4.5874,True,0.0977,-1.0757,-1.1734,-3.5117
2021101006,2076,42358,Melvin Gordon,RB,False,DEN,5,True,3,9.8733,0.4695,0.0,4.1,0.8323,0.68,1,4,1,19.3,63.02,1.7327,5.53,1.2863,2.46,-1.1,-1.1,False,2.3128,1.4666,-0.8461,-2.5666
2021101006,2121,45267,Tim Patrick,WR,False,DEN,5,True,12,23.3028,1.1081,0.6081,10.8507,2.253,0.2187,1,1,0,17.6377,50.9593,-0.202,5.49,0.4451,3.07,1.1493,1.1493,False,5.8295,3.9036,-1.9259,-2.7542
2021101006,2328,53453,Najee Harris,RB,False,PIT,5,True,14,12.1695,0.5787,0.0787,3.5219,3.336,2.1168,1,4,1,21.021,66.7481,1.4753,5.82,3.5815,3.06,10.4781,10.4781,False,4.3407,6.6976,2.3569,3.7805
2021101006,2352,52457,Chase Claypool,WR,False,PIT,5,True,14,20.9915,0.9982,0.4982,11.7718,1.7865,0.0771,1,5,1,15.9623,44.4482,-0.1914,7.47,4.6,2.33,2.2282,2.2282,False,3.6519,6.4894,2.8374,-4.2612
2021101006,2419,53484,Pat Freiermuth,TE,True,PIT,5,True,3,19.5454,0.9295,0.4295,4.2333,1.7915,1.2095,1,1,0,7.9273,30.5767,0.5343,6.36,-0.5045,2.98,-1.2333,-1.2333,False,2.5117,2.0338,-0.478,-3.2671
2021101006,2631,52457,Chase Claypool,WR,False,PIT,5,True,18,22.6786,1.0784,0.5784,20.0219,3.6579,2.2718,1,3,0,22.4945,0.0,3.6662,7.45,7.1777,2.97,-2.0219,-2.0219,False,-5.5073,-1.0799,4.4274,-0.942
2021101006,2687,45267,Tim Patrick,WR,False,DEN,5,True,19,26.64,1.2668,0.7668,14.3562,6.0718,5.984,0,1,1,4.332,60.8838,-3.7889,2.57,-0.2918,5.81,4.6438,4.6438,False,1.1874,-0.5651,-1.7524,5.2089
2021101006,2751,45267,Tim Patrick,WR,False,DEN,5,True,10,17.3407,0.8246,0.3246,4.888,8.128,1.5262,0,2,1,21.3155,55.832,-5.3331,5.45,0.8873,0.94,5.112,5.112,False,7.2578,9.6221,2.3643,-4.5101
2021101006,2794,45267,Tim Patrick,WR,False,DEN,5,True,5,15.2982,0.7275,0.2275,4.1716,1.5784,0.5806,1,1,0,14.4522,46.9384,0.5121,6.42,-0.3886,1.55,0.8284,0.8284,False,4.5614,1.4968,-3.0646,-0.6684
2021101006,2898,47803,Noah Fant,TE,True,DEN,5,True,9,11.5653,0.55,0.05,5.6954,4.7141,3.3526,1,3,2,16.2732,31.7446,4.1561,3.74,3.7111,3.11,3.3046,3.3046,False,1.2178,4.4258,3.208,-1.1212
2021101006,2922,46109,Courtland Sutton,WR,False,DEN,5,True,25,18.6118,0.8851,0.3851,15.3083,4.4786,-4.4229,1,2,0,10.8685,13.0717,-0.6395,7.76,5.9428,3.85,9.6917,9.6917,False,11.4878,6.8479,-4.6399,2.8438
2021101006,3060,52766,Kendall Hinton,WR,False,DEN,5,True,2,9.7686,0.4645,0.0,1.39,6.7203,-5.82,0,4,2,10.31,0.81,-4.0205,8.39,1.4829,1.03,0.61,0.61,False,-1.0754,3.0472,4.1226,-2.4372
2021101006,3197,46256,Ray-Ray McCloud,WR,False,PIT,5,True,1,10.4452,0.4967,0.0,1.55,1.7989,1.78,1,5,3,24.08,78.19,3.2572,7.41,-0.79,2.02,-0.55,-0.55,False,0.99,0.0003,-0.9897,-0.5503
2021101006,3273,45267,Tim Patrick,WR,False,DEN,5,True,15,17.8228,0.8475,0.3475,12.5817,1.1104,-0.0128,1,2,0,22.5541,55.7183,0.3178,5.64,3.0262,4.83,2.4183,2.4183,False,4.548,3.6167,-0.9312,-1.1984
2021101006,3297,46109,Courtland Sutton,WR,False,DEN,5,True,9,22.0995,1.0509,0.5509,9.9859,5.5842,-4.4496,0,4,1,12.9527,43.1941,-1.5,2.82,-1.3869,4.82,-0.9859,-0.9859,False,5.9365,2.0468,-3.8897,-3.0327
2021101006,3342,46109,Courtland Sutton,WR,False,DEN,5,True,39,32.436,1.5424,1.0424,25.1065,0.7997,-0.7867,1,1,0,0.9892,14.1635,-0.1554,8.62,8.6013,1.34,13.8935,13.8935,False,15.4389,12.7167,-2.7221,1.1768
2021101006,3639,45267,Tim Patrick,WR,False,DEN,5,True,23,16.0926,0.7653,0.2653,11.1671,1.9458,-1.1484,1,3,1,19.6186,63.8329,-0.2508,6.73,3.9852,2.93,11.8329,11.8329,False,9.0327,7.7365,-1.2962,4.0964
2021101006,3663,47803,Noah Fant,TE,True,DEN,5,True,6,12.4549,0.5923,0.0923,6.8798,1.8346,1.6014,1,2,1,23.5326,46.0402,5.5654,1.14,0.5399,5.01,-0.8798,-0.8798,False,0.7563,-0.0195,-0.7757,-0.8604
2021101006,3704,53464,Javonte Williams,RB,False,DEN,5,True,9,6.9449,0.3303,0.0,4.76,5.1529,-4.71,0,3,1,25.62,42.22,5.7519,5.33,1.6258,1.6,4.24,4.24,False,4.4746,4.2049,-0.2697,0.0351
2021101006,3728,47803,Noah Fant,TE,True,DEN,5,True,5,16.5971,0.7893,0.2893,6.2175,0.841,0.3926,1,2,1,16.8628,31.0625,4.111,1.43,-0.2505,3.14,-1.2175,-1.2175,False,0.263,-0.368,-0.631,-0.8495
2021101006,3774,52766,Kendall Hinton,WR,False,DEN,5,True,23,26.1577,1.2439,0.7439,19.9371,6.9988,-2.1313,0,2,1,8.2538,13.0429,-2.6065,6.93,4.4591,5.19,3.0629,3.0629,False,1.5494,0.9092,-0.6402,2.1537
2021101006,3825,42358,Melvin Gordon,RB,False,DEN,5,True,6,12.546,0.5966,0.0966,5.407,2.1129,0.4981,2,3,1,11.9254,4.353,0.4654,6.24,1.5212,2.13,0.593,0.593,False,2.0985,1.9537,-0.1448,-1.3607
2021101007,77,48480,Preston Williams,WR,False,MIA,5,True,21,39.6414,1.8851,1.3851,19.6084,2.99,2.9811,1,1,1,0.0,53.7116,-0.4589,5.25,-4.5063,2.34,1.3916,1.3916,False,-4.4756,-2.515,1.9606,3.9066
2021101007,195,48017,Myles Gaskin,RB,False,MIA,5,True,4,7.207,0.3427,0.0,-4.49,5.5481,-1.09,0,3,0,13.07,51.6,-5.7645,6.72,2.1923,2.35,8.49,8.49,False,11.3741,12.3511,0.977,-3.8611
2021101007,394,44831,O.J. Howard,TE,True,TB,5,True,9,12.4812,0.5935,0.0935,6.6,1.4412,0.0966,1,1,0,22.3817,73.49,0.0604,5.74,1.4972,1.23,2.4,2.4,False,7.2132,4.6742,-2.539,-2.2743
2021101007,418,41233,Mike Evans,WR,False,TB,5,True,26,38.4252,1.8273,1.3273,29.4725,6.9709,6.8503,0,1,1,2.4185,40.7575,-4.0185,3.04,2.6088,8.71,-3.4725,-3.4725,True,2.463,1.3711,-1.0918,-4.8437
2021101007,470,44896,Chris Godwin,WR,False,TB,5,True,13,24.7846,1.1786,0.6786,15.1817,2.4862,-0.1185,1,1,0,2.7166,11.6883,-1.9177,6.4,0.6067,5.06,-2.1817,-2.1817,False,0.8043,-1.6775,-2.4818,-0.5042
2021101007,544,39985,Giovani Bernard,RB,False,TB,5,True,10,9.7912,0.4656,0.0,2.06,1.4876,-0.41,1,5,0,18.24,7.93,-0.8526,5.62,4.6454,1.78,7.94,7.94,False,6.0167,7.3615,1.3448,0.5785
2021101007,600,48017,Myles Gaskin,RB,False,MIA,5,True,9,12.9088,0.6139,0.1139,0.1379,8.4018,8.2351,0,1,1,13.2605,75.0021,3.663,5.72,0.4209,1.24,8.8621,8.8621,False,9.5689,8.1093,-1.4595,0.7528
2021101007,767,44857,Adam Shaheen,TE,True,MIA,5,True,5,10.1188,0.4812,0.0,4.46,1.5096,1.45,1,5,1,24.22,24.76,3.399,1.63,1.2839,3.43,0.54,0.54,False,1.229,2.0806,0.8515,-1.5406
2021101007,791,48017,Myles Gaskin,RB,False,MIA,5,True,24,17.7154,0.8424,0.3424,9.8087,5.0987,-3.9557,0,1,0,5.963,14.2913,-4.446,8.44,6.9756,2.57,14.1913,14.1913,False,11.042,11.9522,0.9102,2.2392
2021101007,864,35634,Antonio Brown,WR,False,TB,5,True,10,13.3799,0.6363,0.1363,5.4372,1.838,1.044,1,3,0,18.2776,70.0528,3.3348,6.79,2.548,1.27,4.5628,4.5628,False,1.5371,2.7876,1.2505,1.7752
2021101007,957,44816,Leonard Fournette,RB,False,TB,5,True,6,17.7555,0.8443,0.3443,7.7902,2.2178,1.0322,1,1,0,4.9224,32.3598,-0.8182,6.54,0.4072,4.31,-1.7902,-1.7902,False,-0.9286,-1.2952,-0.3665,-0.4951
2021101007,986,41233,Mike Evans,WR,False,TB,5,True,15,17.9828,0.8551,0.3551,14.1751,2.4321,0.8844,1,3,1,22.6594,19.9449,-0.1836,5.65,2.9991,3.95,0.8249,0.8249,False,6.3867,6.6298,0.2431,-5.8049
2021101007,1138,48017,Myles Gaskin,RB,False,MIA,5,True,5,7.2044,0.3426,0.0,-2.43,4.5433,-0.46,1,4,0,14.19,77.57,-2.0399,4.58,1.9356,1.25,7.43,7.43,False,12.3145,11.4165,-0.898,-3.9865
2021101007,1268,35634,Antonio Brown,WR,False,TB,5,True,62,15.4474,0.7346,0.2346,7.4665,2.3347,-0.6079,1,3,0,19.8419,55.1135,0.5484,8.87,2.1594,1.26,54.5335,30.0,False,8.2096,7.3332,-0.8764,22.6668
2021101007,1335,45050,Isaiah Ford,WR,False,MIA,5,True,3,14.5636,0.6926,0.1926,3.0403,3.0151,2.9119,1,1,1,7.6673,72.1797,4.0336,6.34,0.7287,3.21,-0.0403,-0.0403,False,1.5847,0.4365,-1.1482,-0.4768
2021101007,1381,46111,Mike Gesicki,TE,True,MIA,5,True,12,18.795,0.8938,0.3938,7.8609,2.6971,0.9693,1,1,0,11.0593,65.0791,-1.5586,6.36,0.6626,4.52,4.1391,4.1391,False,5.0052,3.2093,-1.7958,0.9298
2021101007,1434,46192,Durham Smythe,TE,True,MIA,5,True,2,15.1312,0.7195,0.2195,0.3977,4.7761,4.7441,1,1,1,11.8814,54.5623,2.4649,6.48,0.4904,1.27,1.6023,1.6023,False,5.6645,6.3501,0.6856,-4.7478
2021101007,1560,35634,Antonio Brown,WR,False,TB,5,True,6,21.6007,1.0272,0.5272,0.2524,7.3335,5.0886,0,1,0,6.8071,70.9276,2.7172,2.05,1.0668,0.8,5.7476,5.7476,False,6.4887,8.6323,2.1436,-2.8847
2021101007,1611,44831,O.J. Howard,TE,True,TB,5,True,10,12.5167,0.5952,0.0952,5.728,4.1131,3.0661,1,3,1,25.6254,60.482,3.9443,2.05,1.6593,4.13,4.272,4.272,False,1.1342,3.2905,2.1563,0.9815
2021101007,1657,44816,Leonard Fournette,RB,False,TB,5,True,10,10.4199,0.4955,0.0,3.19,7.8846,7.52,0,1,1,17.08,52.54,9.5142,5.07,5.0429,0.96,6.81,6.81,False,3.5697,7.8182,4.2486,-1.0082
2021101007,1726,44816,Leonard Fournette,RB,False,TB,5,True,11,13.8594,0.6591,0.1591,1.2839,5.9559,3.9336,0,2,1,12.4076,39.0061,1.9443,6.58,1.4073,1.47,9.7161,9.7161,False,3.8838,5.6268,1.7429,4.0894
2021101007,1755,42033,Cameron Brate,TE,True,TB,5,True,12,13.818,0.6571,0.1571,9.2812,1.3813,-0.1563,1,1,0,23.76,20.2688,0.64,6.45,3.6996,0.73,2.7188,2.7188,False,4.431,8.0852,3.6542,-5.3664
2021101007,1914,35634,Antonio Brown,WR,False,TB,5,True,4,9.7156,0.462,0.0,6.51,2.9977,-1.42,2,6,0,20.3,0.0,1.379,7.14,5.0874,2.67,-2.51,-2.51,False,-2.8863,-4.2062,-1.3199,1.6962
2021101007,1970,53435,Jaylen Waddle,WR,False,MIA,5,True,21,16.0947,0.7654,0.2654,5.9603,3.0037,-0.495,1,2,0,10.8505,69.0597,0.1228,5.33,1.4709,2.5,15.0397,15.0397,False,6.4923,5.7364,-0.7559,9.3032
2021101007,1994,48017,Myles Gaskin,RB,False,MIA,5,True,6,5.6717,0.2697,0.0,-1.22,5.0679,-1.04,0,4,0,25.94,55.52,-0.4024,4.42,4.4199,1.88,7.22,7.22,False,12.552,13.8508,1.2988,-6.6308
2021101007,2038,44857,Adam Shaheen,TE,True,MIA,5,True,10,15.222,0.7239,0.2239,5.7144,3.345,0.3077,1,1,0,14.6538,42.3956,-1.6361,6.43,0.8682,1.74,4.2856,4.2856,False,5.8062,6.25,0.4438,-1.9644
2021101007,2067,46111,Mike Gesicki,TE,True,MIA,5,True,8,19.5404,0.9292,0.4292,6.4554,2.7302,1.5135,1,1,0,8.8953,31.6046,-0.6675,6.45,0.6417,3.4,1.5446,1.5446,False,3.5255,3.3457,-0.1798,-1.8011
2021101007,2160,41233,Mike Evans,WR,False,TB,5,True,11,26.2466,1.2481,0.7481,12.8972,7.2089,7.1893,0,4,2,7.2142,53.3328,-2.9023,6.57,-1.2469,2.95,-1.8972,-1.8972,False,2.1467,0.4169,-1.7298,-2.3141
2021101007,2330,41233,Mike Evans,WR,False,TB,5,True,5,13.0225,0.6193,0.1193,4.7522,1.4756,0.5875,2,3,0,23.4547,54.6578,3.6811,0.38,0.0184,2.96,0.2478,0.2478,False,1.3231,-0.0364,-1.3595,0.2842
2021101007,2395,48017,Myles Gaskin,RB,False,MIA,5,True,4,10.0078,0.4759,0.0,-4.21,5.3201,2.53,0,1,0,10.49,91.33,0.3845,5.22,2.0027,2.18,8.21,8.21,False,7.4472,6.8946,-0.5526,1.3154
2021101007,2474,46111,Mike Gesicki,TE,True,MIA,5,True,23,17.3837,0.8267,0.3267,9.5501,0.4946,-0.2517,1,1,0,19.1033,53.3899,-1.1428,7.34,-0.2139,1.54,13.4499,13.4499,False,2.65,0.6109,-2.0391,12.839
2021101007,2551,53435,Jaylen Waddle,WR,False,MIA,5,True,10,25.969,1.2349,0.7349,9.4759,1.6456,1.6416,2,2,1,7.8338,26.4041,-1.3535,5.53,-2.55,5.88,0.5241,0.5241,False,1.8151,0.1613,-1.6538,0.3627
2021101007,2575,48017,Myles Gaskin,RB,False,MIA,5,True,2,19.1113,0.9088,0.4088,1.0305,10.7518,10.7517,0,0,0,3.5751,24.9295,-2.6921,4.63,-0.6348,3.29,0.9695,0.9695,False,6.427,4.4917,-1.9353,-3.5222
2021101007,2599,48017,Myles Gaskin,RB,False,MIA,5,True,7,24.3852,1.1596,0.6596,2.8816,7.9913,7.5457,0,1,1,3.1268,21.0184,-3.1299,1.1,-1.0588,6.91,4.1184,4.1184,False,4.354,3.7955,-0.5585,0.3229
2021101007,2680,48017,Myles Gaskin,RB,False,MIA,5,True,1,10.5029,0.4995,0.0,-0.65,5.74,5.74,0,5,2,20.6,1.48,-2.147,7.13,1.3873,1.58,1.65,1.65,False,3.7527,1.9891,-1.7636,-0.3391
2021101007,2780,35634,Antonio Brown,WR,False,TB,5,True,12,17.1341,0.8148,0.3148,10.6998,1.438,1.3893,3,3,1,22.5975,65.1702,-0.708,7.52,1.7466,0.95,1.3002,1.3002,False,4.2974,6.2965,1.999,-4.9963
2021101007,2892,44896,Chris Godwin,WR,False,TB,5,True,12,15.8251,0.7525,0.2525,9.298,2.7273,1.8188,1,2,0,6.1832,32.822,-0.2677,7.83,0.1899,1.11,2.702,2.702,False,1.2129,0.4274,-0.7855,2.2746
2021101007,2942,44816,Leonard Fournette,RB,False,TB,5,True,16,11.2452,0.5347,0.0347,-0.0553,5.8489,5.6458,0,2,2,15.9319,30.2553,1.9276,6.69,1.2868,0.99,16.0553,16.0553,False,5.0401,5.6417,0.6017,10.4135
2021101007,3096,46111,Mike Gesicki,TE,True,MIA,5,True,0,11.0451,0.5252,0.0252,2.6981,3.8436,3.8179,1,3,1,18.0943,72.5719,0.6681,6.17,-0.0754,1.92,-2.6981,-2.6981,False,5.0629,2.2213,-2.8415,-4.9194
2021101007,3239,35634,Antonio Brown,WR,False,TB,5,True,7,20.9317,0.9954,0.4954,0.4022,8.851,7.9041,0,1,1,8.1965,40.9278,1.3961,1.46,-0.581,1.82,6.5978,6.5978,False,9.966,8.3436,-1.6223,-1.7458
2021101007,3263,41233,Mike Evans,WR,False,TB,5,True,34,28.5801,1.3591,0.8591,22.6063,0.8506,-0.8451,1,1,0,6.5604,11.7337,-0.8736,8.81,8.7957,0.07,11.3937,11.3937,False,9.5938,11.6303,2.0366,-0.2366
2021101007,3354,52922,Salvon Ahmed,RB,False,MIA,5,True,5,8.6299,0.4104,0.0,-3.48,7.427,-1.42,0,2,1,11.99,67.67,-3.9974,6.6,3.303,2.62,8.48,8.48,False,9.6989,11.1896,1.4907,-2.7096
2021101007,3419,52569,Tyler Johnson,WR,False,TB,5,True,19,20.9943,0.9984,0.4984,19.3881,7.006,7.0057,0,1,1,19.9769,21.5919,4.5941,7.75,4.3304,3.47,-0.3881,-0.3881,False,4.0884,4.5865,0.498,-4.9745
2021101007,3544,41233,Mike Evans,WR,False,TB,5,True,22,20.5628,0.9778,0.4778,15.019,5.7815,5.4194,0,3,1,21.8418,7.281,3.9154,5.95,4.9159,3.76,6.981,6.981,False,3.1577,2.8768,-0.2809,4.1042
2021101007,3630,46192,Durham Smythe,TE,True,MIA,5,True,21,21.1218,1.0044,0.5044,17.6825,7.6933,2.929,0,2,0,20.6387,57.4675,6.843,7.65,4.0889,3.05,3.3175,3.3175,False,4.749,6.3261,1.5772,-3.0087
2021101007,3836,35634,Antonio Brown,WR,False,TB,5,True,23,24.7735,1.1781,0.6781,18.9227,1.1413,-0.8894,1,1,0,5.179,28.0873,-0.151,8.57,8.543,0.72,4.0773,4.0773,False,15.1594,15.6389,0.4795,-11.5616
2021101008,85,44879,Alvin Kamara,RB,False,NO,5,True,4,11.4365,0.5438,0.0438,2.7424,2.6526,1.998,1,3,2,17.7138,73.4276,3.3112,1.76,0.511,3.05,1.2576,1.2576,False,2.6085,1.8791,-0.7294,-0.6215
2021101008,109,40092,Kenny Stills,WR,False,NO,5,True,11,13.6418,0.6487,0.1487,5.1516,1.9039,0.9025,1,2,0,24.1999,67.4584,0.5327,6.21,3.1041,2.58,5.8484,5.8484,False,4.8546,7.7552,2.9006,-1.9068
2021101008,392,43010,Adam Humphries,WR,False,WAS,5,True,20,16.5985,0.7893,0.2893,4.0344,6.5744,3.8036,0,1,0,16.5138,72.9356,-0.7283,7.8,-1.4709,2.21,15.9656,15.9656,False,7.0834,5.9794,-1.104,9.9862
2021101008,458,52474,Antonio Gibson,RB,False,WAS,5,True,9,10.1205,0.4813,0.0,2.67,6.3623,-3.68,0,4,2,17.07,43.71,-5.2449,6.35,1.0393,2.45,6.33,6.33,False,8.1145,6.6176,-1.4969,-0.2876
2021101008,552,47859,Terry McLaurin,WR,False,WAS,5,True,18,24.4562,1.163,0.663,19.4265,2.9125,-0.3058,2,3,1,9.1074,8.6935,0.1646,9.34,3.4186,1.77,-1.4265,-1.4265,False,1.8458,3.2526,1.4068,-4.679
2021101008,840,43722,J.D. McKissic,RB,False,WAS,5,True,8,7.7048,0.3664,0.0,-0.63,6.5938,-6.48,0,2,0,21.82,58.11,-3.9393,2.01,2.0061,1.69,8.63,8.63,False,13.0209,11.6587,-1.3622,-3.0287
2021101008,993,45481,Ricky Seals-Jones,TE,True,WAS,5,True,7,12.6529,0.6017,0.1017,4.2267,3.4601,1.682,1,4,0,25.994,7.9133,5.9943,4.28,-0.3276,2.68,2.7733,2.7733,False,2.3756,0.9635,-1.4121,1.8098
2021101008,1074,45244,Taysom Hill,QB,False,NO,5,True,11,10.748,0.5111,0.0111,0.6156,4.0405,3.8473,1,2,1,13.3683,74.3144,1.8253,6.61,1.4025,1.27,10.3844,10.3844,False,3.6199,4.5709,0.951,5.8135
2021101008,1124,53098,Marquez Callaway,WR,False,NO,5,True,10,13.7757,0.6551,0.1551,5.8728,4.2984,3.8319,1,1,1,18.1634,54.8072,1.7174,4.9,1.5012,2.55,4.1272,4.1272,False,3.2599,3.7329,0.473,0.3943
2021101008,1301,42794,DeAndre Carter,WR,False,WAS,5,True,17,24.2517,1.1533,0.6533,14.7314,7.6198,-6.7169,0,1,0,7.1254,60.5186,-2.5017,7.85,2.5738,1.62,2.2686,2.2686,False,13.2051,10.9139,-2.2912,-8.6453
2021101008,1330,47859,Terry McLaurin,WR,False,WAS,5,True,13,24.5698,1.1684,0.6684,13.494,3.458,1.0953,1,2,1,3.6099,44.726,-0.0781,6.94,0.6193,3.49,-0.494,-0.494,False,-0.2518,-1.4374,-1.1856,0.9434
2021101008,1416,45481,Ricky Seals-Jones,TE,True,WAS,5,True,7,14.3103,0.6805,0.1805,5.8735,1.4236,1.1055,2,2,1,17.7314,46.3465,4.2623,1.02,0.518,2.01,1.1265,1.1265,False,0.5734,0.4268,-0.1466,0.6997
2021101008,1440,45481,Ricky Seals-Jones,TE,True,WAS,5,True,16,25.0714,1.1922,0.6922,16.5724,1.4475,-0.9245,1,3,1,8.2481,30.3376,-0.5787,7.73,1.4047,2.95,-0.5724,-0.5724,False,8.0759,2.5724,-5.5035,-3.1448
2021101008,1512,42794,DeAndre Carter,WR,False,WAS,5,True,10,22.2907,1.06,0.56,11.6475,3.5403,-0.0287,1,4,1,18.5539,17.2925,2.2748,1.31,-0.5937,2.71,-1.6475,-1.6475,False,4.0728,1.3585,-2.7142,-3.006
2021101008,2183,53098,Marquez Callaway,WR,False,NO,5,True,49,33.131,1.5755,1.0755,40.8475,0.8672,0.0268,1,4,0,18.9707,7.8125,0.3427,9.32,8.7843,1.97,8.1525,8.1525,False,4.0121,7.7694,3.7573,0.3831
2021101008,2485,47859,Terry McLaurin,WR,False,WAS,5,True,9,11.0988,0.5278,0.0278,2.7793,4.8467,4.8402,2,4,2,21.9772,95.6407,0.2896,6.59,-0.3851,2.52,6.2207,6.2207,False,4.1,2.372,-1.728,3.8487
2021101008,2514,52474,Antonio Gibson,RB,False,WAS,5,True,3,7.0544,0.3355,0.0,1.3,3.2432,-3.11,2,7,1,24.65,88.42,0.9901,2.76,1.6359,2.36,1.7,1.7,False,6.0929,5.684,-0.4089,-3.984
2021101008,2570,53687,Dax Milne,WR,False,WAS,5,True,6,25.8543,1.2295,0.7295,5.7177,2.2322,2.2109,1,1,1,0.0,78.5223,3.2862,4.61,-3.9786,0.5,0.2823,0.2823,False,-0.0902,-1.1872,-1.097,1.4694
2021101008,2743,45481,Ricky Seals-Jones,TE,True,WAS,5,True,4,10.5688,0.5026,0.0026,0.4421,4.2172,-3.0103,1,3,1,12.1584,74.8879,-1.0233,1.02,0.819,1.76,3.5579,3.5579,False,9.7812,7.9036,-1.8776,-4.3457
2021101008,2809,47859,Terry McLaurin,WR,False,WAS,5,True,6,10.9074,0.5187,0.0187,-2.8109,7.5248,5.1835,0,2,0,15.4996,62.4009,-1.882,9.13,0.489,1.35,8.8109,8.8109,False,10.1777,12.6089,2.4311,-3.798
2021101008,3105,53098,Marquez Callaway,WR,False,NO,5,True,14,25.9442,1.2337,0.7337,16.6512,3.6784,1.6835,1,1,0,3.4884,55.1388,-0.5611,6.76,1.1192,4.71,-2.6512,-2.6512,False,0.2901,-0.8862,-1.1763,-1.765
2021101008,3331,52513,Adam Trautman,TE,True,NO,5,True,11,14.5914,0.6939,0.1939,6.8381,2.1828,0.0938,1,2,0,18.4642,19.4919,-0.6619,5.44,2.6207,2.44,4.1619,4.1619,False,5.1138,7.0443,1.9305,-2.8824
2021101008,3398,53098,Marquez Callaway,WR,False,NO,5,True,12,19.5081,0.9277,0.4277,8.8455,6.3482,2.5912,0,2,0,8.618,3.8945,-5.1058,7.95,5.5075,2.79,3.1545,3.1545,False,2.8919,3.4872,0.5954,-0.3327
2021101008,3487,43010,Adam Humphries,WR,False,WAS,5,True,26,24.7196,1.1755,0.6755,19.3253,5.535,-5.4943,0,2,1,15.2387,51.9747,1.7772,8.7,3.1758,2.52,6.6747,6.6747,False,5.3614,6.9676,1.6063,-0.2929
2021101008,3573,42794,DeAndre Carter,WR,False,WAS,5,True,26,26.5832,1.2641,0.7641,25.3618,7.6191,7.5953,0,1,1,18.2446,23.7182,4.7664,7.96,4.465,2.49,0.6382,0.6382,False,4.3825,2.4658,-1.9167,-1.8276
2021101008,3770,40092,Kenny Stills,WR,False,NO,5,True,6,13.8574,0.659,0.159,6.0941,4.6811,3.6507,1,3,1,20.8509,67.1459,0.8586,1.19,-0.037,5.16,-0.0941,-0.0941,False,3.795,3.263,-0.532,-3.3571
2021101008,3853,52513,Adam Trautman,TE,True,NO,5,True,32,21.5807,1.0262,0.5262,14.8197,6.144,-1.883,0,2,0,12.4757,49.1603,0.3171,8.35,7.1446,1.89,17.1803,17.1803,False,6.8059,13.2128,6.4069,3.9675
2021101008,3923,44879,Alvin Kamara,RB,False,NO,5,True,19,8.1645,0.3882,0.0,0.02,6.7073,1.84,0,2,0,12.97,19.13,-0.9244,8.17,2.9172,1.26,18.98,18.98,False,9.1494,13.4645,4.3151,5.5155
2021101008,3979,43010,Adam Humphries,WR,False,WAS,5,True,27,14.2924,0.6797,0.1797,5.2206,4.7908,2.3787,1,1,0,19.5131,69.9694,-1.7912,8.9,0.4487,0.98,21.7794,21.7794,False,8.2644,12.2431,3.9788,9.5363
2021101009,146,44841,David Njoku,TE,True,CLE,5,True,9,12.8614,0.6116,0.1116,0.6261,5.121,3.2433,0,1,0,13.0898,91.5639,-2.5362,7.1,1.6671,1.45,8.3739,8.3739,False,11.1822,11.5604,0.3782,-3.1864
2021101009,233,44841,David Njoku,TE,True,CLE,5,True,22,24.3211,1.1566,0.6566,19.4223,5.471,4.2781,0,1,1,8.326,31.9577,0.7801,6.86,2.5776,3.68,2.5777,2.5777,False,1.2865,2.0461,0.7596,0.5316
2021101009,495,44819,Mike Williams,WR,False,LAC,5,True,6,20.0915,0.9554,0.4554,5.5923,0.1751,0.1426,1,3,2,16.2739,51.4677,2.197,5.03,1.586,4.21,0.4077,0.4077,False,0.4651,0.0295,-0.4356,0.3782
2021101009,519,44819,Mike Williams,WR,False,LAC,5,True,8,19.8383,0.9434,0.4434,5.3448,3.0969,2.6111,2,2,1,5.1895,45.6052,-0.9893,2.28,-0.711,4.24,2.6552,2.6552,False,0.7057,0.9168,0.2111,1.7384
2021101009,666,48456,Donald Parham,TE,True,LAC,5,True,22,12.2585,0.5829,0.0829,1.801,9.6218,-9.1901,0,1,0,12.0279,20.549,-4.0789,5.9,1.9413,1.93,20.199,20.199,False,11.1141,11.5005,0.3864,8.6985
2021101009,810,52595,Donovan Peoples-Jones,WR,False,CLE,5,True,12,9.7227,0.4623,0.0,-0.71,4.4545,-2.51,1,1,0,13.44,29.9,-1.8379,7.61,2.5728,0.97,12.71,12.71,False,12.3983,15.308,2.9097,-2.598
2021101009,965,43461,Rashard Higgins,WR,False,CLE,5,True,7,17.8969,0.8511,0.3511,6.2097,8.93,-3.8956,0,2,0,4.9556,0.9103,-1.7391,7.22,1.281,1.84,0.7903,0.7903,False,0.7215,1.5983,0.8768,-0.808
2021101009,1117,44819,Mike Williams,WR,False,LAC,5,True,72,27.9129,1.3274,0.8274,28.3716,3.4396,-2.8605,1,2,0,16.7582,44.8984,-1.096,9.35,9.3329,1.26,43.6284,30.0,False,19.3041,22.4324,3.1283,7.5676
2021101009,1180,52595,Donovan Peoples-Jones,WR,False,CLE,5,True,42,24.1801,1.1499,0.6499,16.37,0.5871,0.5606,1,1,1,11.0423,63.78,2.06,7.4,1.0772,4.36,25.63,25.63,False,-0.7562,-1.8324,-1.0762,27.4624
2021101009,1277,52595,Donovan Peoples-Jones,WR,False,CLE,5,True,2,18.2359,0.8672,0.3672,1.9485,0.5804,-0.3204,1,3,1,20.345,21.9515,-1.8244,6.2,-1.3113,1.47,0.0515,0.0515,False,4.4181,0.8615,-3.5566,-0.81
2021101009,1301,44841,David Njoku,TE,True,CLE,5,True,5,8.4951,0.404,0.0,1.81,4.6946,3.14,1,6,1,24.86,20.03,1.6898,6.22,2.0599,1.06,3.19,3.19,False,5.7908,5.8764,0.0855,-2.6864
2021101009,1615,43461,Rashard Higgins,WR,False,CLE,5,True,16,27.5129,1.3083,0.8083,13.9005,8.5831,6.4767,0,2,1,0.9807,14.1295,5.5252,6.66,6.1737,3.68,2.0995,2.0995,False,2.4973,6.5445,4.0472,-4.445
2021101009,2034,52595,Donovan Peoples-Jones,WR,False,CLE,5,True,6,15.8128,0.752,0.252,6.0587,1.4139,1.4081,1,2,1,6.3485,66.7813,3.6304,6.45,1.3047,3.74,-0.0587,-0.0587,False,0.1523,-0.3461,-0.4984,0.2873
2021101009,2058,52595,Donovan Peoples-Jones,WR,False,CLE,5,True,8,19.94,0.9482,0.4482,9.6689,0.5078,0.5054,2,4,1,8.8936,57.4511,2.008,1.64,-1.2296,4.89,-1.6689,-1.6689,False,-1.0839,-0.128,0.956,-1.5409
2021101009,2208,48456,Donald Parham,TE,True,LAC,5,True,7,17.2534,0.8205,0.3205,2.1857,5.3016,5.3015,0,1,1,9.3485,80.7643,2.5327,6.48,1.6093,1.89,4.8143,4.8143,False,4.3206,4.1986,-0.122,0.6157
2021101009,2253,44819,Mike Williams,WR,False,LAC,5,True,7,26.5524,1.2627,0.7627,7.8405,2.3503,2.3318,1,2,1,5.2559,59.6195,-0.8323,1.6,-1.2974,4.7,-0.8405,-0.8405,False,-0.4038,-0.0925,0.3113,-0.748
2021101009,2457,40024,Keenan Allen,WR,False,LAC,5,True,12,19.7206,0.9378,0.4378,10.107,3.0663,-0.8523,1,3,1,7.8782,11.993,-0.9915,7.2,2.917,0.49,1.893,1.893,False,3.5756,5.8955,2.3199,-4.0025
2021101009,2586,41238,Odell Beckham,WR,False,CLE,5,True,13,21.8075,1.037,0.537,11.5301,1.8129,0.2291,1,1,0,1.0597,58.4499,-0.3037,7.7,7.3741,2.68,1.4699,1.4699,False,3.7116,13.3534,9.6418,-11.8835
2021101009,2689,44898,Kareem Hunt,RB,False,CLE,5,True,11,15.7644,0.7497,0.2497,0.0953,13.0657,-4.9587,0,0,0,6.892,64.7147,0.0384,3.78,2.7851,2.5,10.9047,10.9047,False,11.9626,11.7243,-0.2384,-0.8196
2021101009,2780,44819,Mike Williams,WR,False,LAC,5,True,13,12.078,0.5744,0.0744,5.2379,3.7471,-1.4386,1,4,1,19.7122,67.0821,0.6196,2.25,1.7203,1.64,7.7621,7.7621,False,6.1954,6.8206,0.6253,0.9415
2021101009,3096,48556,Jalen Guyton,WR,False,LAC,5,True,14,22.2847,1.0597,0.5597,15.4907,0.4188,0.4187,2,2,1,15.2025,40.8693,2.6267,6.8,1.5378,1.38,-1.4907,-1.4907,False,-0.8715,-0.4581,0.4134,-1.0326
2021101009,3120,44819,Mike Williams,WR,False,LAC,5,True,42,34.4381,1.6377,1.1377,35.8796,14.8527,1.6013,0,0,0,18.8941,6.7104,-4.773,9.14,6.223,2.72,6.1204,6.1204,False,11.0651,6.9283,-4.1368,-0.8078
2021101009,3183,41238,Odell Beckham,WR,False,CLE,5,True,7,12.8375,0.6105,0.1105,5.041,4.5012,4.2579,1,4,1,18.779,73.269,2.5314,1.81,1.3673,4.4,1.959,1.959,False,2.656,2.9187,0.2628,-0.9598
2021101009,3207,44841,David Njoku,TE,True,CLE,5,True,71,21.8226,1.0377,0.5377,14.9804,1.5063,1.4648,1,3,1,25.0391,56.3296,1.0127,6.28,2.66,2.25,56.0196,30.0,False,0.1862,2.7674,2.5812,27.2326
2021101009,3349,44819,Mike Williams,WR,False,LAC,5,True,10,24.7352,1.1762,0.6762,11.1799,1.4364,1.4309,1,1,1,4.1753,64.7201,-0.1434,1.83,1.6709,4.61,-1.1799,-1.1799,False,0.0027,1.242,1.2393,-2.4219
2021101009,3525,45573,Austin Ekeler,RB,False,LAC,5,True,5,11.3604,0.5402,0.0402,-6.2455,7.667,7.486,0,1,1,14.8191,35.0855,6.4288,6.3,2.5965,2.06,11.2455,11.2455,False,6.5289,7.1894,0.6606,4.0561
2021101009,3574,40024,Keenan Allen,WR,False,LAC,5,True,20,23.235,1.1049,0.6049,15.8032,2.347,1.3101,1,2,0,23.7716,8.5768,-1.2394,6.26,2.8818,5.34,4.1968,4.1968,False,3.0934,0.933,-2.1604,3.2638
2021101009,3818,45573,Austin Ekeler,RB,False,LAC,5,True,4,12.9188,0.6143,0.1143,2.9902,2.7061,2.0735,1,1,1,10.9262,72.7498,0.5732,6.38,1.3134,3.48,1.0098,1.0098,False,3.179,3.7103,0.5313,-2.7005
2021101009,3872,40024,Keenan Allen,WR,False,LAC,5,True,37,28.1533,1.3388,0.8388,28.7613,2.4058,-2.2741,1,1,0,4.5831,41.7287,-0.6239,8.36,5.0207,1.0,8.2387,8.2387,False,16.8106,9.3589,-7.4517,-1.1202
2021101009,3901,48556,Jalen Guyton,WR,False,LAC,5,True,21,20.9465,0.9961,0.4961,7.5621,4.3211,-0.0249,1,2,1,5.6305,25.4279,1.7749,1.77,0.4477,4.86,13.4379,13.4379,False,2.6448,3.0088,0.3641,10.4291
2021101009,4403,43461,Rashard Higgins,WR,False,CLE,5,True,6,20.0904,0.9554,0.4554,6.1476,2.2219,2.0711,1,3,2,12.4184,69.2724,1.6604,3.63,-1.1253,1.95,-0.1476,-0.1476,False,1.9677,0.716,-1.2517,-0.8636
2021101009,4427,44898,Kareem Hunt,RB,False,CLE,5,True,3,8.1773,0.3889,0.0,0.92,2.9549,0.85,2,4,1,25.75,69.09,-1.5772,5.65,0.9976,0.49,2.08,2.08,False,9.8095,8.0578,-1.7517,-5.9778
2021101009,4451,44898,Kareem Hunt,RB,False,CLE,5,True,2,9.7652,0.4644,0.0,0.23,4.6648,4.64,1,2,1,12.12,65.93,4.2353,6.11,2.1527,2.08,1.77,1.77,False,4.0949,3.8838,-0.211,-2.1138
2021101009,4496,44841,David Njoku,TE,True,CLE,5,True,10,18.2016,0.8656,0.3656,9.2402,1.0222,0.5715,1,2,0,19.9238,54.8698,0.3932,1.73,0.4931,1.87,0.7598,0.7598,False,1.9256,0.6922,-1.2333,0.0675
2021101010,412,43362,Kenyan Drake,RB,False,LV,5,True,6,14.5081,0.6899,0.1899,2.5227,3.4422,2.1976,1,1,0,20.1501,63.5573,2.5266,5.7,1.7519,1.74,3.4773,3.4773,False,2.7128,3.1223,0.4095,0.3549
2021101010,835,41290,Allen Robinson,WR,False,CHI,5,True,4,11.7495,0.5587,0.0587,4.0367,2.7348,2.7347,2,5,2,16.9668,80.2533,5.1815,1.1,-0.2257,4.08,-0.0367,-0.0367,False,0.7495,1.4628,0.7133,-1.4996
2021101010,874,41712,Damien Williams,RB,False,CHI,5,True,18,9.911,0.4713,0.0,4.49,7.4279,-7.24,0,2,0,26.03,61.05,-2.3797,3.13,2.9748,4.19,13.51,13.51,False,13.2341,8.7102,-4.5239,4.7998
2021101010,943,41290,Allen Robinson,WR,False,CHI,5,True,7,20.3178,0.9662,0.4662,7.5904,1.8763,1.1516,1,1,0,4.316,23.6496,-0.2189,1.97,1.5025,4.26,-0.5904,-0.5904,False,1.9505,1.4657,-0.4848,-2.0561
2021101010,1120,48700,Jesper Horsted,TE,True,CHI,5,True,2,15.8642,0.7544,0.2544,9.8703,0.2369,-0.1546,2,5,0,8.8928,0.0,1.3089,2.9,-0.1169,3.38,-7.8703,-5.0,True,-4.6428,-4.0689,0.5739,-0.9311
2021101010,1479,52581,Darnell Mooney,WR,False,CHI,5,True,15,13.8141,0.6569,0.1569,4.2834,5.9403,-0.4397,0,4,2,8.8117,57.5766,-1.3292,7.51,0.0852,1.59,10.7166,10.7166,False,4.1631,1.7226,-2.4405,8.994
2021101010,1552,40026,Marquise Goodwin,WR,False,CHI,5,True,8,16.3644,0.7782,0.2782,6.7355,3.3109,2.8618,1,2,1,15.058,36.7645,3.5432,2.11,2.1046,3.92,1.2645,1.2645,False,2.1056,2.8619,0.7563,-1.5973
2021101010,1621,41290,Allen Robinson,WR,False,CHI,5,True,12,16.1433,0.7677,0.2677,5.4085,2.1855,1.053,1,2,1,12.4981,26.7215,-0.4558,6.81,0.2187,1.42,6.5915,6.5915,False,3.5999,3.7582,0.1582,2.8333
2021101010,1937,52451,Cole Kmet,TE,True,CHI,5,True,8,12.6888,0.6034,0.1034,6.5036,3.1006,2.8535,1,3,1,17.1293,53.5164,1.6625,2.9,0.7114,1.84,1.4964,1.4964,False,2.4353,2.123,-0.3123,-0.6266
2021101010,2284,44849,Zay Jones,WR,False,LV,5,True,6,15.64,0.7437,0.2437,4.9684,4.6418,4.2878,1,2,2,7.5278,74.3816,1.6459,6.34,0.4036,3.65,1.0316,1.0316,False,2.1825,1.7631,-0.4194,-0.7315
2021101010,2484,47932,Hunter Renfrow,WR,False,LV,5,True,17,23.6227,1.1233,0.6233,15.2851,7.219,5.0493,0,1,0,7.0964,74.0849,1.0777,6.79,4.3235,3.61,1.7149,1.7149,False,4.338,4.6887,0.3506,-2.9737
2021101010,2513,47807,Josh Jacobs,RB,False,LV,5,True,5,7.8737,0.3744,0.0,-1.56,5.7542,-1.28,0,4,1,22.13,74.08,-0.8751,2.35,1.9234,2.18,6.56,6.56,False,10.5008,10.9134,0.4127,-4.3534
2021101010,2599,42547,Darren Waller,TE,True,LV,5,True,6,26.086,1.2405,0.7405,3.3093,11.1741,11.1589,0,0,0,6.6632,66.4807,1.7703,0.67,-0.4196,3.87,2.6907,2.6907,False,3.8066,4.908,1.1013,-2.2173
2021101010,2668,41290,Allen Robinson,WR,False,CHI,5,True,9,19.7849,0.9408,0.4408,5.848,0.5685,0.5371,1,2,1,5.4739,71.222,0.1791,1.27,1.2657,4.4,3.152,3.152,False,0.1568,-0.3744,-0.5312,3.5264
2021101010,2715,52581,Darnell Mooney,WR,False,CHI,5,True,7,12.8367,0.6104,0.1104,5.9793,2.8967,2.2864,1,2,2,23.0752,60.0507,3.3136,0.81,0.8086,3.56,1.0207,1.0207,False,1.9093,1.9368,0.0275,-0.9161
2021101010,2810,52420,Henry Ruggs,WR,False,LV,5,True,18,19.1361,0.91,0.41,14.0217,2.209,1.5283,1,3,1,23.7164,56.7783,-1.0706,7.56,3.2237,3.41,3.9783,3.9783,False,4.6103,6.2876,1.6773,-2.3093
2021101010,2862,47807,Josh Jacobs,RB,False,LV,5,True,2,18.085,0.86,0.36,-1.7202,5.356,4.0212,0,2,2,6.8218,50.7002,4.1266,0.76,-0.4449,0.87,3.7202,3.7202,False,5.2689,5.0831,-0.1858,-1.3629
2021101010,3036,52420,Henry Ruggs,WR,False,LV,5,True,4,16.1673,0.7688,0.2688,5.6293,4.9592,4.9542,1,2,1,9.6866,25.8107,1.3787,7.27,0.2207,3.95,-1.6293,-1.6293,False,3.8809,4.4813,0.6004,-6.1107
2021101010,3121,47932,Hunter Renfrow,WR,False,LV,5,True,6,7.4883,0.3561,0.0,-1.08,4.3737,-2.13,1,4,1,10.12,14.53,-3.9573,8.31,0.8989,1.45,7.08,7.08,False,10.0783,8.5121,-1.5662,-1.4321
2021101010,3166,41500,Willie Snead,WR,False,LV,5,True,3,10.4231,0.4957,0.0,3.12,1.5081,1.01,1,7,3,24.99,2.91,2.3342,1.74,0.0647,1.92,-0.12,-0.12,False,-0.0331,-0.0945,-0.0614,-0.0255
2021101010,3406,52581,Darnell Mooney,WR,False,CHI,5,True,13,18.7496,0.8916,0.3916,13.3041,1.4657,-0.6479,2,3,1,26.21,59.9859,2.8267,2.29,2.283,4.64,-0.3041,-0.3041,False,3.5812,3.5938,0.0125,-3.8978
2021101010,3436,52451,Cole Kmet,TE,True,CHI,5,True,14,15.7423,0.7486,0.2486,9.8715,0.9033,0.3218,1,2,1,21.9571,50.3985,1.6368,5.99,2.9423,3.34,4.1285,4.1285,False,0.4833,2.3808,1.8975,1.7477
2021101010,3685,47932,Hunter Renfrow,WR,False,LV,5,True,12,23.0414,1.0957,0.5957,12.3926,1.1052,1.1029,1,3,1,15.6275,69.4274,4.5001,0.47,0.1387,3.02,-0.3926,-0.3926,False,0.7017,-0.635,-1.3367,0.2424
2021101010,3909,42547,Darren Waller,TE,True,LV,5,True,7,16.7742,0.7977,0.2977,5.573,5.1051,5.0843,0,1,1,6.5582,75.857,1.6568,7.15,1.3202,1.72,1.427,1.427,False,2.2307,2.5228,0.2921,-1.0958
2021101010,3933,52489,Bryan Edwards,WR,False,LV,5,True,10,24.0134,1.1419,0.6419,10.7265,0.5739,0.5206,1,2,2,17.2877,63.4235,3.8026,2.58,-1.8749,2.77,-0.7265,-0.7265,False,-0.0553,0.0957,0.151,-0.8222
2021101011,85,40078,Kyle Juszczyk,FB,False,SF,5,True,16,17.0547,0.811,0.311,8.0969,5.042,2.2862,0,2,0,8.2021,52.9631,1.4319,5.67,2.466,0.82,7.9031,7.9031,False,5.2528,6.322,1.0692,1.5811
2021101011,156,46116,Christian Kirk,WR,False,ARI,5,True,7,14.5892,0.6938,0.1938,5.4403,1.6673,-0.1163,1,1,0,16.2302,60.7097,-0.0322,6.02,1.4981,2.0,1.5597,1.5597,False,5.0685,4.3949,-0.6736,-2.8352
2021101011,222,46116,Christian Kirk,WR,False,ARI,5,True,8,16.4465,0.7821,0.2821,5.971,3.352,-0.5916,2,4,1,17.1288,47.419,-0.8054,0.15,0.1097,0.76,2.029,2.029,False,6.092,4.6531,-1.4389,-2.624
2021101011,672,46116,Christian Kirk,WR,False,ARI,5,True,9,11.5114,0.5474,0.0474,6.8257,5.6699,5.5342,0,5,1,24.2768,64.9443,7.1047,5.92,4.7607,2.66,2.1743,2.1743,False,2.2817,3.8035,1.5218,-1.6292
2021101011,794,47819,Deebo Samuel,WR,False,SF,5,True,26,24.7277,1.1759,0.6759,20.7111,13.7075,13.5997,0,0,0,9.8094,44.2989,-4.2297,7.83,0.194,2.53,5.2889,5.2889,False,8.1111,9.6369,1.5258,-4.3481
2021101011,886,52433,Brandon Aiyuk,WR,False,SF,5,True,6,21.6251,1.0284,0.5284,8.1317,0.4184,0.4169,1,1,1,3.7541,23.9483,0.3382,2.5,2.0094,5.84,-2.1317,-2.1317,False,1.9815,-1.3824,-3.3638,-0.7493
2021101011,1109,39973,DeAndre Hopkins,WR,False,ARI,5,True,23,25.4939,1.2123,0.7123,16.4955,1.401,-1.3878,1,1,0,3.0515,80.3545,-0.691,6.52,6.4935,1.81,6.5045,6.5045,False,13.0845,10.454,-2.6305,-3.9495
2021101011,1289,53478,Rondale Moore,WR,False,ARI,5,True,33,35.9571,1.7099,1.2099,33.0626,0.389,0.3459,1,2,1,2.8397,20.0574,-1.0891,7.48,7.3499,2.05,-0.0626,-0.0626,False,-2.5292,5.8447,8.3739,-5.9074
2021101011,1501,40078,Kyle Juszczyk,FB,False,SF,5,True,1,15.31,0.728,0.228,-4.3902,10.2247,9.6725,0,0,0,9.8435,81.8202,6.6183,5.92,1.4903,2.71,5.3902,5.3902,False,8.4421,6.7806,-1.6615,-1.3904
2021101011,1596,39973,DeAndre Hopkins,WR,False,ARI,5,True,9,22.1804,1.0548,0.5548,5.0507,2.1531,2.0252,1,1,1,4.29,63.2893,-0.9005,1.19,-0.9181,4.5,3.9493,3.9493,False,0.1711,1.5616,1.3905,2.3877
2021101011,1647,42398,Maxx Williams,TE,True,ARI,5,True,14,13.0324,0.6197,0.1197,-1.5599,8.503,-3.2116,0,2,1,14.6585,60.6299,-7.8289,5.75,2.0887,0.4,15.5599,15.5599,False,11.391,9.1296,-2.2614,6.4303
2021101011,1774,39973,DeAndre Hopkins,WR,False,ARI,5,True,5,15.1395,0.7199,0.2199,2.4198,0.7082,0.6111,1,3,1,12.842,33.5902,1.9875,5.77,3.2274,1.96,2.5802,2.5802,False,1.7948,3.2161,1.4213,-0.6359
2021101011,1880,53478,Rondale Moore,WR,False,ARI,5,True,8,15.6168,0.7426,0.2426,3.2831,8.2339,-3.1972,0,4,1,22.529,47.9369,2.2064,1.15,0.0128,4.45,4.7169,4.7169,False,5.091,7.3943,2.3032,-2.6774
2021101011,2112,40078,Kyle Juszczyk,FB,False,SF,5,True,18,12.0608,0.5735,0.0735,2.9142,6.0036,6.0028,0,1,1,11.8651,60.6758,-1.3039,6.23,2.9133,2.22,15.0858,15.0858,False,5.9274,9.6473,3.7199,5.4385
2021101011,2141,47819,Deebo Samuel,WR,False,SF,5,True,13,24.4616,1.1632,0.6632,7.2524,5.2604,3.8449,0,1,1,0.629,38.7976,3.4164,2.8,-2.7404,3.04,5.7476,5.7476,False,0.9532,0.8825,-0.0707,4.865
2021101011,2253,46331,Ross Dwelley,TE,True,SF,5,True,12,17.4489,0.8298,0.3298,11.0597,1.9732,1.8949,1,2,1,19.9499,41.0303,6.9984,2.32,2.3039,3.07,0.9403,0.9403,False,-0.1431,0.5783,0.7214,0.362
2021101011,2294,38613,Mohamed Sanu,WR,False,SF,5,True,6,21.4337,1.0192,0.5192,9.051,3.7627,3.4137,1,2,1,7.7197,31.089,1.977,6.01,1.1766,4.75,-3.051,-3.051,True,1.4971,0.9054,-0.5918,-3.9563
2021101011,2355,52598,Charlie Woerner,TE,True,SF,5,True,4,14.1411,0.6725,0.1725,3.289,3.0703,1.1314,2,2,1,13.6258,40.781,7.475,2.95,-0.7017,1.46,0.711,0.711,False,1.8091,1.0875,-0.7216,-0.3765
2021101011,2482,46203,Chase Edmonds,RB,False,ARI,5,True,7,8.2899,0.3942,0.0,-1.66,8.9386,-7.64,0,1,0,18.27,98.42,-6.5669,5.48,1.3526,1.37,8.66,8.66,False,11.8745,10.6226,-1.2519,-1.9626
2021101011,2619,52433,Brandon Aiyuk,WR,False,SF,5,True,26,26.4209,1.2564,0.7564,11.6557,0.6407,-0.2048,1,2,0,15.4809,63.1643,-0.2895,3.6,-1.8168,1.2,14.3443,14.3443,False,2.9882,0.0827,-2.9055,14.2616
2021101011,2817,46116,Christian Kirk,WR,False,ARI,5,True,9,12.2916,0.5845,0.0845,5.9346,3.5583,0.4422,1,3,0,25.6741,54.7954,-0.8779,5.14,1.8294,1.12,3.0654,3.0654,False,5.3968,5.9385,0.5417,-2.8731
2021101011,2972,53623,Elijah Mitchell,RB,False,SF,5,True,5,13.513,0.6426,0.1426,2.3738,3.6522,3.3624,1,1,1,15.0025,79.8162,1.2875,6.8,0.4471,2.49,2.6262,2.6262,False,2.9798,1.9146,-1.0652,0.7117
2021101011,3124,46331,Ross Dwelley,TE,True,SF,5,True,13,17.1945,0.8177,0.3177,11.7441,2.7714,2.1787,1,5,2,21.2688,49.7659,5.381,2.5,2.4998,3.57,1.2559,1.2559,False,0.8649,0.8128,-0.0522,0.4432
2021101011,3423,39973,DeAndre Hopkins,WR,False,ARI,5,True,30,35.3115,1.6792,1.1792,28.0351,2.6988,-2.489,1,1,0,3.2374,11.7349,-1.0067,7.09,5.8388,3.89,1.9649,1.9649,False,12.8067,7.5742,-5.2326,-5.6092
2021101011,3503,47819,Deebo Samuel,WR,False,SF,5,True,26,25.9792,1.2354,0.7354,21.2071,1.41,-0.4854,1,2,0,6.8784,53.8129,1.6046,7.46,0.9479,2.36,4.7929,4.7929,False,12.7029,2.0568,-10.6461,2.7361
2021101011,3527,38613,Mohamed Sanu,WR,False,SF,5,True,13,17.2828,0.8219,0.3219,7.2533,2.6163,1.0792,1,1,0,11.1716,42.9467,-0.4155,7.48,1.1598,4.43,5.7467,5.7467,False,4.4788,2.6665,-1.8123,3.0802
2021101011,3686,39973,DeAndre Hopkins,WR,False,ARI,5,True,11,28.9994,1.379,0.879,13.8879,6.1374,5.7461,0,1,1,0.6859,59.4821,-2.1877,4.5,-1.7771,4.98,-2.8879,-2.8879,False,1.1968,-0.4689,-1.6657,-2.419
2021101012,428,43293,Ezekiel Elliott,RB,False,DAL,5,True,10,22.2604,1.0586,0.5586,5.9163,7.7485,1.4193,0,1,0,1.8275,37.7537,-2.4236,3.95,0.441,2.43,4.0837,4.0837,False,1.8776,3.943,2.0654,0.1407
2021101012,531,46206,Dalton Schultz,TE,True,DAL,5,True,8,14.9564,0.7112,0.2112,4.7774,2.2827,2.1519,2,2,1,22.7637,18.6126,3.1195,4.61,-0.0595,2.82,3.2226,3.2226,False,1.2597,0.3826,-0.877,2.8399
2021101012,839,45052,Noah Brown,WR,False,DAL,5,True,6,13.434,0.6388,0.1388,5.7854,0.8625,0.5494,1,2,1,19.9091,29.0346,0.9968,8.58,0.1827,1.04,0.2146,0.2146,False,0.3763,1.2832,0.9068,-1.0685
2021101012,1157,47911,Tony Pollard,RB,False,DAL,5,True,2,13.8892,0.6605,0.1605,-3.5509,10.9359,10.6252,0,0,0,12.4114,55.7709,2.9331,4.7,2.1753,2.68,5.5509,5.5509,False,7.2127,9.3262,2.1134,-3.7752
2021101012,1181,52425,CeeDee Lamb,WR,False,DAL,5,True,49,27.1771,1.2924,0.7924,23.0726,1.2993,-0.9629,1,1,0,5.4545,26.5674,-0.3561,9.15,9.1278,1.17,25.9274,25.9274,False,17.1232,16.1277,-0.9955,9.7998
2021101012,1283,53449,Kadarius Toney,WR,False,NYG,5,True,38,32.4974,1.5454,1.0454,30.7017,3.2301,-2.9486,1,1,0,2.9784,43.9583,-1.5259,9.25,8.9841,3.01,7.2983,7.2983,False,16.0188,15.7288,-0.29,-8.4306
2021101012,1455,47911,Tony Pollard,RB,False,DAL,5,True,6,17.8101,0.8469,0.3469,5.4556,5.5487,5.5332,0,2,1,4.1204,75.6344,-1.1413,5.82,0.5639,2.93,0.5444,0.5444,False,1.5128,0.6828,-0.8301,-0.1384
2021101012,1520,46206,Dalton Schultz,TE,True,DAL,5,True,8,19.942,0.9483,0.4483,8.908,0.8408,0.77,2,3,1,17.4374,65.962,3.1101,3.17,-1.3652,2.44,-0.908,-0.908,False,-0.3039,-0.5264,-0.2225,-0.3816
2021101012,1611,53449,Kadarius Toney,WR,False,NYG,5,True,5,11.9566,0.5686,0.0686,4.4648,1.04,0.8047,1,3,1,16.8465,82.3652,0.9525,4.6,-0.5128,3.22,0.5352,0.5352,False,-0.1103,0.0381,0.1484,0.4971
2021101012,1635,53449,Kadarius Toney,WR,False,NYG,5,True,9,12.2362,0.5819,0.0819,3.9698,3.9845,0.7845,1,1,0,9.4644,77.9702,-2.5557,8.66,0.8526,2.34,5.0302,5.0302,False,6.6324,7.1626,0.5302,-2.1324
2021101012,1778,53449,Kadarius Toney,WR,False,NYG,5,True,28,16.9544,0.8062,0.3062,5.3553,2.5046,-0.9478,2,3,2,17.639,24.4847,1.1774,2.98,0.4744,0.97,22.6447,22.6447,False,2.8888,3.1206,0.2318,19.5241
2021101012,1963,46206,Dalton Schultz,TE,True,DAL,5,True,11,14.43,0.6862,0.1862,6.3474,3.8005,2.4355,1,2,1,26.6483,71.4926,4.1579,1.11,0.4155,3.61,4.6526,4.6526,False,1.413,1.6362,0.2232,3.0165
2021101012,1987,42347,Amari Cooper,WR,False,DAL,5,True,21,28.182,1.3402,0.8402,21.3005,0.8522,0.8037,1,3,1,9.4714,44.8995,-0.6048,7.34,7.3087,3.21,-0.3005,-0.3005,False,-0.708,7.8086,8.5166,-8.109
2021101012,2048,46206,Dalton Schultz,TE,True,DAL,5,True,7,14.8241,0.7049,0.2049,6.0095,2.619,1.6089,1,3,1,23.9313,40.4105,5.5118,1.34,0.9734,2.06,0.9905,0.9905,False,1.3904,1.0492,-0.3412,-0.0587
2021101012,2072,46206,Dalton Schultz,TE,True,DAL,5,True,15,19.8236,0.9427,0.4427,14.4982,5.8625,5.8251,0,3,1,26.5303,25.8818,7.6831,5.6,2.3,1.64,0.5018,0.5018,False,2.6555,3.6417,0.9862,-3.1399
2021101012,2118,42347,Amari Cooper,WR,False,DAL,5,True,24,26.7402,1.2716,0.7716,22.4637,3.4682,-3.4474,1,2,0,15.1122,2.1463,-2.9169,7.42,6.9515,0.4,1.5363,1.5363,False,1.0076,1.9057,0.8981,-0.3694
2021101012,2236,53449,Kadarius Toney,WR,False,NYG,5,True,35,24.7131,1.1752,0.6752,16.559,5.0878,0.429,0,1,0,13.0451,58.751,-1.3843,6.18,1.1092,2.43,18.441,18.441,False,8.2361,6.0734,-2.1627,12.3677
2021101012,2514,46206,Dalton Schultz,TE,True,DAL,5,True,30,21.6787,1.0309,0.5309,21.852,1.7893,-1.1436,1,2,0,18.074,39.918,0.107,7.22,4.9388,1.82,8.148,8.148,False,9.4469,5.171,-4.276,2.977
2021101012,2563,42347,Amari Cooper,WR,False,DAL,5,True,15,18.3818,0.8741,0.3741,16.0714,2.811,1.9142,1,4,0,18.4059,12.9586,1.7243,7.05,4.7883,3.74,-1.0714,-1.0714,False,4.1518,4.1303,-0.0215,-5.2017
2021101012,2687,43293,Ezekiel Elliott,RB,False,DAL,5,True,4,10.0005,0.4756,0.0,-5.51,9.0736,6.03,0,2,0,16.36,10.66,3.1354,6.5,3.0265,2.09,9.51,9.51,False,7.2417,10.7409,3.4992,-1.2309
2021101012,2822,45052,Noah Brown,WR,False,DAL,5,True,8,14.5561,0.6922,0.1922,7.2878,1.2231,1.2112,1,2,1,22.3393,59.0722,3.9213,0.65,-0.1677,3.78,0.7122,0.7122,False,0.5062,-0.1528,-0.6589,0.865
2021101012,2961,47911,Tony Pollard,RB,False,DAL,5,True,13,9.5863,0.4559,0.0,0.39,5.1959,-4.07,0,3,1,15.6,33.76,-2.0442,3.81,3.7011,2.15,12.61,12.61,False,7.0635,9.3933,2.3298,3.2167
2021101012,3060,53449,Kadarius Toney,WR,False,NYG,5,True,26,21.3422,1.0149,0.5149,14.9614,1.6476,-0.3498,1,2,0,6.0426,59.4386,0.0133,8.91,8.6064,2.08,11.0386,11.0386,False,8.3621,18.7599,10.3977,-7.7213
2021101012,3205,44835,Evan Engram,TE,True,NYG,5,True,13,19.3457,0.92,0.42,11.3425,3.042,1.8689,1,1,0,4.1059,9.1975,2.4072,7.58,6.6019,2.21,1.6575,1.6575,False,1.0627,3.5238,2.4611,-1.8663
2021101012,3379,52425,CeeDee Lamb,WR,False,DAL,5,True,18,32.8135,1.5604,1.0604,12.8645,7.7183,7.6882,0,1,1,5.1054,72.0955,-0.191,2.34,-1.7687,4.73,5.1355,5.1355,False,2.7462,2.8073,0.0611,2.3282
2021101012,3484,46277,Cedrick Wilson,WR,False,DAL,5,True,35,30.2791,1.4399,0.9399,25.0968,1.7529,-1.391,1,1,0,6.519,27.5632,-0.282,9.18,9.168,0.54,9.9032,9.9032,False,15.7736,19.1782,3.4046,-9.275
2021101012,3612,53449,Kadarius Toney,WR,False,NYG,5,True,16,17.8134,0.8471,0.3471,4.8209,6.2053,6.2028,0,3,2,11.8997,71.3291,0.9404,3.29,0.2043,1.53,11.1791,11.1791,False,2.6662,3.9062,1.2401,7.2729
2021101012,3636,37118,Kyle Rudolph,TE,True,NYG,5,True,14,18.0114,0.8565,0.3565,13.1073,1.7939,1.6475,2,2,1,19.0822,46.6627,3.2867,6.03,3.8913,3.48,0.8927,0.8927,False,-0.2941,0.7971,1.0912,0.0957
2021101012,3660,53449,Kadarius Toney,WR,False,NYG,5,True,13,17.8382,0.8483,0.3483,8.2359,4.7801,4.5024,1,2,1,16.2413,38.3041,2.0786,5.03,1.596,2.89,4.7641,4.7641,False,3.8615,3.9966,0.1351,0.7675
2021101012,3695,43425,Devontae Booker,RB,False,NYG,5,True,10,3.5286,0.1678,0.0,-4.14,3.2401,-1.85,2,4,0,15.82,37.69,-2.1644,5.01,1.5074,1.87,14.14,14.14,False,10.3192,8.5752,-1.7439,5.5648
2021101012,3757,44821,John Ross,WR,False,NYG,5,True,13,30.2921,1.4405,0.9405,17.087,2.0511,2.0433,1,3,1,5.1722,26.403,1.373,1.81,1.4429,6.5,-4.087,-4.087,True,0.5131,-0.3197,-0.8329,-3.7673
2021101012,3786,44835,Evan Engram,TE,True,NYG,5,True,11,14.1548,0.6731,0.1731,7.948,3.4706,2.5712,2,3,1,24.7511,21.732,4.6782,3.66,1.317,3.97,3.052,3.052,False,2.142,1.5445,-0.5975,1.5075
2021101012,3843,43425,Devontae Booker,RB,False,NYG,5,True,7,14.1405,0.6724,0.1724,5.4507,3.6409,3.2573,1,3,2,10.8343,5.5793,1.1647,5.87,2.0921,5.59,1.5493,1.5493,False,1.5215,1.2291,-0.2924,0.3202
2021101012,3948,43425,Devontae Booker,RB,False,NYG,5,True,3,12.2674,0.5834,0.0834,0.4022,6.8988,6.7001,0,1,1,14.1593,4.6378,1.8433,6.61,-0.2134,1.43,2.5978,2.5978,False,3.4973,3.4979,0.0007,-0.9002
2021101012,4089,47911,Tony Pollard,RB,False,DAL,5,True,7,20.6078,0.98,0.48,-0.4343,2.9242,2.4469,1,1,1,4.4616,42.3443,1.7528,1.78,-0.3424,3.94,7.4343,7.4343,False,2.4161,4.484,2.0679,2.9503
2021101012,4326,44835,Evan Engram,TE,True,NYG,5,True,13,18.9985,0.9034,0.4034,11.7635,2.9034,-0.2065,1,2,0,13.4757,64.5065,-1.2153,6.67,3.8258,5.43,1.2365,1.2365,False,8.9417,5.7737,-3.168,-4.5372
2021101013,97,43454,Tyreek Hill,WR,False,KC,5,True,12,10.095,0.4801,0.0,2.74,2.6651,0.95,2,6,1,25.35,66.78,0.3297,7.84,1.6274,1.37,9.26,9.26,False,4.9085,5.507,0.5985,3.753
2021101013,424,46522,Byron Pringle,WR,False,KC,5,True,6,11.1377,0.5296,0.0296,3.4059,2.8398,2.6698,1,4,1,25.8867,19.6141,2.5968,1.8,0.8732,2.67,2.5941,2.5941,False,3.4572,2.2767,-1.1805,0.3174
2021101013,666,47879,Dawson Knox,TE,True,BUF,5,True,23,24.5245,1.1662,0.6662,20.1174,3.3148,-3.1798,1,2,1,17.6287,25.0326,1.0462,8.11,3.7485,1.8,2.8826,2.8826,False,5.3689,4.9642,-0.4047,-2.0815
2021101013,1068,40011,Travis Kelce,TE,True,KC,5,True,15,20.7545,0.987,0.487,13.7569,2.7229,-0.9068,1,3,0,13.8079,55.9431,-0.0177,8.01,1.4927,2.73,1.2431,1.2431,False,10.576,5.4008,-5.1752,-4.1576
2021101013,1216,39646,Josh Gordon,WR,False,KC,5,True,11,27.4365,1.3047,0.8047,10.8046,4.2282,3.2626,1,3,1,11.2277,34.2454,-0.2007,6.44,-0.0191,2.72,0.1954,0.1954,False,2.9534,1.4367,-1.5167,-1.2413
2021101013,1240,41325,Jerick McKinnon,RB,False,KC,5,True,9,7.4247,0.3531,0.0,-1.54,7.2039,-1.66,0,3,0,14.13,35.63,-3.6243,5.85,2.2481,0.76,10.54,10.54,False,11.4659,11.8668,0.4009,-1.3268
2021101013,1383,46522,Byron Pringle,WR,False,KC,5,True,5,17.3639,0.8257,0.3257,13.4488,1.0588,-0.7408,1,4,0,6.211,0.0,0.4859,3.53,1.6234,1.94,-8.4488,-5.0,True,-3.6653,-4.7254,-1.0602,-0.2746
2021101013,1488,42489,Stefon Diggs,WR,False,BUF,5,True,8,9.2364,0.4392,0.0,1.16,2.0634,-0.31,1,5,1,18.7,66.06,-2.235,7.59,0.3946,2.39,6.84,6.84,False,8.615,5.8245,-2.7905,1.0155
2021101013,1512,52494,Zack Moss,RB,False,BUF,5,True,24,11.032,0.5246,0.0246,3.9585,7.1375,6.1436,0,2,1,25.3343,55.1115,-3.2596,1.85,1.5649,1.8,20.0415,20.0415,False,9.6837,10.6663,0.9827,9.3751
2021101013,1536,35521,Emmanuel Sanders,WR,False,BUF,5,True,35,33.907,1.6124,1.1124,31.2405,1.5257,-1.379,1,1,0,12.1765,3.8795,-1.0355,7.78,7.6326,0.5,3.7595,3.7595,False,7.5878,5.8586,-1.7292,-2.0992
2021101013,1620,47839,Mecole Hardman,WR,False,KC,5,True,8,15.6762,0.7455,0.2455,7.6848,2.6921,2.1438,1,3,1,5.54,64.5352,1.9184,5.67,0.9973,3.48,0.3152,0.3152,False,0.4122,0.0764,-0.3357,0.2388
2021101013,1738,42489,Stefon Diggs,WR,False,BUF,5,True,61,34.0903,1.6211,1.1211,38.1413,7.2246,-2.0045,0,1,0,19.9764,34.0587,-2.2236,8.89,8.7603,0.75,22.8587,22.8587,False,21.4302,26.3488,4.9186,-3.4901
2021101013,1983,40011,Travis Kelce,TE,True,KC,5,True,10,18.2586,0.8683,0.3683,10.8803,1.4364,0.5999,2,2,1,15.3763,31.1897,0.483,6.12,-0.7596,1.2,-0.8803,-0.8803,False,1.0948,0.1442,-0.9506,-1.0245
2021101013,2070,47879,Dawson Knox,TE,True,BUF,5,True,53,31.5539,1.5005,1.0005,35.7134,6.3847,-5.7216,0,1,0,4.0852,18.0266,-1.9285,5.99,5.9704,1.08,17.2866,17.2866,False,8.6693,6.0211,-2.6481,11.2655
2021101013,2126,47839,Mecole Hardman,WR,False,KC,5,True,6,18.0875,0.8601,0.3601,0.7902,5.6216,5.6214,0,1,1,4.5935,74.4598,3.8252,1.51,0.4726,2.21,5.2098,5.2098,False,3.7222,3.7691,0.0469,1.4406
2021101013,2210,47839,Mecole Hardman,WR,False,KC,5,True,26,26.7036,1.2699,0.7699,14.5852,5.4,-1.1253,0,1,0,1.2454,45.4448,-2.0024,8.84,7.6316,2.57,11.4148,11.4148,False,9.4051,17.9872,8.5821,-6.5725
2021101013,2244,40011,Travis Kelce,TE,True,KC,5,True,17,14.9398,0.7104,0.2104,7.0914,5.0453,3.2267,0,2,0,20.7789,26.9886,-3.1128,5.93,2.8104,1.78,9.9086,9.9086,False,9.1878,10.7403,1.5525,-0.8317
2021101013,2340,40011,Travis Kelce,TE,True,KC,5,True,8,18.324,0.8714,0.3714,11.8339,2.562,2.0062,1,1,1,16.9873,32.3461,1.9175,5.84,2.9456,4.16,-3.8339,-3.8339,True,1.6879,2.1588,0.4709,-5.9927
2021101013,2644,40011,Travis Kelce,TE,True,KC,5,True,12,9.0538,0.4305,0.0,2.57,5.0859,3.87,0,4,1,24.14,76.52,-0.6233,7.09,1.6202,2.07,9.43,9.43,False,7.3954,7.333,-0.0623,2.097
2021101013,2668,43415,Demarcus Robinson,WR,False,KC,5,True,8,16.0089,0.7613,0.2613,5.386,3.3197,0.8113,1,2,0,13.6718,61.844,-0.0145,5.75,0.7883,1.39,2.614,2.614,False,6.4371,4.8374,-1.5997,-2.2234
2021101013,2773,47879,Dawson Knox,TE,True,BUF,5,True,41,38.6053,1.8358,1.3358,36.584,1.8425,0.6631,1,1,0,8.4563,44.486,-3.3841,6.6,4.6219,2.3,4.416,4.416,False,9.0729,7.2281,-1.8448,-2.8121
2021101013,2818,48011,Tommy Sweeney,TE,True,BUF,5,True,1,13.7353,0.6532,0.1532,0.1499,5.0168,5.0126,0,2,1,9.7774,40.9601,3.8927,3.31,0.7828,3.08,0.8501,0.8501,False,5.7822,5.2567,-0.5256,-4.4066
2021101013,3089,42460,Blake Bell,TE,True,KC,5,True,4,12.2482,0.5824,0.0824,3.176,1.2581,1.2469,1,2,1,18.8629,71.904,1.2917,4.82,-0.1699,3.2,0.824,0.824,False,1.0975,0.4959,-0.6015,0.3281
2021101013,3113,43454,Tyreek Hill,WR,False,KC,5,True,3,12.0802,0.5745,0.0745,0.7217,2.943,2.2256,1,2,1,14.2607,70.9583,0.2862,4.29,-0.1116,1.89,2.2783,2.2783,False,6.1444,4.0516,-2.0928,-1.7732
2021101013,3175,40011,Travis Kelce,TE,True,KC,5,True,11,15.7222,0.7476,0.2476,5.3032,0.6916,0.635,1,3,2,7.7264,48.4768,3.8176,2.36,-2.2079,4.14,5.6968,5.6968,False,-0.7059,0.6796,1.3855,5.0172
2021101013,3220,47839,Mecole Hardman,WR,False,KC,5,True,8,22.8924,1.0886,0.5886,2.8843,10.6018,10.5656,0,0,0,1.3242,30.2257,3.9493,3.75,1.0097,1.67,5.1157,5.1157,False,1.5327,4.283,2.7503,0.8327
2021101013,3281,43454,Tyreek Hill,WR,False,KC,5,True,17,20.078,0.9548,0.4548,13.7959,4.3866,-4.3523,1,3,1,8.6358,11.2741,1.766,6.94,2.9154,2.99,3.2041,3.2041,False,4.5337,4.56,0.0263,-1.3558
2021101013,3429,46526,Darrel Williams,RB,False,KC,5,True,6,16.4077,0.7802,0.2802,0.2619,9.8129,9.76,0,1,1,6.8497,51.7181,-0.2016,6.45,0.5779,2.28,5.7381,5.7381,False,7.7642,5.8975,-1.8667,-0.1594
2021101013,3453,46526,Darrel Williams,RB,False,KC,5,True,8,13.4382,0.639,0.139,0.903,8.4686,8.466,0,1,1,9.0771,45.197,-0.2307,5.25,2.0353,2.63,7.097,7.097,False,8.794,9.0916,0.2975,-1.9946
2021101013,3477,47839,Mecole Hardman,WR,False,KC,5,True,5,12.3082,0.5853,0.0853,4.7573,5.5401,4.7871,0,5,2,23.6706,34.6027,-0.0291,2.01,0.2024,3.88,0.2427,0.2427,False,4.7827,2.5742,-2.2085,-2.3315
2021101013,3537,43454,Tyreek Hill,WR,False,KC,5,True,5,4.484,0.2132,0.0,-5.14,3.3092,-0.88,1,3,1,13.78,20.14,-5.7938,8.29,0.1881,2.12,10.14,10.14,False,10.297,7.0063,-3.2906,3.1337
2021101013,3585,46526,Darrel Williams,RB,False,KC,5,True,4,20.1354,0.9575,0.4575,1.1975,10.9708,6.5065,0,0,0,5.1463,8.7125,1.1529,4.03,1.1749,4.66,2.8025,2.8025,False,7.239,5.8966,-1.3424,-3.0941
2021101013,3980,52494,Zack Moss,RB,False,BUF,5,True,16,7.0315,0.3344,0.0,-4.27,4.0801,0.02,1,3,0,13.08,59.98,-1.5994,5.68,2.1342,1.19,20.27,20.27,False,7.4711,9.5434,2.0723,10.7266
2021101013,4004,52536,Gabe Davis,WR,False,BUF,5,True,16,16.0306,0.7623,0.2623,11.879,1.4702,-0.6584,1,2,0,25.267,28.331,0.0544,8.06,2.0167,1.27,4.121,4.121,False,5.7746,7.1351,1.3606,-3.0142
2021101013,4155,43454,Tyreek Hill,WR,False,KC,5,True,8,11.7861,0.5605,0.0605,2.0099,4.4614,2.4763,1,2,0,20.1621,75.2101,-0.2569,4.26,-1.1592,1.24,5.9901,5.9901,False,8.827,6.2173,-2.6098,-0.2272
2021101013,4195,47839,Mecole Hardman,WR,False,KC,5,True,6,10.5988,0.504,0.004,3.2664,5.7415,5.1912,0,5,3,25.6971,66.0536,-0.5762,6.94,1.5954,1.95,2.7336,2.7336,False,6.8444,6.862,0.0175,-4.1284
2021101013,4219,47839,Mecole Hardman,WR,False,KC,5,True,4,12.7614,0.6068,0.1068,4.8177,5.0712,4.7025,0,3,1,23.5489,59.7023,2.663,1.79,0.6336,3.09,-0.8177,-0.8177,False,2.8785,2.6302,-0.2483,-3.4479
2021101013,4291,41325,Jerick McKinnon,RB,False,KC,5,True,4,11.7914,0.5607,0.0607,-3.8825,11.7336,-2.0187,0,0,0,8.0092,53.9825,-5.0132,5.9,2.2645,2.08,7.8825,7.8825,False,12.9002,10.5906,-2.3096,-2.7081
2021101013,4371,43454,Tyreek Hill,WR,False,KC,5,True,11,16.3519,0.7776,0.2776,7.628,5.9981,1.7774,0,2,0,13.2629,18.622,-3.1119,6.5,4.7118,1.17,3.372,3.372,False,7.5897,10.3791,2.7894,-7.0071
2021101100,62,52500,Devin Duvernay,WR,False,BAL,5,True,5,9.4725,0.4505,0.0,-5.22,7.8117,1.72,0,1,0,15.57,82.47,0.1168,6.03,2.8578,2.71,10.22,10.22,False,11.621,10.4461,-1.175,-0.2261
2021101100,291,46155,Mark Andrews,TE,True,BAL,5,True,5,17.2749,0.8215,0.3215,5.2395,2.096,2.0663,1,2,1,6.0869,68.9805,1.6103,5.5,-0.7169,2.1,-0.2395,-0.2395,False,-0.0266,-0.4352,-0.4086,0.1957
2021101100,418,52449,Jonathan Taylor,RB,False,IND,5,True,11,13.5268,0.6432,0.1432,5.07,2.7498,1.6476,1,3,1,22.036,79.07,1.1874,7.97,1.3963,1.46,5.93,5.93,False,2.9156,3.8821,0.9665,2.0479
2021101100,484,48118,Ashton Dulin,WR,False,IND,5,True,15,25.225,1.1995,0.6995,14.6866,2.7848,1.5783,1,1,0,6.4845,44.4534,-1.7713,6.11,2.0536,5.05,0.3134,0.3134,False,0.7913,0.3624,-0.4289,-0.049
2021101100,574,44792,Mo Alie-Cox,TE,True,IND,5,True,8,14.8904,0.7081,0.2081,4.7561,3.6248,0.6186,1,3,1,23.7114,25.2739,-2.4736,7.73,-0.0189,0.82,3.2439,3.2439,False,8.1668,9.5183,1.3515,-6.2744
2021101100,937,47842,Parris Campbell,WR,False,IND,5,True,11,28.4973,1.3551,0.8551,13.5457,2.4971,2.3657,1,1,1,2.7808,53.0943,-1.6133,1.02,0.8018,6.83,-2.5457,-2.5457,False,-2.3357,-1.1046,1.2311,-1.441
2021101100,965,44956,Marlon Mack,RB,False,IND,5,True,7,10.5911,0.5036,0.0036,3.7038,5.4976,3.7015,0,4,1,23.0027,51.6062,2.6287,2.27,1.0475,3.98,3.2962,3.2962,False,4.7593,4.97,0.2107,-1.6738
2021101100,1153,52500,Devin Duvernay,WR,False,BAL,5,True,15,18.177,0.8644,0.3644,15.0193,1.4247,1.3117,2,2,1,16.6104,61.8807,8.3474,7.91,4.0325,3.03,-0.0193,-0.0193,False,-0.3026,1.8898,2.1924,-1.9091
2021101100,1394,41230,Sammy Watkins,WR,False,BAL,5,True,28,18.971,0.9021,0.4021,12.8771,1.4231,0.247,2,2,0,22.0128,72.3429,0.0506,7.37,2.8524,3.41,15.1229,15.1229,False,2.9453,3.6244,0.6791,11.4986
2021101100,1465,41230,Sammy Watkins,WR,False,BAL,5,True,7,17.7135,0.8423,0.3423,11.3707,4.2466,-0.0884,1,3,1,19.6807,34.7893,0.697,4.52,2.1053,5.92,-4.3707,-4.3707,True,5.818,2.9848,-2.8332,-7.3555
2021101100,1516,46155,Mark Andrews,TE,True,BAL,5,True,28,27.8815,1.3259,0.8259,19.29,4.222,-3.6481,1,1,0,2.6205,20.54,-0.7598,7.54,7.2773,1.29,8.71,8.71,False,10.7246,10.8423,0.1177,-2.1323
2021101100,1540,46155,Mark Andrews,TE,True,BAL,5,True,2,9.9203,0.4717,0.0,2.45,3.9806,1.39,1,5,0,24.5,9.09,1.1914,6.77,0.2646,1.47,-0.45,-0.45,False,6.2574,4.0954,-2.1619,-4.5454
2021101100,1681,46173,Nyheim Hines,RB,False,IND,5,True,6,15.73,0.748,0.248,5.175,2.9322,0.8926,2,2,1,8.5859,70.115,4.113,5.88,1.0685,2.84,0.825,0.825,False,1.4703,1.214,-0.2563,-0.3891
2021101100,1716,52442,Michael Pittman,WR,False,IND,5,True,9,18.109,0.8611,0.3611,4.914,3.1305,1.6928,2,3,1,12.3696,65.796,0.3723,3.49,0.1218,2.18,4.086,4.086,False,3.0032,2.7954,-0.2079,1.2906
2021101100,1795,47842,Parris Campbell,WR,False,IND,5,True,16,27.4509,1.3054,0.8054,14.9993,4.2721,4.0176,1,1,1,3.4272,37.3007,-2.8987,2.63,2.532,6.2,1.0007,1.0007,False,-1.3125,-1.0394,0.2731,2.0401
2021101100,1887,52442,Michael Pittman,WR,False,IND,5,True,13,27.8336,1.3236,0.8236,14.9251,3.2021,3.1979,1,2,1,6.4809,22.5749,-0.3886,3.52,2.6167,5.25,-1.9251,-1.9251,False,1.2892,0.7479,-0.5414,-2.6729
2021101100,2018,45102,Zach Pascal,WR,False,IND,5,True,31,20.7854,0.9884,0.4884,12.1055,6.958,3.0061,0,2,0,14.5656,60.9345,-3.9852,6.05,2.2429,2.94,18.8945,18.8945,False,6.0515,7.8487,1.7973,11.0458
2021101100,2042,52442,Michael Pittman,WR,False,IND,5,True,42,24.3299,1.157,0.657,23.5035,1.8566,-1.5769,1,2,0,15.7416,18.5865,-1.0946,8.67,6.7331,3.36,18.4965,18.4965,False,15.4021,9.4864,-5.9157,9.0101
2021101100,2127,40129,Latavius Murray,RB,False,BAL,5,True,6,9.1345,0.4344,0.0,1.01,5.6323,5.63,0,3,1,15.36,90.32,2.0731,8.03,0.5084,1.16,4.99,4.99,False,6.2774,8.0695,1.7921,-3.0795
2021101100,2172,52609,James Proche,WR,False,BAL,5,True,11,14.8054,0.704,0.204,9.1939,1.7065,0.5025,1,3,0,24.9988,77.7161,-0.4822,7.26,3.4005,1.04,1.8061,1.8061,False,4.6035,8.0876,3.4841,-6.2815
2021101100,2215,47808,Marquise Brown,WR,False,BAL,5,True,12,17.9058,0.8515,0.3515,7.9849,2.7259,1.9987,2,2,1,22.3695,71.1151,4.3848,1.6,-0.7828,3.06,4.0151,4.0151,False,0.8726,0.4967,-0.3759,3.5184
2021101100,2284,52500,Devin Duvernay,WR,False,BAL,5,True,8,19.3008,0.9178,0.4178,6.758,3.6306,3.1655,1,1,1,7.455,43.462,1.8969,6.78,1.7662,4.96,1.242,1.242,False,1.5165,1.769,0.2524,-0.5269
2021101100,2308,46155,Mark Andrews,TE,True,BAL,5,True,8,20.6255,0.9808,0.4808,8.3401,1.5684,0.7225,2,4,1,26.095,34.1599,1.0085,2.29,-2.2459,4.24,-0.3401,-0.3401,False,2.519,0.3567,-2.1624,-0.6968
2021101100,2365,47808,Marquise Brown,WR,False,BAL,5,True,7,16.2725,0.7738,0.2738,3.4542,5.871,2.5925,0,2,1,11.8362,16.1058,2.4727,2.69,0.2344,3.24,3.5458,3.5458,False,6.4082,4.6969,-1.7113,-1.1511
2021101100,2422,52500,Devin Duvernay,WR,False,BAL,5,True,17,12.7068,0.6043,0.1043,8.8085,4.4277,-4.024,1,2,0,22.2949,10.1515,-4.1922,6.17,2.7675,1.94,8.1915,8.1915,False,9.6558,6.8028,-2.853,1.3886
2021101100,2634,44792,Mo Alie-Cox,TE,True,IND,5,True,24,20.4939,0.9746,0.4746,16.1498,4.9189,3.2843,1,3,0,9.1438,12.0202,0.4778,7.42,6.0684,3.47,7.8502,7.8502,False,5.2401,6.0699,0.8297,1.7803
2021101100,2720,47808,Marquise Brown,WR,False,BAL,5,True,3,20.57,0.9782,0.4782,3.8188,2.4045,2.3374,1,2,1,6.9133,71.4312,1.5575,1.59,-0.9854,4.82,-0.8188,-0.8188,False,0.4421,2.6976,2.2555,-3.5164
2021101100,2744,46155,Mark Andrews,TE,True,BAL,5,True,19,19.399,0.9225,0.4225,14.4956,2.9704,-1.3292,1,4,1,19.1163,59.0544,-0.9442,3.56,1.3388,0.44,4.5044,4.5044,False,8.9931,6.6606,-2.3324,-2.1563
2021101100,2813,47808,Marquise Brown,WR,False,BAL,5,True,43,27.5033,1.3079,0.8079,27.0436,5.6543,-1.5876,0,1,0,6.3967,16.7664,-2.2338,8.53,8.1616,0.99,15.9564,15.9564,False,12.2974,14.2825,1.9851,1.6739
2021101100,2984,44792,Mo Alie-Cox,TE,True,IND,5,True,18,20.0192,0.952,0.452,15.1128,8.1029,3.4572,0,3,0,17.9515,33.5072,8.1989,7.6,2.7718,2.77,2.8872,2.8872,False,4.4123,5.7152,1.3029,-2.828
2021101100,3034,40641,Jack Doyle,TE,True,IND,5,True,4,15.64,0.7437,0.2437,4.7339,4.0542,3.2615,1,3,2,14.1092,24.8061,3.7606,6.67,-0.5175,1.93,-0.7339,-0.7339,False,1.416,0.4761,-0.9399,-1.21
2021101100,3121,46155,Mark Andrews,TE,True,BAL,5,True,27,18.3556,0.8729,0.3729,16.2111,3.6142,0.2564,1,3,0,19.0776,61.8389,-1.6972,8.39,6.332,1.21,10.7889,10.7889,False,5.5923,17.3429,11.7506,-6.554
2021101100,3148,46155,Mark Andrews,TE,True,BAL,5,True,18,15.9395,0.758,0.258,-0.2348,9.085,9.0789,0,1,1,10.4476,51.2948,2.1944,6.36,0.6405,1.64,18.2348,18.2348,False,8.1931,6.8776,-1.3155,11.3572
2021101100,3172,47808,Marquise Brown,WR,False,BAL,5,True,7,22.5851,1.074,0.574,7.6331,3.0284,3.0101,1,1,1,4.2024,25.4969,2.6824,2.14,0.0751,3.46,-0.6331,-0.6331,False,0.8308,1.0129,0.1821,-1.646
2021101100,3196,47852,Josh Oliver,TE,True,BAL,5,True,6,12.8145,0.6094,0.1094,4.3271,5.9309,3.8359,0,1,0,13.6899,23.2029,5.5777,1.42,0.6136,1.17,1.6729,1.6729,False,6.4584,6.5714,0.113,-4.8985
2021101100,3220,41332,Devonta Freeman,RB,False,BAL,5,True,15,9.1747,0.4363,0.0,4.0,7.5816,-7.24,0,2,0,24.73,17.45,-3.2101,3.39,3.3886,1.46,11.0,11.0,False,7.8956,9.6579,1.7623,1.3421
2021101100,3247,46155,Mark Andrews,TE,True,BAL,5,True,5,14.7772,0.7027,0.2027,7.1059,3.4652,1.1512,3,4,1,22.1099,0.0,-1.5586,6.93,-0.563,1.67,-2.1059,-2.1059,False,-3.109,-2.8336,0.2753,0.7277
2021101100,3283,46155,Mark Andrews,TE,True,BAL,5,True,0,7.2533,0.3449,0.0,-0.07,3.0761,0.47,1,3,0,17.12,2.3,-2.1042,8.08,1.2264,0.91,0.07,0.07,False,5.0446,5.3061,0.2615,-5.2361
2021101100,3336,52449,Jonathan Taylor,RB,False,IND,5,True,29,12.26,0.583,0.083,-1.0211,8.4141,7.5861,0,1,1,13.9065,72.3511,2.1208,6.79,2.5161,1.73,30.0211,30.0,False,7.6983,9.54,1.8418,20.46
2021101100,3620,47808,Marquise Brown,WR,False,BAL,5,True,17,14.0964,0.6703,0.1703,5.9122,2.8439,-2.5362,1,4,1,15.5121,69.2778,0.7222,2.68,2.0091,2.57,11.0878,11.0878,False,5.4088,5.1937,-0.2151,5.894
2021101100,3644,41332,Devonta Freeman,RB,False,BAL,5,True,10,12.375,0.5885,0.0885,-2.525,10.7711,9.2671,0,0,0,15.2997,61.485,5.0788,5.53,3.3342,1.69,12.525,12.525,False,7.8586,9.3569,1.4983,3.1681
2021101100,3668,41332,Devonta Freeman,RB,False,BAL,5,True,9,9.0809,0.4318,0.0,5.05,5.1196,3.88,0,4,1,25.56,45.37,0.1789,6.1,2.4021,2.6,3.95,3.95,False,3.4237,5.8016,2.3779,-1.8516
2021101100,3735,47808,Marquise Brown,WR,False,BAL,5,True,20,25.6001,1.2174,0.7174,17.2619,4.0811,3.3194,3,3,2,18.3542,16.1181,1.2802,5.53,1.7034,2.57,2.7381,2.7381,False,0.4897,2.2906,1.8008,0.4475
2021101100,3759,53180,Ty'Son Williams,RB,False,BAL,5,True,8,8.9382,0.425,0.0,1.85,6.7036,-3.7,0,4,0,19.83,11.24,-4.9824,6.55,1.1014,2.39,6.15,6.15,False,9.8134,6.0173,-3.7961,0.1327
2021101100,3842,46155,Mark Andrews,TE,True,BAL,5,True,4,15.494,0.7368,0.2368,8.2405,1.8415,0.5759,2,3,1,16.9787,0.0,0.1784,5.91,-1.1803,2.17,-4.2405,-4.2405,True,-3.0263,-4.4117,-1.3854,0.1712
2021101100,3867,46155,Mark Andrews,TE,True,BAL,5,True,0,6.8497,0.3257,0.0,3.5,0.3162,-0.1,2,6,0,25.87,0.0,0.5585,4.91,0.9873,0.55,-3.5,-3.5,True,-4.3957,-5.1035,-0.7078,1.6035
2021101100,3896,47842,Parris Campbell,WR,False,IND,5,True,23,28.9682,1.3775,0.8775,22.0528,5.0294,1.5728,0,1,0,9.0677,53.3472,-3.505,5.83,3.7295,5.31,0.9472,0.9472,False,6.6512,5.0675,-1.5837,-4.1203
2021101100,4016,45102,Zach Pascal,WR,False,IND,5,True,15,15.6812,0.7457,0.2457,10.0618,3.1681,0.3832,1,3,1,21.8179,35.6682,-0.4102,6.82,3.9147,2.26,4.9382,4.9382,False,5.0362,7.133,2.0968,-2.1948
2021101100,4182,46155,Mark Andrews,TE,True,BAL,5,True,14,14.7253,0.7002,0.2002,8.1323,3.6633,-1.9666,1,2,0,24.1608,54.0077,0.5155,2.66,2.6583,2.78,5.8677,5.8677,False,6.1027,6.9793,0.8765,-1.1116
2021101100,4236,47808,Marquise Brown,WR,False,BAL,5,True,11,24.2366,1.1525,0.6525,7.3205,5.0473,4.8166,0,1,1,5.215,36.8095,0.1586,1.69,-1.685,4.58,3.6795,3.6795,False,1.8404,2.416,0.5756,1.2635
2021101100,4269,47852,Josh Oliver,TE,True,BAL,5,True,7,11.0761,0.5267,0.0267,2.253,7.2231,-6.2095,0,3,1,23.0795,31.567,-2.9818,6.76,0.1109,0.63,4.747,4.747,False,6.2068,7.0721,0.8653,-2.3251
2021101100,4314,40129,Latavius Murray,RB,False,BAL,5,True,7,10.8599,0.5164,0.0164,0.0832,8.8261,6.6203,0,1,1,12.4208,20.7168,-1.5595,6.95,2.0239,2.1,6.9168,6.9168,False,7.2252,9.3021,2.0769,-2.3853
2021101100,4401,47808,Marquise Brown,WR,False,BAL,5,True,5,15.6523,0.7443,0.2443,6.4203,1.1896,0.0348,2,4,0,13.1929,0.0,1.8283,3.38,-1.3494,0.45,-1.4203,-1.4203,False,-3.3167,-5.4153,-2.0986,3.995
2021101400,76,35634,Antonio Brown,WR,False,TB,6,True,9,18.6264,0.8858,0.3858,6.2652,3.187,3.0365,1,3,1,7.9881,64.6748,2.374,1.15,0.7912,3.64,2.7348,2.7348,False,2.0212,1.9833,-0.0378,0.7515
2021101400,100,41233,Mike Evans,WR,False,TB,6,True,22,26.4515,1.2579,0.7579,18.2532,5.7307,3.0886,0,3,1,22.239,44.0468,-2.0662,7.48,2.9203,2.41,3.7468,3.7468,False,4.0335,6.3452,2.3117,-2.5984
2021101400,145,44896,Chris Godwin,WR,False,TB,6,True,16,16.3379,0.7769,0.2769,12.6052,1.185,1.0851,1,4,1,15.9926,21.7048,2.2977,6.06,5.0381,4.89,3.3948,3.3948,False,-0.1522,3.3465,3.4987,0.0483
2021101400,257,44831,O.J. Howard,TE,True,TB,6,True,2,18.8926,0.8984,0.3984,7.5421,3.2078,-3.1472,1,2,0,12.485,0.0,1.0017,6.64,1.8124,0.6,-5.5421,-5.0,True,-4.1485,-4.6523,-0.5038,-0.3477
2021101400,441,52608,Quez Watkins,WR,False,PHI,6,True,23,25.7905,1.2264,0.7264,24.624,3.9108,3.2801,2,2,1,7.4578,38.476,9.2278,6.52,6.3241,1.63,-1.624,-1.624,False,1.743,1.5164,-0.2265,-3.1405
2021101400,627,44816,Leonard Fournette,RB,False,TB,6,True,8,10.066,0.4787,0.0,2.25,5.552,5.55,0,3,1,23.04,73.31,6.7667,3.0,2.9326,2.01,5.75,5.75,False,4.0936,4.7714,0.6778,0.9786
2021101400,651,44896,Chris Godwin,WR,False,TB,6,True,8,19.0709,0.9069,0.4069,6.8131,3.1208,2.6371,1,1,1,8.1198,60.2569,1.0449,6.85,2.1213,5.2,1.1869,1.1869,False,1.8651,1.6954,-0.1697,-0.5085
2021101400,675,44816,Leonard Fournette,RB,False,TB,6,True,11,7.2972,0.347,0.0,2.61,6.3305,-6.33,0,3,1,23.29,57.17,-3.3522,3.2,3.1218,2.02,8.39,8.39,False,7.5755,7.0562,-0.5192,1.3338
2021101400,686,39983,Zach Ertz,TE,True,PHI,6,True,3,14.3139,0.6807,0.1807,3.2435,3.9138,3.9136,1,2,1,13.2437,37.0065,3.8477,6.54,1.3475,1.97,-0.2435,-0.2435,False,2.2882,1.8562,-0.432,-2.0997
2021101400,836,35634,Antonio Brown,WR,False,TB,6,True,23,27.3516,1.3007,0.8007,17.19,7.9223,7.9078,0,2,1,23.7656,5.97,1.5627,2.09,-1.4363,2.3,5.81,5.81,False,3.7996,1.121,-2.6786,4.689
2021101400,938,53439,DeVonta Smith,WR,False,PHI,6,True,6,14.0768,0.6694,0.1694,5.5195,2.0492,-0.1739,2,3,1,15.1877,68.7305,1.5839,1.65,1.6499,4.36,0.4805,0.4805,False,2.0134,3.252,1.2386,-2.7715
2021101400,1054,35634,Antonio Brown,WR,False,TB,6,True,10,15.3393,0.7294,0.2294,9.1361,2.9266,-2.778,1,4,1,22.5739,59.2039,5.6302,7.27,2.3801,2.68,0.8639,0.8639,False,3.111,2.4327,-0.6783,-1.5688
2021101400,1375,39983,Zach Ertz,TE,True,PHI,6,True,16,24.0622,1.1442,0.6442,18.8652,2.2904,0.6768,1,1,0,8.1492,73.2348,-0.0029,6.79,1.8397,3.26,-2.8652,-2.8652,False,4.4417,3.4249,-1.0168,-6.2901
2021101400,1447,42033,Cameron Brate,TE,True,TB,6,True,12,11.5587,0.5497,0.0497,4.7411,2.3115,1.0845,1,2,1,23.1219,67.0889,0.8176,5.63,2.4397,0.82,7.2589,7.2589,False,4.1459,5.5674,1.4215,1.6914
2021101400,1516,44816,Leonard Fournette,RB,False,TB,6,True,18,13.551,0.6444,0.1444,2.527,5.0397,4.9712,0,1,1,13.9598,41.793,2.4418,4.52,0.8795,2.67,15.473,15.473,False,5.7603,5.1317,-0.6286,10.3413
2021101400,1609,44896,Chris Godwin,WR,False,TB,6,True,6,15.2982,0.7275,0.2275,7.7123,0.9736,0.4742,2,3,1,22.7883,2.3877,2.2618,0.33,0.098,4.63,-1.7123,-1.7123,False,-0.3583,-1.6443,-1.286,-0.068
2021101400,2119,39983,Zach Ertz,TE,True,PHI,6,True,2,5.4588,0.2596,0.0,-4.57,7.3125,-6.5,0,1,0,15.89,79.87,-4.3397,6.59,2.4751,1.03,6.57,6.57,False,8.7941,11.93,3.1359,-5.36
2021101400,2217,44831,O.J. Howard,TE,True,TB,6,True,5,11.8074,0.5615,0.0615,4.7943,0.9339,0.933,1,6,1,22.2335,74.6457,3.5107,0.94,0.5574,4.8,0.2057,0.2057,False,0.4242,0.9783,0.5541,-0.7725
2021101400,2241,35634,Antonio Brown,WR,False,TB,6,True,4,20.2926,0.965,0.465,4.815,4.0624,3.4202,1,2,1,15.6639,69.545,-4.8646,2.2,-1.1076,5.1,-0.815,-0.815,False,4.6447,3.5335,-1.1112,-4.3485
2021101400,2312,44816,Leonard Fournette,RB,False,TB,6,True,4,11.0792,0.5269,0.0269,3.7911,2.1002,2.007,1,3,1,21.8728,41.7289,3.3218,6.05,1.5311,2.76,0.2089,0.2089,False,2.0194,1.9344,-0.085,-1.7255
2021101400,2420,44831,O.J. Howard,TE,True,TB,6,True,15,14.4362,0.6865,0.1865,11.8293,2.8045,-2.507,2,3,1,21.4323,12.8607,-1.6118,6.6,5.3048,3.81,3.1707,3.1707,False,7.8335,8.0908,0.2574,-4.9201
2021101400,2611,53579,Kenneth Gainwell,RB,False,PHI,6,True,1,22.0032,1.0463,0.5463,0.2668,4.9281,4.4215,1,1,1,4.663,24.9932,3.8906,2.14,1.0557,1.76,0.7332,0.7332,False,5.0645,5.2485,0.1841,-4.5153
2021101400,2843,39985,Giovani Bernard,RB,False,TB,6,True,8,12.1665,0.5786,0.0786,1.2846,8.5619,8.1632,0,2,1,17.9768,74.2354,5.9134,3.67,2.0945,1.13,6.7154,6.7154,False,8.0859,9.38,1.2941,-2.6645
2021101400,2951,52608,Quez Watkins,WR,False,PHI,6,True,24,29.2814,1.3924,0.8924,24.7606,5.9705,4.4723,0,1,1,0.9978,63.3594,-0.1972,8.56,1.6143,2.14,-0.7606,-0.7606,False,-1.9507,1.0401,2.9907,-1.8007
2021101400,3045,53439,DeVonta Smith,WR,False,PHI,6,True,25,29.5358,1.4045,0.9045,21.9895,2.4178,0.055,2,4,1,25.2746,42.2805,-2.6479,6.45,2.5864,4.88,3.0105,3.0105,False,2.62,2.3094,-0.3106,0.7012
2021101400,3278,41233,Mike Evans,WR,False,TB,6,True,5,19.4298,0.924,0.424,4.136,1.5115,1.4497,1,1,1,9.3003,59.624,2.2058,0.73,-0.5756,3.53,0.864,0.864,False,0.5388,1.5856,1.0468,-0.7216
2021101400,3302,42033,Cameron Brate,TE,True,TB,6,True,4,12.7508,0.6063,0.1063,4.8751,2.5381,2.5296,2,4,1,26.1724,54.0549,5.3745,4.3,1.6462,1.48,-0.8751,-0.8751,False,1.3243,1.987,0.6627,-2.8621
2021101400,3326,44831,O.J. Howard,TE,True,TB,6,True,8,13.2774,0.6314,0.1314,-3.1831,8.6453,0.2203,0,2,0,17.0776,57.3031,-3.0802,3.89,1.0422,0.31,11.1831,11.1831,False,9.0461,10.769,1.723,0.414
2021101400,3390,47836,Miles Sanders,RB,False,PHI,6,True,6,10.3066,0.4901,0.0,0.57,5.4266,-1.21,0,1,0,13.6,53.99,-1.9449,7.51,1.4008,2.03,5.43,5.43,False,13.5856,9.8408,-3.7448,-4.4108
2021101400,3585,52608,Quez Watkins,WR,False,PHI,6,True,0,15.021,0.7143,0.2143,2.6239,0.9741,0.1718,2,3,0,12.6711,0.0,0.4408,6.98,0.6714,1.92,-2.6239,-2.6239,False,-3.6118,-4.1059,-0.4941,1.482
2021101400,3669,35634,Antonio Brown,WR,False,TB,6,True,10,18.1945,0.8652,0.3652,4.595,2.2474,2.2462,1,3,1,19.7461,54.705,1.7645,6.59,0.8624,1.47,5.405,5.405,False,1.9964,1.7816,-0.2148,3.6234
2021101400,3761,35634,Antonio Brown,WR,False,TB,6,True,27,18.7126,0.8899,0.3899,18.3262,0.746,-0.5034,2,2,0,10.3272,26.9138,1.2289,7.51,5.4539,1.41,8.6738,8.6738,False,4.7395,5.4409,0.7014,3.2329
2021101400,3823,42033,Cameron Brate,TE,True,TB,6,True,10,11.5004,0.5469,0.0469,4.5292,2.7487,1.6932,1,3,0,24.1681,14.8708,-1.7019,5.8,-0.0162,1.63,5.4708,5.4708,False,4.7673,3.3411,-1.4261,2.1296
2021101700,95,53435,Jaylen Waddle,WR,False,MIA,6,True,7,13.9238,0.6621,0.1621,4.6982,4.0187,0.9268,1,3,1,22.2693,71.2818,2.4949,0.79,0.7292,2.63,2.3018,2.3018,False,2.5641,1.7862,-0.778,0.5156
2021101700,142,53435,Jaylen Waddle,WR,False,MIA,6,True,10,22.4971,1.0698,0.5698,9.5766,2.4221,0.3913,2,2,1,16.3245,64.9834,3.1502,3.34,-2.4629,4.08,0.4234,0.4234,False,2.378,2.4522,0.0741,-2.0288
2021101700,259,46111,Mike Gesicki,TE,True,MIA,6,True,20,18.8904,0.8983,0.3983,13.3722,8.7311,8.7173,0,3,1,17.5549,35.1778,1.194,7.38,1.5369,2.96,6.6278,6.6278,False,4.8926,7.3213,2.4287,-0.6935
2021101700,305,46192,Durham Smythe,TE,True,MIA,6,True,6,13.8078,0.6566,0.1566,5.1548,1.8045,1.6501,1,2,1,20.4794,22.8852,1.9885,4.46,0.6692,3.71,0.8452,0.8452,False,2.3163,2.3068,-0.0095,-1.4616
2021101700,329,53435,Jaylen Waddle,WR,False,MIA,6,True,6,19.8956,0.9461,0.4461,5.957,1.7843,0.8667,1,2,1,7.0476,16.093,-1.0343,7.1,0.8899,4.31,0.043,0.043,False,1.1248,2.6237,1.4988,-2.5807
2021101700,499,44978,Jamal Agnew,WR,False,JAX,6,True,1,9.451,0.4494,0.0,-8.11,9.8612,4.37,0,1,0,11.01,62.3,-4.4584,6.21,1.5328,4.33,9.11,9.11,False,10.515,9.8444,-0.6705,-0.7344
2021101700,544,45785,Dan Arnold,TE,True,JAX,6,True,19,16.9843,0.8077,0.3077,7.5783,5.2217,1.4863,0,1,0,12.0345,39.2817,-0.5076,4.93,1.6845,5.41,11.4217,11.4217,False,7.9074,4.6163,-3.2911,6.8055
2021101700,695,46111,Mike Gesicki,TE,True,MIA,6,True,22,21.2462,1.0103,0.5103,16.2248,4.6547,-4.4862,1,1,0,21.4999,64.8452,1.6505,7.91,3.419,2.0,5.7752,5.7752,False,6.0401,8.1277,2.0876,-2.3526
2021101700,768,46192,Durham Smythe,TE,True,MIA,6,True,25,25.01,1.1893,0.6893,22.1584,4.7138,-1.8401,2,3,0,16.7089,28.3416,-1.116,7.69,4.727,1.92,2.8416,2.8416,False,13.579,9.5869,-3.9921,-6.7453
2021101700,802,52922,Salvon Ahmed,RB,False,MIA,6,True,15,9.6819,0.4604,0.0,-1.15,3.5192,-1.35,1,3,1,18.92,26.36,-0.8541,7.15,0.8776,1.05,16.15,16.15,False,9.689,8.4267,-1.2623,7.7233
2021101700,874,46111,Mike Gesicki,TE,True,MIA,6,True,3,14.1148,0.6712,0.1712,2.7692,2.6784,2.6764,1,2,1,9.0541,17.3808,3.0937,6.44,-0.7056,2.51,0.2308,0.2308,False,1.9098,0.7841,-1.1257,-0.5533
2021101700,1048,38696,Marvin Jones,WR,False,JAX,6,True,4,13.5818,0.6459,0.1459,4.4628,2.8288,2.7687,1,1,1,13.8288,80.1172,1.542,6.94,-0.3233,1.18,-0.4628,-0.4628,False,2.3341,1.0437,-1.2904,-1.5066
2021101700,1166,41506,Albert Wilson,WR,False,MIA,6,True,2,14.4745,0.6883,0.1883,4.513,3.6514,2.2794,2,3,1,16.6605,40.857,1.8591,2.39,-1.3647,2.48,-2.513,-2.513,False,2.6802,1.5269,-1.1534,-4.0399
2021101700,1359,45217,Cethan Carter,TE,True,MIA,6,True,8,23.2962,1.1078,0.6078,1.5931,12.763,11.814,0,0,0,2.053,36.3669,-3.257,6.54,0.4163,2.79,6.4069,6.4069,False,8.1653,6.7157,-1.4495,-0.3088
2021101700,1438,44931,Mack Hollins,WR,False,MIA,6,True,20,29.499,1.4028,0.9028,19.9445,2.516,0.8953,1,2,1,17.1218,9.8955,-1.4397,5.45,3.2616,4.59,0.0555,0.0555,False,1.426,0.281,-1.145,-0.2255
2021101700,1462,46192,Durham Smythe,TE,True,MIA,6,True,1,8.8817,0.4224,0.0,0.13,2.2853,2.25,2,6,2,17.02,9.84,3.1409,4.37,1.0409,0.23,0.87,0.87,False,1.98,2.0122,0.0322,-1.1422
2021101700,1563,38696,Marvin Jones,WR,False,JAX,6,True,6,18.7333,0.8908,0.3908,7.0923,2.9555,2.0538,1,1,0,2.7042,68.8177,0.0996,6.65,1.2084,2.04,-1.0923,-1.0923,False,0.9058,-0.0214,-0.9273,-1.0709
2021101700,1592,45785,Dan Arnold,TE,True,JAX,6,True,8,14.8254,0.705,0.205,3.3565,6.4098,3.8405,0,2,0,5.7689,66.9135,1.6381,6.17,1.9343,1.78,4.6435,4.6435,False,6.1325,6.7891,0.6566,-2.1456
2021101700,1621,52450,Laviska Shenault,WR,False,JAX,6,True,9,6.2639,0.2979,0.0,-2.47,2.3417,0.09,1,1,0,13.65,63.74,-0.3009,7.27,1.9086,2.45,11.47,11.47,False,10.0124,8.7055,-1.307,2.7645
2021101700,1693,52733,James Robinson,RB,False,JAX,6,True,11,18.9835,0.9027,0.4027,7.336,6.3929,5.7062,0,2,1,3.1088,59.054,3.6186,4.93,3.1683,3.07,3.664,3.664,False,0.725,3.6691,2.9441,-0.0051
2021101700,1714,38696,Marvin Jones,WR,False,JAX,6,True,20,19.1958,0.9128,0.4128,14.5735,4.4609,-2.3187,1,2,0,25.3737,41.4065,6.4544,6.19,3.6419,1.07,5.4265,5.4265,False,2.7616,5.2959,2.5343,0.1306
2021101700,2008,46111,Mike Gesicki,TE,True,MIA,6,True,5,17.0485,0.8107,0.3107,4.3872,2.4168,0.8064,1,2,0,7.9578,88.6928,1.565,5.32,-0.1699,2.7,0.6128,0.6128,False,2.1692,0.7109,-1.4583,-0.0981
2021101700,2056,52450,Laviska Shenault,WR,False,JAX,6,True,10,12.9165,0.6142,0.1142,3.4788,4.6746,3.3757,1,3,2,15.294,46.6712,-6.4596,6.9,0.515,0.83,6.5212,6.5212,False,5.8239,6.2982,0.4743,0.223
2021101700,2178,52450,Laviska Shenault,WR,False,JAX,6,True,7,16.8979,0.8036,0.3036,5.7799,1.673,0.2159,1,2,0,17.4721,29.6701,1.4759,1.77,-0.3298,4.98,1.2201,1.2201,False,3.1338,1.7796,-1.3542,-0.5595
2021101700,2219,38696,Marvin Jones,WR,False,JAX,6,True,28,31.66,1.5055,1.0055,25.5367,0.8083,-0.3073,1,1,0,4.3591,2.9533,-0.0118,8.78,8.6487,1.08,2.4633,2.4633,False,4.7577,4.4644,-0.2934,-2.0011
2021101700,2297,44931,Mack Hollins,WR,False,MIA,6,True,20,28.3721,1.3492,0.8492,20.6423,7.5429,-1.6068,0,2,0,15.0602,54.4877,-3.667,6.18,5.5374,4.85,-0.6423,-0.6423,False,9.9319,9.1623,-0.7696,-9.8046
2021101700,2326,42837,Malcolm Brown,RB,False,MIA,6,True,7,12.4985,0.5943,0.0943,3.9033,3.3214,2.6319,1,2,1,12.2457,52.1767,0.1508,3.2,2.6847,3.34,3.0967,3.0967,False,3.2875,4.7457,1.4581,-1.649
2021101700,2372,46111,Mike Gesicki,TE,True,MIA,6,True,8,17.2682,0.8212,0.3212,7.476,1.9771,1.8784,2,2,2,0.6639,40.454,3.4684,5.64,-1.3826,1.33,0.524,0.524,False,-0.8951,-2.1584,-1.2633,2.6824
2021101700,2467,42302,Chris Manhertz,TE,True,JAX,6,True,11,14.342,0.682,0.182,9.8148,2.3896,-0.7296,2,3,0,23.0673,65.2152,1.4202,1.46,1.4547,2.22,1.1852,1.1852,False,7.8358,4.991,-2.8448,-3.8058
2021101700,2536,44978,Jamal Agnew,WR,False,JAX,6,True,29,23.5638,1.1205,0.6205,21.2539,5.5217,-0.7097,0,4,0,17.2355,48.2061,5.7931,8.37,8.3699,1.29,7.7461,7.7461,False,5.3672,14.6274,9.2602,-6.8813
2021101700,2721,48017,Myles Gaskin,RB,False,MIA,6,True,5,13.2624,0.6307,0.1307,3.9564,4.5239,2.6686,1,2,0,15.3456,72.2436,6.083,2.65,2.4978,3.76,1.0436,1.0436,False,2.615,3.4611,0.8461,-2.4175
2021101700,2831,53435,Jaylen Waddle,WR,False,MIA,6,True,14,22.8104,1.0847,0.5847,13.8232,0.4882,0.2847,1,1,0,24.3208,46.2768,0.284,7.15,2.0749,3.6,0.1768,0.1768,False,0.8342,0.9359,0.1018,-0.7592
2021101700,2855,44931,Mack Hollins,WR,False,MIA,6,True,25,23.5342,1.1191,0.6191,16.3667,0.9634,-0.4051,1,2,0,2.9528,29.8333,0.289,7.49,7.4566,1.29,8.6333,8.6333,False,3.3977,8.981,5.5833,-0.3477
2021101700,2904,48017,Myles Gaskin,RB,False,MIA,6,True,0,13.3794,0.6362,0.1362,-0.5694,11.3819,10.4665,0,0,0,8.8058,56.7194,1.0792,5.92,0.4449,2.47,0.5694,0.5694,False,8.213,6.3303,-1.8827,-5.7609
2021101700,3056,38696,Marvin Jones,WR,False,JAX,6,True,11,17.4232,0.8285,0.3285,6.0484,7.6873,7.6277,0,1,1,6.3734,60.1616,-1.7007,6.48,0.2996,2.17,4.9516,4.9516,False,2.4336,3.4243,0.9908,1.5273
2021101700,3106,38696,Marvin Jones,WR,False,JAX,6,True,11,24.1244,1.1472,0.6472,13.3112,0.528,-0.3503,1,1,0,21.1213,29.9388,-3.0048,7.2,-1.0642,2.67,-2.3112,-2.3112,False,1.631,-2.0284,-3.6594,-0.2828
2021101700,3206,53574,Luke Farrell,TE,True,JAX,6,True,21,16.4879,0.7841,0.2841,11.4188,2.7802,-2.0507,2,2,0,13.7457,27.7812,0.6464,8.23,2.7418,1.35,9.5812,9.5812,False,4.1164,5.9489,1.8325,3.6323
2021101700,3280,52733,James Robinson,RB,False,JAX,6,True,7,12.7683,0.6072,0.1072,-1.7728,9.1412,6.6832,0,1,1,7.5819,18.2428,2.1499,4.93,0.1609,1.52,8.7728,8.7728,False,9.9985,8.9294,-1.0691,-0.1567
2021101700,3352,46111,Mike Gesicki,TE,True,MIA,6,True,32,22.595,1.0745,0.5745,19.5853,9.9719,-9.2697,0,1,0,12.5952,71.6947,-1.6359,8.19,3.421,1.6,12.4147,12.4147,False,13.5038,12.1472,-1.3566,0.2675
2021101700,3450,41506,Albert Wilson,WR,False,MIA,6,True,12,18.2332,0.8671,0.3671,6.0062,3.2537,1.2287,1,2,1,8.7717,29.0038,0.4466,4.29,0.6163,3.56,5.9938,5.9938,False,2.5079,2.058,-0.45,3.9358
2021101700,3479,46192,Durham Smythe,TE,True,MIA,6,True,18,12.0087,0.5711,0.0711,10.484,2.7851,-1.4229,1,4,0,23.2579,12.586,-1.1197,6.95,6.8119,1.01,7.516,7.516,False,9.1393,10.8025,1.6632,-3.2865
2021101700,3503,53435,Jaylen Waddle,WR,False,MIA,6,True,2,11.3185,0.5382,0.0382,0.7718,2.6014,2.5891,2,2,2,11.055,1.7282,2.2332,8.08,2.4001,2.19,1.2282,1.2282,False,-0.4364,-0.2055,0.2309,1.4338
2021101700,3631,44978,Jamal Agnew,WR,False,JAX,6,True,14,16.7254,0.7954,0.2954,14.1723,1.1851,0.9531,1,5,1,13.1868,72.6577,1.5015,4.16,-0.2293,3.85,-0.1723,-0.1723,False,0.8144,-0.2412,-1.0557,0.069
2021101700,3700,44978,Jamal Agnew,WR,False,JAX,6,True,10,23.1543,1.1011,0.6011,8.6752,2.5147,2.4834,1,3,2,3.9129,69.7448,-0.3757,4.06,-3.6181,1.78,1.3248,1.3248,False,-0.9092,1.543,2.4523,-0.2183
2021101700,3815,46192,Durham Smythe,TE,True,MIA,6,True,9,14.4173,0.6856,0.1856,4.8427,5.9693,5.9677,0,4,2,25.5,58.3473,2.4597,6.28,2.2239,0.18,4.1573,4.1573,False,4.8801,6.1066,1.2265,-1.9493
2021101700,3951,52450,Laviska Shenault,WR,False,JAX,6,True,7,14.4757,0.6884,0.1884,5.5109,3.4746,3.4642,1,2,1,8.7482,74.9691,2.6809,6.6,0.3236,4.07,1.4891,1.4891,False,0.861,0.7104,-0.1506,0.7787
2021101700,3980,52733,James Robinson,RB,False,JAX,6,True,10,14.1581,0.6733,0.1733,-0.4256,6.5963,-2.5097,0,1,0,7.7996,73.6056,-2.1474,4.5,1.4107,2.75,10.4256,10.4256,False,14.0404,10.0565,-3.9839,0.3691
2021101700,4047,38696,Marvin Jones,WR,False,JAX,6,True,20,27.0764,1.2876,0.7876,15.0788,0.8346,0.4004,1,1,0,2.5797,47.1212,0.1859,7.4,6.766,0.12,4.9212,4.9212,False,3.1821,11.0295,7.8475,-6.1083
2021101700,4176,53435,Jaylen Waddle,WR,False,MIA,6,True,8,24.775,1.1781,0.6781,6.8979,8.3965,6.8969,0,1,1,0.8936,68.2721,-0.2113,5.16,0.7048,3.25,1.1021,1.1021,False,-0.2235,0.2508,0.4743,0.8513
2021101700,4307,46111,Mike Gesicki,TE,True,MIA,6,True,5,18.4359,0.8767,0.3767,5.4539,1.9637,1.6834,1,2,2,6.3008,53.7261,-0.6422,6.21,0.0369,2.85,-0.4539,-0.4539,False,-0.8744,-0.0176,0.8568,-0.4363
2021101700,4424,52450,Laviska Shenault,WR,False,JAX,6,True,12,26.2959,1.2505,0.7505,8.594,7.2434,5.8413,0,1,1,4.9392,48.036,2.5276,2.06,0.5916,3.66,3.406,3.406,False,2.9055,2.6948,-0.2107,0.7112
2021101700,4498,52450,Laviska Shenault,WR,False,JAX,6,True,9,11.1019,0.5279,0.0279,6.2114,3.8356,2.1698,1,3,1,18.1687,38.1586,2.5344,6.61,5.0628,0.6,2.7886,2.7886,False,2.0269,4.8243,2.7974,-2.0357
2021101701,63,40024,Keenan Allen,WR,False,LAC,6,True,11,10.2186,0.4859,0.0,3.13,2.9568,2.24,1,5,2,19.07,77.11,1.9168,8.58,1.4279,0.93,7.87,7.87,False,3.0428,6.6058,3.5629,1.2642
2021101701,132,34540,Jared Cook,TE,True,LAC,6,True,11,21.1109,1.0039,0.5039,12.0931,2.4075,1.6512,1,1,0,6.4279,58.5869,-0.6499,6.84,1.4151,4.67,-1.0931,-1.0931,False,0.0447,-0.516,-0.5608,-0.5771
2021101701,161,34540,Jared Cook,TE,True,LAC,6,True,8,13.3236,0.6336,0.1336,4.2544,2.3438,-1.0386,2,3,1,11.897,55.0956,-0.5305,4.93,-0.6409,1.09,3.7456,3.7456,False,5.6052,5.8977,0.2925,-2.1521
2021101701,379,47808,Marquise Brown,WR,False,BAL,6,True,4,12.3093,0.5853,0.0853,3.5729,1.7835,1.623,1,5,1,23.5882,65.8371,2.8395,6.03,1.9084,1.49,0.4271,0.4271,False,0.7206,2.8623,2.1416,-2.4351
2021101701,403,40129,Latavius Murray,RB,False,BAL,6,True,4,10.3362,0.4915,0.0,-4.34,10.8779,-1.02,0,0,0,14.18,69.95,-3.6877,5.1,1.2899,2.52,8.34,8.34,False,9.7927,9.174,-0.6187,-0.834
2021101701,459,40129,Latavius Murray,RB,False,BAL,6,True,8,6.7569,0.3213,0.0,0.2,6.2769,-6.24,0,6,1,22.28,44.96,-3.9905,3.88,3.8319,0.94,7.8,7.8,False,10.6033,12.2628,1.6595,-4.4628
2021101701,642,40024,Keenan Allen,WR,False,LAC,6,True,3,8.2744,0.3935,0.0,-2.27,6.2467,4.55,0,3,2,21.68,80.53,-2.3004,6.49,-0.1586,2.28,5.27,5.27,False,10.1235,5.5945,-4.529,-0.3245
2021101701,713,46155,Mark Andrews,TE,True,BAL,6,True,16,14.8377,0.7056,0.2056,10.3776,4.0792,-1.8349,1,2,0,26.2913,64.3724,0.0576,5.97,3.1015,1.42,5.6224,5.6224,False,9.4255,11.7358,2.3102,-6.1134
2021101701,807,46155,Mark Andrews,TE,True,BAL,6,True,9,21.681,1.031,0.531,8.9889,6.6488,-2.391,0,3,1,1.7222,35.1211,-0.4784,6.11,-1.3204,1.7,0.0111,0.0111,False,3.3326,1.9319,-1.4007,-1.9208
2021101701,914,46155,Mark Andrews,TE,True,BAL,6,True,21,18.3578,0.873,0.373,13.0932,7.292,-5.3017,0,3,1,16.0595,10.3268,2.9959,7.6,4.8882,2.26,7.9068,7.9068,False,3.6442,3.917,0.2728,3.9898
2021101701,1126,47852,Josh Oliver,TE,True,BAL,6,True,2,9.8441,0.4681,0.0,1.99,3.1149,2.96,1,5,1,24.43,68.1,3.7527,5.92,0.6281,1.7,0.01,0.01,False,1.2016,0.545,-0.6566,-0.535
2021101701,1184,45573,Austin Ekeler,RB,False,LAC,6,True,18,8.818,0.4193,0.0,2.48,3.2252,-2.23,1,3,0,20.98,83.91,-1.4822,6.69,4.835,0.98,15.52,15.52,False,11.7778,13.9514,2.1736,1.5686
2021101701,1230,46320,Justin Jackson,RB,False,LAC,6,True,7,5.2902,0.2516,0.0,3.43,4.4107,2.96,1,6,1,23.39,64.87,5.1532,3.31,3.2648,0.19,3.57,3.57,False,3.2251,5.4952,2.2701,-1.9252
2021101701,1493,53506,Josh Palmer,WR,False,LAC,6,True,8,24.0298,1.1427,0.6427,10.415,1.0559,1.0527,1,2,1,5.7935,56.525,1.1053,2.06,-1.5014,5.78,-2.415,-2.415,False,-0.5185,-2.5115,-1.993,0.0964
2021101701,1630,34540,Jared Cook,TE,True,LAC,6,True,1,17.7917,0.8461,0.3461,7.8878,2.7284,-1.393,2,3,0,8.7764,0.0,-0.0178,7.65,2.2188,1.44,-6.8878,-5.0,True,-2.7946,-3.8418,-1.0472,-1.1582
2021101701,1716,53456,Rashod Bateman,WR,False,BAL,6,True,6,15.7333,0.7482,0.2482,6.354,1.7759,1.7745,2,3,1,18.6084,62.056,2.9955,1.26,-0.1048,4.69,-0.354,-0.354,False,0.8908,0.2491,-0.6417,-0.6031
2021101701,2014,53456,Rashod Bateman,WR,False,BAL,6,True,4,15.9704,0.7595,0.2595,5.349,2.2876,2.2803,1,2,1,6.0804,39.911,4.1306,6.17,0.7284,4.1,-1.349,-1.349,False,0.2803,0.4557,0.1755,-1.8047
2021101701,2212,46155,Mark Andrews,TE,True,BAL,6,True,9,17.1811,0.817,0.317,13.2553,3.3306,-2.3867,1,4,0,22.5501,0.0,-1.774,8.51,3.4233,1.69,-4.2553,-4.2553,True,-3.7476,-6.1705,-2.4228,1.9152
2021101701,2631,53456,Rashod Bateman,WR,False,BAL,6,True,8,11.5976,0.5515,0.0515,5.1013,1.223,-0.3951,1,4,1,18.0007,55.6687,-1.6644,2.57,0.4127,1.79,2.8987,2.8987,False,6.4235,4.3329,-2.0906,-1.4342
2021101701,2702,47808,Marquise Brown,WR,False,BAL,6,True,20,11.3626,0.5403,0.0403,6.1808,1.7021,0.0655,2,3,1,16.8134,35.6492,3.6706,7.38,7.2109,1.2,13.8192,13.8192,False,0.4739,6.948,6.4741,6.8712
2021101701,2786,46155,Mark Andrews,TE,True,BAL,6,True,13,19.7725,0.9403,0.4403,11.8175,6.1048,-1.4677,0,3,1,25.8096,11.4825,1.0522,0.28,-0.2555,3.25,1.1825,1.1825,False,5.708,3.6768,-2.0313,-2.4943
2021101701,2899,34540,Jared Cook,TE,True,LAC,6,True,5,12.4447,0.5918,0.0918,1.634,2.3578,2.1692,2,2,2,12.2837,82.906,1.6377,6.8,2.3313,0.45,3.366,3.366,False,2.2671,3.0955,0.8284,0.2705
2021101701,2923,40024,Keenan Allen,WR,False,LAC,6,True,10,17.2134,0.8186,0.3186,5.6601,2.0094,1.4579,1,2,1,11.5798,74.0599,-1.1925,6.14,0.4711,2.91,4.3399,4.3399,False,3.9286,2.6105,-1.3181,1.7295
2021101701,2947,40024,Keenan Allen,WR,False,LAC,6,True,21,27.6601,1.3153,0.8153,19.6338,5.8433,-5.3127,0,2,1,5.1742,49.5862,-2.3185,7.14,4.5059,3.93,1.3662,1.3662,False,5.9602,2.4229,-3.5373,-1.0568
2021101701,3032,48556,Jalen Guyton,WR,False,LAC,6,True,15,32.5809,1.5493,1.0493,14.101,4.8603,4.8603,1,1,1,3.2983,30.999,-2.3061,1.58,0.6489,6.88,0.899,0.899,False,-0.3336,-0.1871,0.1465,1.0861
2021101701,3113,48456,Donald Parham,TE,True,LAC,6,True,5,19.2616,0.916,0.416,5.2247,1.1114,0.8035,1,1,1,11.969,36.3053,-0.5669,5.33,-1.1908,4.11,-0.2247,-0.2247,False,1.8103,1.4371,-0.3732,-1.6618
2021101701,3137,40024,Keenan Allen,WR,False,LAC,6,True,13,33.1603,1.5769,1.0769,15.7045,1.7506,1.0579,1,2,0,20.4235,21.0555,-3.6261,3.39,-2.3545,5.22,-2.7045,-2.7045,False,4.5592,1.0521,-3.5071,-3.7566
2021101701,3236,47876,Miles Boykin,WR,False,BAL,6,True,6,15.1217,0.7191,0.2191,5.6051,0.728,0.6932,1,3,1,19.1588,75.4849,4.2102,0.26,0.1143,5.48,0.3949,0.3949,False,0.152,-0.6877,-0.8397,1.0826
2021101701,3476,45573,Austin Ekeler,RB,False,LAC,6,True,10,13.7729,0.6549,0.1549,1.0869,8.2287,6.6096,0,1,1,8.777,34.1531,-2.0811,6.7,1.1416,2.17,8.9131,8.9131,False,7.7392,6.7427,-0.9966,2.1704
2021101701,3500,52810,Gabe Nabers,FB,False,LAC,6,True,6,11.7312,0.5579,0.0579,5.0516,5.2614,3.9836,0,3,1,25.1235,20.1084,-0.1451,5.3,-0.1452,3.2,0.9484,0.9484,False,5.9272,3.9688,-1.9584,-3.0204
2021101702,123,40488,Adam Thielen,WR,False,MIN,6,True,11,22.8669,1.0874,0.5874,11.4649,4.0747,2.8957,1,2,1,4.5175,11.8451,-0.2957,7.55,1.898,3.6,-0.4649,-0.4649,False,0.1281,0.087,-0.0412,-0.5519
2021101702,173,52584,K.J. Osborn,WR,False,MIN,6,True,9,13.7741,0.655,0.155,4.6099,4.8724,4.8363,1,3,1,16.6284,10.1001,1.5787,4.22,-1.0972,2.88,4.3901,4.3901,False,4.1448,2.5579,-1.5869,1.8322
2021101702,257,53488,Terrace Marshall,WR,False,CAR,6,True,9,12.4852,0.5937,0.0937,5.5993,4.0822,0.954,1,4,1,15.8394,69.8107,0.294,1.65,1.1661,1.15,3.4007,3.4007,False,4.0265,3.8044,-0.2221,-0.4037
2021101702,628,44923,Dede Westbrook,WR,False,MIN,6,True,7,22.5829,1.0739,0.5739,5.6947,2.6935,2.0212,1,2,2,11.8681,44.2953,0.8896,3.24,0.3567,1.54,1.3053,1.3053,False,2.5028,3.0468,0.5439,-1.7414
2021101702,652,52430,Justin Jefferson,WR,False,MIN,6,True,7,17.6297,0.8384,0.3384,4.8245,1.4301,0.6739,1,2,1,16.6266,38.8055,-0.7733,3.75,-0.2231,4.73,2.1755,2.1755,False,1.7079,1.7512,0.0433,0.4242
2021101702,697,40488,Adam Thielen,WR,False,MIN,6,True,3,14.3071,0.6804,0.1804,2.7769,3.1444,1.8954,1,1,0,19.8369,29.1931,6.0651,2.04,0.1494,4.36,0.2231,0.2231,False,1.997,3.9172,1.9202,-3.6941
2021101702,790,40488,Adam Thielen,WR,False,MIN,6,True,3,16.2955,0.7749,0.2749,2.3706,0.5263,-0.2143,1,8,2,20.1899,7.5294,-0.8961,7.13,1.6027,0.36,0.6294,0.6294,False,1.8645,2.5702,0.7057,-1.9408
2021101702,1126,40488,Adam Thielen,WR,False,MIN,6,True,20,29.7289,1.4137,0.9137,21.6735,1.9949,1.4814,1,3,1,21.2015,51.2065,-0.3992,6.24,2.0614,4.82,-1.6735,-1.6735,False,0.2266,-1.0463,-1.2729,-0.6272
2021101702,1224,52584,K.J. Osborn,WR,False,MIN,6,True,13,22.0397,1.0481,0.5481,7.5339,5.8529,3.9353,0,2,0,16.7879,10.5161,3.7298,5.53,1.2844,1.38,5.4661,5.4661,False,4.9526,4.1761,-0.7765,1.29
2021101702,1292,46176,Christopher Herndon,TE,True,MIN,6,True,2,7.1423,0.3396,0.0,-1.79,7.2038,2.77,0,5,1,23.02,4.34,-4.8453,6.69,2.2991,1.0,3.79,3.79,False,7.2723,6.8941,-0.3783,-3.1041
2021101702,1741,46093,D.J. Moore,WR,False,CAR,6,True,18,12.8932,0.6131,0.1131,4.9856,3.7414,1.9536,1,2,1,21.531,44.9944,0.879,8.88,1.5527,0.69,13.0144,13.0144,False,4.0804,10.1353,6.0549,2.879
2021101702,1869,40488,Adam Thielen,WR,False,MIN,6,True,8,11.66,0.5545,0.0545,4.9967,1.6067,0.6152,2,4,0,15.7054,70.4233,3.1126,2.29,0.123,3.0,3.0033,3.0033,False,0.8983,0.6456,-0.2527,2.3577
2021101702,2084,43663,Alex Erickson,WR,False,CAR,6,True,17,11.3258,0.5386,0.0386,6.6617,7.3499,-0.6599,0,4,0,24.7779,45.7883,1.0036,2.39,1.8595,1.4,10.3383,10.3383,False,8.2175,7.7426,-0.4749,2.5957
2021101702,2352,52430,Justin Jefferson,WR,False,MIN,6,True,14,16.8524,0.8014,0.3014,8.1285,2.2422,0.4893,1,3,0,20.3199,73.5015,-1.2193,5.91,3.7775,3.71,5.8715,5.8715,False,5.2013,6.9102,1.7089,-1.0387
2021101702,2601,46226,Tyler Conklin,TE,True,MIN,6,True,7,16.2828,0.7743,0.2743,6.5032,2.0705,1.232,1,2,0,14.9228,84.6068,5.5367,0.5,0.4855,1.73,0.4968,0.4968,False,0.1618,0.6375,0.4757,-0.1406
2021101702,2869,44123,Brandon Zylstra,WR,False,CAR,6,True,5,10.3088,0.4902,0.0,3.16,3.3517,0.64,2,5,0,25.12,54.45,7.9301,7.25,1.8226,2.46,1.84,1.84,False,2.5777,2.09,-0.4877,-0.25
2021101702,3130,46226,Tyler Conklin,TE,True,MIN,6,True,24,19.6947,0.9366,0.4366,10.7402,8.2084,-3.8599,0,1,0,11.2562,29.1898,-1.7037,7.52,1.4207,2.66,13.2598,13.2598,False,8.5314,7.4616,-1.0698,5.7982
2021101702,3255,46093,D.J. Moore,WR,False,CAR,6,True,15,18.4849,0.879,0.379,13.1134,4.5579,2.4205,1,3,0,22.5868,62.1966,-0.1168,5.88,4.0191,3.02,1.8866,1.8866,False,6.4692,6.9088,0.4396,-5.0222
2021101702,3295,40488,Adam Thielen,WR,False,MIN,6,True,35,30.5489,1.4527,0.9527,28.2451,6.6503,-0.6451,0,2,0,13.101,11.3549,-0.5275,8.86,3.8575,2.19,6.7549,6.7549,False,9.0358,7.8989,-1.1369,-1.144
2021101702,3367,40488,Adam Thielen,WR,False,MIN,6,True,5,23.672,1.1257,0.6257,9.2082,1.3917,0.6282,1,1,0,1.1538,0.0,-0.4534,4.31,-0.0827,6.0,-4.2082,-4.2082,True,-1.9661,-4.6599,-2.6938,0.4517
2021101702,3680,52430,Justin Jefferson,WR,False,MIN,6,True,26,20.2853,0.9646,0.4646,13.2524,0.8455,-0.6544,1,1,0,5.0632,61.8876,-0.4992,8.16,8.0328,2.61,12.7476,12.7476,False,14.551,16.8835,2.3325,-4.1358
2021101702,4110,53555,Chuba Hubbard,RB,False,CAR,6,True,4,9.2938,0.442,0.0,3.75,2.3765,1.81,1,5,2,25.69,26.75,4.5386,2.4,2.1222,2.59,0.25,0.25,False,0.1414,1.8336,1.6922,-1.5836
2021101702,4134,44123,Brandon Zylstra,WR,False,CAR,6,True,21,14.5465,0.6917,0.1917,12.4787,5.3363,2.6354,0,4,0,26.0172,13.5513,6.5552,7.05,6.9821,1.26,8.5213,8.5213,False,4.3025,5.3433,1.0408,3.1779
2021101702,4257,46226,Tyler Conklin,TE,True,MIN,6,True,40,21.377,1.0166,0.5166,13.0372,8.4322,-6.3171,0,1,0,11.8417,62.3128,-2.2188,7.64,1.0593,1.07,26.9628,26.9628,False,10.1374,9.5772,-0.5603,17.3856
2021101702,4499,46170,Ian Thomas,TE,True,CAR,6,True,41,24.093,1.1457,0.6457,27.935,1.8194,-1.5912,1,4,0,22.2761,68.895,0.4957,8.94,8.9282,1.04,13.065,13.065,False,17.222,21.8151,4.5931,-8.7501
2021101702,4523,44123,Brandon Zylstra,WR,False,CAR,6,True,6,14.249,0.6776,0.1776,5.4553,2.9213,2.9005,1,3,1,17.4555,50.3247,4.2429,4.52,2.9018,4.42,0.5447,0.5447,False,1.5542,1.1456,-0.4086,-0.6009
2021101702,4595,43808,Robby Anderson,WR,False,CAR,6,True,4,13.2086,0.6281,0.1281,6.2058,2.566,1.5035,1,4,1,11.4113,30.8442,1.2431,7.02,-0.267,1.54,-2.2058,-2.2058,False,1.9696,0.3726,-1.597,-2.5784
2021101702,4663,46093,D.J. Moore,WR,False,CAR,6,True,25,21.9328,1.043,0.543,12.51,1.7114,-1.4913,1,1,0,4.0032,20.22,-1.4332,7.1,6.5195,2.03,12.49,12.49,False,8.9957,9.8372,0.8415,2.6528
2021101702,4692,43808,Robby Anderson,WR,False,CAR,6,True,7,15.9526,0.7586,0.2586,12.0125,4.4301,-4.3042,1,3,0,23.9454,0.0,-4.1939,5.84,5.6942,2.26,-5.0125,-5.0,True,-2.5008,-3.9475,-1.4467,-1.0525
2021101702,4746,52584,K.J. Osborn,WR,False,MIN,6,True,4,19.7862,0.9409,0.4409,0.6797,7.8726,5.8983,0,1,1,4.7786,74.7003,2.581,2.51,1.9953,0.97,3.3203,3.3203,False,5.1723,7.3553,2.183,-4.035
2021101702,4801,52584,K.J. Osborn,WR,False,MIN,6,True,12,12.4928,0.5941,0.0941,5.2987,1.9967,1.3041,1,3,1,23.6068,50.2913,0.4634,7.1,0.4112,1.13,6.7013,6.7013,False,3.5786,3.1526,-0.426,3.5487
2021101702,4883,40488,Adam Thielen,WR,False,MIN,6,True,8,14.1645,0.6736,0.1736,5.6039,0.7537,-0.4283,2,3,0,16.7656,31.5961,0.0654,6.14,3.8823,3.1,2.3961,2.3961,False,5.2973,6.3691,1.0718,-3.9729
2021101702,5036,40488,Adam Thielen,WR,False,MIN,6,True,6,16.4692,0.7832,0.2832,5.4327,3.3012,-0.9118,1,2,1,15.6087,69.9673,3.0954,3.21,0.7864,4.66,0.5673,0.5673,False,3.8026,4.1119,0.3094,-3.5446
2021101702,5133,52584,K.J. Osborn,WR,False,MIN,6,True,13,19.2979,0.9177,0.4177,11.637,1.5853,0.4285,1,3,1,11.3805,45.623,0.7124,8.71,0.8787,2.19,1.363,1.363,False,2.4342,0.8761,-1.5581,0.4869
2021101702,5223,52584,K.J. Osborn,WR,False,MIN,6,True,27,25.2605,1.2012,0.7012,23.9428,1.3594,0.7125,1,2,0,12.0098,3.1272,0.6119,8.2,5.5229,3.02,3.0572,3.0572,False,2.5829,3.6038,1.0208,-0.5466
2021101703,143,46705,Allen Lazard,WR,False,GB,6,True,13,15.5369,0.7388,0.2388,5.5679,2.2504,1.0088,2,4,0,18.6839,43.2021,-0.3591,5.29,4.0105,1.69,7.4321,7.4321,False,4.2651,5.6575,1.3924,1.7747
2021101703,343,52451,Cole Kmet,TE,True,CHI,6,True,15,13.329,0.6338,0.1338,0.9613,5.222,2.9687,0,2,0,12.4947,68.2087,0.9318,6.94,0.6073,0.66,14.0387,14.0387,False,8.3222,7.9882,-0.334,6.0505
2021101703,393,52581,Darnell Mooney,WR,False,CHI,6,True,11,22.6541,1.0773,0.5773,12.2937,1.2668,0.8033,1,3,0,7.1514,46.3963,0.3809,7.26,0.7513,4.3,-1.2937,-1.2937,False,1.576,0.1003,-1.4758,-1.394
2021101703,422,41290,Allen Robinson,WR,False,CHI,6,True,20,21.5629,1.0254,0.5254,13.5155,2.3785,-1.3819,1,2,1,4.3231,33.7745,-0.6241,6.91,5.8917,0.57,6.4845,6.4845,False,5.5966,8.969,3.3724,-2.4845
2021101703,627,45635,Robert Tonyan,TE,True,GB,6,True,4,11.6903,0.5559,0.0559,2.5581,4.7388,4.6989,1,1,1,4.2957,76.4919,7.0425,3.82,1.9325,3.97,1.4419,1.4419,False,2.4578,3.5506,1.0927,-2.1086
2021101703,1090,45635,Robert Tonyan,TE,True,GB,6,True,6,11.3554,0.54,0.04,5.8918,0.4538,0.0031,1,2,0,25.3515,56.7782,0.169,6.36,2.795,1.48,0.1082,0.1082,False,2.0833,5.532,3.4488,-5.4238
2021101703,1208,41282,Davante Adams,WR,False,GB,6,True,32,14.2289,0.6766,0.1766,8.6602,2.3218,-0.7519,1,2,0,22.1279,47.9398,-1.4969,6.06,3.6242,0.98,23.3398,23.3398,False,7.7641,11.4385,3.6744,11.9013
2021101703,1634,46276,Equanimeous St. Brown,WR,False,GB,6,True,15,28.9887,1.3785,0.8785,20.1956,0.7575,-0.7095,1,2,0,5.7781,0.0,-0.1036,7.29,7.0523,4.36,-5.1956,-5.0,True,-2.3094,1.4086,3.718,-6.4086
2021101703,1872,52451,Cole Kmet,TE,True,CHI,6,True,3,9.3262,0.4435,0.0,1.77,2.1165,1.63,1,6,1,24.5,49.12,3.6459,5.4,0.7599,2.05,1.23,1.23,False,1.3963,0.8836,-0.5127,0.3464
2021101703,1896,40026,Marquise Goodwin,WR,False,CHI,6,True,12,20.6978,0.9843,0.4843,12.3492,1.0783,0.6828,1,2,0,5.3141,36.1108,-0.0139,6.61,0.3701,4.88,-0.3492,-0.3492,False,-0.0191,-1.0333,-1.0142,0.6841
2021101703,2306,41282,Davante Adams,WR,False,GB,6,True,11,20.648,0.9819,0.4819,7.9022,3.3757,3.2432,1,1,1,7.5952,82.3878,-0.6472,0.82,-0.6595,5.33,3.0978,3.0978,False,1.8382,0.5399,-1.2983,2.5579
2021101703,2431,30842,Marcedes Lewis,TE,True,GB,6,True,9,10.6885,0.5083,0.0083,0.9536,3.6432,3.1645,1,3,1,13.3896,40.2664,-0.7874,7.31,0.431,0.96,8.0464,8.0464,False,3.8571,5.8887,2.0317,2.1577
2021101703,2485,52502,Josiah Deguara,TE,True,GB,6,True,4,16.4765,0.7835,0.2835,2.4345,3.722,2.8917,1,2,2,3.7081,28.7555,1.7271,6.09,1.2152,2.38,1.5655,1.5655,False,0.4305,0.5238,0.0934,1.0416
2021101703,2535,44995,Aaron Jones,RB,False,GB,6,True,10,12.108,0.5758,0.0758,0.4144,3.757,2.2992,1,3,0,13.7849,22.0656,-0.8992,8.02,2.1689,2.29,9.5856,9.5856,False,7.5966,8.378,0.7814,1.2076
2021101703,2564,44995,Aaron Jones,RB,False,GB,6,True,12,9.91,0.4713,0.0,-2.08,3.9181,2.94,1,3,1,15.54,14.28,4.2664,3.2,0.1825,2.6,14.08,14.08,False,3.9211,2.6554,-1.2657,11.4246
2021101703,2656,53646,Khalil Herbert,RB,False,CHI,6,True,8,10.9399,0.5202,0.0202,0.9552,5.4031,5.1049,0,2,1,14.7823,72.5048,-0.0906,6.81,-0.2389,1.66,7.0448,7.0448,False,6.3409,4.1934,-2.1474,2.8514
2021101703,3059,41290,Allen Robinson,WR,False,CHI,6,True,20,21.091,1.003,0.503,19.5523,4.632,-0.2576,1,4,1,18.452,54.1977,2.5683,5.31,4.2396,2.68,0.4477,0.4477,False,4.0435,3.2005,-0.843,-2.7528
2021101703,3083,52451,Cole Kmet,TE,True,CHI,6,True,21,16.8998,0.8036,0.3036,15.0775,8.1742,-6.128,0,3,0,25.8974,38.3525,1.8964,6.94,5.821,1.56,5.9225,5.9225,False,8.2444,9.8286,1.5842,-3.9061
2021101703,3189,41290,Allen Robinson,WR,False,CHI,6,True,8,15.8065,0.7517,0.2517,5.2426,2.1847,0.7519,1,1,0,9.0518,20.6974,-0.2782,6.83,-0.1883,2.19,2.7574,2.7574,False,4.7587,3.7265,-1.0323,-0.9691
2021101703,3218,52451,Cole Kmet,TE,True,CHI,6,True,10,16.1939,0.7701,0.2701,10.5281,1.8112,1.4422,2,3,1,19.157,7.9119,7.4543,5.08,2.5477,3.13,-0.5281,-0.5281,False,0.4081,1.076,0.6679,-1.604
2021101703,3265,52581,Darnell Mooney,WR,False,CHI,6,True,5,13.614,0.6474,0.1474,6.6985,6.4616,0.4735,0,4,0,13.7645,0.0,-1.8615,7.25,2.6359,3.0,-1.6985,-1.6985,False,2.169,0.602,-1.567,-2.3005
2021101703,3357,46705,Allen Lazard,WR,False,GB,6,True,13,14.8718,0.7072,0.2072,10.7337,0.6821,0.1171,2,4,0,23.7823,64.7863,0.6321,6.64,3.396,3.07,2.2663,2.2663,False,0.9434,3.0697,2.1264,-0.8034
2021101703,3403,41282,Davante Adams,WR,False,GB,6,True,41,21.5796,1.0262,0.5262,18.1198,5.2428,-5.1934,0,2,0,16.6908,43.9102,-1.4345,8.49,7.3355,2.74,22.8802,22.8802,False,9.8633,14.0331,4.1697,8.8471
2021101703,3449,30842,Marcedes Lewis,TE,True,GB,6,True,8,16.0545,0.7635,0.2635,3.5006,7.7025,7.0127,0,2,1,10.3334,17.9794,-0.6001,6.34,1.8621,1.65,4.4994,4.4994,False,7.1462,7.5401,0.3939,-3.0407
2021101703,3669,52581,Darnell Mooney,WR,False,CHI,6,True,15,29.72,1.4133,0.9133,17.6837,1.4416,-0.1587,1,1,0,3.9147,29.1163,-1.1355,1.51,1.2413,7.41,-2.6837,-2.6837,False,7.3148,-1.4025,-8.7172,-1.2812
2021101704,83,47791,T.J. Hockenson,TE,True,DET,6,True,11,11.395,0.5419,0.0419,-1.5917,8.3031,3.6037,0,1,0,12.4235,75.7517,1.2315,4.52,1.6323,1.12,12.5917,12.5917,False,11.5336,11.1823,-0.3513,1.4094
2021101704,252,52441,Tee Higgins,WR,False,CIN,6,True,14,18.1389,0.8626,0.3626,11.0122,2.8229,1.8228,1,3,1,18.0423,49.1378,-0.9202,6.02,2.902,3.86,2.9878,2.9878,False,4.0845,3.7755,-0.3091,-0.7876
2021101704,366,53631,Chris Evans,RB,False,CIN,6,True,24,20.228,0.9619,0.4619,11.1656,4.2068,-3.3143,1,1,0,4.7988,12.9644,-1.2313,7.55,7.178,1.34,12.8344,12.8344,False,8.758,10.5047,1.7467,2.3297
2021101704,478,47791,T.J. Hockenson,TE,True,DET,6,True,7,12.3568,0.5876,0.0876,4.2205,2.4208,1.7392,1,2,1,20.4993,74.8295,1.5846,7.45,0.5767,0.89,2.7795,2.7795,False,4.1015,3.867,-0.2345,-1.0876
2021101704,521,44860,Joe Mixon,RB,False,CIN,6,True,5,6.1659,0.2932,0.0,-5.3,7.3625,-2.02,0,2,0,20.78,82.69,-6.0925,4.72,1.3532,1.23,10.3,10.3,False,12.1313,11.5565,-0.5748,-1.2565
2021101704,617,52441,Tee Higgins,WR,False,CIN,6,True,18,17.7037,0.8419,0.3419,13.416,2.9741,-2.9499,1,2,1,15.081,54.254,1.1819,9.15,1.012,1.51,4.584,4.584,False,4.785,4.7238,-0.0612,-0.1398
2021101704,680,42500,C.J. Uzomah,TE,True,CIN,6,True,5,14.2491,0.6776,0.1776,4.8918,0.7591,0.7564,1,2,2,14.5309,77.5482,1.4914,1.47,-0.4406,3.46,0.1082,0.1082,False,0.3816,0.7129,0.3313,-0.6047
2021101704,903,43344,Tyler Boyd,WR,False,CIN,6,True,11,15.4359,0.734,0.234,5.1643,3.5668,1.8739,1,3,0,16.8459,69.2457,0.6823,4.12,0.0611,2.67,5.8357,5.8357,False,5.9949,3.6259,-2.369,2.2098
2021101704,938,53434,Ja'Marr Chase,WR,False,CIN,6,True,9,16.6153,0.7901,0.2901,4.5858,3.4703,0.3569,1,3,1,8.1833,79.7742,5.2274,1.56,1.3297,4.4,4.4142,4.4142,False,2.3095,1.7411,-0.5684,2.6731
2021101704,1041,47791,T.J. Hockenson,TE,True,DET,6,True,10,14.1663,0.6737,0.1737,1.4115,8.684,7.2874,0,1,1,16.2246,67.8185,4.5933,4.63,1.7359,2.29,8.5885,8.5885,False,7.556,6.669,-0.887,1.9195
2021101704,1138,43584,Kalif Raymond,WR,False,DET,6,True,4,21.0128,0.9992,0.4992,3.7602,5.3627,5.1009,0,1,1,4.9576,40.4998,0.9539,5.71,0.8016,2.1,0.2398,0.2398,False,2.3227,0.8171,-1.5056,-0.5773
2021101704,1264,44860,Joe Mixon,RB,False,CIN,6,True,4,9.5107,0.4523,0.0,-1.12,7.1995,6.62,0,2,1,18.66,58.16,2.3086,5.12,0.686,1.75,5.12,5.12,False,9.4614,8.1902,-1.2712,-3.0702
2021101704,1345,43584,Kalif Raymond,WR,False,DET,6,True,6,20.0655,0.9542,0.4542,-0.6854,6.2051,6.1793,0,1,1,8.7147,94.9654,3.7279,1.02,-0.188,1.01,6.6854,6.6854,False,5.6314,2.6783,-2.9531,4.0071
2021101704,1369,43584,Kalif Raymond,WR,False,DET,6,True,5,16.9754,0.8072,0.3072,6.538,1.0529,0.7229,1,1,0,4.9278,82.072,1.1939,7.37,0.3189,3.3,-1.538,-1.538,False,0.3317,0.8597,0.528,-2.3976
2021101704,1438,43584,Kalif Raymond,WR,False,DET,6,True,5,10.518,0.5002,0.0002,3.2102,2.2537,1.13,1,6,2,19.7087,75.9898,0.4862,7.65,1.3797,1.56,1.7898,1.7898,False,5.8956,6.55,0.6544,-4.7602
2021101704,1521,44947,Jamaal Williams,RB,False,DET,6,True,-2,7.006,0.3332,0.0,-3.34,4.5645,4.53,1,2,1,13.22,75.6,5.2516,6.76,1.8542,0.72,1.34,1.34,False,5.4727,5.2348,-0.2379,-3.8948
2021101704,1613,44860,Joe Mixon,RB,False,CIN,6,True,1,9.4968,0.4516,0.0,-4.34,11.5428,1.38,0,0,0,11.92,73.67,-1.6119,4.18,2.3326,2.33,5.34,5.34,False,11.5146,12.31,0.7954,-6.97
2021101704,1843,43344,Tyler Boyd,WR,False,CIN,6,True,7,18.3921,0.8746,0.3746,5.7882,2.745,1.2104,1,2,1,16.4244,70.5218,1.6555,1.39,-0.9659,2.85,1.2118,1.2118,False,3.0006,1.624,-1.3766,-0.4121
2021101704,1889,44860,Joe Mixon,RB,False,CIN,6,True,9,8.861,0.4214,0.0,-0.74,9.3277,-5.1,0,1,0,19.76,69.29,-4.6515,5.61,0.4831,1.03,9.74,9.74,False,9.0446,9.4268,0.3822,0.3132
2021101704,1957,53434,Ja'Marr Chase,WR,False,CIN,6,True,34,25.9738,1.2351,0.7351,21.1176,0.6625,-0.5299,1,1,0,4.0712,39.9024,-0.4685,8.68,8.4031,0.43,12.8824,12.8824,False,9.2338,20.2457,11.012,-7.3633
2021101704,2191,42500,C.J. Uzomah,TE,True,CIN,6,True,8,16.5066,0.7849,0.2849,4.3714,8.0276,1.884,0,2,1,6.8405,45.2386,0.1322,3.94,0.6014,1.91,3.6286,3.6286,False,4.1077,4.7507,0.643,-1.1221
2021101704,2260,44860,Joe Mixon,RB,False,CIN,6,True,40,8.8397,0.4204,0.0,1.87,6.4874,-4.73,0,1,0,16.94,37.85,-2.1528,7.91,2.7624,1.54,38.13,30.0,False,13.5306,11.8743,-1.6563,18.1257
2021101704,2327,47791,T.J. Hockenson,TE,True,DET,6,True,5,11.2309,0.5341,0.0341,4.4026,1.9013,1.8673,1,3,1,22.6539,64.6774,2.9604,3.54,0.9573,2.5,0.5974,0.5974,False,0.8144,0.8208,0.0065,-0.2234
2021101704,2351,47791,T.J. Hockenson,TE,True,DET,6,True,4,13.0439,0.6203,0.1203,5.1355,1.5555,1.5294,1,3,1,20.6982,60.1545,4.759,1.72,0.3784,3.17,-1.1355,-1.1355,False,1.0375,0.3908,-0.6468,-1.5263
2021101704,2440,52441,Tee Higgins,WR,False,CIN,6,True,7,19.5644,0.9304,0.4304,4.2351,4.544,3.5567,1,3,2,19.5165,76.1449,-1.0737,6.37,0.6625,0.81,2.7649,2.7649,False,5.0724,4.8099,-0.2625,-2.045
2021101704,2586,52441,Tee Higgins,WR,False,CIN,6,True,23,20.739,0.9862,0.4862,16.0088,4.0924,1.7875,1,3,0,22.7724,32.3912,-0.2441,6.58,3.6174,3.89,6.9912,6.9912,False,3.7537,3.4328,-0.321,3.5584
2021101704,2739,47791,T.J. Hockenson,TE,True,DET,6,True,33,23.4703,1.1161,0.6161,23.5129,3.8738,-1.4384,1,2,0,15.728,60.6871,3.0081,7.52,7.5197,1.61,9.4871,9.4871,False,8.8205,8.9586,0.1381,0.5286
2021101704,2903,53631,Chris Evans,RB,False,CIN,6,True,11,8.2793,0.3937,0.0,0.88,5.4494,5.44,0,4,1,18.33,90.33,4.9744,2.05,1.9042,2.31,10.12,10.12,False,5.1284,4.6014,-0.527,5.5186
2021101704,2948,53434,Ja'Marr Chase,WR,False,CIN,6,True,53,23.0563,1.0964,0.5964,28.0435,4.3975,-2.1697,1,1,0,18.8659,47.2365,-0.797,9.91,9.7475,0.48,24.9565,24.9565,False,15.7333,23.2818,7.5484,1.6747
2021101704,3031,53631,Chris Evans,RB,False,CIN,6,True,14,9.9433,0.4728,0.0,3.55,6.1906,4.75,0,4,2,20.22,13.29,1.1621,5.48,3.0858,2.15,10.45,10.45,False,4.2977,5.8021,1.5044,4.6479
2021101704,3055,42500,C.J. Uzomah,TE,True,CIN,6,True,2,13.9224,0.6621,0.1621,4.0996,0.89,-0.3428,1,1,0,18.0521,0.0,0.1895,8.47,1.6016,0.33,-2.0996,-2.0996,False,-3.7738,-3.1969,0.5769,1.0974
2021101704,3111,53541,Amon-Ra St. Brown,WR,False,DET,6,True,9,14.5383,0.6913,0.1913,5.568,4.7759,2.6222,1,2,1,24.9071,69.642,0.5317,1.92,-0.5331,3.47,3.432,3.432,False,4.9851,3.414,-1.5711,0.018
2021101704,3145,47791,T.J. Hockenson,TE,True,DET,6,True,5,13.2713,0.6311,0.1311,5.7515,0.5147,0.3458,1,2,0,22.1828,61.0385,4.0442,0.43,0.3932,3.71,-0.7515,-0.7515,False,1.1265,-0.4121,-1.5386,-0.3394
2021101704,3190,53541,Amon-Ra St. Brown,WR,False,DET,6,True,3,18.0808,0.8598,0.3598,5.3927,4.3933,3.1444,2,2,1,10.5513,48.1173,-1.6607,5.84,-0.8541,3.65,-2.3927,-2.3927,False,4.7839,1.5903,-3.1936,-3.983
2021101704,3235,48680,Tom Kennedy,WR,False,DET,6,True,15,12.7772,0.6076,0.1076,4.3696,3.768,1.8251,1,2,0,23.9041,39.7404,-1.7471,8.1,0.9254,0.67,10.6304,10.6304,False,7.2587,9.1772,1.9185,1.4533
2021101704,3281,53541,Amon-Ra St. Brown,WR,False,DET,6,True,7,15.7113,0.7471,0.2471,7.3232,0.852,-0.2735,1,3,1,22.9882,23.1268,0.8742,2.57,0.3772,2.0,-0.3232,-0.3232,False,2.6954,0.2759,-2.4195,-0.5991
2021101704,3305,53541,Amon-Ra St. Brown,WR,False,DET,6,True,4,13.5831,0.6459,0.1459,5.1838,0.8224,0.1503,1,4,0,22.9253,18.4362,-0.329,6.47,2.4248,1.26,-1.1838,-1.1838,False,3.4298,4.0539,0.6241,-5.2378
2021101704,3350,52443,D'Andre Swift,RB,False,DET,6,True,3,10.3892,0.494,0.0,3.43,0.9319,0.06,1,2,1,22.32,18.3,1.1142,6.52,1.158,1.21,-0.43,-0.43,False,2.8372,1.7953,-1.0419,-2.2253
2021101704,3615,46322,Auden Tate,WR,False,CIN,6,True,7,9.805,0.4663,0.0,-1.61,4.0664,-1.73,1,2,0,10.86,8.7,-1.3957,7.05,2.1282,1.83,8.61,8.61,False,8.1537,8.775,0.6213,-0.165
2021101704,3673,46992,KhaDarel Hodge,WR,False,DET,6,True,7,13.0425,0.6202,0.1202,5.4567,2.3134,2.0786,2,2,2,23.4774,69.7033,2.5494,2.26,1.5531,6.48,1.5433,1.5433,False,1.7217,1.1552,-0.5665,0.3881
2021101704,3697,47791,T.J. Hockenson,TE,True,DET,6,True,10,20.8289,0.9905,0.4905,9.5439,2.1691,0.2113,2,2,0,11.1795,59.4161,3.1029,2.45,0.1099,3.66,0.4561,0.4561,False,2.2952,-0.1344,-2.4297,0.5906
2021101704,3743,53541,Amon-Ra St. Brown,WR,False,DET,6,True,3,11.8604,0.564,0.064,2.5816,4.7204,3.3382,1,2,1,17.7228,55.6184,7.5611,6.52,-0.1309,1.34,0.4184,0.4184,False,3.0497,0.9696,-2.0801,-0.5512
2021101704,3767,43584,Kalif Raymond,WR,False,DET,6,True,7,11.3716,0.5408,0.0408,6.3574,5.5914,3.6524,0,4,1,24.9742,50.4526,1.5973,0.68,0.672,4.71,0.6426,0.6426,False,4.5204,3.9134,-0.607,-3.2708
2021101704,3813,52443,D'Andre Swift,RB,False,DET,6,True,8,13.9537,0.6635,0.1635,6.097,7.81,7.7425,0,4,1,22.2212,41.893,7.3199,5.99,2.8554,0.29,1.903,1.903,False,4.5093,3.216,-1.2934,-1.313
2021101704,3837,43584,Kalif Raymond,WR,False,DET,6,True,10,11.7375,0.5582,0.0582,5.743,7.1704,5.3732,0,3,1,24.1472,35.027,2.2415,2.3,0.9116,1.44,4.257,4.257,False,7.4787,8.114,0.6353,-3.857
2021101704,3861,52443,D'Andre Swift,RB,False,DET,6,True,14,9.6482,0.4588,0.0,3.73,6.9463,-6.73,0,5,1,20.76,27.5,-2.4531,1.98,1.8766,1.29,10.27,10.27,False,8.959,9.2059,0.2469,1.0641
2021101704,3950,52443,D'Andre Swift,RB,False,DET,6,True,15,12.5408,0.5964,0.0964,3.0673,8.1319,6.3949,0,1,1,15.5575,12.9727,5.4181,4.86,4.5384,4.11,11.9327,11.9327,False,5.7917,8.1616,2.3699,3.771
2021101704,3996,53541,Amon-Ra St. Brown,WR,False,DET,6,True,0,6.37,0.3029,0.0,0.43,3.8529,-3.85,1,5,1,18.94,2.74,-0.6917,4.32,3.5418,2.35,-0.43,-0.43,False,0.8311,4.2207,3.3896,-4.6507
2021101705,182,38622,T.Y. Hilton,WR,False,IND,6,True,12,21.0918,1.003,0.503,8.6406,2.8847,2.8719,1,2,1,6.1751,64.2794,0.9626,2.57,1.5918,5.0,3.3594,3.3594,False,-0.4626,0.6972,1.1597,2.6622
2021101705,349,41246,Brandin Cooks,WR,False,HOU,6,True,9,24.7531,1.1771,0.6771,11.1868,2.6662,2.3203,1,2,1,4.1506,70.0332,-1.6468,3.64,-0.8318,7.27,-2.1868,-2.1868,False,-1.5306,-1.9211,-0.3904,-0.2657
2021101705,378,42419,Chris Conley,WR,False,HOU,6,True,10,16.5975,0.7893,0.2893,7.0446,3.69,3.4114,1,3,1,11.1927,65.0754,-1.6237,6.68,1.4333,5.29,2.9554,2.9554,False,3.5622,1.5095,-2.0528,1.4459
2021101705,449,53518,Nico Collins,WR,False,HOU,6,True,14,18.0513,0.8584,0.3584,14.356,1.0441,1.0435,1,3,1,18.3312,42.654,5.451,4.27,-1.0994,1.9,-0.356,-0.356,False,-0.1249,-0.596,-0.4711,0.2401
2021101705,561,41246,Brandin Cooks,WR,False,HOU,6,True,8,15.2808,0.7267,0.2267,5.4808,2.4536,1.7529,1,2,1,14.3248,43.8992,-0.7719,5.8,3.5772,2.17,2.5192,2.5192,False,5.2355,8.7735,3.538,-6.2543
2021101705,644,52442,Michael Pittman,WR,False,IND,6,True,17,22.4917,1.0696,0.5696,16.3343,3.0276,2.6953,1,1,1,8.62,74.7657,1.442,7.07,3.1679,5.04,0.6657,0.6657,False,1.6322,2.7745,1.1423,-2.1088
2021101705,764,47842,Parris Campbell,WR,False,IND,6,True,51,29.636,1.4093,0.9093,33.2528,7.1595,-0.5612,0,2,0,16.9423,18.0172,1.9621,9.0,8.5811,2.98,17.7472,17.7472,False,11.419,10.9452,-0.4738,6.802
2021101705,988,38622,T.Y. Hilton,WR,False,IND,6,True,52,31.8114,1.5127,1.0127,36.2588,4.5134,2.5059,1,1,0,21.4743,43.9812,2.7739,9.5,8.3622,1.86,15.7412,15.7412,False,11.8366,16.3655,4.5288,-0.6242
2021101705,1135,53518,Nico Collins,WR,False,HOU,6,True,18,17.152,0.8156,0.3156,12.0204,1.3534,0.255,1,4,1,16.0814,62.9196,-0.4381,6.77,4.8485,4.26,5.9796,5.9796,False,3.0393,4.513,1.4738,1.4666
2021101705,1180,46167,Jordan Akins,TE,True,HOU,6,True,13,18.8552,0.8966,0.3966,13.1747,5.5367,-5.5048,0,3,0,15.6963,42.8453,1.2804,8.16,1.3229,1.49,-0.1747,-0.1747,False,10.8367,11.7099,0.8732,-11.8846
2021101705,1204,46367,Phillip Lindsay,RB,False,HOU,6,True,9,7.802,0.371,0.0,0.58,5.0867,-4.36,0,4,1,24.23,42.35,3.0774,5.36,1.7433,2.81,8.42,8.42,False,6.4217,5.7701,-0.6516,2.6499
2021101705,1250,41246,Brandin Cooks,WR,False,HOU,6,True,4,20.9398,0.9958,0.4958,6.3131,1.4332,1.2013,1,2,1,4.1888,28.3369,-0.0843,1.95,0.2079,5.79,-2.3131,-2.3131,False,-0.7314,-1.9305,-1.199,-0.3826
2021101705,1326,53518,Nico Collins,WR,False,HOU,6,True,5,20.9108,0.9944,0.4944,6.5873,0.9042,0.8759,1,1,1,5.2508,15.9927,-0.9326,1.6,0.8845,7.3,-1.5873,-1.5873,False,0.625,-1.1809,-1.8058,-0.4064
2021101705,1511,38622,T.Y. Hilton,WR,False,IND,6,True,6,22.4126,1.0658,0.5658,7.7106,2.3241,-0.4299,1,2,0,2.9613,57.9994,-1.3779,4.88,-1.1831,4.32,-1.7106,-1.7106,False,4.7477,-1.7542,-6.5018,0.0435
2021101705,1563,52442,Michael Pittman,WR,False,IND,6,True,18,25.3365,1.2048,0.7048,16.7117,6.2425,-2.7084,0,1,0,1.6233,47.6283,-4.5122,6.95,6.5145,1.19,1.2883,1.2883,False,10.4714,12.9909,2.5195,-11.7026
2021101705,1757,45339,Pharaoh Brown,TE,True,HOU,6,True,3,12.2308,0.5816,0.0816,3.766,4.5191,4.4932,2,2,1,12.7193,79.864,3.8807,5.2,0.6859,3.78,-0.766,-0.766,False,1.4992,1.8954,0.3962,-2.6614
2021101705,1820,41246,Brandin Cooks,WR,False,HOU,6,True,20,21.5351,1.0241,0.5241,16.4862,4.8852,3.134,1,3,1,16.5437,64.0038,4.6301,7.12,4.6486,5.85,3.5138,3.5138,False,3.1189,1.8741,-1.2449,1.6397
2021101705,1911,43396,Chris Moore,WR,False,HOU,6,True,11,18.9715,0.9022,0.4022,11.8043,1.7011,-1.0162,1,1,0,11.2612,53.2457,0.482,8.72,2.4226,1.92,-0.8043,-0.8043,False,9.4553,5.995,-3.4603,-6.7993
2021101705,2290,44792,Mo Alie-Cox,TE,True,IND,6,True,28,25.2478,1.2006,0.7006,22.0613,5.1285,-5.086,0,3,1,7.8644,6.4187,1.782,8.02,4.4265,2.47,5.9387,5.9387,False,2.8128,2.0926,-0.7202,3.846
2021101705,2396,41246,Brandin Cooks,WR,False,HOU,6,True,17,28.0807,1.3353,0.8353,17.8059,7.175,-6.8082,0,1,0,13.8984,62.3841,-1.6958,8.28,1.1323,1.31,-0.8059,-0.8059,False,14.6354,14.4408,-0.1946,-15.2466
2021101705,2673,41246,Brandin Cooks,WR,False,HOU,6,True,9,22.8471,1.0865,0.5865,11.573,0.9382,0.752,1,2,1,4.2328,51.497,-0.1066,2.43,1.3181,6.59,-2.573,-2.573,False,-0.3458,-2.5022,-2.1564,-0.0708
2021101705,2760,41246,Brandin Cooks,WR,False,HOU,6,True,13,23.5821,1.1214,0.6214,11.044,2.5826,0.3964,1,3,1,3.7979,36.626,-1.4676,3.75,2.2111,5.63,1.956,1.956,False,1.2343,-1.0897,-2.3241,3.0457
2021101705,2813,46167,Jordan Akins,TE,True,HOU,6,True,8,16.8503,0.8013,0.3013,7.4621,2.3916,2.1072,1,2,2,10.6872,26.9979,-0.5291,5.39,0.206,5.13,0.5379,0.5379,False,2.0539,1.3785,-0.6754,-0.8406
2021101705,3077,41246,Brandin Cooks,WR,False,HOU,6,True,6,21.2704,1.0115,0.5115,6.8986,1.3447,1.3101,1,1,1,3.9609,67.2514,-0.7047,2.22,1.835,4.55,-0.8986,-0.8986,False,-0.4305,1.2715,1.702,-2.17
2021101705,3106,37101,Mark Ingram,RB,False,HOU,6,True,3,8.4167,0.4002,0.0,-4.4,5.6896,-3.25,0,2,0,12.73,72.68,-4.2236,4.85,2.1025,1.37,7.4,7.4,False,9.2002,10.757,1.5568,-3.357
2021101705,3198,42429,David Johnson,RB,False,HOU,6,True,14,11.3772,0.541,0.041,2.6847,3.4565,1.8465,1,5,1,17.4274,61.4553,-0.4291,5.58,3.5275,2.63,11.3153,11.3153,False,6.169,7.7897,1.6208,3.5256
2021101705,3233,53518,Nico Collins,WR,False,HOU,6,True,7,25.2976,1.203,0.703,7.0666,3.5484,3.509,2,2,2,1.4235,43.2634,0.9231,2.64,-2.6364,3.37,-0.0666,-0.0666,False,-0.3447,-0.6692,-0.3245,0.6026
2021101705,3403,38622,T.Y. Hilton,WR,False,IND,6,True,10,11.8178,0.562,0.062,2.872,6.217,4.3963,0,2,2,20.3379,35.108,-0.8233,8.45,0.6777,1.72,7.128,7.128,False,7.6114,9.7994,2.188,-2.6714
2021101705,3533,46367,Phillip Lindsay,RB,False,HOU,6,True,6,14.2539,0.6778,0.1778,-4.6042,11.0057,10.4471,0,0,0,11.2002,82.8442,0.3907,6.01,1.6071,1.63,10.6042,10.6042,False,8.7171,8.1789,-0.5381,2.4253
2021101705,3631,46167,Jordan Akins,TE,True,HOU,6,True,12,17.3204,0.8236,0.3236,10.0446,4.7223,-0.4207,1,2,0,13.8518,26.5054,2.5725,3.08,2.7024,4.09,1.9554,1.9554,False,6.9348,4.8938,-2.041,-2.9384
2021101706,123,53449,Kadarius Toney,WR,False,NYG,6,True,17,27.4869,1.3071,0.8071,19.1226,1.6858,0.9441,1,1,0,6.9214,66.5874,-0.6844,6.55,3.9309,5.69,-2.1226,-2.1226,False,0.1759,0.9523,0.7764,-3.075
2021101706,152,43329,Sterling Shepard,WR,False,NYG,6,True,8,15.2199,0.7238,0.2238,4.5169,5.6709,5.1345,0,1,1,8.3062,64.0531,2.0618,5.83,0.7458,3.51,3.4831,3.4831,False,3.3648,2.2088,-1.1561,1.2743
2021101706,259,53449,Kadarius Toney,WR,False,NYG,6,True,16,25.1696,1.1969,0.6969,7.5797,2.2103,1.9385,1,1,1,6.8045,30.5803,2.9264,0.98,0.7171,5.52,8.4203,8.4203,False,-0.6055,-0.2193,0.3862,8.6396
2021101706,512,44881,Cooper Kupp,WR,False,LA,6,True,30,23.4803,1.1166,0.6166,19.2066,5.0889,0.2567,0,2,1,16.2711,66.7134,-2.7563,7.44,4.1464,4.89,10.7934,10.7934,False,4.8609,4.3091,-0.5519,6.4844
2021101706,562,39989,Robert Woods,WR,False,LA,6,True,16,27.5932,1.3122,0.8122,13.6392,6.2211,5.9569,0,4,1,14.3968,40.8508,-0.5319,0.93,-0.6782,4.02,2.3608,2.3608,False,3.5105,2.1835,-1.327,0.1773
2021101706,667,43425,Devontae Booker,RB,False,NYG,6,True,2,8.2397,0.3918,0.0,1.83,4.473,3.52,1,2,1,15.77,88.36,8.1287,2.24,1.6502,2.52,0.17,0.17,False,2.2212,2.2085,-0.0127,-2.0385
2021101706,712,43329,Sterling Shepard,WR,False,NYG,6,True,9,22.1052,1.0512,0.5512,10.2845,0.6662,0.6659,1,1,1,17.7127,77.9055,0.8774,1.57,-0.4272,6.05,-1.2845,-1.2845,False,0.6371,-0.4958,-1.1328,-0.7888
2021101706,886,46113,Dante Pettis,WR,False,NYG,6,True,14,22.0644,1.0492,0.5492,11.4546,4.6523,0.4308,1,2,0,11.4752,61.6454,-0.8922,8.64,-0.1372,1.04,2.5454,2.5454,False,7.6134,9.557,1.9436,-7.0117
2021101706,958,44881,Cooper Kupp,WR,False,LA,6,True,6,15.9662,0.7593,0.2593,6.185,0.476,-0.3106,1,3,1,20.4282,35.255,1.3528,1.0,0.2892,0.94,-0.185,-0.185,False,2.6229,-0.2593,-2.8823,0.0744
2021101706,1094,44835,Evan Engram,TE,True,NYG,6,True,7,13.082,0.6221,0.1221,5.4863,2.1475,0.9672,1,2,0,19.1641,84.8137,0.5455,4.37,1.1163,4.18,1.5137,1.5137,False,5.0516,3.4521,-1.5995,-1.9384
2021101706,1250,44881,Cooper Kupp,WR,False,LA,6,True,28,27.5919,1.3121,0.8121,24.9757,2.2969,-2.0706,1,4,1,11.2945,44.1243,-1.3919,8.51,5.3636,2.0,3.0243,3.0243,False,11.959,8.1887,-3.7703,-5.1644
2021101706,1286,43399,Tyler Higbee,TE,True,LA,6,True,10,10.0051,0.4758,0.0,-1.12,7.4438,2.96,0,1,0,18.54,40.97,-1.8889,7.55,2.0925,1.21,11.12,11.12,False,12.9163,15.8435,2.9272,-4.7235
2021101706,1331,39989,Robert Woods,WR,False,LA,6,True,15,10.9818,0.5222,0.0222,4.3615,5.2626,4.9123,0,6,2,24.816,10.8985,-0.3533,1.55,1.4154,3.83,10.6385,10.6385,False,4.8184,4.3262,-0.4921,6.3123
2021101706,1523,43399,Tyler Higbee,TE,True,LA,6,True,9,13.4265,0.6385,0.1385,6.9345,1.8863,1.15,1,3,0,20.8102,5.0455,1.5901,6.8,4.2932,1.65,2.0655,2.0655,False,2.6603,3.3774,0.7171,-1.3119
2021101706,1589,44881,Cooper Kupp,WR,False,LA,6,True,3,15.6002,0.7418,0.2418,2.2144,4.2991,2.7716,1,2,1,3.4769,0.6556,-0.5314,7.54,0.8038,1.82,0.7856,0.7856,False,-0.7312,-1.1133,-0.3821,1.8989
2021101706,1908,43399,Tyler Higbee,TE,True,LA,6,True,4,14.9876,0.7127,0.2127,3.5273,3.3468,2.7186,2,3,2,7.8956,7.2027,1.2697,6.73,1.3037,1.99,0.4727,0.4727,False,1.4354,2.162,0.7267,-1.6894
2021101706,2037,37118,Kyle Rudolph,TE,True,NYG,6,True,8,8.6744,0.4125,0.0,0.37,2.7205,1.0,1,3,1,13.54,74.94,0.0678,7.12,0.7578,0.8,7.63,7.63,False,4.5033,3.4026,-1.1006,4.2274
2021101706,2104,43329,Sterling Shepard,WR,False,NYG,6,True,3,15.1806,0.7219,0.2219,4.1035,3.0954,2.9302,1,2,2,6.9476,59.1865,2.3163,6.23,-0.0294,4.56,-1.1035,-1.1035,False,0.3846,0.7134,0.3287,-1.8168
2021101706,2293,43399,Tyler Higbee,TE,True,LA,6,True,9,17.0999,0.8132,0.3132,5.5146,5.0047,2.461,0,1,0,5.1782,41.4654,0.0733,7.08,1.0685,1.17,3.4854,3.4854,False,3.7957,5.8619,2.0662,-2.3765
2021101706,2346,44881,Cooper Kupp,WR,False,LA,6,True,16,21.3926,1.0173,0.5173,16.0212,6.8273,-6.7996,0,3,1,17.7426,25.2988,-2.9764,8.31,2.5734,3.32,-0.0212,-0.0212,False,7.3529,6.9182,-0.4346,-6.9395
2021101706,2370,47853,Darrell Henderson,RB,False,LA,6,True,25,22.981,1.0928,0.5928,17.2308,2.0431,-1.8167,1,1,0,5.3756,8.7092,-1.1678,7.94,7.7101,0.54,7.7692,7.7692,False,9.2384,8.6149,-0.6235,-0.8457
2021101706,2472,47853,Darrell Henderson,RB,False,LA,6,True,4,11.5934,0.5513,0.0513,2.9214,5.6189,5.4281,0,3,1,23.7048,60.1486,4.2321,1.2,1.1963,3.5,1.0786,1.0786,False,4.3985,3.6625,-0.7361,-2.5839
2021101706,2601,44881,Cooper Kupp,WR,False,LA,6,True,4,17.273,0.8214,0.3214,6.2746,1.9029,1.8697,1,2,1,5.3889,68.2354,3.0139,6.41,1.0723,4.28,-2.2746,-2.2746,False,0.088,0.153,0.065,-2.4277
2021101706,2743,52465,Van Jefferson,WR,False,LA,6,True,5,19.251,0.9155,0.4155,5.0509,2.7759,2.7145,2,2,1,5.8123,38.1691,2.0742,2.11,0.4355,4.42,-0.0509,-0.0509,False,0.0359,1.4745,1.4386,-1.5254
2021101706,2930,43329,Sterling Shepard,WR,False,NYG,6,True,10,17.7761,0.8453,0.3453,9.0754,3.5864,0.1128,2,3,1,22.0897,70.3746,-0.2519,2.32,0.1024,2.77,0.9246,0.9246,False,8.0595,3.1245,-4.935,-2.1999
2021101706,2975,43329,Sterling Shepard,WR,False,NYG,6,True,10,18.7711,0.8926,0.3926,6.2763,3.0078,2.853,1,2,2,13.2456,61.4237,3.3165,3.57,0.8055,2.3,3.7237,3.7237,False,1.1935,1.3638,0.1703,2.36
2021101706,3063,46113,Dante Pettis,WR,False,NYG,6,True,15,17.7255,0.8429,0.3429,7.6051,3.0048,2.6019,1,3,1,14.1142,46.4449,3.1958,6.45,3.6894,2.38,7.3949,7.3949,False,2.0,3.9388,1.9387,3.4561
2021101706,3139,33130,DeSean Jackson,WR,False,LA,6,True,6,18.853,0.8965,0.3965,4.7812,4.3843,4.3813,1,3,1,7.1715,41.0088,3.3603,1.36,-0.0726,4.43,1.2188,1.2188,False,1.8367,1.4152,-0.4215,-0.1965
2021101706,3308,44881,Cooper Kupp,WR,False,LA,6,True,13,8.1839,0.3892,0.0,-0.9,4.2695,-1.12,1,3,1,14.14,13.88,-3.2445,7.78,0.319,1.44,13.9,13.9,False,9.358,6.1877,-3.1702,7.7123
2021101706,3606,52573,Collin Johnson,WR,False,NYG,6,True,10,19.6606,0.9349,0.4349,5.3592,2.7547,1.5147,2,3,0,17.9601,36.5808,-0.1811,6.59,2.2744,1.14,4.6408,4.6408,False,3.1362,6.6957,3.5594,-2.0549
2021101706,3672,46113,Dante Pettis,WR,False,NYG,6,True,3,12.6362,0.6009,0.1009,4.6826,2.5104,2.2954,1,4,1,16.2771,27.4874,4.9064,0.68,-0.2719,5.27,-1.6826,-1.6826,False,1.4748,0.4195,-1.0554,-2.102
2021101706,3696,46113,Dante Pettis,WR,False,NYG,6,True,10,17.6022,0.837,0.337,7.8324,0.7633,0.5969,1,3,1,13.4033,21.2976,4.0145,7.01,4.0717,3.37,2.1676,2.1676,False,0.6851,3.1784,2.4934,-1.0108
2021101706,3720,43880,Elijhaa Penny,RB,False,NYG,6,True,1,7.9362,0.3774,0.0,1.75,4.9621,3.99,1,5,2,14.0,18.92,7.975,4.88,1.3974,1.56,-0.75,-0.75,False,3.1678,3.1256,-0.0422,-3.8756
2021101706,4114,43425,Devontae Booker,RB,False,NYG,6,True,11,7.181,0.3415,0.0,1.62,6.594,-6.58,0,5,0,21.09,81.37,-0.9197,6.17,1.3544,1.28,9.38,9.38,False,12.676,11.5092,-1.1668,-2.1292
2021101706,4138,43329,Sterling Shepard,WR,False,NYG,6,True,12,15.6823,0.7458,0.2458,5.7482,2.4971,1.3889,2,2,0,19.0659,65.6018,1.7482,2.42,1.3357,2.98,6.2518,6.2518,False,5.1057,2.797,-2.3087,3.4548
2021101706,4162,44835,Evan Engram,TE,True,NYG,6,True,11,17.577,0.8359,0.3359,8.9856,3.0851,0.859,1,3,0,17.0289,51.5444,-1.131,3.41,-0.7276,4.55,2.0144,2.0144,False,5.4596,1.7385,-3.7211,0.2759
2021101706,4186,52573,Collin Johnson,WR,False,NYG,6,True,11,26.3454,1.2528,0.7528,11.4386,1.7896,1.1539,1,1,0,5.1337,36.9014,0.5525,3.97,-0.3605,4.15,-0.4386,-0.4386,False,0.5339,-0.8692,-1.4031,0.4306
2021101706,4227,43329,Sterling Shepard,WR,False,NYG,6,True,7,19.4602,0.9254,0.4254,3.9045,4.1601,4.0659,1,2,2,9.2915,33.0455,3.4339,1.0,-0.7888,3.42,3.0955,3.0955,False,0.4727,1.2445,0.7718,1.851
2021101706,4251,46113,Dante Pettis,WR,False,NYG,6,True,6,16.8587,0.8017,0.3017,5.9784,0.7432,0.5115,1,2,0,18.3702,24.1716,3.2101,3.26,1.5194,3.56,0.0216,0.0216,False,2.0168,1.1223,-0.8945,-1.1007
2021101706,4297,43329,Sterling Shepard,WR,False,NYG,6,True,2,15.3574,0.7303,0.2303,4.4206,1.0332,0.9729,1,2,1,18.0261,21.2994,2.7426,3.99,-2.0818,2.72,-2.4206,-2.4206,False,0.2855,1.5443,1.2588,-3.9648
2021101706,4343,43329,Sterling Shepard,WR,False,NYG,6,True,1,16.2833,0.7743,0.2743,2.7857,1.1901,0.844,2,3,2,22.5586,19.9243,3.7029,3.43,-3.4059,0.25,-1.7857,-1.7857,False,0.8983,1.8896,0.9913,-3.6753
2021101707,166,43454,Tyreek Hill,WR,False,KC,6,True,6,14.4269,0.686,0.186,-0.0905,7.326,7.3096,0,2,1,11.9142,88.0305,0.7814,5.46,-0.0562,1.27,6.0905,6.0905,False,10.6753,8.5486,-2.1267,-2.4581
2021101707,190,40011,Travis Kelce,TE,True,KC,6,True,20,17.084,0.8124,0.3124,8.8343,5.4848,-3.9911,0,4,1,22.7309,73.2257,0.7879,6.63,0.3019,2.64,11.1657,11.1657,False,3.7658,3.3056,-0.4602,7.8601
2021101707,242,46526,Darrel Williams,RB,False,KC,6,True,9,11.1752,0.5314,0.0314,-0.9325,8.319,8.3123,0,3,1,15.2406,63.2925,2.2506,6.3,1.8314,1.85,9.9325,9.9325,False,12.1697,11.7988,-0.3708,-1.8664
2021101707,306,43454,Tyreek Hill,WR,False,KC,6,True,19,23.5928,1.1219,0.6219,17.7389,3.0598,-0.2212,1,2,0,17.2299,30.1411,0.3184,5.57,2.6995,4.01,1.2611,1.2611,False,7.4774,3.3891,-4.0883,-2.128
2021101707,330,48683,Joe Fortson,TE,True,KC,6,True,27,18.9611,0.9017,0.4017,12.408,0.9789,-0.4902,1,2,0,5.659,16.562,-0.1857,9.03,8.36,1.48,14.592,14.592,False,6.3208,12.9222,6.6014,1.6699
2021101707,470,43722,J.D. McKissic,RB,False,WAS,6,True,9,12.4722,0.5931,0.0931,-0.6064,6.7846,5.5038,0,3,2,8.5164,64.5464,6.0252,7.27,5.1942,2.93,9.6064,9.6064,False,5.5847,8.8332,3.2486,0.7732
2021101707,563,53511,Dyami Brown,WR,False,WAS,6,True,13,12.2993,0.5849,0.0849,4.3012,6.7751,5.912,0,3,1,20.826,42.2788,0.8847,8.03,1.1925,0.93,8.6988,8.6988,False,7.1683,12.0944,4.9261,-3.3956
2021101707,637,43722,J.D. McKissic,RB,False,WAS,6,True,6,12.1166,0.5762,0.0762,0.1945,11.268,7.15,0,0,0,11.7877,38.5755,-0.3556,6.2,0.0584,1.35,5.8055,5.8055,False,10.3218,9.7527,-0.5691,-3.9471
2021101707,759,47839,Mecole Hardman,WR,False,KC,6,True,49,26.6586,1.2677,0.7677,19.1786,0.7554,-0.7509,1,1,0,3.5745,50.4614,-0.6574,8.21,7.8006,3.5,29.8214,29.8214,False,9.0638,10.6247,1.5609,19.1967
2021101707,809,47839,Mecole Hardman,WR,False,KC,6,True,3,13.0705,0.6215,0.1215,2.6335,2.5509,2.3829,1,3,1,18.5249,14.5065,3.2834,0.43,-0.2179,2.58,0.3665,0.3665,False,2.4803,0.609,-1.8713,-0.2425
2021101707,833,41325,Jerick McKinnon,RB,False,KC,6,True,5,10.7694,0.5121,0.0121,-5.1368,10.5047,-1.4421,0,0,0,14.4854,19.9668,-7.5528,6.25,1.0853,1.98,10.1368,10.1368,False,13.5711,11.5709,-2.0002,-1.4341
2021101707,943,45481,Ricky Seals-Jones,TE,True,WAS,6,True,3,14.0785,0.6695,0.1695,-1.4918,7.8165,6.4012,0,2,2,11.7081,92.7518,-8.4972,6.77,-0.6595,2.05,4.4918,4.4918,False,7.1557,3.5289,-3.6268,0.9629
2021101707,1063,46522,Byron Pringle,WR,False,KC,6,True,7,20.2055,0.9608,0.4608,-0.7693,13.517,12.914,0,0,0,4.2293,42.0093,1.3955,4.45,-0.0419,3.67,7.7693,7.7693,False,8.3458,5.3684,-2.9774,2.4009
2021101707,1135,53553,John Bates,TE,True,WAS,6,True,7,10.5643,0.5024,0.0024,1.8006,5.3791,2.846,0,5,1,16.7429,72.3494,2.8566,3.02,0.2333,2.84,5.1994,5.1994,False,5.0646,3.5664,-1.4982,1.633
2021101707,1173,47859,Terry McLaurin,WR,False,WAS,6,True,12,18.4047,0.8752,0.3752,6.941,1.833,0.7942,1,2,0,18.2531,45.059,1.2988,7.09,3.9739,0.81,5.059,5.059,False,3.697,5.998,2.301,-0.9391
2021101707,1230,47859,Terry McLaurin,WR,False,WAS,6,True,7,18.9519,0.9012,0.4012,7.2638,0.437,-0.0374,2,2,0,19.2595,31.1462,0.6027,6.85,3.2496,1.29,-0.2638,-0.2638,False,2.8897,5.0031,2.1134,-5.2669
2021101707,1320,47859,Terry McLaurin,WR,False,WAS,6,True,3,15.6916,0.7462,0.2462,4.5505,0.3488,0.3375,2,5,2,17.1447,23.9495,0.5724,6.58,0.53,1.42,-1.5505,-1.5505,False,0.8304,0.8853,0.0549,-2.4358
2021101707,1741,53511,Dyami Brown,WR,False,WAS,6,True,5,13.2702,0.631,0.131,3.9728,4.0931,3.6456,1,4,1,23.0528,63.3072,0.8549,6.05,0.0211,2.2,1.0272,1.0272,False,4.4297,3.4985,-0.9311,-2.4713
2021101707,1765,47859,Terry McLaurin,WR,False,WAS,6,True,6,18.0105,0.8565,0.3565,6.605,1.4061,0.724,1,3,2,1.818,55.605,1.2332,4.44,0.7152,3.28,-0.605,-0.605,False,-0.5861,-0.9346,-0.3486,0.3297
2021101707,1789,45481,Ricky Seals-Jones,TE,True,WAS,6,True,6,12.2641,0.5832,0.0832,1.1339,7.7267,7.7219,0,2,2,19.3036,54.9161,-0.5691,6.69,-1.2754,0.87,4.8661,4.8661,False,6.2925,5.5515,-0.741,-0.6854
2021101707,1824,43722,J.D. McKissic,RB,False,WAS,6,True,4,9.4375,0.4488,0.0,-5.47,9.3339,0.27,0,2,0,11.15,71.62,-4.7306,6.51,2.2937,4.0,9.47,9.47,False,9.227,12.1153,2.8883,-2.6453
2021101707,1937,45481,Ricky Seals-Jones,TE,True,WAS,6,True,39,24.7482,1.1769,0.6769,18.9503,8.1485,-6.6636,0,1,0,13.8802,20.4797,-2.6421,6.96,6.959,2.34,20.0497,20.0497,False,11.0319,10.7253,-0.3066,9.3244
2021101707,2013,46522,Byron Pringle,WR,False,KC,6,True,27,23.6403,1.1242,0.6242,23.029,5.8325,3.518,0,2,0,5.097,70.751,1.817,8.68,6.1345,2.67,3.971,3.971,False,2.9356,5.5853,2.6497,-1.6143
2021101707,2037,40011,Travis Kelce,TE,True,KC,6,True,19,17.0419,0.8104,0.3104,7.6937,3.4067,0.9621,1,2,1,8.1554,57.4463,-0.5099,6.63,2.1705,3.48,11.3063,11.3063,False,2.6949,3.5316,0.8366,7.7747
2021101707,2066,40011,Travis Kelce,TE,True,KC,6,True,17,16.8233,0.8,0.3,11.3175,2.2069,-1.2683,1,3,1,22.6171,34.7225,-1.4312,6.04,2.6582,2.92,5.6825,5.6825,False,6.7326,4.7181,-2.0145,0.9644
2021101707,2152,40011,Travis Kelce,TE,True,KC,6,True,14,13.2024,0.6278,0.1278,5.4983,5.6501,-0.8043,0,2,0,18.062,28.5517,2.2761,2.58,1.864,3.09,8.5017,8.5017,False,10.4936,9.1048,-1.3888,-0.6031
2021101707,2362,40011,Travis Kelce,TE,True,KC,6,True,9,11.3976,0.542,0.042,4.3861,4.0037,3.8151,2,4,1,18.6787,69.7139,2.4732,1.5,1.3358,4.83,4.6139,4.6139,False,2.4026,2.7039,0.3013,1.91
2021101707,2386,43415,Demarcus Robinson,WR,False,KC,6,True,10,21.9087,1.0418,0.5418,7.5148,2.0594,1.983,1,1,1,4.2362,57.3152,-0.1973,1.84,0.9501,5.09,2.4852,2.4852,False,-1.4242,0.3206,1.7448,2.1646
2021101707,2535,43722,J.D. McKissic,RB,False,WAS,6,True,10,11.8258,0.5624,0.0624,-0.4315,7.5201,3.3107,0,2,1,13.6963,56.5415,-0.1848,8.61,0.9388,2.27,10.4315,10.4315,False,6.5375,5.9252,-0.6123,4.5062
2021101707,2590,45481,Ricky Seals-Jones,TE,True,WAS,6,True,14,6.6963,0.3184,0.0,-2.6,4.9371,-0.68,1,5,0,17.9,45.16,-4.8574,6.79,-0.2002,0.48,16.6,16.6,False,10.0336,9.0003,-1.0333,7.5997
2021101707,2714,46526,Darrel Williams,RB,False,KC,6,True,13,8.0561,0.3831,0.0,-2.12,7.1707,5.3,0,4,2,11.05,70.01,0.3218,6.4,0.9835,2.39,15.12,15.12,False,4.8556,3.9825,-0.8731,11.1375
2021101707,2799,46526,Darrel Williams,RB,False,KC,6,True,5,14.6172,0.6951,0.1951,-2.68,8.0989,7.6277,0,1,1,5.205,44.62,3.5869,4.11,2.05,2.6,7.68,7.68,False,6.065,6.681,0.6161,0.999
2021101707,2831,43454,Tyreek Hill,WR,False,KC,6,True,12,18.5936,0.8842,0.3842,13.8101,3.1868,3.025,1,3,1,20.0583,23.9999,5.7635,7.22,0.9112,2.82,-1.8101,-1.8101,False,1.6838,0.1799,-1.5039,-1.99
2021101707,2938,43454,Tyreek Hill,WR,False,KC,6,True,13,19.9533,0.9489,0.4489,13.1722,5.0619,3.8814,0,4,2,13.3842,7.1178,3.7042,4.79,2.8566,4.53,-0.1722,-0.1722,False,2.282,2.2993,0.0173,-2.4715
2021101707,2994,43454,Tyreek Hill,WR,False,KC,6,True,2,12.3167,0.5857,0.0857,8.1432,3.3905,-2.2309,3,6,0,23.6255,0.0,6.4795,7.1,4.121,1.52,-6.1432,-5.0,True,-3.4291,-3.855,-0.4259,-1.145
2021101707,3078,43722,J.D. McKissic,RB,False,WAS,6,True,9,17.3885,0.8269,0.3269,5.7296,6.0506,1.4881,0,2,1,6.5546,74.4904,0.3478,5.85,0.9776,1.25,3.2704,3.2704,False,3.862,3.8893,0.0273,-0.6189
2021101707,3244,40011,Travis Kelce,TE,True,KC,6,True,3,11.8674,0.5643,0.0643,1.9655,1.7257,1.3346,2,5,3,11.5548,23.0345,0.1239,7.08,0.2409,1.24,1.0345,1.0345,False,2.0198,2.1771,0.1573,-1.1426
2021101707,3335,40011,Travis Kelce,TE,True,KC,6,True,11,10.7287,0.5102,0.0102,6.8794,2.4551,1.4568,1,5,1,10.3447,12.5006,0.2841,4.48,0.9207,3.59,4.1206,4.1206,False,2.4371,2.1519,-0.2853,1.9688
2021101707,3531,53511,Dyami Brown,WR,False,WAS,6,True,12,21.349,1.0152,0.5152,11.6303,1.8463,-0.3961,1,5,1,23.2325,57.6797,-3.045,6.51,0.7381,2.83,0.3697,0.3697,False,1.2231,0.486,-0.7372,-0.1162
2021101707,3555,43722,J.D. McKissic,RB,False,WAS,6,True,4,10.1961,0.4849,0.0,-2.61,11.119,-4.65,0,0,0,13.2,59.55,-4.2285,5.98,0.7495,1.38,6.61,6.61,False,12.5913,9.7575,-2.8338,-3.1475
2021101707,3770,46522,Byron Pringle,WR,False,KC,6,True,21,24.7917,1.1789,0.6789,22.1503,5.7079,0.5651,0,4,0,19.3248,52.4897,-3.333,7.83,0.5012,2.81,-1.1503,-1.1503,False,6.6216,5.6513,-0.9702,-6.8016
2021101707,3837,43454,Tyreek Hill,WR,False,KC,6,True,19,30.0985,1.4313,0.9313,13.331,2.8109,0.6726,1,1,0,25.7779,35.699,-0.1453,8.65,-0.2566,1.04,5.669,5.669,False,3.9081,4.9625,1.0544,0.7064
2021101707,3877,43454,Tyreek Hill,WR,False,KC,6,True,6,15.3191,0.7285,0.2285,2.6472,5.9593,5.9565,0,2,1,16.8169,47.4228,-0.9425,5.23,-2.113,1.27,3.3528,3.3528,False,9.5538,7.3651,-2.1887,-4.0123
2021101707,3960,43415,Demarcus Robinson,WR,False,KC,6,True,12,21.8588,1.0395,0.5395,10.4572,4.8949,4.4759,1,1,1,13.5848,30.3528,5.6776,2.01,-0.5984,0.73,1.5428,1.5428,False,0.9828,0.9691,-0.0137,0.5737
2021101707,4039,40011,Travis Kelce,TE,True,KC,6,True,6,13.4633,0.6402,0.1402,1.8739,7.2619,7.1199,0,4,2,15.7984,28.1761,0.7144,2.04,-0.9709,3.2,4.1261,4.1261,False,6.4962,4.8064,-1.6899,-0.6802
2021101707,4080,43415,Demarcus Robinson,WR,False,KC,6,True,24,25.5333,1.2142,0.7142,14.4871,3.7355,-2.3732,1,1,0,6.7044,9.6129,-1.4755,7.52,7.3048,1.85,9.5129,9.5129,False,8.4323,8.1058,-0.3266,1.4071
2021101707,4147,43722,J.D. McKissic,RB,False,WAS,6,True,7,16.7406,0.7961,0.2961,4.7263,7.1568,7.0658,0,2,1,12.1799,70.8237,4.7731,0.91,-0.7557,0.55,2.2737,2.2737,False,4.3764,4.0574,-0.319,-1.7837
2021101708,102,43370,Austin Hooper,TE,True,CLE,6,True,17,16.605,0.7896,0.2896,12.472,2.2773,1.7821,1,4,1,25.1642,58.918,3.2987,6.69,4.53,4.05,4.528,4.528,False,2.5575,2.737,0.1796,1.791
2021101708,262,44917,James Conner,RB,False,ARI,6,True,0,12.4425,0.5917,0.0917,-1.8206,4.5519,4.499,1,1,1,8.3922,32.4706,6.2853,3.61,2.3935,2.7,1.8206,1.8206,False,4.6622,4.3327,-0.3295,-2.5122
2021101708,307,46116,Christian Kirk,WR,False,ARI,6,True,15,16.3905,0.7794,0.2794,13.827,4.6262,0.2194,1,2,0,26.4795,14.103,6.6027,2.69,1.0627,3.91,1.173,1.173,False,3.2797,1.9674,-1.3123,-0.7944
2021101708,384,46116,Christian Kirk,WR,False,ARI,6,True,21,22.8165,1.085,0.585,23.6847,2.6514,0.6745,1,2,0,7.6808,0.0,-1.6204,8.78,4.5036,2.31,-2.6847,-2.6847,False,-2.1831,-5.0375,-2.8544,2.3529
2021101708,522,41238,Odell Beckham,WR,False,CLE,6,True,25,21.0189,0.9995,0.4995,20.9719,2.6967,-1.8712,1,3,1,5.1666,54.1381,-0.7855,6.59,6.2298,3.64,4.0281,4.0281,False,3.5591,1.4514,-2.1078,2.5767
2021101708,631,52595,Donovan Peoples-Jones,WR,False,CLE,6,True,20,27.7253,1.3184,0.8184,18.0779,0.4859,0.3517,1,1,1,14.7883,37.0421,0.2759,2.49,2.4534,3.16,1.9221,1.9221,False,0.8349,-0.0843,-0.9191,2.0063
2021101708,824,37077,A.J. Green,WR,False,ARI,6,True,10,15.4705,0.7357,0.2357,9.5062,1.7511,1.1612,1,2,0,18.0195,55.8438,2.9885,2.71,2.1477,2.39,0.4938,0.4938,False,0.8234,2.9436,2.1202,-2.4498
2021101708,1178,46203,Chase Edmonds,RB,False,ARI,6,True,5,10.6818,0.508,0.008,-0.3175,6.3562,-2.2813,0,5,2,16.4157,19.1075,5.041,4.29,2.8252,2.7,5.3175,5.3175,False,6.8303,6.5882,-0.242,-1.2707
2021101708,1500,44898,Kareem Hunt,RB,False,CLE,6,True,4,6.7126,0.3192,0.0,-6.72,4.5369,-0.25,1,2,0,19.29,82.04,-6.6435,6.9,0.7835,1.91,10.72,10.72,False,13.9408,11.2271,-2.7137,-0.5071
2021101708,1703,41238,Odell Beckham,WR,False,CLE,6,True,17,16.3289,0.7765,0.2765,10.8917,2.6902,-2.4299,2,3,0,19.0988,64.3783,-2.4179,6.94,3.5505,2.76,6.1083,6.1083,False,11.3019,9.2888,-2.0131,-3.1805
2021101708,1835,44898,Kareem Hunt,RB,False,CLE,6,True,5,13.9946,0.6655,0.1655,5.6003,1.9966,1.7344,1,4,2,18.6437,10.4797,4.1625,0.86,0.848,3.98,-0.6003,-0.6003,False,0.9011,0.335,-0.5661,-0.9353
2021101708,1865,52595,Donovan Peoples-Jones,WR,False,CLE,6,True,11,15.9332,0.7577,0.2577,6.5279,4.4633,4.0739,1,2,1,6.5923,4.1621,-0.0401,6.74,2.0099,4.12,4.4721,4.4721,False,0.1241,-0.6484,-0.7725,5.1205
2021101708,1964,46203,Chase Edmonds,RB,False,ARI,6,True,-1,7.5349,0.3583,0.0,-5.09,5.0757,1.56,0,3,1,13.56,74.39,0.5509,5.82,2.1311,3.12,4.09,4.09,False,6.7307,8.2565,1.5258,-4.1665
2021101708,1988,53478,Rondale Moore,WR,False,ARI,6,True,10,9.7194,0.4622,0.0,-1.81,7.0216,-5.27,0,2,0,15.87,71.85,-1.4975,7.09,0.3253,0.92,11.81,11.81,False,12.2257,13.1797,0.954,-1.3697
2021101708,2038,39973,DeAndre Hopkins,WR,False,ARI,6,True,33,30.0503,1.429,0.929,22.375,8.2824,6.5951,0,1,1,9.4245,33.325,-5.9161,8.13,1.2326,2.11,10.625,10.625,False,5.4951,5.734,0.2389,4.891
2021101708,2341,53520,Anthony Schwartz,WR,False,CLE,6,True,5,12.554,0.597,0.097,4.5736,7.1437,5.3747,0,1,1,23.7022,70.8264,6.9951,7.01,0.5524,2.18,0.4264,0.4264,False,5.7479,4.1673,-1.5805,-3.7409
2021101708,2365,47605,D'Ernest Johnson,RB,False,CLE,6,True,7,12.5974,0.5991,0.0991,3.9352,7.8284,7.7068,0,1,1,19.7272,66.1548,5.1595,4.97,2.1725,2.6,3.0648,3.0648,False,6.3407,5.304,-1.0366,-2.2392
2021101708,2413,52595,Donovan Peoples-Jones,WR,False,CLE,6,True,57,57.0896,2.7148,2.2148,64.0213,1.5466,-1.5168,2,2,1,12.4905,0.0,-0.6507,6.78,6.6377,1.12,-7.0213,-5.0,True,-1.95,-3.392,-1.442,-1.608
2021101708,2519,37077,A.J. Green,WR,False,ARI,6,True,13,26.6978,1.2696,0.7696,13.1407,3.8427,3.8297,1,1,1,5.3426,70.9993,-2.1319,0.64,0.6246,5.46,-0.1407,-0.1407,False,1.6026,0.5009,-1.1017,-0.6415
2021101708,2543,53478,Rondale Moore,WR,False,ARI,6,True,1,14.4721,0.6882,0.1882,3.4805,4.4258,4.1132,1,4,3,16.4492,67.2995,0.184,5.03,-1.1665,2.04,-2.4805,-2.4805,False,4.1904,2.6509,-1.5395,-5.1313
2021101708,2844,41238,Odell Beckham,WR,False,CLE,6,True,24,29.4777,1.4018,0.9018,22.9051,5.7943,5.2415,0,1,1,9.1193,55.5449,-2.0807,7.0,4.031,4.97,1.0949,1.0949,False,3.471,1.4771,-1.9939,-0.3821
2021101708,2894,52595,Donovan Peoples-Jones,WR,False,CLE,6,True,13,22.3007,1.0605,0.5605,14.3838,0.6737,-0.3026,2,4,2,8.4002,40.8962,0.4918,7.42,-1.1352,0.09,-1.3838,-1.3838,False,3.3003,0.4443,-2.856,-1.8281
2021101708,3049,37077,A.J. Green,WR,False,ARI,6,True,34,24.9933,1.1885,0.6885,18.887,5.0802,1.3502,0,1,0,20.5864,35.823,0.3505,6.46,4.0479,1.89,15.113,15.113,False,10.3047,8.2262,-2.0784,6.8867
2021101708,3094,37077,A.J. Green,WR,False,ARI,6,True,8,15.2765,0.7265,0.2265,5.5887,2.144,0.1963,1,2,1,14.4478,13.3413,-0.1687,5.22,2.9971,1.3,2.4113,2.4113,False,3.8713,5.9357,2.0643,-3.5244
2021101708,3160,39973,DeAndre Hopkins,WR,False,ARI,6,True,9,24.6815,1.1737,0.6737,18.6814,7.5779,-4.3636,0,1,0,19.2824,0.0,7.4503,6.27,3.4606,3.7,-9.6814,-5.0,True,-2.6939,-1.2438,1.4501,-3.7562
2021101708,3260,44898,Kareem Hunt,RB,False,CLE,6,True,3,8.469,0.4027,0.0,2.41,0.6824,0.39,1,5,0,20.91,61.97,0.4402,6.02,0.6763,0.49,0.59,0.59,False,5.9642,3.4625,-2.5017,-2.8725
2021101708,3284,46536,Johnny Stanton,FB,False,CLE,6,True,6,9.7107,0.4618,0.0,2.01,6.7741,6.71,0,2,1,16.49,59.01,3.8687,3.07,2.3593,1.91,3.99,3.99,False,6.6625,7.2768,0.6143,-3.2868
2021101708,3308,43370,Austin Hooper,TE,True,CLE,6,True,4,16.0743,0.7644,0.2644,3.0788,3.8407,2.5056,1,1,0,7.8845,52.1212,1.2537,5.48,0.3737,1.97,0.9212,0.9212,False,4.1976,3.1287,-1.0689,-2.2075
2021101708,3656,46116,Christian Kirk,WR,False,ARI,6,True,20,24.4021,1.1604,0.6604,18.202,1.8648,-0.0915,1,1,0,10.0471,72.128,-0.3376,8.25,1.2749,2.88,1.798,1.798,False,5.0812,2.7902,-2.291,-0.9922
2021101708,3838,46116,Christian Kirk,WR,False,ARI,6,True,11,22.4805,1.069,0.569,12.0136,3.9734,3.6499,1,2,1,4.542,51.2864,1.0978,2.98,2.2558,5.82,-1.0136,-1.0136,False,-0.7486,-1.2908,-0.5422,0.2772
2021101708,4059,44841,David Njoku,TE,True,CLE,6,True,6,12.3038,0.5851,0.0851,1.3263,4.7099,2.8039,1,2,1,10.0938,72.0037,1.7433,5.65,0.7795,1.11,4.6737,4.6737,False,3.4921,4.1125,0.6204,0.5612
2021101709,55,52420,Henry Ruggs,WR,False,LV,6,True,9,14.969,0.7118,0.2118,4.6005,4.4557,4.3666,1,1,1,9.4795,70.6595,-0.1121,6.14,-0.0922,4.03,4.3995,4.3995,False,5.4496,3.7987,-1.6509,0.6008
2021101709,213,52420,Henry Ruggs,WR,False,LV,6,True,48,23.6311,1.1237,0.6237,23.2623,2.9942,-2.5102,1,1,0,19.7017,25.2277,-1.0748,9.75,9.6712,1.02,24.7377,24.7377,False,18.2138,21.5325,3.3187,3.2052
2021101709,278,45267,Tim Patrick,WR,False,DEN,6,True,7,24.4842,1.1643,0.6643,7.5105,0.9339,-0.6565,1,1,0,0.404,76.5395,-3.164,3.43,-3.0702,1.18,-0.5105,-0.5105,False,12.8157,3.0531,-9.7626,-3.5636
2021101709,374,46109,Courtland Sutton,WR,False,DEN,6,True,14,25.4425,1.2099,0.7099,13.9508,4.2182,4.2008,1,1,1,13.3871,55.5192,0.4893,2.03,-1.4921,1.96,0.0492,0.0492,False,4.2566,2.7103,-1.5463,-2.6611
2021101709,485,45267,Tim Patrick,WR,False,DEN,6,True,23,16.9298,0.8051,0.3051,10.4094,4.5172,2.6178,1,1,0,10.8848,12.5306,-2.5563,5.65,-0.5592,2.0,12.5906,12.5906,False,6.7217,4.0844,-2.6374,8.5062
2021101709,541,42547,Darren Waller,TE,True,LV,6,True,2,10.0799,0.4793,0.0,0.55,2.864,2.84,2,3,2,12.28,74.82,3.6606,8.44,2.0089,2.19,1.45,1.45,False,1.5521,3.9328,2.3806,-2.4828
2021101709,586,44045,Jalen Richard,RB,False,LV,6,True,3,11.7353,0.5581,0.0581,0.0685,2.3427,1.7189,1,1,1,15.3299,67.2015,2.3301,7.62,2.385,2.13,2.9315,2.9315,False,4.5575,5.762,1.2046,-2.8305
2021101709,620,47932,Hunter Renfrow,WR,False,LV,6,True,25,13.1548,0.6256,0.1256,9.8252,5.6998,-4.3027,0,2,0,24.9677,54.4648,5.3681,7.4,4.3423,1.84,15.1748,15.1748,False,4.4104,8.7773,4.3669,6.3975
2021101709,835,47803,Noah Fant,TE,True,DEN,6,True,5,10.7589,0.5116,0.0116,1.8868,5.0983,4.4632,0,3,2,19.5994,66.1732,0.7485,7.82,0.5877,0.81,3.1132,3.1132,False,6.0631,8.9768,2.9137,-5.8636
2021101709,885,47920,Foster Moreau,TE,True,LV,6,True,11,17.5099,0.8327,0.3327,10.7508,4.2937,4.2262,1,3,2,25.6624,38.4292,2.936,6.66,1.0545,3.11,0.2492,0.2492,False,2.4259,2.1544,-0.2715,-1.9052
2021101709,1068,47803,Noah Fant,TE,True,DEN,6,True,1,8.8888,0.4227,0.0,-1.62,7.282,7.28,0,1,1,12.63,68.83,2.5323,7.89,0.6959,1.27,2.62,2.62,False,7.7562,8.9758,1.2196,-6.3558
2021101709,1153,52489,Bryan Edwards,WR,False,LV,6,True,16,17.6936,0.8414,0.3414,14.5313,0.5961,0.2376,1,2,0,20.0845,70.6187,0.7902,7.25,4.4854,4.6,1.4687,1.4687,False,1.5946,1.7068,0.1122,-0.2381
2021101709,1332,47803,Noah Fant,TE,True,DEN,6,True,3,17.2235,0.819,0.319,3.3331,2.4111,2.0964,1,1,1,16.4667,69.0169,0.9421,7.57,0.2919,1.4,-0.3331,-0.3331,False,3.0909,3.0108,-0.08,-3.344
2021101709,1356,44987,Eric Saubert,TE,True,DEN,6,True,6,12.139,0.5773,0.0773,5.9051,2.1347,1.6657,2,4,1,25.1279,63.9249,4.0256,0.58,0.4544,2.32,0.0949,0.0949,False,1.8723,1.1908,-0.6815,-1.0959
2021101709,1544,42547,Darren Waller,TE,True,LV,6,True,6,17.0927,0.8128,0.3128,5.7643,2.3318,2.3119,1,2,1,7.2042,79.3957,3.4719,2.43,1.2286,5.05,0.2357,0.2357,False,0.3323,0.5822,0.2499,-0.3465
2021101709,1590,47932,Hunter Renfrow,WR,False,LV,6,True,8,12.4318,0.5912,0.0912,6.2777,8.1325,0.9813,0,3,1,21.3394,73.5823,5.0956,0.71,0.6328,0.78,1.7223,1.7223,False,4.6996,3.8856,-0.814,-2.1633
2021101709,1631,52766,Kendall Hinton,WR,False,DEN,6,True,7,10.5562,0.502,0.002,5.263,2.0948,0.2763,1,4,1,23.6172,75.307,6.9893,2.06,1.5181,5.25,1.737,1.737,False,0.818,-0.0115,-0.8294,1.7484
2021101709,1655,42358,Melvin Gordon,RB,False,DEN,6,True,5,9.0909,0.4323,0.0,-5.02,10.6149,9.66,0,0,0,13.97,79.5,2.5168,6.78,1.7159,1.81,10.02,10.02,False,7.7558,8.2148,0.4589,1.8052
2021101709,1733,42358,Melvin Gordon,RB,False,DEN,6,True,7,12.5744,0.598,0.098,3.8703,6.1559,6.0082,0,2,2,15.4422,67.3197,7.1275,2.27,2.1471,3.4,3.1297,3.1297,False,3.0597,2.7925,-0.2672,0.3372
2021101709,1791,46109,Courtland Sutton,WR,False,DEN,6,True,17,29.0534,1.3816,0.8816,17.6641,3.7487,3.2636,1,1,1,14.8521,46.6059,-1.5469,4.84,2.0577,3.68,-0.6641,-0.6641,False,2.675,3.2373,0.5622,-3.9013
2021101709,1826,53464,Javonte Williams,RB,False,DEN,6,True,10,9.5834,0.4557,0.0,4.09,7.8081,7.77,0,3,2,16.01,70.3,2.7054,7.15,1.1284,0.73,5.91,5.91,False,5.0994,5.8777,0.7783,0.0323
2021101709,1886,43362,Kenyan Drake,RB,False,LV,6,True,8,13.0925,0.6226,0.1226,2.676,1.5931,0.5842,1,1,0,10.1411,79.574,-0.4566,6.74,2.251,3.87,5.324,5.324,False,4.2373,5.045,0.8077,0.2791
2021101709,1924,42547,Darren Waller,TE,True,LV,6,True,10,26.5422,1.2622,0.7622,10.8673,1.6868,1.2585,1,2,1,0.0,63.3727,0.1766,4.41,-2.6932,4.21,-0.8673,-0.8673,False,-1.6671,-1.1418,0.5253,0.2745
2021101709,1975,42547,Darren Waller,TE,True,LV,6,True,33,27.4292,1.3044,0.8044,25.6032,3.1506,-1.2882,1,1,0,19.1915,38.6668,-0.9203,9.55,6.6304,1.03,7.3968,7.3968,False,20.9584,19.3467,-1.6117,-11.9499
2021101709,2016,43362,Kenyan Drake,RB,False,LV,6,True,31,18.575,0.8833,0.3833,9.7769,1.4547,-0.0494,1,2,0,10.4311,21.6531,1.3167,8.33,6.6184,3.2,21.2231,21.2231,False,4.5066,9.9819,5.4754,11.2412
2021101709,2185,44987,Eric Saubert,TE,True,DEN,6,True,8,10.8712,0.517,0.017,6.7545,1.8846,0.3507,1,3,1,23.3281,85.4855,-0.3244,4.03,-0.3246,0.27,1.2455,1.2455,False,3.8643,1.3146,-2.5497,-0.0691
2021101709,2349,47932,Hunter Renfrow,WR,False,LV,6,True,3,13.7619,0.6544,0.1544,0.4711,5.2856,5.2808,0,1,1,12.5549,20.7689,3.3233,5.28,0.1364,1.79,2.5289,2.5289,False,5.8935,3.2613,-2.6322,-0.7324
2021101709,2454,47803,Noah Fant,TE,True,DEN,6,True,14,19.4923,0.9269,0.4269,14.6276,0.2382,0.0719,1,4,0,22.8726,63.3324,1.0892,4.94,1.3997,3.68,-0.6276,-0.6276,False,0.7375,0.6476,-0.09,-1.2751
2021101709,2502,46109,Courtland Sutton,WR,False,DEN,6,True,14,25.086,1.1929,0.6929,14.2769,2.2159,2.08,1,3,1,14.922,47.6831,-1.4178,2.56,1.5109,7.58,-0.2769,-0.2769,False,2.0717,1.8131,-0.2586,-2.09
2021101709,2778,44987,Eric Saubert,TE,True,DEN,6,True,11,13.1326,0.6245,0.1245,6.1105,7.7783,6.0853,0,1,1,21.5745,81.7495,0.66,6.0,1.0481,2.15,4.8895,4.8895,False,6.0874,5.817,-0.2704,-0.9275
2021101709,2823,52766,Kendall Hinton,WR,False,DEN,6,True,6,16.1799,0.7694,0.2694,5.6398,2.6535,1.4444,2,2,1,19.2103,69.1202,1.2606,2.28,0.6304,2.59,0.3602,0.3602,False,3.4713,3.0095,-0.4618,-2.6493
2021101709,2964,52420,Henry Ruggs,WR,False,LV,6,True,40,25.9561,1.2343,0.7343,23.6389,3.081,1.3623,1,1,0,20.2362,20.8711,-1.3645,8.64,7.6519,4.14,16.3611,16.3611,False,8.1746,16.6582,8.4836,-0.297
2021101709,3091,46109,Courtland Sutton,WR,False,DEN,6,True,10,22.7239,1.0806,0.5806,8.294,3.5574,1.7241,1,2,0,14.6454,66.946,-0.3798,5.87,2.8315,3.46,1.706,1.706,False,6.0778,7.6848,1.607,-5.9788
2021101709,3134,52766,Kendall Hinton,WR,False,DEN,6,True,5,10.8749,0.5171,0.0171,4.5277,4.5708,0.9784,1,6,1,25.803,60.7423,7.4003,1.64,0.4512,3.74,0.4723,0.4723,False,1.7857,1.3683,-0.4173,-0.8961
2021101709,3179,52766,Kendall Hinton,WR,False,DEN,6,True,7,12.8066,0.609,0.109,5.4196,1.9338,0.8552,1,2,1,14.8019,54.1304,2.0308,1.84,0.6384,4.25,1.5804,1.5804,False,1.1346,1.6184,0.4838,-0.038
2021101709,3203,47803,Noah Fant,TE,True,DEN,6,True,26,20.0945,0.9556,0.4556,18.8824,4.6127,-4.4632,1,2,0,22.2752,34.6476,-3.1576,7.63,5.8441,1.84,7.1176,7.1176,False,10.5257,12.2501,1.7244,-5.1325
2021101709,3248,53464,Javonte Williams,RB,False,DEN,6,True,13,14.3466,0.6822,0.1822,-2.7406,10.2412,9.1861,0,0,0,11.9821,27.9006,2.6604,3.9,2.1916,3.21,15.7406,15.7406,False,7.524,8.2002,0.6762,7.5405
2021101709,3305,47803,Noah Fant,TE,True,DEN,6,True,12,20.0318,0.9526,0.4526,4.7209,13.1974,12.0658,0,0,0,9.0083,31.2891,0.1952,2.08,-1.1913,1.73,7.2791,7.2791,False,7.5121,5.5842,-1.9279,1.6949
2021101709,3329,52766,Kendall Hinton,WR,False,DEN,6,True,12,19.4849,0.9266,0.4266,10.7312,1.5221,1.2633,1,2,1,14.526,13.5888,0.6259,7.02,2.4642,1.7,1.2688,1.2688,False,2.0335,3.2868,1.2534,-2.018
2021101709,3433,46109,Courtland Sutton,WR,False,DEN,6,True,12,22.7191,1.0804,0.5804,6.2514,5.4915,2.2713,0,1,0,14.6568,5.6186,9.7952,4.23,0.9155,1.59,5.7486,5.7486,False,1.6745,0.4651,-1.2095,5.2836
2021101709,3562,52489,Bryan Edwards,WR,False,LV,6,True,51,19.5341,0.9289,0.4289,10.2357,0.8598,0.2029,1,1,0,10.4172,60.3843,-0.3414,7.74,5.9118,0.52,40.7643,30.0,False,3.5989,10.345,6.7461,19.655
2021101709,3689,45267,Tim Patrick,WR,False,DEN,6,True,12,23.3909,1.1123,0.6123,14.7885,2.3674,1.8245,1,2,1,4.4565,60.9015,0.086,6.85,1.4183,4.41,-2.7885,-2.7885,False,-0.364,-2.142,-1.7779,-0.6465
2021101709,3906,47803,Noah Fant,TE,True,DEN,6,True,26,24.5193,1.166,0.666,21.1807,11.7259,-4.3455,0,0,0,4.2937,65.0293,-1.7555,7.58,6.758,2.81,4.8193,4.8193,False,10.5248,11.2255,0.7007,-6.4062
2021101709,3930,44987,Eric Saubert,TE,True,DEN,6,True,6,12.7143,0.6046,0.1046,6.2538,3.7154,1.7894,3,3,1,19.734,54.5662,3.897,0.68,0.4191,2.78,-0.2538,-0.2538,False,1.2725,0.5154,-0.7571,-0.7693
2021101709,3954,46109,Courtland Sutton,WR,False,DEN,6,True,18,25.5034,1.2128,0.7128,14.6842,3.6227,3.5133,1,2,1,10.1087,39.9258,-0.1717,5.38,5.1828,5.13,3.3158,3.3158,False,3.645,5.1034,1.4584,-1.7876
2021101709,4001,46109,Courtland Sutton,WR,False,DEN,6,True,16,22.5016,1.07,0.57,12.6791,4.7901,4.0415,1,3,2,16.0346,24.1409,-0.995,5.39,0.3844,4.59,3.3209,3.3209,False,2.5215,2.7092,0.1877,0.6117
2021101709,4063,46109,Courtland Sutton,WR,False,DEN,6,True,6,22.3105,1.0609,0.5609,7.5832,2.5452,2.2845,1,3,2,15.6821,6.3868,1.4368,4.75,0.8436,4.13,-1.5832,-1.5832,False,1.5397,2.2684,0.7287,-3.8516
2021101709,4087,46109,Courtland Sutton,WR,False,DEN,6,True,4,10.9437,0.5204,0.0204,3.3834,2.2671,2.0857,1,7,3,16.9679,4.7566,2.8601,1.58,0.1668,4.76,0.6166,0.6166,False,2.0892,2.7811,0.6919,-2.1645
2021101709,4111,47803,Noah Fant,TE,True,DEN,6,True,4,17.1695,0.8165,0.3165,12.8964,3.7773,-1.4548,1,4,0,10.4252,0.0,-0.836,6.61,2.8008,3.44,-8.8964,-5.0,True,-3.2184,-5.1793,-1.961,0.1793
2021101709,4168,53464,Javonte Williams,RB,False,DEN,6,True,1,12.1438,0.5775,0.0775,-4.7516,10.7281,10.7071,0,0,0,8.4715,60.9816,4.014,4.84,1.7864,2.6,5.7516,5.7516,False,6.7584,6.3372,-0.4212,-0.5856
2021101709,4233,47803,Noah Fant,TE,True,DEN,6,True,6,18.4443,0.8771,0.3771,1.8713,8.5697,8.388,0,1,1,8.4366,60.5587,0.6253,5.34,0.0829,2.57,4.1287,4.1287,False,5.8012,5.2495,-0.5517,-1.1208
2021101710,94,52425,CeeDee Lamb,WR,False,DAL,6,True,11,15.8808,0.7552,0.2552,6.6157,2.0316,1.1239,1,1,0,15.3437,80.0543,0.3203,6.7,3.0397,2.0,4.3843,4.3843,False,2.8658,5.6541,2.7884,-1.2698
2021101710,118,43293,Ezekiel Elliott,RB,False,DAL,6,True,7,12.2068,0.5805,0.0805,3.1077,5.4521,5.1908,0,3,1,16.3897,72.2523,2.6951,6.11,0.4688,1.23,3.8923,3.8923,False,4.586,3.7844,-0.8016,0.1079
2021101710,179,42347,Amari Cooper,WR,False,DAL,6,True,14,25.0707,1.1922,0.6922,13.9323,2.423,2.2453,1,1,1,1.3784,66.6577,-0.9018,3.26,-0.9357,4.89,0.0677,0.0677,False,-2.2422,-0.8752,1.367,0.9429
2021101710,373,52425,CeeDee Lamb,WR,False,DAL,6,True,11,24.9644,1.1871,0.6871,7.7727,4.3267,3.9612,1,2,1,9.1791,67.5673,-0.4071,1.1,-0.5636,4.26,3.2273,3.2273,False,3.5877,3.0184,-0.5693,0.2088
2021101710,399,46206,Dalton Schultz,TE,True,DAL,6,True,18,17.9906,0.8555,0.3555,9.875,1.3491,0.0802,1,2,0,20.2067,54.475,-1.0084,2.71,-0.9424,4.58,8.125,8.125,False,6.3927,1.155,-5.2378,6.9701
2021101710,444,42347,Amari Cooper,WR,False,DAL,6,True,17,27.0749,1.2875,0.7875,8.4237,1.999,1.0314,1,1,0,0.9784,35.8263,4.249,2.19,1.3761,3.4,8.5763,8.5763,False,1.4716,1.0258,-0.4458,7.5505
2021101710,497,46206,Dalton Schultz,TE,True,DAL,6,True,23,21.2632,1.0111,0.5111,16.8218,4.5636,-2.4996,1,3,1,17.5472,7.4682,4.7141,6.38,5.5402,2.45,6.1782,6.1782,False,3.341,4.8315,1.4905,1.3467
2021101710,521,45532,Blake Jarwin,TE,True,DAL,6,True,1,14.8513,0.7062,0.2062,7.2794,4.713,-4.0495,1,2,0,15.2995,0.0,-0.4228,7.07,2.2761,2.48,-6.2794,-5.0,True,-3.8643,-3.1444,0.72,-1.8556
2021101710,583,53549,Rhamondre Stevenson,RB,False,NE,6,True,14,6.5152,0.3098,0.0,-7.26,9.0178,-1.97,0,1,0,21.33,82.1,-7.4785,5.33,1.0608,2.45,21.26,21.26,False,11.1025,8.5504,-2.5521,12.7096
2021101710,607,53549,Rhamondre Stevenson,RB,False,NE,6,True,22,22.7343,1.0811,0.5811,17.5663,3.0512,-2.8771,1,2,1,13.3884,44.0437,-1.8622,8.59,8.5635,3.75,4.4337,4.4337,False,6.9655,17.2863,10.3208,-12.8526
2021101710,663,43324,Hunter Henry,TE,True,NE,6,True,20,15.9264,0.7574,0.2574,12.8252,2.0763,-1.0119,1,3,0,15.4111,7.4148,-1.3997,7.03,6.82,1.35,7.1748,7.1748,False,6.1657,6.9719,0.8062,0.203
2021101710,719,47911,Tony Pollard,RB,False,DAL,6,True,13,12.855,0.6113,0.1113,4.5421,6.9488,-5.2786,0,3,1,21.4176,70.7079,-5.255,6.48,1.8155,1.19,8.4579,8.4579,False,5.7543,6.2092,0.4548,2.2487
2021101710,775,47911,Tony Pollard,RB,False,DAL,6,True,6,19.3306,0.9192,0.4192,6.4844,3.4014,3.2049,1,2,1,5.2722,66.5556,2.2906,2.39,1.8233,5.28,-0.4844,-0.4844,False,1.1751,0.7298,-0.4453,-1.2143
2021101710,825,46277,Cedrick Wilson,WR,False,DAL,6,True,13,12.4083,0.5901,0.0901,3.9102,7.4275,-6.3989,0,4,2,18.895,63.0098,-2.4562,8.53,0.779,0.73,9.0898,9.0898,False,5.985,12.4486,6.4635,-3.3587
2021101710,882,46277,Cedrick Wilson,WR,False,DAL,6,True,44,28.4829,1.3545,0.8545,32.049,7.8618,-2.8819,0,1,0,23.7792,19.631,-3.2338,9.26,9.2561,0.71,11.951,11.951,False,17.3449,18.5546,1.2097,-6.6036
2021101710,926,45052,Noah Brown,WR,False,DAL,6,True,20,22.1797,1.0547,0.5547,18.0011,5.2495,-1.3755,0,3,1,9.7717,43.4589,8.9519,8.52,0.7411,1.84,1.9989,1.9989,False,5.3342,4.3834,-0.9508,-2.3845
2021101710,971,42347,Amari Cooper,WR,False,DAL,6,True,11,21.6032,1.0273,0.5273,13.7059,4.0776,3.3595,1,3,1,15.5276,28.4041,-0.7241,6.8,1.1679,1.79,-2.7059,-2.7059,False,1.5141,2.4085,0.8944,-5.1143
2021101710,1146,44912,Jonnu Smith,TE,True,NE,6,True,-2,11.3396,0.5392,0.0392,-3.9363,4.6834,4.6699,1,2,2,13.4571,79.2263,3.4312,4.49,0.859,2.94,1.9363,1.9363,False,4.8143,5.0636,0.2493,-3.1273
2021101710,1202,42363,Nelson Agholor,WR,False,NE,6,True,27,26.4074,1.2558,0.7558,20.6582,3.0012,-2.4508,1,1,0,14.9375,35.0018,-1.5449,6.58,3.9407,2.87,6.3418,6.3418,False,11.71,5.9204,-5.7896,0.4214
2021101710,1247,48097,Jakobi Meyers,WR,False,NE,6,True,25,20.8609,0.992,0.492,11.1616,4.5553,1.5192,1,2,0,16.4781,14.3184,0.3724,8.41,0.4504,0.86,13.8384,13.8384,False,7.1361,9.5018,2.3657,4.3366
2021101710,1312,43293,Ezekiel Elliott,RB,False,DAL,6,True,3,14.5305,0.691,0.191,2.9792,2.7754,2.368,1,1,1,8.4171,48.9708,3.1256,5.62,0.153,1.69,0.0208,0.0208,False,1.4888,1.006,-0.4828,-0.9852
2021101710,1379,43293,Ezekiel Elliott,RB,False,DAL,6,True,11,10.1059,0.4806,0.0,-3.9,9.5615,0.89,0,1,0,16.46,41.84,-2.0042,6.45,1.7508,2.02,14.9,14.9,False,13.99,11.151,-2.839,3.749
2021101710,1604,48097,Jakobi Meyers,WR,False,NE,6,True,0,19.3048,0.918,0.418,-0.474,3.1859,3.0662,1,2,2,5.7327,73.604,3.1413,4.97,0.4928,2.14,0.474,0.474,False,2.1701,2.9702,0.8001,-2.4962
2021101710,1645,48097,Jakobi Meyers,WR,False,NE,6,True,8,17.7373,0.8435,0.3435,9.7506,2.1472,1.5708,1,3,2,19.5049,63.4494,-1.6824,4.13,1.3118,6.36,-1.7506,-1.7506,False,4.5252,2.8973,-1.6279,-4.6478
2021101710,1717,43293,Ezekiel Elliott,RB,False,DAL,6,True,4,16.389,0.7794,0.2794,4.3713,1.5142,0.9776,1,1,0,7.4136,14.0687,0.2153,7.05,1.9018,3.5,-0.3713,-0.3713,False,4.0162,5.1112,1.095,-5.4825
2021101710,1746,46277,Cedrick Wilson,WR,False,DAL,6,True,13,16.2409,0.7723,0.2723,9.0205,2.9892,2.6339,1,2,1,20.8272,5.1495,1.2912,8.34,2.8661,2.9,3.9795,3.9795,False,3.0359,3.434,0.3982,0.5455
2021101710,2113,47870,Damien Harris,RB,False,NE,6,True,7,11.1141,0.5285,0.0285,-3.5814,10.1063,1.0354,0,0,0,17.3708,77.3814,-3.4739,6.38,-1.1002,0.92,10.5814,10.5814,False,9.6344,7.698,-1.9364,2.8833
2021101710,2211,43293,Ezekiel Elliott,RB,False,DAL,6,True,0,10.2303,0.4865,0.0,2.33,0.6481,0.51,1,3,1,19.95,69.25,2.2467,3.83,-0.2218,1.65,-2.33,-2.33,False,2.0606,1.8521,-0.2085,-4.1821
2021101710,2331,53549,Rhamondre Stevenson,RB,False,NE,6,True,3,12.6365,0.6009,0.1009,-4.4498,7.6553,6.4922,0,1,1,7.3632,56.4598,5.5672,5.96,2.8758,2.47,7.4498,7.4498,False,7.9812,6.4978,-1.4833,0.952
2021101710,2400,43293,Ezekiel Elliott,RB,False,DAL,6,True,14,9.9605,0.4737,0.0,9.43,1.6743,-0.12,2,4,1,7.68,81.91,0.1679,8.08,2.7582,0.65,4.57,4.57,False,0.5246,4.2162,3.6916,0.3538
2021101710,2449,43293,Ezekiel Elliott,RB,False,DAL,6,True,18,13.1799,0.6267,0.1267,8.9008,1.7503,0.9469,2,3,1,23.3961,88.1092,-0.3652,8.11,0.7167,1.81,9.0992,9.0992,False,3.4536,5.4712,2.0175,3.628
2021101710,2499,45052,Noah Brown,WR,False,DAL,6,True,27,12.6091,0.5996,0.0996,3.9444,8.3125,8.1494,0,2,1,11.6979,70.3556,0.3837,5.46,0.4455,3.67,23.0556,23.0556,False,6.2136,5.3098,-0.9039,17.7459
2021101710,2540,46206,Dalton Schultz,TE,True,DAL,6,True,20,12.1944,0.5799,0.0799,3.2673,9.4877,1.9651,0,1,0,15.2754,44.3127,-0.5788,6.95,0.3419,0.45,16.7327,16.7327,False,14.0426,13.9838,-0.0588,2.7489
2021101710,2782,43324,Hunter Henry,TE,True,NE,6,True,5,10.1917,0.4847,0.0,4.13,2.1095,1.99,1,4,1,16.57,55.33,0.6134,4.23,-0.5126,2.65,0.87,0.87,False,2.3595,0.6103,-1.7492,0.2597
2021101710,2890,52425,CeeDee Lamb,WR,False,DAL,6,True,13,17.0562,0.8111,0.3111,2.5738,1.7836,1.7795,1,2,2,8.8757,81.8462,0.6374,5.95,-0.502,2.97,10.4262,10.4262,False,0.6965,-0.1532,-0.8497,10.5794
2021101710,2919,43293,Ezekiel Elliott,RB,False,DAL,6,True,12,19.0532,0.906,0.406,-2.1522,10.4086,9.1065,0,0,0,8.4465,73.3622,1.4947,5.21,3.1224,1.9,14.1522,14.1522,False,8.4656,12.3848,3.9192,1.7674
2021101710,3006,52425,CeeDee Lamb,WR,False,DAL,6,True,33,30.6228,1.4562,0.9562,27.1504,5.1407,3.7168,0,1,1,16.909,33.5196,4.534,7.53,4.9678,2.5,5.8496,5.8496,False,1.3473,0.1296,-1.2177,5.72
2021101710,3167,48097,Jakobi Meyers,WR,False,NE,6,True,11,15.9531,0.7586,0.2586,8.0778,5.3663,3.7004,0,4,1,20.1844,62.3822,0.1809,6.56,4.0514,2.8,2.9222,2.9222,False,4.4183,5.9838,1.5655,-3.0616
2021101710,3319,48097,Jakobi Meyers,WR,False,NE,6,True,11,21.2029,1.0083,0.5083,10.3445,1.3333,0.0012,2,3,0,18.5767,37.8855,1.39,7.19,-0.5616,0.47,0.6555,0.6555,False,2.0753,-0.0641,-2.1394,0.7195
2021101710,3874,45185,Kendrick Bourne,WR,False,NE,6,True,75,27.3115,1.2988,0.7988,24.7436,1.3569,-0.8592,1,1,0,10.3973,50.5864,0.2568,8.24,8.2298,0.63,50.2564,30.0,False,15.7306,20.2226,4.492,9.7774
2021101710,3899,48097,Jakobi Meyers,WR,False,NE,6,True,0,14.8028,0.7039,0.2039,4.4835,0.6616,0.5049,3,6,2,12.9207,0.0,0.2806,3.91,-2.3367,3.93,-4.4835,-4.4835,True,-3.7862,-2.1215,1.6647,-2.362
2021101710,3957,43293,Ezekiel Elliott,RB,False,DAL,6,True,2,16.1475,0.7679,0.2679,3.4407,1.4712,1.4017,1,1,1,16.349,67.5693,0.0635,8.05,-1.4532,1.79,-1.4407,-1.4407,False,4.4356,3.9219,-0.5137,-5.3626
2021101710,3998,42347,Amari Cooper,WR,False,DAL,6,True,4,21.692,1.0315,0.5315,3.4406,1.5397,1.4968,1,2,2,8.1113,65.0094,1.3429,3.93,0.0576,1.68,0.5594,0.5594,False,1.7572,1.7424,-0.0148,-1.183
2021101710,4022,46277,Cedrick Wilson,WR,False,DAL,6,True,13,22.7376,1.0813,0.5813,11.7798,1.9351,-0.535,1,2,1,7.379,54.0302,-0.5171,6.6,2.3222,3.96,1.2202,1.2202,False,4.5778,2.3302,-2.2476,-1.11
2021101710,4046,46206,Dalton Schultz,TE,True,DAL,6,True,12,19.02,0.9045,0.4045,12.8704,0.6847,0.035,1,1,0,14.9339,41.0996,0.7719,7.75,1.2124,1.09,-0.8704,-0.8704,False,1.5971,1.8806,0.2835,-2.751
2021101710,4136,52425,CeeDee Lamb,WR,False,DAL,6,True,24,31.0704,1.4775,0.9775,23.1821,3.718,0.332,1,2,1,24.5892,32.5979,-0.5461,7.34,3.153,3.45,0.8179,0.8179,False,5.5274,0.9594,-4.5679,-0.1416
2021101710,4293,48097,Jakobi Meyers,WR,False,NE,6,True,14,20.1412,0.9578,0.4578,17.0366,1.3942,0.8646,1,1,0,23.9951,61.3534,-0.2812,5.53,1.9149,4.61,-3.0366,-3.0366,True,4.6213,1.3713,-3.25,-4.408
2021101710,4429,52425,CeeDee Lamb,WR,False,DAL,6,True,14,22.1802,1.0547,0.5547,15.4865,1.8322,1.4928,1,1,1,7.4259,62.9635,2.3197,8.06,-0.4569,2.26,-1.4865,-1.4865,False,-0.2655,0.342,0.6074,-1.8285
2021101710,4470,46206,Dalton Schultz,TE,True,DAL,6,True,6,13.1253,0.6242,0.1242,3.5274,1.2195,0.2516,1,2,1,12.0589,60.6526,0.7476,7.14,0.7847,0.39,2.4726,2.4726,False,2.4385,2.3229,-0.1156,0.1497
2021101710,4494,42347,Amari Cooper,WR,False,DAL,6,True,9,17.521,0.8332,0.3332,5.4624,2.2683,1.2086,1,2,1,14.4858,52.5176,-0.1848,5.8,2.8886,1.11,3.5376,3.5376,False,3.2461,5.442,2.1959,-1.9044
2021101710,4563,52425,CeeDee Lamb,WR,False,DAL,6,True,35,23.0462,1.0959,0.5959,17.943,4.6091,-0.391,1,2,0,14.5585,17.267,-0.12,8.86,4.6029,0.56,17.057,17.057,False,8.1139,11.4292,3.3153,5.6278
2021101711,126,53453,Najee Harris,RB,False,PIT,6,True,7,10.353,0.4923,0.0,3.22,4.231,3.87,1,4,1,26.05,58.76,-0.3473,8.13,-0.3915,1.15,3.78,3.78,False,5.0715,6.2194,1.1479,-2.4394
2021101711,231,47847,DK Metcalf,WR,False,SEA,6,True,2,11.4295,0.5435,0.0435,1.2873,5.1176,-0.0651,0,5,1,24.6899,83.1427,-4.5646,8.32,0.8567,1.36,0.7127,0.7127,False,7.8557,11.1886,3.3329,-10.4758
2021101711,280,46129,James Washington,WR,False,PIT,6,True,9,12.3057,0.5852,0.0852,5.7727,2.4417,1.872,1,3,1,17.6909,63.2073,1.877,3.53,1.7921,3.56,3.2273,3.2273,False,3.984,4.8308,0.8468,-1.6035
2021101711,378,53484,Pat Freiermuth,TE,True,PIT,6,True,7,20.5933,0.9793,0.4793,6.2398,8.6486,7.8729,0,2,1,10.9621,51.9602,-1.8112,4.85,-2.9424,0.95,0.7602,0.7602,False,7.3478,5.7979,-1.5499,-5.0376
2021101711,493,47987,Travis Homer,RB,False,SEA,6,True,27,10.1161,0.4811,0.0,1.06,7.74,7.02,0,3,2,17.36,81.25,8.0199,3.41,3.2938,3.11,25.94,25.94,False,4.7252,5.5703,0.8451,20.3697
2021101711,517,48119,Penny Hart,WR,False,SEA,6,True,12,25.5655,1.2157,0.7157,14.2317,7.5658,1.453,0,2,0,2.8819,41.7683,-4.4974,5.82,-1.8139,1.87,-2.2317,-2.2317,False,5.6565,2.6771,-2.9794,-4.9088
2021101711,660,53484,Pat Freiermuth,TE,True,PIT,6,True,9,18.7079,0.8896,0.3896,3.2594,7.2054,2.8835,0,2,1,4.8439,77.0006,5.8311,2.45,2.0773,1.7,5.7406,5.7406,False,5.9419,5.7372,-0.2047,0.0034
2021101711,747,47849,Diontae Johnson,WR,False,PIT,6,True,12,22.4989,1.0699,0.5699,12.7884,3.3434,3.0812,1,2,1,10.3122,68.3716,0.0342,4.64,1.4184,4.39,-0.7884,-0.7884,False,4.0758,3.2041,-0.8717,-3.9925
2021101711,792,47849,Diontae Johnson,WR,False,PIT,6,True,6,24.5056,1.1653,0.6653,5.7781,6.7395,6.7392,0,2,1,8.9126,65.1319,-2.5765,0.97,-0.559,4.71,0.2219,0.2219,False,5.3135,3.0427,-2.2708,-2.8208
2021101711,921,47847,DK Metcalf,WR,False,SEA,6,True,12,14.0924,0.6701,0.1701,4.6362,3.6222,2.4239,1,2,0,19.3593,77.9638,-0.5378,2.81,-0.4923,2.38,7.3638,7.3638,False,5.7778,3.4513,-2.3266,3.9125
2021101711,1032,41236,Eric Ebron,TE,True,PIT,6,True,4,10.8516,0.516,0.016,2.8958,1.3674,-0.3762,1,4,0,19.1568,44.1542,0.8142,3.96,0.3644,1.69,1.1042,1.1042,False,7.3351,2.574,-4.7611,-1.4698
2021101711,1103,53484,Pat Freiermuth,TE,True,PIT,6,True,12,11.8569,0.5638,0.0638,5.3928,6.7121,4.1842,0,4,1,22.6609,11.9272,-0.6306,3.1,1.611,3.02,6.6072,6.6072,False,5.6895,5.4155,-0.2739,1.1916
2021101711,1166,53453,Najee Harris,RB,False,PIT,6,True,5,12.7291,0.6053,0.1053,2.8721,2.6029,1.1136,2,3,1,10.2943,2.4779,-0.3091,6.41,1.0646,1.99,2.1279,2.1279,False,1.8496,0.5355,-1.3141,1.5924
2021101711,1229,47847,DK Metcalf,WR,False,SEA,6,True,14,20.6137,0.9803,0.4803,14.6207,0.8358,0.7207,2,2,1,23.6177,54.2693,10.6577,6.85,3.0415,4.01,-0.6207,-0.6207,False,-0.7627,0.9697,1.7324,-1.5904
2021101711,1320,52622,Freddie Swain,WR,False,SEA,6,True,0,11.6786,0.5554,0.0554,-6.7924,10.1767,-1.6609,0,0,0,11.8652,70.7724,-1.0444,1.5,-1.1264,4.19,6.7924,6.7924,False,11.966,8.6087,-3.3574,-1.8163
2021101711,1428,53453,Najee Harris,RB,False,PIT,6,True,12,7.077,0.3365,0.0,-3.27,5.3981,-1.74,0,2,0,21.51,77.43,-2.3572,3.7,2.5535,2.17,15.27,15.27,False,15.2275,12.5131,-2.7144,2.7569
2021101711,1473,53484,Pat Freiermuth,TE,True,PIT,6,True,9,16.1074,0.766,0.266,7.8249,1.769,1.2788,1,2,2,22.4138,51.7351,1.3618,3.84,0.6576,3.86,1.1751,1.1751,False,1.9315,2.0094,0.0779,-0.8343
2021101711,1529,53453,Najee Harris,RB,False,PIT,6,True,6,9.2067,0.4378,0.0,-0.63,5.4999,5.19,0,2,2,10.14,32.04,1.8296,6.51,0.1874,2.05,6.63,6.63,False,5.5236,3.5549,-1.9687,3.0751
2021101711,1693,52457,Chase Claypool,WR,False,PIT,6,True,5,9.2377,0.4393,0.0,1.7,2.5344,0.72,2,6,1,23.53,10.25,1.324,3.85,2.5136,0.28,3.3,3.3,False,3.8394,3.4453,-0.3941,-0.1453
2021101711,1949,47849,Diontae Johnson,WR,False,PIT,6,True,2,14.8281,0.7051,0.2051,-1.3995,8.4935,8.4725,0,1,1,8.5477,61.3095,4.4073,2.34,2.0987,2.78,3.3995,3.3995,False,10.0105,9.7157,-0.2948,-6.3162
2021101711,2000,47849,Diontae Johnson,WR,False,PIT,6,True,1,9.3732,0.4457,0.0,0.3,7.8733,-6.89,0,5,2,22.66,56.75,-0.8163,6.48,-1.7927,1.88,0.7,0.7,False,6.0481,4.3759,-1.6722,-3.6759
2021101711,2436,47849,Diontae Johnson,WR,False,PIT,6,True,14,20.5081,0.9752,0.4752,12.2015,5.0315,1.3469,0,5,1,18.8998,42.1985,-1.6451,5.46,4.4851,4.73,1.7985,1.7985,False,4.4236,5.8959,1.4724,-4.0974
2021101711,2464,47849,Diontae Johnson,WR,False,PIT,6,True,23,24.1865,1.1502,0.6502,19.3645,3.1033,-1.8827,1,2,1,3.3592,21.0855,0.5778,7.07,6.1901,2.13,3.6355,3.6355,False,3.4932,2.6767,-0.8164,0.9587
2021101711,2555,41236,Eric Ebron,TE,True,PIT,6,True,6,11.7764,0.56,0.06,5.1431,3.7262,3.5863,3,5,1,25.6401,22.3569,4.7693,1.81,1.3855,3.41,0.8569,0.8569,False,2.3182,3.0872,0.769,-2.2303
2021101711,2579,53484,Pat Freiermuth,TE,True,PIT,6,True,12,17.259,0.8207,0.3207,9.9734,1.1787,0.9654,1,2,1,10.4452,10.9766,1.2693,7.11,2.0372,4.46,2.0266,2.0266,False,-0.0129,-0.4801,-0.4672,2.5067
2021101711,2739,44856,Gerald Everett,TE,True,SEA,6,True,41,24.8636,1.1824,0.6824,17.8213,6.8283,5.7382,0,2,1,10.5261,25.0687,1.9238,6.74,2.8303,2.99,23.1787,23.1787,False,6.7407,5.2193,-1.5214,17.9594
2021101711,2879,53453,Najee Harris,RB,False,PIT,6,True,4,8.9214,0.4242,0.0,1.87,2.4502,2.45,1,3,1,25.96,76.75,2.9696,5.35,0.8618,3.04,2.13,2.13,False,2.7171,2.6604,-0.0567,-0.5304
2021101711,3424,52457,Chase Claypool,WR,False,PIT,6,True,12,21.2627,1.0111,0.5111,5.5629,2.2816,2.0422,1,1,1,11.1644,73.6171,-0.1076,2.59,0.8274,2.82,6.4371,6.4371,False,5.142,4.1816,-0.9604,2.2555
2021101711,3653,53484,Pat Freiermuth,TE,True,PIT,6,True,7,13.3339,0.6341,0.1341,4.5566,1.375,0.5254,1,2,1,10.426,65.7934,0.2889,6.23,1.0186,1.78,2.4434,2.4434,False,3.5155,2.7196,-0.7959,-0.2762
2021101711,3836,53453,Najee Harris,RB,False,PIT,6,True,12,18.2335,0.8671,0.3671,5.0104,5.9128,4.2049,0,1,1,5.5793,40.7396,4.4777,4.08,2.6438,1.58,6.9896,6.9896,False,1.9554,3.5957,1.6403,3.3939
2021101711,3917,46189,Will Dissly,TE,True,SEA,6,True,7,25.1082,1.194,0.694,4.4005,4.0837,1.8845,1,1,0,3.8783,71.5495,2.5674,2.04,-1.397,1.46,2.5995,2.5995,False,0.5195,0.2453,-0.2742,2.3542
2021101711,3967,52552,DeeJay Dallas,RB,False,SEA,6,True,7,9.3122,0.4428,0.0,2.66,5.687,5.67,0,4,2,22.41,60.06,4.4825,2.32,2.1755,2.24,4.34,4.34,False,3.9226,4.2732,0.3506,0.0668
2021101711,4008,52552,DeeJay Dallas,RB,False,SEA,6,True,2,8.7573,0.4164,0.0,0.59,8.5154,8.46,0,2,1,22.03,55.59,3.045,4.86,1.0751,1.94,1.41,1.41,False,7.6887,7.2221,-0.4666,-5.8121
2021101711,4032,47847,DK Metcalf,WR,False,SEA,6,True,11,25.2403,1.2003,0.7003,11.7659,2.1793,-0.5342,1,2,1,5.6162,41.0841,1.5654,4.84,2.8216,5.28,-0.7659,-0.7659,False,2.3219,0.0876,-2.2343,-0.8534
2021101711,4056,52552,DeeJay Dallas,RB,False,SEA,6,True,7,9.0408,0.4299,0.0,3.41,6.3929,4.07,0,3,1,24.01,39.07,7.3375,3.51,3.4945,2.83,3.59,3.59,False,5.7017,5.1482,-0.5535,-1.5582
2021101711,4131,47847,DK Metcalf,WR,False,SEA,6,True,10,23.6834,1.1262,0.6262,9.3389,7.162,-3.4608,0,2,1,3.9533,26.2111,-2.7641,5.54,1.9944,5.02,0.6611,0.6611,False,3.2716,2.9186,-0.353,-2.2575
2021101711,4327,42412,Tyler Lockett,WR,False,SEA,6,True,21,22.8527,1.0867,0.5867,19.7071,2.7686,1.9068,1,2,0,21.9126,52.7229,4.5556,6.49,5.5513,2.64,1.2929,1.2929,False,-0.2571,1.7815,2.0386,-0.4886
2021101711,4372,52552,DeeJay Dallas,RB,False,SEA,6,True,10,8.035,0.3821,0.0,2.13,6.6534,-6.31,0,4,1,25.08,52.68,-3.9021,2.35,2.0141,3.16,7.87,7.87,False,7.6082,6.8481,-0.7601,1.0219
2021101711,4461,53484,Pat Freiermuth,TE,True,PIT,6,True,2,11.3349,0.539,0.039,-0.7906,4.1606,4.0355,1,3,2,9.8395,76.6806,4.3232,6.21,0.7536,0.82,2.7906,2.7906,False,3.8579,2.9844,-0.8735,-0.1938
2021101711,4485,46256,Ray-Ray McCloud,WR,False,PIT,6,True,3,20.9953,0.9984,0.4984,2.5094,6.5719,6.3324,0,1,1,2.444,72.4406,4.9831,1.28,0.4,2.48,0.4906,0.4906,False,6.6141,4.1308,-2.4833,-3.6402
2021101800,275,42489,Stefon Diggs,WR,False,BUF,6,True,12,9.012,0.4286,0.0,2.9,3.1175,1.75,1,4,1,19.16,66.29,-1.8411,7.99,1.6462,1.89,9.1,9.1,False,6.5048,7.3227,0.8179,1.7773
2021101800,462,47857,Devin Singletary,RB,False,BUF,6,True,4,7.6381,0.3632,0.0,0.67,6.0455,2.98,0,2,1,13.71,11.48,-0.1935,7.69,0.9705,1.99,3.33,3.33,False,6.4326,7.484,1.0513,-4.154
2021101800,691,52494,Zack Moss,RB,False,BUF,6,True,3,10.0472,0.4778,0.0,-3.27,8.6136,8.39,0,3,1,10.57,82.6,6.6203,5.4,3.1832,2.5,6.27,6.27,False,7.5775,7.3101,-0.2674,-1.0401
2021101800,807,43334,Derrick Henry,RB,False,TEN,6,True,8,8.8945,0.423,0.0,4.96,4.504,1.95,2,7,1,23.03,66.01,3.1619,2.28,2.2762,2.58,3.04,3.04,False,2.8077,3.0782,0.2705,-0.0382
2021101800,873,37079,Julio Jones,WR,False,TEN,6,True,5,15.0807,0.7171,0.2171,4.8778,1.4099,1.2145,2,4,2,17.2624,58.2822,3.9552,0.62,0.5885,3.58,0.1222,0.1222,False,1.1318,0.3801,-0.7517,-0.2579
2021101800,923,47879,Dawson Knox,TE,True,BUF,6,True,11,12.1345,0.577,0.077,1.6329,10.6252,10.5781,0,0,0,4.8027,46.6371,-0.921,4.33,1.3359,2.32,9.3671,9.3671,False,5.2895,6.6756,1.3861,2.6915
2021101800,987,47857,Devin Singletary,RB,False,BUF,6,True,6,9.7284,0.4626,0.0,3.49,7.2393,-6.94,0,5,1,26.17,26.28,-1.4094,2.48,1.438,2.25,2.51,2.51,False,7.9804,7.5727,-0.4077,-5.0627
2021101800,1054,42489,Stefon Diggs,WR,False,BUF,6,True,7,21.551,1.0248,0.5248,6.3845,3.7979,2.855,1,2,1,15.8042,12.5955,-1.583,5.65,1.7806,2.33,0.6155,0.6155,False,4.7308,4.9766,0.2459,-4.3611
2021101800,1368,47857,Devin Singletary,RB,False,BUF,6,True,3,8.4615,0.4024,0.0,-4.34,7.6165,-1.63,0,2,0,11.96,63.53,-7.2521,5.64,1.5527,1.99,7.34,7.34,False,10.5839,10.176,-0.4079,-2.836
2021101800,1397,35521,Emmanuel Sanders,WR,False,BUF,6,True,21,25.6509,1.2198,0.7198,17.1109,5.0875,-4.5113,0,2,1,14.2397,39.0091,-1.3025,5.88,4.322,3.29,3.8891,3.8891,False,5.9252,6.2081,0.2829,-2.319
2021101800,1421,35521,Emmanuel Sanders,WR,False,BUF,6,True,19,20.4445,0.9722,0.4722,12.573,3.7037,-2.3576,2,2,0,22.3451,22.347,-2.3508,5.83,3.6277,1.4,6.427,6.427,False,10.67,13.2986,2.6286,-6.8716
2021101800,1449,47857,Devin Singletary,RB,False,BUF,6,True,2,7.5374,0.3584,0.0,-1.8,7.9906,1.2,0,5,2,17.07,17.66,-3.9303,6.02,1.5469,2.31,3.8,3.8,False,6.012,8.0547,2.0427,-4.2547
2021101800,1590,37079,Julio Jones,WR,False,TEN,6,True,48,35.7472,1.6999,1.1999,36.3803,1.386,-1.1189,1,1,0,3.2916,40.9797,0.5464,5.78,5.7257,3.57,11.6197,11.6197,False,17.7436,5.0178,-12.7257,6.6018
2021101800,1948,42489,Stefon Diggs,WR,False,BUF,6,True,17,22.474,1.0687,0.5687,14.6226,6.2376,3.3919,0,3,0,15.9798,44.1774,-1.1279,5.64,1.798,3.82,2.3774,2.3774,False,7.4539,6.3446,-1.1093,-3.9671
2021101800,2010,42489,Stefon Diggs,WR,False,BUF,6,True,12,26.9545,1.2818,0.7818,12.6222,4.1667,4.1353,1,1,1,2.3203,26.7278,0.9343,2.16,0.3226,2.56,-0.6222,-0.6222,False,0.2075,0.1742,-0.0332,-0.7964
2021101800,2117,38947,Cole Beasley,WR,False,BUF,6,True,29,34.187,1.6257,1.1257,33.9814,10.8635,-10.8183,0,0,0,2.8736,0.0,-3.2891,7.58,7.5342,2.64,-4.9814,-4.9814,True,1.5612,1.8491,0.2879,-6.8305
2021101800,2269,35521,Emmanuel Sanders,WR,False,BUF,6,True,5,12.9467,0.6157,0.1157,5.2318,0.7932,0.7665,2,3,1,16.221,76.2782,4.3063,0.55,-0.1569,3.12,-0.2318,-0.2318,False,1.1653,-0.4762,-1.6415,0.2444
2021101800,2293,42489,Stefon Diggs,WR,False,BUF,6,True,9,21.2747,1.0117,0.5117,8.848,2.4395,1.3779,1,2,0,2.7036,69.492,-0.3932,2.98,0.8169,3.78,0.152,0.152,False,-0.4141,0.0455,0.4597,0.1065
2021101800,2322,47879,Dawson Knox,TE,True,BUF,6,True,11,12.0899,0.5749,0.0749,1.5349,9.3199,8.288,0,1,1,13.5571,65.8251,4.3078,3.6,3.2693,1.98,9.4651,9.4651,False,8.8633,9.0818,0.2185,0.3833
2021101800,2346,38947,Cole Beasley,WR,False,BUF,6,True,18,21.3411,1.0148,0.5148,15.7638,2.7911,-0.9915,1,2,0,25.1638,42.1462,-1.3661,3.27,0.7066,1.46,2.2362,2.2362,False,7.863,5.9971,-1.866,-3.7609
2021101800,2486,47834,A.J. Brown,WR,False,TEN,6,True,8,15.033,0.7149,0.2149,8.9354,4.8009,-1.6947,1,4,0,20.347,58.4046,-5.0314,7.5,0.7696,1.71,-0.9354,-0.9354,False,9.0581,7.9184,-1.1397,-8.8538
2021101800,2663,47834,A.J. Brown,WR,False,TEN,6,True,8,11.751,0.5588,0.0588,3.7987,5.6749,3.491,0,3,2,20.8196,33.4113,0.9353,7.66,-0.0214,1.25,4.2013,4.2013,False,4.6557,6.9359,2.2803,-2.7347
2021101800,2687,47834,A.J. Brown,WR,False,TEN,6,True,14,16.0547,0.7635,0.2635,9.1569,2.0911,-0.3634,1,3,1,22.8668,20.0031,-0.3183,6.54,4.3914,2.59,4.8431,4.8431,False,6.6585,5.7051,-0.9534,-0.862
2021101800,2732,42589,Geoff Swaim,TE,True,TEN,6,True,8,18.3522,0.8727,0.3727,6.0936,3.2679,0.8651,1,2,1,4.1312,5.6464,0.6854,6.01,0.6,1.56,1.9064,1.9064,False,-1.0224,-0.1447,0.8777,2.0511
2021101800,2901,38947,Cole Beasley,WR,False,BUF,6,True,9,18.3755,0.8738,0.3738,5.4387,4.8358,2.1806,1,2,0,12.6671,65.1013,2.1474,2.52,0.7187,4.31,3.5613,3.5613,False,6.6491,4.4914,-2.1577,-0.9301
2021101800,2925,35521,Emmanuel Sanders,WR,False,BUF,6,True,15,31.7622,1.5104,1.0104,14.5409,7.86,-1.4737,0,2,1,0.6277,47.8791,2.7117,2.81,0.9213,2.43,0.4591,0.4591,False,1.8204,2.5582,0.7377,-2.0991
2021101800,2976,47879,Dawson Knox,TE,True,BUF,6,True,3,15.1759,0.7217,0.2217,-0.5314,6.6682,6.6392,0,1,1,5.8149,47.6414,1.8417,3.96,0.3093,1.85,3.5314,3.5314,False,7.3419,7.3845,0.0426,-3.8531
2021101800,3082,48011,Tommy Sweeney,TE,True,BUF,6,True,1,15.0576,0.716,0.216,7.0207,1.337,-0.9908,1,4,0,22.7103,0.0,0.0087,7.71,2.827,0.6,-6.0207,-5.0,True,-3.5733,-3.868,-0.2948,-1.132
2021101800,3207,47834,A.J. Brown,WR,False,TEN,6,True,13,20.0093,0.9515,0.4515,12.3852,2.7909,-2.691,2,3,1,24.9592,48.0848,3.4019,5.81,1.6948,3.09,0.6148,0.6148,False,3.7103,2.6964,-1.0139,-2.0816
2021101800,3252,47834,A.J. Brown,WR,False,TEN,6,True,20,21.8213,1.0377,0.5377,12.1965,2.7905,2.0696,1,4,2,21.0819,33.0835,0.2502,7.7,2.4114,2.23,7.8035,7.8035,False,2.8206,4.9356,2.115,2.8678
2021101800,3337,47834,A.J. Brown,WR,False,TEN,6,True,6,13.2115,0.6283,0.1283,6.2663,2.7928,0.7702,2,2,1,20.1682,25.9537,2.2581,1.24,0.1272,4.26,-0.2663,-0.2663,False,2.9701,1.4839,-1.4862,-1.7503
2021101800,3361,37079,Julio Jones,WR,False,TEN,6,True,6,10.8722,0.517,0.017,5.6153,5.6355,4.1797,0,5,2,25.732,22.0447,7.3999,8.16,0.9011,0.92,0.3847,0.3847,False,2.0453,4.5614,2.5161,-4.1768
2021101800,3419,42489,Stefon Diggs,WR,False,BUF,6,True,6,19.2333,0.9146,0.4146,7.5132,2.6255,2.3306,1,2,1,3.324,67.7668,0.6309,6.64,-0.4747,2.15,-1.5132,-1.5132,False,-1.4701,-1.8796,-0.4095,0.3664
2021101800,3470,42489,Stefon Diggs,WR,False,BUF,6,True,6,19.8142,0.9422,0.4422,5.7393,0.7982,0.7525,1,2,1,5.1616,63.4107,-0.0042,2.15,0.9707,2.92,0.2607,0.2607,False,1.0391,0.0169,-1.0223,0.2439
2021101800,3612,53074,Nick Westbrook-Ikhine,WR,False,TEN,6,True,14,16.2773,0.774,0.274,5.2172,8.0178,2.7752,0,1,0,13.2457,65.2428,-1.1803,6.42,-0.4847,1.06,8.7828,8.7828,False,10.7934,10.7657,-0.0278,-1.9828
2021101800,3636,47834,A.J. Brown,WR,False,TEN,6,True,22,20.4001,0.9701,0.4701,15.4908,5.536,-5.5214,0,5,1,19.8866,40.4692,2.38,8.05,2.9373,1.92,6.5092,6.5092,False,5.3505,7.6131,2.2626,-1.1039
2021101800,3681,53074,Nick Westbrook-Ikhine,WR,False,TEN,6,True,5,12.9122,0.614,0.114,5.1355,0.6739,0.5215,2,4,2,16.9527,30.2045,0.2725,7.7,-0.3023,1.75,-0.1355,-0.1355,False,0.3425,0.1589,-0.1836,-0.2944
2021101800,3705,53074,Nick Westbrook-Ikhine,WR,False,TEN,6,True,8,13.0547,0.6208,0.1208,5.9862,4.0951,4.0706,1,4,1,21.5445,24.5938,3.6373,2.1,0.9615,5.1,2.0138,2.0138,False,2.6736,2.2759,-0.3976,-0.2621
2021101800,3825,35521,Emmanuel Sanders,WR,False,BUF,6,True,31,26.0475,1.2387,0.7387,26.2393,2.2671,-2.1841,1,1,0,9.1357,57.7007,-0.7404,8.23,8.2167,1.06,4.7607,4.7607,False,15.4523,21.3064,5.8541,-16.5456
2021101800,3849,52494,Zack Moss,RB,False,BUF,6,True,12,8.4059,0.3997,0.0,2.78,7.0756,-6.79,0,2,0,26.0,48.66,-3.3644,4.93,4.6924,1.07,9.22,9.22,False,8.6792,13.7407,5.0615,-4.5207
2021101800,3890,38947,Cole Beasley,WR,False,BUF,6,True,7,11.0799,0.5269,0.0269,3.4956,7.3282,5.6846,0,5,1,23.2519,35.6144,3.1645,2.83,2.0684,1.71,3.5044,3.5044,False,8.8437,7.9264,-0.9173,-4.422
2021101800,3914,52536,Gabe Davis,WR,False,BUF,6,True,20,25.6705,1.2207,0.7207,14.5564,6.9319,5.1697,0,2,1,20.17,17.6636,4.4194,4.97,1.1189,2.35,5.4436,5.4436,False,5.3135,3.6222,-1.6913,1.8214
2021102100,56,41292,Jarvis Landry,WR,False,CLE,7,False,7,10.6498,0.5064,0.0064,-2.4182,6.0104,-2.788,0,1,0,14.7543,77.7782,-4.6931,7.1,0.2862,1.28,9.4182,9.4182,False,10.1663,10.9553,0.7891,-1.5372
2021102100,267,47803,Noah Fant,TE,True,DEN,7,False,6,10.0298,0.477,0.0,3.1,6.7045,5.95,0,2,1,24.5,68.81,2.879,6.69,-0.0105,0.57,2.9,2.9,False,6.656,4.8388,-1.8172,-1.9388
2021102100,401,41292,Jarvis Landry,WR,False,CLE,7,False,4,13.0258,0.6194,0.1194,1.5807,3.1896,2.4327,1,3,2,8.4651,68.8393,-1.6114,6.44,0.6754,1.01,2.4193,2.4193,False,3.2038,5.8587,2.6549,-3.4394
2021102100,435,41292,Jarvis Landry,WR,False,CLE,7,False,5,13.4452,0.6394,0.1394,4.2918,0.5678,0.5315,2,3,1,21.7446,62.3682,0.7053,3.95,1.7347,4.09,0.7082,0.7082,False,0.5919,1.3991,0.8072,-0.6909
2021102100,486,41292,Jarvis Landry,WR,False,CLE,7,False,14,22.5283,1.0713,0.5713,16.2714,0.9795,0.9189,1,1,1,12.6788,44.1686,0.3994,6.37,0.6327,3.75,-2.2714,-2.2714,False,0.7281,-0.5175,-1.2456,-1.754
2021102100,631,53640,Demetric Felton,RB,False,CLE,7,False,8,10.3473,0.4921,0.0,-1.63,9.3703,-3.43,0,1,0,10.52,45.93,-6.2939,6.33,1.6703,1.71,9.63,9.63,False,11.978,11.8502,-0.1278,-2.2202
2021102100,802,46109,Courtland Sutton,WR,False,DEN,7,False,31,26.2438,1.248,0.748,18.5157,0.9295,-0.2014,1,1,0,6.495,45.0143,0.0162,7.99,7.949,0.61,12.4843,12.4843,False,8.0003,13.1087,5.1085,-0.6245
2021102100,1205,47803,Noah Fant,TE,True,DEN,7,False,6,14.1482,0.6728,0.1728,2.2099,10.9619,10.0696,0,0,0,12.3108,84.1401,3.0851,6.59,1.2145,1.43,3.7901,3.7901,False,6.7129,4.7874,-1.9255,-0.9973
2021102100,1292,44841,David Njoku,TE,True,CLE,7,False,6,13.4533,0.6398,0.1398,5.6039,1.273,-1.0063,2,4,2,17.9559,61.1161,-0.5075,8.22,0.7436,0.18,0.3961,0.3961,False,7.1167,6.4994,-0.6173,-6.1033
2021102100,1383,52523,Harrison Bryant,TE,True,CLE,7,False,15,17.4147,0.8281,0.3281,13.0153,5.9198,-5.5984,0,2,1,17.8111,35.4147,0.7482,7.21,3.5515,2.61,1.9847,1.9847,False,5.0359,5.1861,0.1502,-3.2015
2021102100,1753,43461,Rashard Higgins,WR,False,CLE,7,False,-2,13.5928,0.6464,0.1464,-2.007,4.0688,4.0153,1,1,1,14.2343,82.087,5.5158,3.66,-0.0479,2.0,0.007,0.007,False,4.1918,4.0706,-0.1211,-4.0636
2021102100,1966,47803,Noah Fant,TE,True,DEN,7,False,9,11.4204,0.5431,0.0431,1.0156,7.174,6.787,0,3,1,11.5634,77.8744,-0.4176,6.05,1.0589,0.94,7.9844,7.9844,False,7.2484,8.21,0.9616,-0.2256
2021102100,2011,46109,Courtland Sutton,WR,False,DEN,7,False,12,20.0506,0.9535,0.4535,9.2319,1.2599,0.7767,2,2,0,15.3474,58.2981,0.9639,6.91,3.1134,1.11,2.7681,2.7681,False,1.8083,4.7784,2.9701,-2.0103
2021102100,2035,46109,Courtland Sutton,WR,False,DEN,7,False,13,31.5591,1.5007,1.0007,18.0209,8.5505,6.2271,0,2,1,2.743,37.2891,-3.7226,5.64,0.4405,4.54,-5.0209,-5.0,True,3.5908,0.5685,-3.0224,-5.5685
2021102100,2106,52766,Kendall Hinton,WR,False,DEN,7,False,4,11.4055,0.5424,0.0424,2.5736,2.8573,1.7732,1,3,1,8.6424,32.1364,0.8609,7.27,-0.3868,2.13,1.4264,1.4264,False,2.4378,1.8637,-0.574,-0.4373
2021102100,2130,52766,Kendall Hinton,WR,False,DEN,7,False,11,15.295,0.7273,0.2273,6.9243,3.665,3.6539,2,2,1,18.5226,22.9957,3.5969,2.21,1.9104,2.86,4.0757,4.0757,False,1.765,1.8014,0.0364,2.2743
2021102100,2175,47803,Noah Fant,TE,True,DEN,7,False,9,10.9798,0.5221,0.0221,2.0225,5.6071,4.8302,0,2,2,10.9607,14.9475,2.5434,6.49,2.8257,1.29,6.9775,6.9775,False,3.0427,4.9402,1.8975,2.0372
2021102100,2248,42358,Melvin Gordon,RB,False,DEN,7,False,8,13.7485,0.6538,0.1538,3.9022,3.1339,3.1331,1,3,1,7.5279,4.6778,6.2774,7.29,3.3955,2.81,4.0978,4.0978,False,2.2242,1.7555,-0.4687,2.3423
2021102100,2357,41238,Odell Beckham,WR,False,CLE,7,False,6,14.4463,0.687,0.187,5.6147,2.5507,2.3348,1,3,1,18.7917,74.7753,4.5006,0.99,0.988,2.39,0.3853,0.3853,False,1.3774,1.2107,-0.1667,-0.8254
2021102100,2381,41238,Odell Beckham,WR,False,CLE,7,False,17,27.2738,1.297,0.797,19.1732,4.0142,3.2376,1,1,1,4.5256,55.5068,-1.85,6.85,2.5261,4.9,-2.1732,-2.1732,False,-3.1781,-2.1748,1.0033,0.0016
2021102100,2405,53520,Anthony Schwartz,WR,False,CLE,7,False,16,23.904,1.1367,0.6367,14.9414,8.2814,0.3881,0,1,0,26.2011,42.3486,7.9884,6.33,1.6042,2.47,1.0586,1.0586,False,8.0839,5.9007,-2.1832,-4.8421
2021102100,2450,47605,D'Ernest Johnson,RB,False,CLE,7,False,18,10.6619,0.507,0.007,2.6783,8.0477,8.021,0,3,1,19.9337,38.1617,1.2271,5.31,1.1855,3.05,15.3217,15.3217,False,7.5542,7.6617,0.1075,7.66
2021102100,2655,46536,Johnny Stanton,FB,False,CLE,7,False,1,11.4344,0.5437,0.0437,1.3878,3.8639,2.3252,1,3,0,14.0891,0.2822,-0.3128,7.05,1.5499,2.05,-0.3878,-0.3878,False,-0.0412,-1.5156,-1.4744,1.1278
2021102100,2755,53464,Javonte Williams,RB,False,DEN,7,False,8,7.7933,0.3706,0.0,-4.98,7.4757,-0.73,0,2,0,12.39,79.87,-6.7246,5.83,1.4725,2.1,12.98,12.98,False,10.7507,10.7249,-0.0257,2.2551
2021102100,3125,53464,Javonte Williams,RB,False,DEN,7,False,5,9.5098,0.4522,0.0,-1.33,5.4862,5.33,0,2,2,12.09,82.08,4.9313,5.11,1.9695,1.47,6.33,6.33,False,3.8108,3.7986,-0.0122,2.5314
2021102100,3182,46109,Courtland Sutton,WR,False,DEN,7,False,2,16.4348,0.7815,0.2815,3.1826,0.6535,0.6051,2,3,1,13.6968,50.0774,2.4694,4.27,-2.1221,2.7,-1.1826,-1.1826,False,1.5537,1.027,-0.5267,-2.2096
2021102100,3255,45267,Tim Patrick,WR,False,DEN,7,False,9,18.239,0.8673,0.3673,10.37,2.3313,2.0805,1,1,1,5.8541,38.85,0.8391,6.84,1.8785,5.24,-1.37,-1.37,False,-0.4223,-1.1301,-0.7078,-0.24
2021102100,3304,46109,Courtland Sutton,WR,False,DEN,7,False,10,15.5919,0.7415,0.2415,9.869,1.8525,1.7778,1,2,1,7.0512,30.311,4.1637,9.12,1.3213,0.99,0.131,0.131,False,-0.9622,2.7216,3.6837,-2.5906
2021102100,3329,44987,Eric Saubert,TE,True,DEN,7,False,3,12.7192,0.6048,0.1048,2.6323,1.948,1.2881,1,1,0,8.6462,28.3977,2.013,6.72,0.3084,0.6,0.3677,0.3677,False,2.024,2.1673,0.1433,-1.7996
2021102100,3370,45267,Tim Patrick,WR,False,DEN,7,False,7,12.2818,0.584,0.084,4.7118,2.6386,2.5921,1,3,1,17.8399,22.0182,-1.2671,4.68,1.2113,3.94,2.2882,2.2882,False,4.4674,3.6948,-0.7726,-1.4066
2021102100,3438,47803,Noah Fant,TE,True,DEN,7,False,9,18.1593,0.8635,0.3635,5.5452,6.7627,3.5157,0,1,0,4.8124,15.3948,-1.2006,5.77,-0.0131,3.17,3.4548,3.4548,False,5.1172,3.3636,-1.7536,0.0912
2021102100,3673,43370,Austin Hooper,TE,True,CLE,7,False,8,15.7277,0.7479,0.2479,4.3025,4.1587,2.4352,1,1,0,10.3131,69.8575,1.7351,6.17,1.0587,1.83,3.6975,3.6975,False,3.3509,3.488,0.1371,0.2096
2021102100,3756,41292,Jarvis Landry,WR,False,CLE,7,False,7,18.4263,0.8762,0.3762,6.1575,0.4827,0.1987,1,2,1,20.3641,33.8125,1.4583,6.73,1.8539,0.76,0.8425,0.8425,False,-0.5133,0.4588,0.9722,0.3837
2021102400,78,52441,Tee Higgins,WR,False,CIN,7,False,11,22.1091,1.0514,0.5514,11.9782,1.729,1.5183,1,1,1,4.5288,63.1218,0.6128,5.83,3.2432,5.15,-0.9782,-0.9782,False,-1.1645,0.1671,1.3315,-1.1453
2021102400,145,44927,Samaje Perine,RB,False,CIN,7,False,23,13.6606,0.6496,0.1496,4.1521,8.1736,-4.988,0,2,0,17.199,58.7179,-3.0327,6.77,1.6848,1.0,18.8479,18.8479,False,9.4502,11.5431,2.0928,7.3049
2021102400,493,53434,Ja'Marr Chase,WR,False,CIN,7,False,9,27.248,1.2957,0.7957,9.9696,4.7439,4.3729,1,1,1,1.5528,38.5904,-2.9712,2.75,-0.2769,6.66,-0.9696,-0.9696,False,0.6438,0.7498,0.1059,-1.7194
2021102400,540,52441,Tee Higgins,WR,False,CIN,7,False,6,11.2266,0.5339,0.0339,3.276,1.2063,-1.0196,1,2,1,6.6889,37.574,0.3454,6.6,3.4249,0.74,2.724,2.724,False,5.2563,5.0492,-0.2071,-2.3251
2021102400,731,43344,Tyler Boyd,WR,False,CIN,7,False,5,16.4919,0.7842,0.2842,5.5831,1.0102,0.5725,1,2,0,7.4807,66.9269,0.6103,5.5,0.398,3.71,-0.5831,-0.5831,False,2.5699,0.2397,-2.3302,-0.8229
2021102400,802,46155,Mark Andrews,TE,True,BAL,7,False,24,22.9688,1.0922,0.5922,18.0087,2.3706,0.4774,1,4,0,18.6246,59.3713,1.0078,7.86,2.0409,0.8,5.9913,5.9913,False,4.0139,4.1096,0.0957,1.8817
2021102400,851,41332,Devonta Freeman,RB,False,BAL,7,False,6,10.7807,0.5127,0.0127,-2.0094,11.089,-1.9068,0,0,0,11.4133,57.4494,-4.8205,5.51,3.2059,1.85,8.0094,8.0094,False,9.114,11.3832,2.2692,-3.3738
2021102400,875,46155,Mark Andrews,TE,True,BAL,7,False,23,19.5532,0.9298,0.4298,16.566,4.5629,-4.4579,1,3,0,24.6472,32.594,-2.5056,7.17,5.5278,0.96,6.434,6.434,False,8.8857,10.2204,1.3347,-3.7863
2021102400,1167,47852,Josh Oliver,TE,True,BAL,7,False,19,22.7997,1.0842,0.5842,17.7232,6.9652,6.9598,0,1,1,16.6167,38.4868,4.6847,7.62,2.8298,2.65,1.2768,1.2768,False,4.1242,5.6259,1.5016,-4.3491
2021102400,1305,52441,Tee Higgins,WR,False,CIN,7,False,9,17.2119,0.8185,0.3185,4.8953,3.5452,3.5392,1,1,1,7.2229,75.3347,2.6869,0.96,0.676,3.41,4.1047,4.1047,False,0.3491,2.5085,2.1594,1.5962
2021102400,1340,42500,C.J. Uzomah,TE,True,CIN,7,False,55,27.6449,1.3146,0.8146,27.9336,4.9804,-1.2598,1,1,0,24.6816,27.9464,-1.6376,7.76,7.063,3.11,27.0664,27.0664,False,16.0308,11.0474,-4.9834,16.019
2021102400,1484,47808,Marquise Brown,WR,False,BAL,7,False,18,26.0776,1.2401,0.7401,19.6564,3.4835,3.4821,1,1,1,24.946,25.0436,0.7201,5.65,-0.7345,4.66,-1.6564,-1.6564,False,3.0181,1.302,-1.7162,-2.9583
2021102400,1684,52441,Tee Higgins,WR,False,CIN,7,False,7,23.2459,1.1054,0.6054,8.5781,1.4138,1.3649,1,1,1,2.9362,67.0619,-0.2533,1.62,1.3017,5.6,-1.5781,-1.5781,False,-0.9067,-1.709,-0.8023,0.1309
2021102400,1708,42500,C.J. Uzomah,TE,True,CIN,7,False,4,15.248,0.7251,0.2251,4.5107,3.8319,3.7467,1,1,1,8.8379,64.0693,0.6813,5.7,-0.2188,2.93,-0.5107,-0.5107,False,2.0285,1.4009,-0.6276,-1.9116
2021102400,1732,53434,Ja'Marr Chase,WR,False,CIN,7,False,6,22.9457,1.0912,0.5912,5.0721,0.6968,0.195,1,1,0,13.1867,59.3479,6.4525,3.46,-0.3178,2.91,0.9279,0.9279,False,2.1786,0.7709,-1.4076,0.1569
2021102400,1756,53434,Ja'Marr Chase,WR,False,CIN,7,False,13,19.9931,0.9507,0.4507,11.7765,1.2212,0.8967,1,1,1,4.0213,46.9935,0.5186,7.21,6.2264,1.72,1.2235,1.2235,False,-1.7262,4.7201,6.4462,-3.4965
2021102400,1825,53434,Ja'Marr Chase,WR,False,CIN,7,False,26,16.9462,0.8059,0.3059,11.6322,2.7972,0.6367,1,1,0,17.3554,34.0278,-2.501,6.33,3.898,5.61,14.3678,14.3678,False,4.1626,2.3527,-1.81,12.0151
2021102400,1849,43344,Tyler Boyd,WR,False,CIN,7,False,7,13.3868,0.6366,0.1366,7.2615,1.3945,0.6719,1,3,1,25.3162,12.8485,1.3213,5.25,1.3287,1.55,-0.2615,-0.2615,False,2.3618,1.4841,-0.8777,-1.7456
2021102400,2055,53456,Rashod Bateman,WR,False,BAL,7,False,35,21.1208,1.0044,0.5044,22.2812,8.3565,8.2253,0,3,1,18.9464,51.9188,-4.0443,9.16,5.2566,1.89,12.7188,12.7188,False,1.6485,6.6322,4.9838,6.0865
2021102400,2079,47808,Marquise Brown,WR,False,BAL,7,False,39,28.9385,1.3761,0.8761,31.5208,2.8774,-2.8484,1,2,0,5.8758,8.1492,-0.8511,9.5,9.132,0.94,7.4792,7.4792,False,8.3699,7.8331,-0.5368,-0.3539
2021102400,2134,53434,Ja'Marr Chase,WR,False,CIN,7,False,17,18.3207,0.8712,0.3712,11.117,4.4332,3.5918,1,3,1,18.053,64.063,0.6572,5.54,2.2277,4.35,5.883,5.883,False,3.2674,2.951,-0.3163,2.932
2021102400,2179,53434,Ja'Marr Chase,WR,False,CIN,7,False,21,20.748,0.9866,0.4866,9.7989,2.8052,1.1606,1,4,1,19.7414,43.5211,0.0942,7.66,3.2239,1.91,11.2011,11.2011,False,4.6722,7.4394,2.7672,3.7617
2021102400,2210,42500,C.J. Uzomah,TE,True,CIN,7,False,32,20.3414,0.9673,0.4673,14.6343,9.4398,5.5531,0,1,0,14.1603,18.4157,7.3372,6.99,6.9853,1.17,17.3657,17.3657,False,8.4665,8.0414,-0.4251,9.3243
2021102400,2273,53456,Rashod Bateman,WR,False,BAL,7,False,25,16.5427,0.7867,0.2867,13.0789,2.9788,-1.8114,1,4,0,15.8606,61.9711,-1.1458,8.69,3.1708,1.4,11.9211,11.9211,False,10.6239,12.1809,1.557,-0.2598
2021102400,2477,52441,Tee Higgins,WR,False,CIN,7,False,7,20.8343,0.9907,0.4907,5.3631,1.1913,1.1816,1,1,1,4.3075,84.8369,0.0244,0.81,0.1285,4.37,1.6369,1.6369,False,-0.2473,-0.3794,-0.1321,2.0164
2021102400,2522,53434,Ja'Marr Chase,WR,False,CIN,7,False,82,17.7153,0.8424,0.3424,6.7901,2.8076,0.9463,1,4,0,13.4104,76.0499,-1.2464,5.97,2.5993,1.32,75.2099,30.0,False,5.3246,9.3691,4.0445,20.6309
2021102400,2641,47808,Marquise Brown,WR,False,BAL,7,False,3,13.2933,0.6321,0.1321,-3.7499,10.0517,9.8038,0,0,0,13.9214,72.4499,3.6589,3.71,-0.3021,2.09,6.7499,6.7499,False,9.2464,7.6391,-1.6073,-0.8892
2021102400,2690,43344,Tyler Boyd,WR,False,CIN,7,False,25,18.4516,0.8774,0.3774,14.5689,9.6913,-3.7083,0,1,0,19.6819,71.2511,4.3853,4.27,2.1698,4.01,10.4311,10.4311,False,8.4268,6.5321,-1.8947,3.8989
2021102400,2760,52441,Tee Higgins,WR,False,CIN,7,False,11,18.3507,0.8726,0.3726,7.6506,2.872,2.344,2,2,2,11.0366,51.1294,-3.3526,4.16,-1.8769,0.27,3.3494,3.3494,False,3.6277,0.836,-2.7917,2.5134
2021102400,2832,52441,Tee Higgins,WR,False,CIN,7,False,11,23.3095,1.1084,0.6084,9.8445,2.1245,1.3424,1,1,0,6.791,37.9355,-0.4342,5.75,1.1414,1.94,1.1555,1.1555,False,1.2847,1.1864,-0.0983,-0.0309
2021102400,2872,53434,Ja'Marr Chase,WR,False,CIN,7,False,27,25.4517,1.2103,0.7103,17.5725,1.2558,-0.8964,1,1,0,1.5552,18.6875,-0.4595,8.28,8.0985,3.46,9.4275,9.4275,False,10.4346,12.9511,2.5165,-3.5236
2021102400,3152,47808,Marquise Brown,WR,False,BAL,7,False,13,28.3084,1.3462,0.8462,13.0301,5.1792,5.1619,0,1,1,10.0563,61.7799,2.6479,3.99,-2.4817,0.26,-0.0301,-0.0301,False,2.4563,1.6966,-0.7596,-1.7268
2021102400,3368,53180,Ty'Son Williams,RB,False,BAL,7,False,13,12.4839,0.5937,0.0937,0.2272,13.0594,12.9087,0,0,0,11.2106,75.4028,-0.5581,6.15,1.4649,1.45,12.7728,12.7728,False,10.5358,11.6287,1.0929,1.1441
2021102400,3526,53180,Ty'Son Williams,RB,False,BAL,7,False,11,14.5745,0.6931,0.1931,5.9555,8.2134,-0.8353,0,1,0,1.0753,61.5645,5.242,2.1,1.6339,2.18,5.0445,5.0445,False,5.4293,5.6151,0.1858,-0.5706
2021102400,3649,39996,Le'Veon Bell,RB,False,BAL,7,False,-1,12.5651,0.5975,0.0975,-1.0078,5.1827,4.3714,0,1,1,14.8304,76.4578,4.8338,6.44,1.0485,1.11,0.0078,0.0078,False,5.6139,4.0192,-1.5947,-4.0115
2021102400,3843,47852,Josh Oliver,TE,True,BAL,7,False,10,12.2701,0.5835,0.0835,3.6322,4.5567,3.8217,1,2,1,18.7536,81.0878,1.7296,3.43,0.0263,2.46,6.3678,6.3678,False,4.4733,3.3631,-1.1103,3.0047
2021102400,3873,41332,Devonta Freeman,RB,False,BAL,7,False,12,8.8103,0.419,0.0,4.17,7.4758,-7.45,0,2,0,24.01,71.4,-3.1171,3.4,3.2603,2.76,7.83,7.83,False,8.2972,9.5769,1.2798,-1.7469
2021102400,3897,41332,Devonta Freeman,RB,False,BAL,7,False,7,11.1663,0.531,0.031,3.5848,7.2159,-6.8888,0,4,1,22.306,58.7952,-1.887,2.8,2.4136,2.55,3.4152,3.4152,False,5.2561,6.3426,1.0865,-2.9274
2021102400,3925,52500,Devin Duvernay,WR,False,BAL,7,False,11,21.3103,1.0134,0.5134,12.6598,2.1728,1.833,1,2,1,0.9548,43.5902,-0.085,2.03,-1.7534,0.66,-1.6598,-1.6598,False,-1.0777,-1.4317,-0.354,-0.2282
2021102401,55,41282,Davante Adams,WR,False,GB,7,False,15,16.834,0.8005,0.3005,13.1114,3.656,2.8148,1,5,1,17.9387,62.3386,0.0345,6.28,4.0643,5.54,1.8886,1.8886,False,4.2283,2.0877,-2.1405,-0.1991
2021102401,124,44995,Aaron Jones,RB,False,GB,7,False,4,17.529,0.8336,0.3336,-3.1984,9.4562,9.3401,0,1,1,5.4785,57.7884,3.6998,6.79,3.0625,3.12,7.1984,7.1984,False,8.832,8.2825,-0.5495,-1.0841
2021102401,170,30842,Marcedes Lewis,TE,True,GB,7,False,12,9.8,0.466,0.0,0.38,3.4656,3.24,1,4,2,11.45,49.99,3.4447,4.75,2.0785,1.27,11.62,11.62,False,1.5484,2.1287,0.5803,9.4913
2021102401,300,44995,Aaron Jones,RB,False,GB,7,False,0,10.176,0.4839,0.0,-1.42,5.9522,5.79,0,4,2,18.84,18.73,1.3283,6.87,1.5232,2.12,1.42,1.42,False,6.7171,7.0141,0.297,-5.5941
2021102401,324,41282,Davante Adams,WR,False,GB,7,False,17,13.4403,0.6391,0.1391,7.1326,4.5348,-4.0879,1,3,0,21.8803,10.3574,4.9398,0.45,0.45,1.42,9.8674,9.8674,False,4.8669,4.1465,-0.7204,5.7209
2021102401,425,47859,Terry McLaurin,WR,False,WAS,7,False,6,20.163,0.9588,0.4588,7.3818,0.8709,0.3021,1,2,0,5.4914,72.3582,-0.5296,7.75,-0.4974,4.17,-1.3818,-1.3818,False,4.6228,1.1438,-3.4789,-2.5256
2021102401,538,47859,Terry McLaurin,WR,False,WAS,7,False,12,27.4992,1.3077,0.8077,13.1583,7.3533,7.1317,0,2,1,10.3001,38.3417,0.4592,4.66,-2.4535,2.93,-1.1583,-1.1583,False,5.583,3.457,-2.1261,-4.6153
2021102401,562,47859,Terry McLaurin,WR,False,WAS,7,False,40,29.0501,1.3814,0.8814,30.5138,2.7092,-1.1943,1,1,0,21.8657,9.4862,0.4847,7.5,7.4127,1.71,9.4862,9.4862,False,9.9392,7.3462,-2.593,2.1399
2021102401,827,43722,J.D. McKissic,RB,False,WAS,7,False,5,10.4311,0.496,0.0,1.7,5.528,4.42,0,4,2,26.07,38.69,2.6563,1.32,-0.2392,1.52,3.3,3.3,False,4.019,2.5428,-1.4762,0.7572
2021102401,959,45635,Robert Tonyan,TE,True,GB,7,False,12,14.2953,0.6798,0.1798,2.3813,5.419,2.548,0,1,0,9.4499,65.6687,0.657,6.56,1.4534,2.33,9.6187,9.6187,False,8.3731,7.5045,-0.8686,2.1142
2021102401,983,44995,Aaron Jones,RB,False,GB,7,False,1,18.5332,0.8813,0.3813,-4.1055,9.3924,8.9364,0,1,1,7.2143,61.0455,1.9347,5.39,2.4244,3.83,5.1055,5.1055,False,9.5795,9.9459,0.3664,-4.8404
2021102401,1007,44995,Aaron Jones,RB,False,GB,7,False,10,13.5078,0.6423,0.1423,-0.9793,7.9706,7.0648,0,1,1,9.1053,55.9893,0.5964,5.45,0.9183,1.94,10.9793,10.9793,False,6.3151,5.8697,-0.4454,5.1096
2021102401,1055,37139,Randall Cobb,WR,False,GB,7,False,15,17.1682,0.8164,0.3164,12.134,0.9544,-0.883,1,3,0,21.2941,29.756,0.3328,6.69,4.4373,4.13,2.866,2.866,False,4.9786,4.6108,-0.3678,-1.7448
2021102401,1312,46705,Allen Lazard,WR,False,GB,7,False,11,20.7365,0.9861,0.4861,10.5987,3.4883,2.7951,1,1,1,4.4471,61.8213,-1.1007,6.26,0.7173,3.98,0.4013,0.4013,False,0.0057,-0.6816,-0.6872,1.0829
2021102401,1383,46705,Allen Lazard,WR,False,GB,7,False,7,15.9707,0.7595,0.2595,5.989,4.1402,1.778,2,3,0,12.5176,54.911,-0.3832,5.15,1.1524,3.86,1.011,1.011,False,4.3551,3.7218,-0.6333,-2.7108
2021102401,1407,46705,Allen Lazard,WR,False,GB,7,False,13,21.1845,1.0074,0.5074,11.874,1.752,0.8173,1,4,1,15.992,41.216,1.04,7.95,-0.4258,0.74,1.126,1.126,False,1.1319,-0.1726,-1.3045,1.2987
2021102401,1513,41282,Davante Adams,WR,False,GB,7,False,5,22.7847,1.0835,0.5835,5.4227,5.105,5.0623,0,1,1,6.5383,9.8473,0.9632,5.41,-0.3039,2.77,-0.4227,-0.4227,False,2.0787,1.7791,-0.2997,-2.2018
2021102401,1578,46705,Allen Lazard,WR,False,GB,7,False,10,17.4439,0.8295,0.3295,10.2985,0.9575,0.5722,1,2,0,14.3057,0.0,0.6258,6.91,6.7021,1.35,-0.2985,-0.2985,False,-3.3918,-3.003,0.3888,2.7045
2021102401,1836,45635,Robert Tonyan,TE,True,GB,7,False,20,20.6777,0.9833,0.4833,17.1949,2.4309,-0.8736,1,2,0,13.0391,2.7051,-1.316,8.11,7.3555,2.76,2.8051,2.8051,False,-0.6433,1.6688,2.3121,1.1363
2021102401,1899,45481,Ricky Seals-Jones,TE,True,WAS,7,False,14,10.5896,0.5036,0.0036,1.8636,5.6108,-3.5201,0,4,1,17.0535,75.4964,-5.5358,4.23,3.8167,2.18,12.1364,12.1364,False,8.5179,10.5214,2.0036,1.6149
2021102401,1955,42794,DeAndre Carter,WR,False,WAS,7,False,4,18.4218,0.876,0.376,5.3481,3.6523,3.6503,1,2,1,6.1269,68.7219,3.2769,7.19,-0.138,3.04,-1.3481,-1.3481,False,0.1965,-0.5429,-0.7394,-0.8052
2021102401,1984,43010,Adam Humphries,WR,False,WAS,7,False,17,25.597,1.2172,0.7172,14.4454,6.5893,-6.0396,0,2,0,3.6094,54.1646,1.0444,8.46,0.4118,1.79,2.5546,2.5546,False,4.6839,4.1577,-0.5262,-1.6031
2021102401,2029,47859,Terry McLaurin,WR,False,WAS,7,False,28,12.4696,0.593,0.093,3.6871,4.6645,4.4117,1,1,1,17.0062,45.1929,5.8677,8.44,0.399,1.34,24.3129,24.3129,False,3.524,3.7503,0.2263,20.5626
2021102401,2074,45481,Ricky Seals-Jones,TE,True,WAS,7,False,9,11.7197,0.5573,0.0573,5.9058,4.1047,-0.8691,2,5,1,22.84,9.6142,-1.8776,6.21,2.7184,1.41,3.0942,3.0942,False,5.7374,7.634,1.8967,-4.5398
2021102401,2403,52470,A.J. Dillon,RB,False,GB,7,False,2,10.1604,0.4832,0.0,1.49,6.3678,-5.89,0,2,0,23.61,94.92,-4.0452,6.67,1.8765,1.89,0.51,0.51,False,9.8015,10.2826,0.4811,-9.7726
2021102401,2744,41282,Davante Adams,WR,False,GB,7,False,26,20.4705,0.9734,0.4734,13.0796,1.1214,-0.0309,1,1,0,4.6649,80.0304,0.1036,8.03,7.5185,1.16,12.9204,12.9204,False,6.8454,10.4601,3.6147,2.4603
2021102401,2837,45635,Robert Tonyan,TE,True,GB,7,False,25,20.3654,0.9684,0.4684,18.2349,3.9857,-3.6329,1,2,0,22.5257,43.9051,-3.6092,7.39,7.2258,2.05,6.7651,6.7651,False,7.8698,11.5682,3.6984,-4.8032
2021102401,2954,41282,Davante Adams,WR,False,GB,7,False,6,22.059,1.049,0.549,5.9809,3.5057,3.3816,1,1,1,5.8733,5.4291,0.9687,2.65,-0.4173,5.69,0.0191,0.0191,False,0.4493,0.0612,-0.3881,-0.0421
2021102401,3074,47859,Terry McLaurin,WR,False,WAS,7,False,12,22.9123,1.0896,0.5896,12.4449,3.243,3.0736,2,2,1,16.332,64.6451,3.7634,3.57,0.4493,3.31,-0.4449,-0.4449,False,0.0785,0.8041,0.7255,-1.249
2021102401,3098,47859,Terry McLaurin,WR,False,WAS,7,False,5,19.9457,0.9485,0.4485,6.0507,0.6545,0.6159,1,4,3,19.5214,60.0293,-0.6238,6.01,-0.8011,3.0,-1.0507,-1.0507,False,1.8774,0.0532,-1.8242,-1.1039
2021102401,3122,43010,Adam Humphries,WR,False,WAS,7,False,7,18.4351,0.8767,0.3767,5.6287,1.6986,1.5971,1,2,2,13.9216,54.7613,3.2323,4.93,-0.6938,2.04,1.3713,1.3713,False,0.4599,-0.0945,-0.5544,1.4658
2021102401,3221,45481,Ricky Seals-Jones,TE,True,WAS,7,False,10,21.3128,1.0135,0.5135,11.0019,2.6975,2.583,1,1,1,13.682,27.2581,-0.7427,2.81,-0.8338,4.56,-1.0019,-1.0019,False,1.2595,1.7687,0.5092,-2.7706
2021102401,3245,53687,Dax Milne,WR,False,WAS,7,False,3,10.9573,0.5211,0.0211,2.986,1.1193,1.1068,1,4,1,23.8288,24.744,1.4381,8.13,-0.1901,0.42,0.014,0.014,False,1.9994,1.7423,-0.2571,-1.7283
2021102401,3320,45481,Ricky Seals-Jones,TE,True,WAS,7,False,2,14.0365,0.6675,0.1675,2.0402,5.6901,5.2346,0,3,2,13.9029,12.3898,4.9019,0.66,-0.6555,2.63,-0.0402,-0.0402,False,3.8138,2.2181,-1.5957,-2.2583
2021102401,3371,30842,Marcedes Lewis,TE,True,GB,7,False,17,17.6749,0.8405,0.3405,11.2879,3.0917,2.226,1,2,1,18.1736,69.1421,2.3212,7.4,2.8426,1.18,5.7121,5.7121,False,2.8895,5.1227,2.2332,0.5894
2021102401,3432,47859,Terry McLaurin,WR,False,WAS,7,False,19,12.3442,0.587,0.087,4.1414,3.5025,2.4244,1,1,0,18.809,33.9486,1.5846,0.81,-0.4435,2.24,14.8586,14.8586,False,4.2469,3.2433,-1.0037,11.6153
2021102401,3456,45481,Ricky Seals-Jones,TE,True,WAS,7,False,10,23.263,1.1062,0.6062,11.6944,3.9699,3.0129,1,1,1,3.2675,8.3556,-1.6871,6.54,-0.2237,3.38,-1.6944,-1.6944,False,-1.5119,-1.4289,0.083,-0.2655
2021102401,3504,43722,J.D. McKissic,RB,False,WAS,7,False,3,9.9908,0.4751,0.0,1.09,5.6592,-4.35,0,5,2,19.08,16.39,1.0429,4.42,2.9288,3.28,1.91,1.91,False,4.739,6.7179,1.9789,-4.8079
2021102401,3743,43010,Adam Humphries,WR,False,WAS,7,False,12,21.1219,1.0044,0.5044,10.7426,1.1782,0.3815,1,1,0,23.4809,86.2674,0.8829,1.7,-0.8275,2.93,1.2574,1.2574,False,1.7669,0.89,-0.8769,0.3674
2021102401,3810,53687,Dax Milne,WR,False,WAS,7,False,13,14.2068,0.6756,0.1756,4.8994,10.3501,-9.6714,0,0,0,18.871,80.3406,-3.6122,8.31,0.1102,1.17,8.1006,8.1006,False,10.6705,12.0406,1.37,-3.9399
2021102401,3861,45481,Ricky Seals-Jones,TE,True,WAS,7,False,6,11.6503,0.554,0.054,-4.9151,9.7782,-4.1187,0,1,0,15.7673,77.0151,-4.349,5.05,-0.0952,1.42,10.9151,10.9151,False,10.7749,8.6025,-2.1724,2.3126
2021102401,3951,43722,J.D. McKissic,RB,False,WAS,7,False,15,11.457,0.5448,0.0448,-2.2066,8.9218,-2.4296,0,1,0,12.0119,63.1366,-1.011,4.09,0.968,1.31,17.2066,17.2066,False,11.1749,11.5452,0.3703,5.6614
2021102402,100,53435,Jaylen Waddle,WR,False,MIA,7,False,9,22.8504,1.0866,0.5866,8.7636,3.0067,1.2879,1,1,0,3.5041,63.5764,0.11,7.48,1.5232,1.41,0.2364,0.2364,False,-0.2602,1.7155,1.9757,-1.479
2021102402,181,53435,Jaylen Waddle,WR,False,MIA,7,False,17,20.8091,0.9895,0.4895,9.2316,4.868,1.1241,1,3,1,6.7341,49.3584,-0.5279,7.2,1.0655,2.75,7.7684,7.7684,False,2.1485,1.3317,-0.8168,6.4367
2021102402,263,44857,Adam Shaheen,TE,True,MIA,7,False,5,11.2981,0.5373,0.0373,4.778,4.3283,4.103,1,4,1,25.8872,25.152,3.8406,2.31,1.8235,3.24,0.222,0.222,False,2.4161,2.6072,0.1911,-2.3852
2021102402,287,48017,Myles Gaskin,RB,False,MIA,7,False,2,18.3433,0.8723,0.3723,0.1509,4.9746,3.8812,1,1,1,5.856,24.3891,5.1214,2.12,1.426,1.14,1.8491,1.8491,False,4.6612,4.9464,0.2852,-3.0973
2021102402,382,45050,Isaiah Ford,WR,False,MIA,7,False,10,18.4982,0.8797,0.3797,4.7893,1.4818,0.7364,1,4,1,18.3758,5.8607,0.9632,6.85,3.87,2.2,5.2107,5.2107,False,2.1479,5.5205,3.3726,-0.3097
2021102402,459,39975,Cordarrelle Patterson,RB,False,ATL,7,False,-3,10.8171,0.5144,0.0144,-4.5797,5.7932,5.6595,0,3,1,11.9377,79.2497,2.1064,1.55,0.0233,1.77,1.5797,1.5797,False,5.3921,6.1788,0.7867,-4.5992
2021102402,557,48017,Myles Gaskin,RB,False,MIA,7,False,0,6.5157,0.3098,0.0,-5.31,3.0454,1.71,1,4,0,22.36,78.4,-0.2698,4.85,-0.0119,1.35,5.31,5.31,False,8.3928,7.1034,-1.2894,-1.7934
2021102402,581,44857,Adam Shaheen,TE,True,MIA,7,False,7,17.7639,0.8447,0.3447,7.6238,0.6977,0.6692,1,2,1,21.482,66.3662,1.4839,4.02,-1.1491,2.76,-0.6238,-0.6238,False,1.1811,0.4285,-0.7526,-1.0524
2021102402,624,53433,Kyle Pitts,TE,True,ATL,7,False,23,15.6838,0.7458,0.2458,13.0211,6.0318,-0.4229,0,3,1,17.714,69.8389,3.2108,7.5,6.5134,2.56,9.9789,9.9789,False,4.3913,6.3957,2.0044,3.5831
2021102402,648,46094,Hayden Hurst,TE,True,ATL,7,False,11,19.4446,0.9247,0.4247,-0.1928,14.9997,9.1657,0,0,0,2.9412,60.2628,1.7725,4.28,2.2775,2.05,11.1928,11.1928,False,7.4459,8.6752,1.2293,2.5176
2021102402,741,37234,Lee Smith,TE,True,ATL,7,False,7,12.2741,0.5837,0.0837,5.7837,3.6244,2.7254,2,4,1,25.2147,33.2063,2.9696,2.36,1.598,3.43,1.2163,1.2163,False,1.6543,2.1898,0.5354,-0.9735
2021102402,852,53433,Kyle Pitts,TE,True,ATL,7,False,13,9.1928,0.4371,0.0,4.26,7.3068,-6.0,0,4,1,18.59,23.99,0.0651,6.68,4.594,1.78,8.74,8.74,False,6.9263,9.7278,2.8015,-0.9878
2021102402,910,46111,Mike Gesicki,TE,True,MIA,7,False,2,15.5183,0.7379,0.2379,3.1507,3.3448,2.2831,1,2,1,10.7547,72.5493,1.7307,2.57,-1.3839,2.02,-1.1507,-1.1507,False,2.9878,1.5348,-1.453,-2.6855
2021102402,1000,52922,Salvon Ahmed,RB,False,MIA,7,False,9,9.047,0.4302,0.0,-8.19,8.2781,-1.8,0,2,0,10.88,55.29,-5.6903,4.56,2.7753,3.16,17.19,17.19,False,10.9631,10.4369,-0.5263,6.7531
2021102402,1167,46263,Russell Gage,WR,False,ATL,7,False,12,26.2809,1.2498,0.7498,13.9727,1.7394,1.7315,1,2,1,14.3933,46.9373,0.7979,0.18,-0.1565,3.84,-1.9727,-1.9727,False,1.3986,-0.0156,-1.4142,-1.9571
2021102402,1191,41808,Keith Smith,FB,False,ATL,7,False,6,11.6025,0.5517,0.0517,-2.6611,8.5032,7.161,0,1,1,16.5211,50.6411,-0.3965,5.74,1.3322,2.52,8.6611,8.6611,False,9.2097,9.3885,0.1789,-0.7275
2021102402,1215,48374,Olamide Zaccheaus,WR,False,ATL,7,False,13,20.9356,0.9956,0.4956,11.0475,5.1477,3.9025,0,2,1,13.377,30.9525,2.415,7.09,-0.1262,3.41,1.9525,1.9525,False,3.1691,1.9955,-1.1736,-0.0429
2021102402,1260,46094,Hayden Hurst,TE,True,ATL,7,False,15,18.1184,0.8616,0.3616,13.7568,3.0294,2.8859,1,3,1,25.7058,13.1132,9.2512,6.43,4.8031,3.08,1.2432,1.2432,False,0.6727,1.7805,1.1078,-0.5373
2021102402,1327,46095,Calvin Ridley,WR,False,ATL,7,False,5,11.5291,0.5482,0.0482,5.2621,3.9336,-3.7119,1,8,2,11.1386,0.0,-0.2367,7.94,3.982,1.78,-0.2621,-0.2621,False,-3.9261,-4.7523,-0.8261,4.4902
2021102402,1511,48480,Preston Williams,WR,False,MIA,7,False,5,24.432,1.1618,0.6618,5.3957,2.8545,2.5995,1,1,1,6.9132,43.0443,2.9048,0.73,-0.3692,4.05,-0.3957,-0.3957,False,0.6588,2.0957,1.4369,-2.4914
2021102402,1601,46192,Durham Smythe,TE,True,MIA,7,False,8,16.27,0.7737,0.2737,5.3793,4.1955,2.81,1,2,0,13.1636,20.5507,0.9566,0.51,0.2167,3.01,2.6207,2.6207,False,5.7587,3.7536,-2.0052,-1.1329
2021102402,1673,53433,Kyle Pitts,TE,True,ATL,7,False,39,24.6928,1.1742,0.6742,21.6025,0.8719,-0.6943,1,1,0,4.1939,59.2275,0.3665,9.11,9.0955,0.88,17.3975,17.3975,False,12.1419,18.0079,5.8659,-0.6103
2021102402,1713,46094,Hayden Hurst,TE,True,ATL,7,False,9,12.0749,0.5742,0.0742,5.0161,6.1367,3.6135,0,3,1,24.7787,36.3039,5.1447,1.35,1.1597,3.62,3.9839,3.9839,False,2.5623,2.3052,-0.2571,1.6788
2021102402,1754,43429,Tajae Sharpe,WR,False,ATL,7,False,6,12.6124,0.5998,0.0998,3.3004,3.7417,3.3203,1,2,1,20.8782,29.0496,2.8701,3.35,0.4048,3.59,2.6996,2.6996,False,2.2233,1.6247,-0.5987,1.0749
2021102402,1795,46095,Calvin Ridley,WR,False,ATL,7,False,4,22.4522,1.0677,0.5677,4.9104,4.1114,3.3248,1,1,1,0.7739,21.0396,2.2352,2.39,-0.5806,3.41,-0.9104,-0.9104,False,0.221,1.1867,0.9657,-2.0971
2021102402,1824,46263,Russell Gage,WR,False,ATL,7,False,4,20.5924,0.9792,0.4792,5.0788,11.65,11.3866,0,0,0,0.935,18.2512,-3.8753,3.99,-0.6702,3.73,-1.0788,-1.0788,False,0.6398,0.6303,-0.0095,-1.7091
2021102402,1949,53433,Kyle Pitts,TE,True,ATL,7,False,26,20.9125,0.9945,0.4945,13.5197,1.2719,-0.2416,1,3,0,9.3239,63.6703,0.223,8.62,8.0485,1.76,12.4803,12.4803,False,9.1006,16.5076,7.407,-4.0273
2021102402,2002,46263,Russell Gage,WR,False,ATL,7,False,49,28.7702,1.3681,0.8681,32.3462,2.6243,-2.6197,1,2,0,26.028,16.7538,-1.6969,9.21,8.3239,2.61,16.6538,16.6538,False,13.9034,15.3346,1.4312,1.3192
2021102402,2140,46192,Durham Smythe,TE,True,MIA,7,False,11,14.7719,0.7025,0.2025,8.818,5.2685,3.293,0,3,0,15.3767,63.062,5.0029,5.98,5.8679,3.26,2.182,2.182,False,4.2448,7.341,3.0963,-5.159
2021102402,2259,39975,Cordarrelle Patterson,RB,False,ATL,7,False,4,11.2989,0.5373,0.0373,3.9925,4.3508,2.9988,1,4,0,26.6499,64.1275,7.0603,6.44,0.3348,1.59,0.0075,0.0075,False,3.0888,1.6155,-1.4733,-1.608
2021102402,2308,44857,Adam Shaheen,TE,True,MIA,7,False,5,14.981,0.7124,0.2124,3.0856,6.8494,5.8398,0,2,2,12.5968,55.0544,-1.0213,0.87,-0.3034,0.26,1.9144,1.9144,False,8.2933,4.7378,-3.5556,-2.8233
2021102402,2375,53435,Jaylen Waddle,WR,False,MIA,7,False,14,27.0195,1.2849,0.7849,14.3444,6.6012,-0.5742,0,2,1,1.5055,23.4656,-1.674,5.13,0.8211,2.66,-0.3444,-0.3444,False,0.5602,0.9899,0.4297,-1.3344
2021102402,2425,44857,Adam Shaheen,TE,True,MIA,7,False,6,12.8732,0.6122,0.1122,2.3629,6.4673,5.3638,0,2,2,14.701,17.9571,2.6522,2.87,2.7005,2.26,3.6371,3.6371,False,5.796,6.2427,0.4467,-2.6056
2021102402,2538,46111,Mike Gesicki,TE,True,MIA,7,False,6,18.3082,0.8706,0.3706,8.9079,0.7967,-0.0364,1,2,0,11.8548,0.0,-0.7996,6.57,3.9877,2.43,-2.9079,-2.9079,False,-4.7334,-5.0333,-0.3,2.1254
2021102402,2638,53433,Kyle Pitts,TE,True,ATL,7,False,11,16.2681,0.7736,0.2736,10.8456,3.1127,0.3308,2,2,0,25.437,64.7244,-0.6317,4.21,2.4692,1.35,0.1544,0.1544,False,7.0748,8.218,1.1431,-8.0636
2021102402,2683,43429,Tajae Sharpe,WR,False,ATL,7,False,12,13.8822,0.6602,0.1602,5.2155,2.0188,-1.7863,2,3,1,25.2442,57.3945,-6.3514,4.59,1.2829,1.84,6.7845,6.7845,False,6.996,4.7132,-2.2828,2.0714
2021102402,2811,44931,Mack Hollins,WR,False,MIA,7,False,9,19.8697,0.9449,0.4449,9.4224,5.4551,-0.2226,0,4,1,14.2452,78.6476,1.6385,3.05,-1.9727,1.28,-0.4224,-0.4224,False,3.8785,2.4184,-1.4601,-2.8408
2021102402,3081,46095,Calvin Ridley,WR,False,ATL,7,False,6,12.9633,0.6165,0.1165,3.7658,2.7729,2.178,1,4,2,20.419,9.4042,1.5362,5.34,0.9942,3.86,2.2342,2.2342,False,2.2914,3.1829,0.8915,-0.9487
2021102402,3191,46192,Durham Smythe,TE,True,MIA,7,False,18,23.1199,1.0994,0.5994,14.2638,1.8817,0.1456,1,2,0,3.4693,76.3262,1.8448,6.08,5.2279,2.38,3.7362,3.7362,False,1.2601,2.228,0.9679,1.5082
2021102402,3220,46111,Mike Gesicki,TE,True,MIA,7,False,27,23.7782,1.1307,0.6307,19.6446,5.2636,-4.4024,0,2,0,19.1555,53.0354,-3.5284,7.46,3.5905,1.75,7.3554,7.3554,False,9.8062,9.1853,-0.621,-1.8299
2021102402,3244,46111,Mike Gesicki,TE,True,MIA,7,False,9,18.6401,0.8864,0.3864,10.5751,4.4299,0.6377,1,3,0,19.2964,34.8849,7.0718,4.48,1.6695,3.54,-1.5751,-1.5751,False,3.5664,1.1375,-2.4289,-2.7126
2021102402,3289,53435,Jaylen Waddle,WR,False,MIA,7,False,11,24.096,1.1459,0.6459,13.0257,3.0491,2.504,1,1,1,2.3353,19.0243,0.9391,7.24,0.6901,3.03,-2.0257,-2.0257,False,-0.026,0.1479,0.1739,-2.1736
2021102402,3344,48017,Myles Gaskin,RB,False,MIA,7,False,1,8.5646,0.4073,0.0,-4.91,7.3868,-2.53,0,2,0,15.24,22.21,-6.5881,5.59,1.3097,2.27,5.91,5.91,False,12.8603,11.0373,-1.8229,-5.1273
2021102402,3392,48017,Myles Gaskin,RB,False,MIA,7,False,7,14.7429,0.7011,0.2011,-1.5845,8.3786,8.3675,0,1,1,11.0288,9.0945,6.1023,6.92,3.6578,1.97,8.5845,8.5845,False,7.1187,8.7913,1.6726,-0.2068
2021102402,3512,46095,Calvin Ridley,WR,False,ATL,7,False,11,12.7521,0.6064,0.1064,5.1019,6.0568,4.9691,0,4,1,25.7278,86.7281,0.6559,2.82,0.9576,3.59,5.8981,5.8981,False,4.1676,4.3494,0.1818,1.5487
2021102402,3689,53435,Jaylen Waddle,WR,False,MIA,7,False,8,24.6062,1.1701,0.6701,11.2763,2.0412,1.7796,1,1,1,6.6203,33.4337,1.4772,7.47,0.3675,4.34,-3.2763,-3.2763,True,-1.2795,-1.0682,0.2113,-2.2081
2021102402,3870,46111,Mike Gesicki,TE,True,MIA,7,False,16,21.5073,1.0227,0.5227,15.1855,5.0602,1.2281,0,3,1,24.8498,9.9545,5.2552,2.99,2.7842,3.98,0.8145,0.8145,False,3.6698,2.8693,-0.8005,-2.0547
2021102402,3922,44931,Mack Hollins,WR,False,MIA,7,False,4,20.3603,0.9682,0.4682,13.255,5.276,-3.9519,0,3,0,12.2365,0.0,0.5609,7.76,1.9757,1.56,-9.255,-5.0,True,-2.3,-1.7628,0.5372,-3.2372
2021102402,3993,53433,Kyle Pitts,TE,True,ATL,7,False,23,23.3501,1.1104,0.6104,19.6889,4.5466,-3.1458,1,4,1,19.9465,55.4111,-0.5996,7.37,4.1596,2.54,3.3111,3.3111,False,6.2672,5.3628,-0.9044,-2.0517
2021102402,4035,53433,Kyle Pitts,TE,True,ATL,7,False,28,26.9962,1.2838,0.7838,14.1026,1.1258,-1.0182,1,1,0,4.4997,38.6074,-0.2326,7.2,7.0718,2.96,13.8974,13.8974,False,12.1475,11.8248,-0.3228,2.0726
2021102403,94,44912,Jonnu Smith,TE,True,NE,7,False,1,21.8847,1.0407,0.5407,1.5885,4.214,3.7303,1,2,2,6.7105,46.4415,1.7003,3.79,-0.7426,2.18,-0.5885,-0.5885,False,1.7005,1.535,-0.1655,-2.1235
2021102403,559,47969,Ty Johnson,RB,False,NYJ,7,False,12,9.9202,0.4717,0.0,5.3,8.406,-8.26,0,2,0,23.11,70.72,4.5614,6.22,0.114,0.67,6.7,6.7,False,6.7763,6.9038,0.1275,-0.2038
2021102403,681,47969,Ty Johnson,RB,False,NYJ,7,False,7,18.818,0.8949,0.3949,4.8346,4.7131,4.0849,1,1,1,8.2248,35.1254,1.7675,7.01,0.3156,3.03,2.1654,2.1654,False,2.2414,1.866,-0.3754,0.2994
2021102403,819,44912,Jonnu Smith,TE,True,NE,7,False,24,15.9643,0.7592,0.2592,7.763,9.7346,1.294,0,2,0,11.228,54.297,-3.7599,6.43,2.1337,1.65,16.237,16.237,False,9.8351,11.9375,2.1025,4.2995
2021102403,970,45185,Kendrick Bourne,WR,False,NE,7,False,4,9.7201,0.4622,0.0,1.29,4.03,4.03,2,3,1,19.51,23.86,-2.5623,7.46,-2.2408,1.23,2.71,2.71,False,3.8418,4.0798,0.2379,-1.3698
2021102403,1066,45555,Keelan Cole,WR,False,NYJ,7,False,6,20.9308,0.9953,0.4953,5.3673,1.8325,1.7902,1,2,1,5.5503,63.6627,-0.2061,0.25,-0.1467,3.41,0.6327,0.6327,False,0.7589,0.2286,-0.5304,0.4041
2021102403,1112,40149,Ryan Griffin,TE,True,NYJ,7,False,15,23.8481,1.1341,0.6341,16.1001,0.8855,0.6859,1,2,1,5.5411,47.2599,0.3822,8.55,-0.2522,0.41,-1.1001,-1.1001,False,-0.4506,0.2243,0.6749,-1.3244
2021102403,1268,44817,Corey Davis,WR,False,NYJ,7,False,3,19.2953,0.9176,0.4176,11.0655,0.9804,-0.5856,2,3,0,8.8146,0.0,0.2747,5.09,3.39,3.15,-8.0655,-5.0,True,-4.0964,-4.8335,-0.7371,-0.1665
2021102403,1391,48097,Jakobi Meyers,WR,False,NE,7,False,19,20.8335,0.9907,0.4907,13.1812,4.6494,0.9121,1,2,0,24.6555,60.0288,-0.1429,6.68,2.2034,2.81,5.8188,5.8188,False,7.3752,6.0026,-1.3726,-0.1839
2021102403,1436,47749,Jakob Johnson,FB,False,NE,7,False,3,18.9225,0.8998,0.3998,2.0755,4.9383,4.9209,1,1,1,10.1735,42.0745,1.2747,4.13,0.314,1.68,0.9245,0.9245,False,5.1552,5.9916,0.8364,-5.0671
2021102403,1712,53536,Michael Carter,RB,False,NYJ,7,False,7,9.2678,0.4407,0.0,-1.97,7.5817,0.16,0,4,0,17.7,68.1,-2.9464,6.87,-0.0108,0.83,8.97,8.97,False,9.2647,10.7313,1.4665,-1.7613
2021102403,1741,44817,Corey Davis,WR,False,NYJ,7,False,22,28.2199,1.342,0.842,23.8229,6.637,3.6103,0,1,0,3.4845,35.2271,-1.8912,7.76,3.9467,4.5,-1.8229,-1.8229,False,3.0878,1.7721,-1.3157,-3.595
2021102403,1791,44817,Corey Davis,WR,False,NYJ,7,False,5,13.4632,0.6402,0.1402,6.2143,3.5631,2.4724,3,3,0,14.1759,28.2657,3.6839,1.13,0.9576,2.87,-1.2143,-1.2143,False,1.3574,1.2128,-0.1447,-2.427
2021102403,1874,39212,Brandon Bolden,RB,False,NE,7,False,28,8.2027,0.3901,0.0,0.01,8.4592,-8.16,0,3,0,21.09,72.37,-3.7024,5.83,1.7366,2.13,27.99,27.99,False,9.1853,9.1324,-0.053,18.8576
2021102403,1920,45185,Kendrick Bourne,WR,False,NE,7,False,9,21.4757,1.0212,0.5212,9.5992,3.9583,3.4867,1,2,1,3.9965,34.5408,-0.6923,6.23,0.3054,4.96,-0.5992,-0.5992,False,-0.1733,-1.2134,-1.0401,0.6142
2021102403,2074,39212,Brandon Bolden,RB,False,NE,7,False,8,14.9969,0.7132,0.2132,0.3985,5.4712,4.329,0,1,1,6.5388,16.5815,6.2726,6.69,5.1068,2.26,7.6015,7.6015,False,4.7396,6.098,1.3584,1.5034
2021102403,2141,39212,Brandon Bolden,RB,False,NE,7,False,4,12.535,0.5961,0.0961,1.9353,4.4567,4.3626,1,1,1,11.8142,7.5447,3.2317,7.17,2.7612,2.05,2.0647,2.0647,False,2.9538,3.5183,0.5645,-1.4536
2021102403,2203,43324,Hunter Henry,TE,True,NE,7,False,1,14.8871,0.7079,0.2079,5.3543,2.8438,-2.0881,1,4,0,11.7512,0.0,-3.6271,4.21,4.1568,3.91,-4.3543,-4.3543,True,-4.3833,-4.0056,0.3777,-0.3487
2021102403,2405,44817,Corey Davis,WR,False,NYJ,7,False,17,19.2318,0.9145,0.4145,13.5949,2.4898,1.7532,1,3,0,19.2039,58.0751,-1.3307,6.05,3.4372,3.0,3.4051,3.4051,False,3.4965,5.9744,2.4779,-2.5693
2021102403,2429,47969,Ty Johnson,RB,False,NYJ,7,False,21,15.4264,0.7336,0.2336,4.7468,10.531,9.4055,0,0,0,19.1359,49.2532,-2.5227,1.13,0.8852,2.6,16.2532,16.2532,False,7.3139,7.712,0.3981,8.5413
2021102403,2453,42448,Jamison Crowder,WR,False,NYJ,7,False,8,16.6165,0.7902,0.2902,2.8108,9.7267,9.495,0,1,1,5.5551,29.7992,0.8088,4.26,1.519,2.6,5.1892,5.1892,False,5.1984,5.816,0.6176,-0.6267
2021102403,2598,45185,Kendrick Bourne,WR,False,NE,7,False,9,11.8666,0.5643,0.0643,-5.22,10.3364,10.0642,0,0,0,11.1785,80.4,4.1374,6.52,2.3323,2.47,14.22,14.22,False,7.843,7.381,-0.4619,6.839
2021102403,2650,39212,Brandon Bolden,RB,False,NE,7,False,20,10.2637,0.4881,0.0,-2.25,8.0441,6.06,0,3,1,11.11,70.76,0.1825,6.36,3.4844,2.47,22.25,22.25,False,7.8456,10.6801,2.8345,11.5699
2021102403,2679,47870,Damien Harris,RB,False,NE,7,False,4,11.0374,0.5249,0.0249,3.1729,3.43,3.3951,1,4,1,21.0764,45.0071,4.5846,1.32,0.9193,2.86,0.8271,0.8271,False,3.172,1.4431,-1.7289,-0.6159
2021102403,2839,53536,Michael Carter,RB,False,NYJ,7,False,7,5.4913,0.2611,0.0,-1.55,3.9386,-3.65,2,4,1,19.05,76.63,-1.2766,3.95,3.4631,1.66,8.55,8.55,False,8.7658,10.6109,1.8451,-2.0609
2021102403,2885,42448,Jamison Crowder,WR,False,NYJ,7,False,21,16.9932,0.8081,0.3081,8.1187,1.4082,-1.1097,1,3,0,11.2481,59.8013,-0.7118,8.21,6.812,2.89,12.8813,12.8813,False,11.003,15.9194,4.9164,-3.0381
2021102403,2909,53536,Michael Carter,RB,False,NYJ,7,False,8,10.7805,0.5127,0.0127,3.5789,4.6722,4.5102,1,3,1,24.7549,43.2911,4.7787,3.15,1.49,2.52,4.4211,4.4211,False,2.8787,2.5848,-0.294,1.8364
2021102403,3125,53536,Michael Carter,RB,False,NYJ,7,False,8,22.1533,1.0535,0.5535,5.9987,4.4086,4.2876,1,2,1,4.8338,60.9013,-0.0769,0.91,-0.2372,3.1,2.0013,2.0013,False,0.4566,0.6299,0.1734,1.3714
2021102403,3308,48097,Jakobi Meyers,WR,False,NE,7,False,3,13.3778,0.6362,0.1362,2.4886,4.5355,4.5166,1,1,1,15.0707,25.4214,2.8147,5.65,0.0631,2.53,0.5114,0.5114,False,2.9871,2.1932,-0.7939,-1.6818
2021102403,3332,43324,Hunter Henry,TE,True,NE,7,False,22,19.7031,0.937,0.437,13.9449,5.8584,5.7634,0,4,2,12.0804,11.2451,-6.4089,8.0,3.1695,1.69,8.0551,8.0551,False,5.6916,7.3443,1.6527,0.7108
2021102403,3418,53536,Michael Carter,RB,False,NYJ,7,False,12,11.2169,0.5334,0.0334,-0.0388,7.9137,7.7577,0,1,1,10.3131,80.2988,-1.3719,5.59,3.029,1.08,12.0388,12.0388,False,9.2369,12.6408,3.4039,-0.602
2021102403,3496,47969,Ty Johnson,RB,False,NYJ,7,False,15,15.0092,0.7137,0.2137,-3.5177,9.0696,8.8316,0,2,2,9.2334,71.7577,0.2623,5.33,-0.3634,1.87,18.5177,18.5177,False,7.8782,6.6341,-1.2441,11.8835
2021102403,3559,47969,Ty Johnson,RB,False,NYJ,7,False,6,13.6785,0.6505,0.1505,1.4825,6.6106,6.1978,0,3,2,12.675,52.4575,-0.3408,6.56,0.4153,1.28,4.5175,4.5175,False,6.3592,7.6445,1.2852,-3.127
2021102403,3653,48097,Jakobi Meyers,WR,False,NE,7,False,8,17.8919,0.8508,0.3508,8.7708,4.9895,4.96,1,3,1,2.5054,46.2892,-3.5364,5.5,-0.8812,4.3,-0.7708,-0.7708,False,1.9996,0.4501,-1.5495,-1.221
2021102403,3682,45185,Kendrick Bourne,WR,False,NE,7,False,46,30.5626,1.4534,0.9534,23.1376,1.1495,-0.8928,1,1,0,4.3921,24.6424,-0.3694,8.51,8.4728,0.55,22.8624,22.8624,False,18.2497,18.1198,-0.1299,4.7426
2021102403,3777,42448,Jamison Crowder,WR,False,NYJ,7,False,7,11.0144,0.5238,0.0238,5.7499,2.6035,1.318,2,4,0,24.7673,72.0101,3.8196,1.93,1.678,3.35,1.2501,1.2501,False,2.718,2.8149,0.0969,-1.5648
2021102403,3822,53536,Michael Carter,RB,False,NYJ,7,False,3,13.6083,0.6471,0.1471,1.832,2.4459,1.6853,1,2,1,8.9695,65.388,1.9465,5.92,-0.1901,2.28,1.168,1.168,False,2.1444,1.0832,-1.0612,0.0847
2021102403,3868,47969,Ty Johnson,RB,False,NYJ,7,False,4,10.904,0.5185,0.0185,-5.8014,10.8218,1.7336,0,0,0,9.957,70.5514,-1.3079,4.94,2.083,1.42,9.8014,9.8014,False,8.3301,10.0384,1.7083,-0.237
2021102403,3971,48988,Gunner Olszewski,WR,False,NE,7,False,22,22.648,1.077,0.577,14.7992,2.9424,0.7574,1,1,0,17.816,57.1108,-1.0625,6.43,1.9571,3.17,7.2008,7.2008,False,5.1535,4.8806,-0.2729,2.3202
2021102403,4039,47749,Jakob Johnson,FB,False,NE,7,False,29,13.9535,0.6635,0.1635,1.4575,11.7393,4.4963,0,0,0,7.5684,54.4725,0.7002,5.02,1.3297,1.97,27.5425,27.5425,False,9.0817,7.2116,-1.8701,20.3309
2021102403,4198,52467,Denzel Mims,WR,False,NYJ,7,False,6,14.138,0.6723,0.1723,4.7329,4.4111,2.3539,1,2,1,16.7197,70.7671,-1.3653,4.92,1.9319,1.69,1.2671,1.2671,False,6.822,7.1752,0.3533,-5.9081
2021102403,4222,53536,Michael Carter,RB,False,NYJ,7,False,6,11.2637,0.5356,0.0356,2.9498,6.5444,5.7822,0,2,2,16.4206,66.4602,3.2921,3.12,0.5568,2.34,3.0502,3.0502,False,6.9706,4.9987,-1.972,-1.9485
2021102404,108,53555,Chuba Hubbard,RB,False,CAR,7,False,2,16.892,0.8033,0.3033,-1.1196,3.9051,3.2267,1,1,1,4.3119,67.2796,4.6139,2.06,0.5947,2.07,3.1196,3.1196,False,4.2893,4.3004,0.011,-1.1807
2021102404,242,53512,Tommy Tremble,TE,True,CAR,7,False,9,11.177,0.5315,0.0315,4.5018,2.2326,2.1592,1,5,3,17.792,35.1782,5.8268,1.38,1.3262,4.64,4.4982,4.4982,False,1.1292,2.1103,0.9811,2.3879
2021102404,328,46140,Royce Freeman,RB,False,CAR,7,False,1,6.6251,0.315,0.0,-6.27,5.7432,-0.78,0,5,0,12.91,34.86,-2.3419,6.49,1.514,2.03,7.27,7.27,False,13.5732,11.5088,-2.0644,-4.2388
2021102404,417,47954,Darius Slayton,WR,False,NYG,7,False,15,18.2707,0.8688,0.3688,8.8048,2.0465,0.3812,2,3,0,12.4183,52.0752,0.6056,6.16,4.3237,0.61,6.1952,6.1952,False,3.1846,7.024,3.8393,-0.8287
2021102404,573,53512,Tommy Tremble,TE,True,CAR,7,False,3,12.9361,0.6152,0.1152,2.9867,3.7569,3.5234,2,2,1,8.2121,88.0233,7.0904,5.92,1.1873,1.45,0.0133,0.0133,False,1.1038,-0.3675,-1.4713,0.3808
2021102404,650,44835,Evan Engram,TE,True,NYG,7,False,18,10.0402,0.4774,0.0,2.02,6.8429,-6.61,0,2,0,12.98,38.66,-4.697,5.98,3.3905,0.37,15.98,15.98,False,12.5214,13.2365,0.7151,2.7435
2021102404,742,37118,Kyle Rudolph,TE,True,NYG,7,False,7,11.1264,0.5291,0.0291,0.8498,3.0464,2.8423,1,2,1,8.2165,11.0302,1.6264,6.65,-0.0081,1.65,6.1502,6.1502,False,3.9635,1.5576,-2.4058,4.5926
2021102404,782,37118,Kyle Rudolph,TE,True,NYG,7,False,1,9.246,0.4397,0.0,0.46,2.5229,2.28,1,5,2,12.91,3.06,2.0295,6.73,-0.1257,0.12,0.54,0.54,False,0.4201,0.3683,-0.0518,0.1717
2021102404,1065,46113,Dante Pettis,WR,False,NYG,7,False,27,13.9169,0.6618,0.1618,5.414,2.5763,-0.0876,1,3,0,22.0868,57.086,-1.7244,6.46,3.6096,1.14,21.586,21.586,False,6.677,10.8455,4.1685,10.7405
2021102404,1325,47954,Darius Slayton,WR,False,NYG,7,False,15,20.758,0.9871,0.4871,16.0445,3.8028,2.9393,1,1,1,17.5505,47.2555,0.3651,5.64,3.5608,4.02,-1.0445,-1.0445,False,3.8279,3.6243,-0.2036,-4.6688
2021102404,1370,47954,Darius Slayton,WR,False,NYG,7,False,10,21.1095,1.0038,0.5038,10.2911,2.539,2.5375,2,2,1,3.7787,34.2189,1.367,4.45,-1.8835,1.21,-0.2911,-0.2911,False,-1.6429,-0.896,0.7469,0.6049
2021102404,1415,52573,Collin Johnson,WR,False,NYG,7,False,7,18.4437,0.8771,0.3771,7.9077,1.4833,1.3946,2,3,1,2.8029,41.9823,4.5066,2.61,0.3122,2.67,-0.9077,-0.9077,False,-1.1915,-1.495,-0.3034,0.5872
2021102404,1515,46542,Keith Kirkwood,WR,False,CAR,7,False,5,9.8377,0.4678,0.0,-3.06,9.2997,7.77,0,2,1,4.85,80.02,0.6505,5.82,0.3705,3.33,8.06,8.06,False,8.3104,7.1172,-1.1932,0.9428
2021102404,1560,46093,D.J. Moore,WR,False,CAR,7,False,12,14.4405,0.6867,0.1867,10.664,2.1822,-2.1231,1,3,0,9.4209,57.806,-1.1863,8.47,1.414,1.8,1.336,1.336,False,10.2536,6.925,-3.3286,-5.589
2021102404,1584,46093,D.J. Moore,WR,False,CAR,7,False,21,16.78,0.7979,0.2979,11.1703,1.5885,0.5547,2,3,0,22.7769,44.7497,1.9304,5.86,2.5854,0.94,9.8297,9.8297,False,2.3619,3.143,0.7811,6.6867
2021102404,1653,53555,Chuba Hubbard,RB,False,CAR,7,False,12,9.5751,0.4553,0.0,1.05,8.2571,7.15,0,3,1,18.57,21.75,-1.8844,7.36,2.5414,1.58,10.95,10.95,False,8.5329,12.7383,4.2054,-1.7883
2021102404,1799,47954,Darius Slayton,WR,False,NYG,7,False,16,19.3331,0.9194,0.4194,8.684,3.5978,2.6198,1,3,1,18.9674,72.546,2.2887,7.5,3.8964,1.38,7.316,7.316,False,2.6205,6.0761,3.4556,1.2399
2021102404,1856,44821,John Ross,WR,False,NYG,7,False,15,18.2515,0.8679,0.3679,13.456,1.5633,1.2346,1,3,1,20.1054,46.714,2.085,6.55,3.7128,4.4,1.544,1.544,False,1.9619,2.0556,0.0937,-0.5116
2021102404,1897,43425,Devontae Booker,RB,False,NYG,7,False,1,7.2214,0.3434,0.0,-0.58,3.1579,2.9,1,4,2,12.15,45.83,3.0236,7.2,1.726,2.02,1.58,1.58,False,3.2459,3.0551,-0.1909,-1.4751
2021102404,2071,46542,Keith Kirkwood,WR,False,CAR,7,False,7,10.7702,0.5122,0.0122,4.7452,4.552,2.63,2,5,1,23.6518,79.2548,3.2734,0.45,0.4241,5.38,2.2548,2.2548,False,2.1285,1.2332,-0.8953,1.0216
2021102404,2321,46093,D.J. Moore,WR,False,CAR,7,False,13,12.8136,0.6093,0.1093,7.1115,1.4514,0.8276,1,3,0,20.9002,57.0085,1.6239,6.6,3.2148,0.46,5.8885,5.8885,False,2.6271,5.6233,2.9962,0.2652
2021102404,2345,53555,Chuba Hubbard,RB,False,CAR,7,False,7,12.9049,0.6137,0.1137,1.6125,6.1596,5.2707,0,1,1,14.6465,48.5175,-0.7719,7.05,0.9897,2.06,5.3875,5.3875,False,7.2244,7.3104,0.086,-1.9229
2021102404,2557,43808,Robby Anderson,WR,False,CAR,7,False,5,14.8692,0.7071,0.2071,5.3117,1.9197,1.9183,1,2,1,6.7404,61.8983,3.6637,6.28,1.3603,4.85,-0.3117,-0.3117,False,-0.115,-0.2401,-0.1251,-0.0716
2021102404,2652,47954,Darius Slayton,WR,False,NYG,7,False,15,25.2548,1.201,0.701,14.456,5.3754,4.9311,0,2,1,0.8843,60.514,1.1261,7.53,-0.2339,0.09,0.544,0.544,False,0.0441,-1.1909,-1.2351,1.7349
2021102404,2705,46113,Dante Pettis,WR,False,NYG,7,False,2,17.9467,0.8534,0.3534,2.7415,2.0074,1.9684,1,2,1,7.9258,61.2285,4.1691,5.62,0.2589,4.0,-0.7415,-0.7415,False,1.2533,1.332,0.0787,-2.0734
2021102404,2729,43425,Devontae Booker,RB,False,NYG,7,False,14,8.4959,0.404,0.0,2.56,4.4772,-3.68,1,2,0,8.71,60.48,-0.4146,5.33,4.974,1.66,11.44,11.44,False,10.3319,13.6193,3.2874,-2.1793
2021102404,2888,46113,Dante Pettis,WR,False,NYG,7,False,5,12.7825,0.6079,0.1079,2.6458,1.425,0.9287,2,4,1,15.1519,2.2042,0.2145,7.03,-0.1313,1.54,2.3542,2.3542,False,0.7198,-0.2234,-0.9432,2.5776
2021102404,3102,44835,Evan Engram,TE,True,NYG,7,False,8,10.0657,0.4787,0.0,1.63,7.1492,-7.03,0,4,1,22.72,52.53,0.538,6.07,1.6129,2.23,6.37,6.37,False,5.2438,6.8725,1.6287,-0.5025
2021102404,3212,46113,Dante Pettis,WR,False,NYG,7,False,9,16.2196,0.7713,0.2713,7.1353,3.4764,1.2623,1,2,0,4.9351,37.8547,-0.573,7.89,0.5724,0.87,1.8647,1.8647,False,0.9512,3.915,2.9638,-2.0503
2021102404,3309,46093,D.J. Moore,WR,False,CAR,7,False,21,32.2801,1.535,1.035,22.7009,1.8845,1.1449,1,1,0,1.0626,52.8791,5.8924,0.13,-0.1151,3.41,-1.7009,-1.7009,False,1.5971,-0.7525,-2.3497,-0.9484
2021102404,3431,52573,Collin Johnson,WR,False,NYG,7,False,0,9.8155,0.4668,0.0,-1.21,4.5458,4.22,1,2,2,20.19,59.47,1.3403,5.46,0.8268,0.4,1.21,1.21,False,6.1733,5.6776,-0.4958,-4.4676
2021102404,3572,44821,John Ross,WR,False,NYG,7,False,12,13.4161,0.638,0.138,4.4146,3.4808,2.872,1,5,2,9.2492,36.3154,1.5381,7.56,1.555,0.42,7.5854,7.5854,False,2.0995,4.3351,2.2357,3.2503
2021102404,3856,46093,D.J. Moore,WR,False,CAR,7,False,7,20.4341,0.9717,0.4717,7.7953,0.1418,-0.0142,1,3,1,15.6055,60.9447,5.9656,4.95,2.8307,2.1,-0.7953,-0.7953,False,0.5653,0.7036,0.1383,-1.4989
2021102404,3967,46093,D.J. Moore,WR,False,CAR,7,False,19,27.8965,1.3266,0.8266,19.1317,6.8006,2.3963,0,2,0,4.9497,28.9683,-2.5936,5.27,4.4057,6.01,-0.1317,-0.1317,False,1.7284,2.1272,0.3987,-2.2589
2021102405,64,47834,A.J. Brown,WR,False,TEN,7,False,10,16.114,0.7663,0.2663,8.8521,0.4352,-0.008,1,4,1,22.9687,66.5379,0.4135,6.71,1.9607,1.53,1.1479,1.1479,False,1.833,1.8135,-0.0194,-0.6656
2021102405,109,37079,Julio Jones,WR,False,TEN,7,False,18,17.4234,0.8285,0.3285,12.3776,1.9901,0.9689,3,4,1,14.9184,49.5124,5.2275,7.58,1.1492,1.29,5.6224,5.6224,False,-0.2469,0.0881,0.3351,5.5343
2021102405,192,43334,Derrick Henry,RB,False,TEN,7,False,3,7.2611,0.3453,0.0,-6.9,9.872,-0.91,0,1,0,19.12,23.99,-10.0575,6.4,1.9341,1.97,9.9,9.9,False,11.9414,13.0207,1.0793,-3.1207
2021102405,360,46522,Byron Pringle,WR,False,KC,7,False,7,11.6956,0.5562,0.0562,1.1062,4.8866,4.1631,1,3,2,9.4457,69.6838,1.5979,6.8,1.3569,1.64,5.8938,5.8938,False,4.2487,3.8951,-0.3536,1.9987
2021102405,389,47839,Mecole Hardman,WR,False,KC,7,False,8,21.9021,1.0415,0.5415,7.8372,8.1434,1.8703,0,2,1,3.919,56.3528,2.4396,4.55,3.7805,3.73,0.1628,0.1628,False,1.8262,3.6876,1.8614,-3.5249
2021102405,457,40011,Travis Kelce,TE,True,KC,7,False,6,15.387,0.7317,0.2317,4.2069,4.2279,3.3863,1,2,1,20.7466,54.1431,1.4207,1.79,-1.2651,2.03,1.7931,1.7931,False,3.002,1.4677,-1.5343,0.3254
2021102405,597,37079,Julio Jones,WR,False,TEN,7,False,19,11.1265,0.5291,0.0291,3.708,5.1921,0.7071,0,5,1,20.113,90.002,-4.7836,7.46,0.2734,0.9,15.292,15.292,False,5.1202,5.9124,0.7922,9.3797
2021102405,661,47834,A.J. Brown,WR,False,TEN,7,False,46,33.414,1.589,1.089,29.2429,0.9364,-0.171,1,1,0,4.4029,57.3871,0.3245,8.69,8.6899,0.19,16.7571,16.7571,False,7.9437,15.0427,7.0989,1.7144
2021102405,826,47834,A.J. Brown,WR,False,TEN,7,False,24,25.3545,1.2057,0.7057,16.8767,0.5527,-0.2971,1,2,0,5.8293,7.5533,0.4831,8.64,8.6108,0.32,7.1233,7.1233,False,3.6621,6.7266,3.0645,0.3968
2021102405,1050,42589,Geoff Swaim,TE,True,TEN,7,False,8,11.2888,0.5368,0.0368,5.9345,3.2377,-0.5664,2,4,1,22.5139,73.6155,2.8463,2.03,2.0232,1.2,2.0655,2.0655,False,2.2812,3.6596,1.3784,-1.5941
2021102405,1182,42486,MyCole Pruitt,TE,True,TEN,7,False,22,16.5681,0.7879,0.2879,15.1633,5.3514,-5.0942,0,3,1,26.0109,37.1267,-5.0074,7.83,7.7233,1.64,6.8367,6.8367,False,4.3242,12.2158,7.8916,-5.3791
2021102405,1380,44930,Josh Reynolds,WR,False,TEN,7,False,2,16.4373,0.7817,0.2817,2.076,3.8477,2.9938,1,1,1,9.5155,44.174,6.1873,6.16,0.9445,2.57,-0.076,-0.076,False,3.4369,0.8466,-2.5904,-0.9226
2021102405,1479,37079,Julio Jones,WR,False,TEN,7,False,20,11.523,0.548,0.048,6.1861,2.2529,-0.5371,1,4,1,16.2345,21.7539,2.493,3.35,2.8369,3.39,13.8139,13.8139,False,2.69,3.7423,1.0523,10.0716
2021102405,1503,47834,A.J. Brown,WR,False,TEN,7,False,6,10.9543,0.5209,0.0209,4.2673,3.175,1.0809,1,6,2,18.0468,2.9327,-2.0507,7.81,0.3502,0.98,1.7327,1.7327,False,2.8572,3.9836,1.1264,-2.251
2021102405,1625,43454,Tyreek Hill,WR,False,KC,7,False,9,19.0384,0.9053,0.4053,3.6957,6.2538,6.1297,0,1,1,13.8645,65.7643,-1.6492,0.57,-0.5533,0.76,5.3043,5.3043,False,7.865,6.9329,-0.9321,-1.6286
2021102405,1665,40011,Travis Kelce,TE,True,KC,7,False,14,11.831,0.5626,0.0626,3.2162,8.6513,-5.6578,0,2,0,23.1282,76.3338,-4.5457,6.82,1.0575,1.32,10.7838,10.7838,False,10.0138,10.5648,0.551,0.219
2021102405,1801,47834,A.J. Brown,WR,False,TEN,7,False,12,24.4589,1.1631,0.6631,15.5253,1.0054,1.0031,1,2,1,9.6683,33.6647,1.4864,6.93,0.8374,4.39,-3.5253,-3.5253,True,-0.472,-0.2772,0.1948,-3.248
2021102405,1850,45355,Anthony Firkser,TE,True,TEN,7,False,9,15.2531,0.7253,0.2253,7.7693,0.6576,0.3531,2,2,0,22.5235,29.2307,3.3376,0.62,0.2632,4.25,1.2307,1.2307,False,0.0545,-0.2471,-0.3016,1.4778
2021102405,2070,40011,Travis Kelce,TE,True,KC,7,False,10,13.2906,0.632,0.132,6.1818,4.6802,2.2769,1,4,1,21.749,69.8282,1.188,2.08,2.0589,3.45,3.8182,3.8182,False,4.0924,3.9443,-0.1481,-0.1261
2021102405,2191,46522,Byron Pringle,WR,False,KC,7,False,23,26.6663,1.2681,0.7681,22.0845,8.1051,-7.2428,0,3,1,19.9739,26.0355,2.3955,7.17,1.9197,1.0,0.9155,0.9155,False,7.9873,4.5928,-3.3945,-3.6773
2021102405,2215,43454,Tyreek Hill,WR,False,KC,7,False,8,24.6358,1.1715,0.6715,8.1049,2.3575,2.3419,1,3,1,14.4717,17.1351,2.7298,2.45,-2.286,2.75,-0.1049,-0.1049,False,1.7256,1.5051,-0.2205,-1.6099
2021102405,2391,44930,Josh Reynolds,WR,False,TEN,7,False,11,13.4708,0.6406,0.1406,4.8385,4.5819,1.1107,1,4,1,18.8344,87.4915,9.0369,5.42,4.9686,2.25,6.1615,6.1615,False,2.3136,3.592,1.2784,2.5695
2021102405,2507,52501,Darrynton Evans,RB,False,TEN,7,False,5,7.0812,0.3367,0.0,-0.69,6.785,6.78,0,4,1,21.11,66.89,1.4943,6.51,1.3224,1.3,5.69,5.69,False,8.8554,9.0215,0.166,-3.3315
2021102405,2531,47834,A.J. Brown,WR,False,TEN,7,False,8,15.6712,0.7452,0.2452,3.5563,4.1842,-1.737,1,3,1,14.7667,57.4537,-2.3557,3.4,-0.7492,1.04,4.4437,4.4437,False,10.0311,5.7227,-4.3083,-1.279
2021102405,2580,47834,A.J. Brown,WR,False,TEN,7,False,24,16.2377,0.7722,0.2722,11.0531,3.9072,0.6737,1,3,0,19.9214,40.8869,-0.0048,8.17,2.3628,1.14,12.9469,12.9469,False,5.5388,8.2604,2.7216,4.6865
2021102405,2697,47839,Mecole Hardman,WR,False,KC,7,False,3,20.015,0.9518,0.4518,4.0988,4.6863,4.5615,1,2,1,1.8303,66.1112,2.2876,2.69,-1.4635,2.7,-1.0988,-1.0988,False,0.5355,0.0442,-0.4913,-1.143
2021102405,2754,40011,Travis Kelce,TE,True,KC,7,False,24,20.9572,0.9966,0.4966,11.7976,2.2778,0.9174,1,1,0,4.974,52.7024,-0.8688,6.53,1.8076,4.09,12.2024,12.2024,False,-0.6755,-0.1261,0.5494,12.3284
2021102405,2778,46522,Byron Pringle,WR,False,KC,7,False,12,22.2919,1.0601,0.5601,13.0736,2.6677,-1.2551,2,2,0,13.0493,26.8664,1.7729,1.58,1.292,5.69,-1.0736,-1.0736,False,4.9257,1.1542,-3.7715,-2.2278
2021102405,3090,46522,Byron Pringle,WR,False,KC,7,False,6,11.4579,0.5449,0.0449,4.3993,2.6966,1.347,1,4,1,24.1863,92.8207,6.2199,2.29,2.2138,4.96,1.6007,1.6007,False,1.3952,2.0878,0.6926,-0.4871
2021102405,3114,43454,Tyreek Hill,WR,False,KC,7,False,4,17.6856,0.841,0.341,6.2498,1.3366,0.8311,1,2,0,8.4271,84.9302,1.2086,1.95,0.4978,6.79,-2.2498,-2.2498,False,1.7729,-0.9278,-2.7007,-1.3219
2021102405,3138,47839,Mecole Hardman,WR,False,KC,7,False,9,13.5508,0.6444,0.1444,3.2629,4.8423,4.7018,1,3,1,20.6787,84.0171,-0.1446,0.58,-0.3955,1.73,5.7371,5.7371,False,5.9339,4.154,-1.78,1.5832
2021102405,3162,46526,Darrel Williams,RB,False,KC,7,False,10,13.1735,0.6264,0.1264,-1.0371,12.4947,11.2295,0,0,0,7.612,79.2971,1.638,3.77,1.2882,2.67,11.0371,11.0371,False,10.6413,10.273,-0.3683,0.7641
2021102405,3186,43454,Tyreek Hill,WR,False,KC,7,False,4,21.5106,1.0229,0.5229,-0.2436,4.1173,4.1145,1,1,1,8.0954,68.2036,5.9015,1.05,0.9493,0.9,4.2436,4.2436,False,3.4562,4.2972,0.841,-0.0536
2021102405,3334,40011,Travis Kelce,TE,True,KC,7,False,2,14.1354,0.6722,0.1722,4.8183,2.6227,2.4136,1,2,1,15.5584,39.2717,3.0212,2.31,-2.1586,3.83,-2.8183,-2.8183,False,1.3507,1.7492,0.3985,-4.5676
2021102405,3380,46522,Byron Pringle,WR,False,KC,7,False,25,26.9915,1.2835,0.7835,22.5754,1.3621,-1.2323,1,2,0,26.251,19.4946,0.2458,8.46,5.9926,2.16,2.4246,2.4246,False,11.7834,11.4652,-0.3182,-9.0406
2021102405,3666,46526,Darrel Williams,RB,False,KC,7,False,6,11.1243,0.529,0.029,1.9569,5.2543,5.254,0,2,1,12.3279,96.0631,0.1624,5.16,1.6159,4.24,4.0431,4.0431,False,5.0766,7.7776,2.701,-3.7344
2021102405,3690,40011,Travis Kelce,TE,True,KC,7,False,7,12.5402,0.5963,0.0963,5.4562,2.7532,1.3767,1,3,1,22.1077,86.2638,4.848,1.42,1.4143,0.84,1.5438,1.5438,False,2.1535,2.1013,-0.0522,-0.5575
2021102405,3736,53591,Noah Gray,TE,True,KC,7,False,4,11.8913,0.5655,0.0655,3.4754,3.9595,3.8515,1,2,2,13.4599,80.6946,7.0229,3.59,1.6091,4.03,0.5246,0.5246,False,0.9207,1.0687,0.148,-0.5441
2021102405,3782,43454,Tyreek Hill,WR,False,KC,7,False,17,18.7778,0.893,0.393,14.4143,1.1332,0.4135,1,3,0,14.9088,66.5957,0.0741,8.66,4.3117,2.89,2.5857,2.5857,False,4.5806,4.7452,0.1646,-2.1595
2021102405,3845,45369,Marcus Kemp,WR,False,KC,7,False,8,11.878,0.5648,0.0648,4.6452,6.9507,6.5729,0,3,1,22.3604,58.4148,3.2835,3.66,2.393,1.54,3.3548,3.3548,False,4.1251,4.3624,0.2373,-1.0075
2021102405,3922,43454,Tyreek Hill,WR,False,KC,7,False,9,17.8925,0.8509,0.3509,13.164,4.5427,1.3727,1,3,1,26.304,40.216,-0.7196,3.68,2.833,5.01,-4.164,-4.164,True,4.3351,4.116,-0.2191,-8.28
2021102405,4027,49476,Derrick Gore,RB,False,KC,7,False,7,7.5609,0.3595,0.0,-3.2,7.17,-3.09,0,4,1,13.74,47.4,-9.5495,5.66,2.5122,2.57,10.2,10.2,False,10.217,10.1281,-0.0889,0.0719
2021102405,4077,43454,Tyreek Hill,WR,False,KC,7,False,7,12.8144,0.6094,0.1094,4.3536,7.1441,7.1396,0,4,1,23.7396,28.7264,0.747,3.37,1.6784,2.48,2.6464,2.6464,False,4.5444,6.3603,1.8159,-3.7139
2021102405,4177,43415,Demarcus Robinson,WR,False,KC,7,False,7,15.5987,0.7418,0.2418,6.4909,6.7746,3.1583,0,3,1,22.271,14.4391,2.977,1.18,-0.2029,2.67,0.5091,0.5091,False,5.6123,2.8263,-2.786,-2.3172
2021102405,4201,47839,Mecole Hardman,WR,False,KC,7,False,8,9.3869,0.4464,0.0,4.06,5.8682,-4.97,0,4,1,22.03,10.43,-2.2409,5.56,0.7459,1.0,3.94,3.94,False,6.4251,5.1817,-1.2433,-1.2417
2021102406,96,52443,D'Andre Swift,RB,False,DET,7,False,4,13.4472,0.6395,0.1395,0.0653,2.9819,1.5531,1,3,1,10.5334,68.0347,1.3742,4.29,0.3246,1.1,3.9347,3.9347,False,3.276,3.0944,-0.1816,0.8403
2021102406,523,43399,Tyler Higbee,TE,True,LA,7,False,16,14.6885,0.6985,0.1985,2.6691,8.7584,3.2038,0,1,0,7.2023,79.8009,-2.9774,6.08,2.4137,1.59,13.3309,13.3309,False,7.7552,9.4025,1.6473,3.9284
2021102406,573,44881,Cooper Kupp,WR,False,LA,7,False,29,25.7078,1.2225,0.7225,20.8327,4.7765,-4.3913,1,2,1,11.7612,42.3573,-3.1608,9.08,3.6439,2.34,8.1673,8.1673,False,3.248,3.704,0.456,4.4633
2021102406,652,44881,Cooper Kupp,WR,False,LA,7,False,5,17.1518,0.8156,0.3156,5.7339,2.4417,2.3548,1,2,1,5.2594,20.3661,2.6434,6.36,1.8499,4.48,-0.7339,-0.7339,False,0.8215,0.3694,-0.4521,-1.1033
2021102406,681,44881,Cooper Kupp,WR,False,LA,7,False,1,8.6726,0.4124,0.0,-0.39,2.9925,2.05,1,5,1,26.02,21.59,3.9261,4.47,1.8898,1.03,1.39,1.39,False,4.1798,3.3867,-0.793,-1.9967
2021102406,705,43399,Tyler Higbee,TE,True,LA,7,False,5,17.1505,0.8156,0.3156,4.3958,1.0603,0.7892,1,1,1,5.9943,15.6942,2.0395,6.52,0.2719,2.17,0.6042,0.6042,False,0.037,-0.4348,-0.4718,1.039
2021102406,825,47791,T.J. Hockenson,TE,True,DET,7,False,21,14.841,0.7057,0.2057,10.2809,6.5132,-3.4222,0,2,0,22.2432,63.4891,-4.8765,7.35,3.6983,1.99,10.7191,10.7191,False,9.3265,13.4418,4.1152,-2.7227
2021102406,1116,52465,Van Jefferson,WR,False,LA,7,False,5,22.7215,1.0805,0.5805,4.8496,0.9163,0.8304,1,2,2,14.0457,79.3604,3.2685,3.68,0.6194,2.29,0.1504,0.1504,False,-0.8519,-0.0919,0.76,0.2423
2021102406,1239,47853,Darrell Henderson,RB,False,LA,7,False,2,6.9573,0.3308,0.0,2.42,2.255,2.15,1,6,1,22.48,35.82,7.1048,2.66,2.607,4.26,-0.42,-0.42,False,1.5023,3.6861,2.1838,-4.1061
2021102406,1305,44881,Cooper Kupp,WR,False,LA,7,False,11,16.1932,0.77,0.27,6.4855,4.2611,3.1074,1,2,2,8.4019,19.1045,1.051,6.64,2.0199,4.18,4.5145,4.5145,False,2.325,2.9641,0.639,1.5505
2021102406,1377,52465,Van Jefferson,WR,False,LA,7,False,11,19.4881,0.9267,0.4267,9.3584,1.113,-0.7393,1,1,0,4.1081,1.5216,-0.0529,7.49,7.1202,2.31,1.6416,1.6416,False,0.5457,1.6447,1.099,-0.0031
2021102406,1609,44881,Cooper Kupp,WR,False,LA,7,False,27,21.9943,1.0459,0.5459,16.8913,2.2953,-1.4098,1,1,0,9.6951,57.1387,-1.0539,7.92,7.0549,4.1,10.1087,10.1087,False,12.7064,13.5607,0.8543,-3.4521
2021102406,1693,39989,Robert Woods,WR,False,LA,7,False,22,16.7538,0.7967,0.2967,7.5667,2.5334,2.5226,1,2,1,20.0858,36.0933,5.9036,8.31,0.7979,1.67,14.4333,14.4333,False,0.828,1.2296,0.4016,13.2036
2021102406,1783,39989,Robert Woods,WR,False,LA,7,False,10,22.6359,1.0764,0.5764,11.7416,1.9472,1.2649,1,1,0,12.3869,13.5584,2.0565,1.37,-1.3504,3.97,-1.7416,-1.7416,False,2.5512,0.9439,-1.6074,-2.6855
2021102406,1870,39989,Robert Woods,WR,False,LA,7,False,9,17.6168,0.8377,0.3377,6.505,3.1768,2.5068,1,4,3,22.0947,4.505,1.7654,5.72,1.7913,2.16,2.495,2.495,False,2.9011,2.706,-0.1951,-0.211
2021102406,1973,43584,Kalif Raymond,WR,False,DET,7,False,15,15.2059,0.7231,0.2231,6.2988,1.4882,-0.2724,1,2,0,21.8821,69.0212,1.6314,1.85,0.5775,2.15,8.7012,8.7012,False,4.5732,2.2267,-2.3465,6.4744
2021102406,1997,52443,D'Andre Swift,RB,False,DET,7,False,8,10.2553,0.4877,0.0,3.33,3.4188,2.16,1,3,0,24.62,57.11,1.6219,5.29,1.4821,1.91,4.67,4.67,False,4.1992,4.615,0.4157,0.055
2021102406,2021,43584,Kalif Raymond,WR,False,DET,7,False,20,19.5923,0.9317,0.4317,11.3226,1.8479,-0.2245,1,1,0,5.7616,41.6574,-0.3304,7.73,7.1872,1.9,8.6774,8.6774,False,5.2786,12.5937,7.315,-3.9163
2021102406,2062,43584,Kalif Raymond,WR,False,DET,7,False,14,20.3554,0.968,0.468,12.3685,2.3768,1.3364,1,2,0,24.1995,19.8315,1.7376,6.44,3.3303,1.58,1.6315,1.6315,False,4.2395,4.5141,0.2745,-2.8825
2021102406,2359,39989,Robert Woods,WR,False,LA,7,False,7,20.0511,0.9535,0.4535,6.5327,3.9899,1.9998,1,2,1,9.5151,69.3273,3.193,0.57,0.1823,2.0,0.4673,0.4673,False,1.7568,1.9028,0.146,-1.4355
2021102406,2383,47853,Darrell Henderson,RB,False,LA,7,False,13,16.6907,0.7937,0.2937,1.3755,7.9222,6.0876,0,1,1,8.8903,66.8245,1.477,6.45,0.8017,1.99,11.6245,11.6245,False,6.4669,6.4083,-0.0586,5.2162
2021102406,2679,47791,T.J. Hockenson,TE,True,DET,7,False,7,13.0795,0.622,0.122,5.6577,3.8797,1.7105,3,3,0,21.6708,28.3923,5.2773,3.72,0.8829,2.56,1.3423,1.3423,False,1.3121,1.2688,-0.0433,0.0735
2021102406,2724,47791,T.J. Hockenson,TE,True,DET,7,False,5,11.2664,0.5358,0.0358,4.1375,0.8078,0.6025,2,5,2,22.8954,19.3325,0.983,1.87,1.0489,2.04,0.8625,0.8625,False,0.2341,0.7884,0.5544,0.0741
2021102406,2790,52465,Van Jefferson,WR,False,LA,7,False,22,17.6717,0.8404,0.3404,14.3176,4.7295,-1.0867,1,4,1,21.442,67.9524,-2.4874,7.0,5.3109,1.92,7.6824,7.6824,False,8.1195,9.2566,1.1371,-1.5742
2021102406,2931,43399,Tyler Higbee,TE,True,LA,7,False,5,13.2935,0.6322,0.1322,2.3994,4.6846,4.2357,1,2,1,8.4254,49.3206,2.1465,7.02,2.341,1.06,2.6006,2.6006,False,2.7435,4.7271,1.9836,-2.1265
2021102406,3025,43584,Kalif Raymond,WR,False,DET,7,False,37,11.8631,0.5641,0.0641,5.1681,1.5621,-0.8616,1,3,0,23.4413,48.0719,-2.5116,8.11,1.6862,1.65,31.8319,30.0,False,9.3812,7.1658,-2.2154,22.8342
2021102406,3187,44881,Cooper Kupp,WR,False,LA,7,False,14,14.1395,0.6724,0.1724,6.2503,3.8395,2.891,2,2,2,19.8854,84.6497,0.5545,2.84,0.6981,3.35,7.7497,7.7497,False,4.2695,3.3976,-0.8719,4.3521
2021102406,3268,44881,Cooper Kupp,WR,False,LA,7,False,59,27.9037,1.3269,0.8269,29.7623,2.9378,-2.7981,1,1,0,20.4913,49.1777,-0.5995,9.18,7.7423,1.94,29.2377,29.2377,False,18.2834,19.3648,1.0814,9.873
2021102406,3383,43399,Tyler Higbee,TE,True,LA,7,False,14,21.8659,1.0398,0.5398,15.3942,0.3041,0.2828,2,3,1,20.5036,4.5758,4.2785,5.56,0.8784,3.08,-1.3942,-1.3942,False,-0.6988,-0.9615,-0.2627,-0.4326
2021102406,3407,44881,Cooper Kupp,WR,False,LA,7,False,5,13.4928,0.6416,0.1416,3.579,3.948,3.1199,1,1,1,9.8997,3.081,3.3297,8.24,2.7465,2.1,1.421,1.421,False,1.7117,1.1402,-0.5715,0.2808
2021102406,3462,39907,Darren Fells,TE,True,DET,7,False,6,10.8826,0.5175,0.0175,1.6916,3.4694,2.0897,2,4,0,20.8611,73.5584,2.4327,5.39,1.8054,1.35,4.3084,4.3084,False,4.8497,5.0657,0.216,-0.7573
2021102406,3507,52443,D'Andre Swift,RB,False,DET,7,False,6,11.8505,0.5635,0.0635,3.5748,2.1785,-0.1841,1,4,1,22.3603,63.6352,-0.9836,5.53,2.5936,0.82,2.4252,2.4252,False,8.4284,7.6305,-0.7979,-5.2052
2021102406,3553,47791,T.J. Hockenson,TE,True,DET,7,False,5,9.051,0.4304,0.0,3.44,2.5633,1.64,2,6,0,21.75,57.91,4.6747,1.91,0.2556,1.31,1.56,1.56,False,1.5557,1.5309,-0.0248,0.0291
2021102406,3577,47791,T.J. Hockenson,TE,True,DET,7,False,4,13.6118,0.6473,0.1473,3.9076,1.6481,1.4451,1,2,1,20.7909,52.8424,5.1003,1.22,0.6625,2.94,0.0924,0.0924,False,1.2425,0.5765,-0.666,-0.4841
2021102406,3659,46992,KhaDarel Hodge,WR,False,DET,7,False,3,21.5946,1.0269,0.5269,-1.3838,5.2121,5.1928,0,2,2,7.3237,61.7438,5.5316,0.89,0.6001,2.45,4.3838,4.3838,False,4.5667,3.574,-0.9927,0.8098
2021102406,3688,47791,T.J. Hockenson,TE,True,DET,7,False,6,14.5864,0.6936,0.1936,5.0639,1.5471,0.804,2,2,1,19.5317,52.9161,1.8915,8.07,-0.5995,0.65,0.9361,0.9361,False,1.5404,0.9193,-0.6211,0.0168
2021102406,3792,52443,D'Andre Swift,RB,False,DET,7,False,5,11.2272,0.5339,0.0339,-4.7429,10.6297,10.1002,0,0,0,16.1318,27.2629,3.2335,4.87,1.3889,2.48,9.7429,9.7429,False,7.4036,7.4609,0.0572,2.2821
2021102406,3939,39989,Robert Woods,WR,False,LA,7,False,18,17.1033,0.8133,0.3133,7.789,1.8523,-0.784,1,1,0,18.7526,60.841,-0.8007,6.2,4.6564,1.06,10.211,10.211,False,11.6265,11.6882,0.0617,-1.4771
2021102406,4060,52465,Van Jefferson,WR,False,LA,7,False,5,13.228,0.629,0.129,5.2009,3.0575,3.043,2,2,1,15.0693,29.8391,4.8685,2.85,1.2467,2.37,-0.2009,-0.2009,False,0.8026,1.1948,0.3922,-1.3956
2021102406,4180,43584,Kalif Raymond,WR,False,DET,7,False,17,27.2122,1.294,0.794,18.9567,4.3549,2.9004,1,2,1,19.4503,56.3733,-0.1009,6.2,2.4265,4.39,-1.9567,-1.9567,False,3.3998,2.5244,-0.8754,-4.4812
2021102406,4226,52443,D'Andre Swift,RB,False,DET,7,False,2,14.8223,0.7049,0.2049,1.819,3.0386,2.7913,1,1,1,7.7733,56.551,0.7614,6.87,-0.2002,3.71,0.181,0.181,False,2.6743,2.4527,-0.2216,-2.2717
2021102407,136,46118,Dallas Goedert,TE,True,PHI,7,False,24,22.6844,1.0787,0.5787,20.161,4.1687,-4.1686,1,3,1,15.324,34.029,-1.2093,7.94,5.4966,2.55,3.839,3.839,False,7.1427,4.9205,-2.2222,-1.0815
2021102407,223,53579,Kenneth Gainwell,RB,False,PHI,7,False,13,10.6896,0.5083,0.0083,1.5859,4.6938,2.9116,1,5,1,17.3455,11.5441,0.4769,5.27,3.1051,4.08,11.4141,11.4141,False,4.5561,7.9238,3.3677,3.4904
2021102407,319,52420,Henry Ruggs,WR,False,LV,7,False,4,16.1702,0.769,0.269,4.68,4.5136,4.3244,1,1,1,5.8487,57.48,1.1292,7.02,-0.5947,3.51,-0.68,-0.68,False,0.8998,-0.0965,-0.9963,-0.5836
2021102407,427,44045,Jalen Richard,RB,False,LV,7,False,2,8.6361,0.4107,0.0,-0.1,5.4118,4.94,0,5,1,23.87,47.44,7.0635,3.38,3.3009,1.67,2.1,2.1,False,5.7213,7.375,1.6537,-5.275
2021102407,462,44849,Zay Jones,WR,False,LV,7,False,43,32.7883,1.5592,1.0592,33.1915,0.7482,-0.7121,1,1,0,4.1748,23.6085,-1.0954,9.0,8.4134,1.66,9.8085,9.8085,False,13.8947,15.6319,1.7371,-5.8234
2021102407,510,47807,Josh Jacobs,RB,False,LV,7,False,5,16.2923,0.7748,0.2748,5.7979,3.2199,2.1811,1,3,1,13.6025,9.4521,0.6651,6.16,1.4119,3.48,-0.7979,-0.7979,False,2.6087,3.4098,0.8012,-4.2078
2021102407,545,47932,Hunter Renfrow,WR,False,LV,7,False,16,18.2917,0.8698,0.3698,13.287,4.2374,2.5472,1,3,0,16.7984,11.753,-0.3147,6.33,4.9942,6.04,2.713,2.713,False,4.9903,2.5261,-2.4642,0.1869
2021102407,617,53439,DeVonta Smith,WR,False,PHI,7,False,8,17.4124,0.828,0.328,8.1033,1.9,1.3679,1,2,2,7.7062,88.0967,0.4544,6.98,0.4978,5.31,-0.1033,-0.1033,False,0.8889,-0.0706,-0.9595,-0.0327
2021102407,801,52420,Henry Ruggs,WR,False,LV,7,False,2,15.1564,0.7207,0.2207,4.7461,3.4618,3.3427,1,2,1,11.8117,68.6639,2.3115,6.92,-1.5578,4.29,-2.7461,-2.7461,False,2.0568,1.0182,-1.0386,-3.7643
2021102407,825,47932,Hunter Renfrow,WR,False,LV,7,False,8,6.2284,0.2962,0.0,-1.21,5.0824,4.88,0,4,2,14.32,71.27,1.7398,6.77,2.101,2.77,9.21,9.21,False,5.2739,5.1602,-0.1136,4.0498
2021102407,868,47807,Josh Jacobs,RB,False,LV,7,False,13,7.1149,0.3383,0.0,2.66,4.8484,-4.37,1,5,2,23.99,59.48,-1.1459,3.31,3.257,1.28,10.34,10.34,False,6.651,9.4609,2.8099,0.8791
2021102407,979,47932,Hunter Renfrow,WR,False,LV,7,False,6,25.4531,1.2104,0.7104,3.8449,4.8782,2.8788,1,1,0,2.4734,20.9251,2.6057,2.88,-0.4857,2.19,2.1551,2.1551,False,4.1009,2.6218,-1.4792,-0.4667
2021102407,1003,47920,Foster Moreau,TE,True,LV,7,False,18,18.1382,0.8625,0.3625,14.2232,0.9073,-0.1426,1,3,0,16.901,4.0368,0.181,7.07,5.9944,1.43,3.7768,3.7768,False,2.8779,2.0567,-0.8212,1.7202
2021102407,1177,53439,DeVonta Smith,WR,False,PHI,7,False,20,32.1,1.5265,1.0265,19.7837,12.6645,-4.9383,0,0,0,1.8831,43.8663,-2.4369,9.05,0.218,1.66,0.2163,0.2163,False,13.6137,5.5549,-8.0588,-5.3386
2021102407,1304,52489,Bryan Edwards,WR,False,LV,7,False,18,18.0957,0.8605,0.3605,16.6273,1.1405,1.0088,1,2,1,21.2216,79.7827,5.1801,6.46,5.7065,3.14,1.3727,1.3727,False,-0.312,1.5376,1.8496,-0.1649
2021102407,1349,52420,Henry Ruggs,WR,False,LV,7,False,8,20.2525,0.9631,0.4631,5.872,1.8942,1.8918,1,2,1,5.9537,69.348,-0.9535,0.84,0.5442,6.16,2.128,2.128,False,1.3337,0.0396,-1.2941,2.0884
2021102407,1448,52420,Henry Ruggs,WR,False,LV,7,False,10,16.3817,0.779,0.279,8.5473,2.7103,-2.4042,2,4,1,15.7265,35.9527,-4.0345,6.63,3.897,2.93,1.4527,1.4527,False,6.5476,5.7133,-0.8343,-4.2606
2021102407,1489,47807,Josh Jacobs,RB,False,LV,7,False,6,8.033,0.382,0.0,-7.66,8.0218,0.91,0,2,0,17.67,41.72,-6.0909,6.56,1.9004,2.76,13.66,13.66,False,11.8616,12.9118,1.0502,0.7482
2021102407,1644,43362,Kenyan Drake,RB,False,LV,7,False,7,10.7802,0.5126,0.0126,3.8415,2.0643,1.5414,1,1,1,19.3178,25.5285,1.0627,6.74,4.0778,3.18,3.1585,3.1585,False,2.7001,7.0541,4.354,-3.8956
2021102407,1706,47932,Hunter Renfrow,WR,False,LV,7,False,6,14.9128,0.7092,0.2092,4.8564,1.8082,1.7526,1,2,1,17.4314,20.5236,2.3998,0.39,0.3653,3.56,1.1436,1.1436,False,2.473,1.8993,-0.5737,-0.7557
2021102407,1730,44045,Jalen Richard,RB,False,LV,7,False,5,9.5792,0.4555,0.0,2.73,6.0866,2.71,0,4,1,25.55,17.07,6.4594,4.91,1.8155,2.33,2.27,2.27,False,4.6113,3.4342,-1.1771,-1.1642
2021102407,1771,43362,Kenyan Drake,RB,False,LV,7,False,4,11.5591,0.5497,0.0497,-6.097,9.5931,-1.9034,0,1,0,12.0828,20.347,-3.8147,5.33,1.2678,2.35,10.097,10.097,False,10.1252,9.3121,-0.8132,0.785
2021102407,1967,47920,Foster Moreau,TE,True,LV,7,False,21,16.1969,0.7702,0.2702,12.7943,6.5036,-5.4786,0,5,1,13.5102,30.4957,-1.4827,6.04,6.011,2.5,8.2057,8.2057,False,5.6486,8.6084,2.9597,-0.4027
2021102407,1991,47932,Hunter Renfrow,WR,False,LV,7,False,7,14.4196,0.6857,0.1857,4.2572,2.7695,2.21,1,2,2,17.1472,18.0228,2.0194,4.2,-0.8768,2.51,2.7428,2.7428,False,2.4677,1.7837,-0.684,0.9591
2021102407,2288,44045,Jalen Richard,RB,False,LV,7,False,9,10.618,0.5049,0.0049,1.065,4.8048,3.7097,1,2,1,10.4981,49.235,-1.4156,7.16,3.0429,1.66,7.935,7.935,False,6.7716,9.3397,2.5681,-1.4047
2021102407,2339,52489,Bryan Edwards,WR,False,LV,7,False,24,19.6158,0.9328,0.4328,14.6602,5.3862,-3.0146,0,2,1,22.3902,16.6298,-3.702,7.36,3.0965,4.12,9.3398,9.3398,False,4.0705,4.97,0.8995,4.3699
2021102407,2406,47932,Hunter Renfrow,WR,False,LV,7,False,5,16.6781,0.7931,0.2931,5.2143,1.1924,0.8032,1,2,0,12.3823,1.0757,-0.2761,6.74,0.9019,3.82,-0.2143,-0.2143,False,-0.3288,-0.8612,-0.5324,0.6469
2021102407,2482,52608,Quez Watkins,WR,False,PHI,7,False,27,17.7001,0.8417,0.3417,14.7442,3.0585,-1.1837,1,3,0,11.9105,60.3358,-0.6799,9.58,1.8854,1.56,12.2558,12.2558,False,8.6447,6.9101,-1.7346,5.3457
2021102407,2614,46118,Dallas Goedert,TE,True,PHI,7,False,21,22.6655,1.0778,0.5778,16.9809,4.6597,4.6089,1,1,1,9.1947,11.1991,-0.8353,7.06,2.6322,2.92,4.0191,4.0191,False,2.6059,4.4447,1.8388,-0.4256
2021102407,2890,46118,Dallas Goedert,TE,True,PHI,7,False,25,24.7305,1.176,0.676,17.5585,4.6825,-0.6465,1,2,0,8.6905,31.6615,-0.263,7.7,3.3113,2.38,7.4415,7.4415,False,9.0535,7.5832,-1.4702,-0.1417
2021102407,3074,48233,Alec Ingold,FB,False,LV,7,False,29,18.6243,0.8857,0.3857,12.5628,6.1766,-4.4602,0,1,0,9.9181,60.4472,-0.875,7.74,6.464,2.1,16.4372,16.4372,False,11.2887,14.1877,2.899,2.2494
2021102407,3161,44045,Jalen Richard,RB,False,LV,7,False,3,9.5039,0.4519,0.0,0.21,4.5003,4.39,1,3,1,11.8,25.16,4.6015,7.38,2.804,2.03,2.79,2.79,False,2.9248,3.483,0.5582,-0.693
2021102407,3301,53579,Kenneth Gainwell,RB,False,PHI,7,False,15,10.1776,0.484,0.0,1.46,7.8931,-3.76,0,4,1,17.1,74.16,3.9624,4.64,3.0214,3.6,13.54,13.54,False,5.8615,8.0345,2.1731,5.5055
2021102407,3325,53439,DeVonta Smith,WR,False,PHI,7,False,20,27.5742,1.3113,0.8113,15.4549,4.7108,4.6703,1,1,1,5.181,45.9351,-1.0572,1.84,0.1293,6.88,4.5451,4.5451,False,0.5087,-0.2111,-0.7198,4.7562
2021102407,3376,53579,Kenneth Gainwell,RB,False,PHI,7,False,7,10.6879,0.5082,0.0082,1.8599,7.7137,7.1245,0,4,2,24.6666,38.4001,3.0038,1.44,1.1952,2.42,5.1401,5.1401,False,6.3218,5.7084,-0.6134,-0.5683
2021102407,3443,46270,Boston Scott,RB,False,PHI,7,False,5,11.7746,0.5599,0.0599,1.7643,3.7694,3.3714,1,3,1,19.1433,27.0957,8.5181,5.9,1.4073,1.57,3.2357,3.2357,False,1.7996,1.2891,-0.5105,1.9466
2021102407,3467,53439,DeVonta Smith,WR,False,PHI,7,False,6,21.8366,1.0384,0.5384,6.9651,2.7542,2.7436,1,2,1,6.6249,16.3349,0.5515,2.09,-1.2163,6.05,-0.9651,-0.9651,False,0.5663,-0.356,-0.9223,-0.6091
2021102407,3535,52429,Jalen Reagor,WR,False,PHI,7,False,17,23.2221,1.1043,0.6043,11.7572,0.5976,0.5794,3,3,2,14.7379,5.4128,3.7145,6.87,2.4777,0.98,5.2428,5.2428,False,-0.9367,0.7274,1.6641,4.5154
2021102407,3558,46118,Dallas Goedert,TE,True,PHI,7,False,0,17.765,0.8448,0.3448,8.9721,6.8551,-4.7603,0,4,0,8.543,0.0,-0.5971,6.9,2.1814,3.37,-8.9721,-5.0,True,-1.8102,-1.6683,0.142,-3.3317
2021102407,3719,52608,Quez Watkins,WR,False,PHI,7,False,10,20.2212,0.9616,0.4616,11.3584,2.0255,1.5924,2,4,1,24.4317,79.7716,3.7767,2.21,-1.0866,6.46,-1.3584,-1.3584,False,1.0384,-1.0492,-2.0876,-0.3092
2021102407,3760,52429,Jalen Reagor,WR,False,PHI,7,False,8,26.2709,1.2493,0.7493,12.2942,1.882,1.814,1,1,1,6.6593,68.8758,1.4838,1.34,-0.8085,5.9,-4.2942,-4.2942,True,-0.3851,-0.2487,0.1364,-4.0455
2021102407,3806,53439,DeVonta Smith,WR,False,PHI,7,False,7,17.6206,0.8379,0.3379,7.4688,3.4788,2.9375,1,2,2,6.1006,65.6612,0.5731,7.38,0.4403,4.31,-0.4688,-0.4688,False,0.5441,0.2953,-0.2488,-0.7641
2021102407,3852,53579,Kenneth Gainwell,RB,False,PHI,7,False,6,13.1364,0.6247,0.1247,1.6422,10.2382,10.0777,0,0,0,9.752,64.6278,4.156,6.85,3.3063,2.6,4.3578,4.3578,False,7.6248,9.0864,1.4616,-4.7286
2021102408,85,39983,Zach Ertz,TE,True,ARI,7,False,11,9.2877,0.4417,0.0,5.65,2.3688,-0.95,3,5,0,18.25,65.35,-0.8204,5.62,4.7582,0.71,5.35,5.35,False,11.8592,11.4381,-0.4211,-6.0881
2021102408,199,37101,Mark Ingram,RB,False,HOU,7,False,3,9.5407,0.4537,0.0,2.39,2.1882,1.99,2,4,1,22.79,70.8,4.4795,2.19,0.3633,3.33,0.61,0.61,False,1.4711,1.7908,0.3197,-1.1808
2021102408,439,37101,Mark Ingram,RB,False,HOU,7,False,10,6.9362,0.3298,0.0,-1.06,3.2903,-1.76,1,4,0,17.29,60.96,-2.4485,7.77,2.1717,0.96,11.06,11.06,False,14.3466,13.3594,-0.9871,-2.2994
2021102408,484,33566,Danny Amendola,WR,False,HOU,7,False,10,13.9005,0.661,0.161,6.9414,4.3627,-1.5975,1,3,0,22.276,42.5586,-6.0805,6.36,-0.0533,3.18,3.0586,3.0586,False,8.7118,3.9186,-4.7932,-0.86
2021102408,679,53518,Nico Collins,WR,False,HOU,7,False,22,17.4014,0.8275,0.3275,13.6673,3.4762,0.6344,1,2,0,19.6424,46.5127,-0.368,6.85,4.6331,3.62,8.3327,8.3327,False,5.2486,4.5245,-0.7241,3.8082
2021102408,761,46167,Jordan Akins,TE,True,HOU,7,False,5,13.3554,0.6351,0.1351,5.601,3.557,3.5452,2,2,1,23.3945,39.609,3.3419,1.5,1.0439,3.77,-0.601,-0.601,False,1.4083,1.4455,0.0372,-2.0466
2021102408,785,45339,Pharaoh Brown,TE,True,HOU,7,False,5,11.2943,0.5371,0.0371,0.3597,4.8253,3.9904,1,3,2,11.4631,39.9303,1.0622,6.0,1.3415,1.39,4.6403,4.6403,False,3.8882,4.2447,0.3564,0.3956
2021102408,922,39983,Zach Ertz,TE,True,ARI,7,False,8,13.021,0.6192,0.1192,3.9271,4.1688,0.8574,1,4,1,23.0096,67.8029,-0.2995,4.45,0.0598,3.63,4.0729,4.0729,False,6.3067,3.6913,-2.6153,0.3815
2021102408,967,39973,DeAndre Hopkins,WR,False,ARI,7,False,10,25.1644,1.1967,0.6967,10.9107,2.7157,1.6169,1,1,0,1.4734,47.7393,1.1906,4.71,-0.7741,3.76,-0.9107,-0.9107,False,-1.3549,-1.9755,-0.6206,1.0648
2021102408,1105,46116,Christian Kirk,WR,False,ARI,7,False,13,23.7334,1.1286,0.6286,15.363,0.4468,-0.4198,1,3,0,8.8616,8.107,-1.7077,8.1,0.2912,4.18,-2.363,-2.363,False,2.5511,-0.6555,-3.2066,-1.7075
2021102408,1385,41246,Brandin Cooks,WR,False,HOU,7,False,18,23.8632,1.1348,0.6348,16.312,3.3495,-1.2812,1,2,1,8.3758,44.558,-1.4799,8.35,2.4134,3.71,1.688,1.688,False,6.8092,4.2419,-2.5673,-2.5539
2021102408,1566,37077,A.J. Green,WR,False,ARI,7,False,41,38.0051,1.8073,1.3073,37.2463,5.6514,-5.188,0,1,0,0.8798,9.1237,-1.3456,8.46,8.4575,0.83,3.7537,3.7537,False,5.111,9.0135,3.9025,-5.2597
2021102408,1616,46116,Christian Kirk,WR,False,ARI,7,False,5,15.6158,0.7426,0.2426,5.9889,2.2767,-1.0138,1,5,1,14.1032,0.0,3.9506,5.36,1.5205,1.1,-0.9889,-0.9889,False,-4.1082,-3.8186,0.2896,2.8298
2021102408,1848,46116,Christian Kirk,WR,False,ARI,7,False,19,17.8759,0.8501,0.3501,13.9293,4.8387,-3.4458,1,3,1,19.2407,54.5407,-3.2215,8.43,4.1971,1.42,5.0707,5.0707,False,5.4743,8.9077,3.4333,-3.837
2021102408,2215,46167,Jordan Akins,TE,True,HOU,7,False,8,17.0226,0.8095,0.3095,2.4785,7.3046,5.8165,0,2,1,13.1235,70.0115,1.8144,1.12,0.0274,4.61,5.5215,5.5215,False,8.1701,8.2033,0.0332,-2.6818
2021102408,2293,53518,Nico Collins,WR,False,HOU,7,False,6,16.5891,0.7889,0.2889,5.4035,3.5946,3.5946,1,2,1,12.171,67.7065,0.8854,6.26,0.9123,4.02,0.5965,0.5965,False,2.3586,2.1874,-0.1712,-1.5909
2021102408,2317,42429,David Johnson,RB,False,HOU,7,False,5,12.904,0.6136,0.1136,5.4436,4.2414,2.9465,1,3,1,23.5552,62.7064,6.8583,2.16,2.056,3.05,-0.4436,-0.4436,False,2.0273,1.9309,-0.0964,-2.3745
2021102408,2406,39973,DeAndre Hopkins,WR,False,ARI,7,False,11,21.5067,1.0227,0.5227,11.4989,1.0686,1.0577,2,3,1,9.7221,75.4411,2.7293,4.24,-1.4752,0.71,-0.4989,-0.4989,False,-0.1211,-0.384,-0.2629,-0.1149
2021102408,2451,37077,A.J. Green,WR,False,ARI,7,False,12,21.235,1.0098,0.5098,11.7806,2.1912,2.143,1,3,1,17.4787,59.9994,2.4402,5.39,2.9828,3.36,0.2194,0.2194,False,2.76,3.8717,1.1118,-3.6524
2021102408,2496,46116,Christian Kirk,WR,False,ARI,7,False,13,19.7971,0.9414,0.4414,11.5773,4.7018,3.5744,1,4,1,25.2516,48.5427,9.4069,5.65,2.2818,1.39,1.4227,1.4227,False,1.971,1.2078,-0.7633,0.215
2021102408,2520,39983,Zach Ertz,TE,True,ARI,7,False,47,18.8767,0.8977,0.3977,15.8426,5.6449,-4.6228,0,3,0,24.7629,31.7974,-1.4413,7.23,5.3881,2.64,31.1574,30.0,False,8.7148,8.7717,0.0569,21.2283
2021102408,2576,42429,David Johnson,RB,False,HOU,7,False,2,11.9991,0.5706,0.0706,1.1524,3.4145,3.3863,1,2,2,9.9888,74.0476,4.0436,6.66,1.8759,1.54,0.8476,0.8476,False,1.7538,1.3911,-0.3627,-0.5436
2021102408,2831,37101,Mark Ingram,RB,False,HOU,7,False,5,12.0023,0.5708,0.0708,3.0541,7.7391,6.9572,0,2,2,14.9763,39.5459,5.2857,2.62,2.4606,3.61,1.9459,1.9459,False,5.1915,4.8921,-0.2994,-2.9462
2021102408,3037,45339,Pharaoh Brown,TE,True,HOU,7,False,1,13.0791,0.622,0.122,0.1147,5.4163,3.8031,0,2,1,14.4291,40.7853,1.0981,6.0,0.2847,1.16,0.8853,0.8853,False,5.4248,5.163,-0.2619,-4.2777
2021102408,3313,41246,Brandin Cooks,WR,False,HOU,7,False,2,18.6318,0.886,0.386,4.4229,4.2681,4.255,1,2,1,7.8835,70.7371,1.1087,6.5,0.2926,6.22,-2.4229,-2.4229,False,2.0516,0.9919,-1.0597,-3.4148
2021102408,3585,42429,David Johnson,RB,False,HOU,7,False,10,20.1856,0.9599,0.4599,6.7857,3.3916,3.3739,1,1,1,4.5787,82.4743,1.5265,2.22,1.9693,5.85,3.2143,3.2143,False,-0.5582,-0.8096,-0.2514,4.024
2021102408,3614,33566,Danny Amendola,WR,False,HOU,7,False,8,18.5521,0.8822,0.3822,7.9409,3.696,0.1425,1,1,0,4.6289,71.9191,-0.0349,7.18,1.7552,1.96,0.0591,0.0591,False,4.1427,2.7403,-1.4024,-2.6812
2021102408,3626,42429,David Johnson,RB,False,HOU,7,False,10,17.9649,0.8543,0.3543,7.8074,3.0216,-0.2174,2,3,1,12.5194,63.4526,-0.6647,5.95,3.5208,2.36,2.1926,2.1926,False,3.6876,6.744,3.0565,-4.5514
2021102408,3720,45339,Pharaoh Brown,TE,True,HOU,7,False,5,11.4953,0.5466,0.0466,0.8658,7.2079,5.5963,0,2,1,18.9043,55.2042,4.6973,4.9,0.7682,1.62,4.1342,4.1342,False,7.1399,4.1919,-2.948,-0.0577
2021102409,104,42503,Jesse James,TE,True,CHI,7,False,6,26.1628,1.2441,0.7441,7.7827,0.8998,-0.8655,1,1,0,0.757,74.7673,-3.9522,2.47,-0.4802,2.8,-1.7827,-1.7827,False,7.0448,1.5848,-5.46,-3.3675
2021102409,474,52451,Cole Kmet,TE,True,CHI,7,False,5,14.2384,0.6771,0.1771,4.8463,0.835,0.7929,1,2,2,21.1637,60.0537,1.4854,1.31,-0.6983,3.59,0.1537,0.1537,False,0.9957,0.5229,-0.4728,-0.3692
2021102409,551,44896,Chris Godwin,WR,False,TB,7,False,6,15.8232,0.7525,0.2525,6.067,1.4658,0.5879,2,4,2,23.4363,34.893,0.676,4.8,0.9783,1.37,-0.067,-0.067,False,2.7394,2.5462,-0.1932,-2.6132
2021102409,604,44896,Chris Godwin,WR,False,TB,7,False,21,16.5192,0.7855,0.2855,12.703,1.5889,-0.1721,1,2,0,16.7208,17.537,-0.274,7.3,6.9795,2.75,8.297,8.297,False,6.6748,10.9923,4.3174,-2.6952
2021102409,671,44896,Chris Godwin,WR,False,TB,7,False,4,13.8282,0.6576,0.1576,10.981,1.2891,-0.3935,1,3,0,20.2108,0.0,1.4868,5.66,5.6545,2.28,-6.981,-5.0,True,-3.6418,-3.5669,0.0749,-1.4331
2021102409,769,53646,Khalil Herbert,RB,False,CHI,7,False,5,10.4453,0.4967,0.0,1.43,8.2712,7.58,0,3,2,15.74,63.34,3.1112,5.68,1.5055,2.9,3.57,3.57,False,8.3328,7.8197,-0.5131,-4.2497
2021102409,843,41233,Mike Evans,WR,False,TB,7,False,11,18.7602,0.8921,0.3921,12.4199,0.7528,0.7519,1,4,1,24.8813,22.7501,2.9825,5.85,1.5555,4.82,-1.4199,-1.4199,False,0.3649,0.0752,-0.2898,-1.4951
2021102409,931,41233,Mike Evans,WR,False,TB,7,False,9,14.4114,0.6853,0.1853,7.2335,2.3368,-0.0411,2,5,1,14.4418,2.1365,-1.6642,5.65,4.7678,2.26,1.7665,1.7665,False,1.1494,0.4346,-0.7148,1.3318
2021102409,1035,41712,Damien Williams,RB,False,CHI,7,False,3,13.3793,0.6362,0.1362,1.1485,5.8118,5.7509,0,2,1,7.5098,69.0115,6.2507,6.39,2.3378,2.07,1.8515,1.8515,False,5.3205,5.7061,0.3856,-3.8546
2021102409,1266,42503,Jesse James,TE,True,CHI,7,False,6,14.4803,0.6886,0.1886,0.8957,4.4163,2.7018,1,1,0,11.3155,64.2943,0.0351,6.44,0.0303,0.87,5.1043,5.1043,False,8.9113,6.6239,-2.2874,-1.5196
2021102409,1290,53646,Khalil Herbert,RB,False,CHI,7,False,3,10.791,0.5131,0.0131,2.7342,3.9475,3.1099,2,2,2,15.6425,56.9058,5.2839,3.05,1.0786,3.62,0.2658,0.2658,False,0.9161,1.6759,0.7599,-1.4101
2021102409,1451,52581,Darnell Mooney,WR,False,CHI,7,False,17,23.3446,1.1101,0.6101,14.7955,4.0909,3.3441,1,1,1,8.1646,52.3045,-1.9283,8.13,2.1398,3.26,2.2045,2.2045,False,1.7357,4.1438,2.408,-1.9393
2021102409,1559,41290,Allen Robinson,WR,False,CHI,7,False,4,20.5393,0.9767,0.4767,5.4358,0.9462,0.8535,1,1,1,4.1437,9.0942,2.2025,2.09,-0.9947,4.94,-1.4358,-1.4358,False,-0.8423,-0.0868,0.7555,-1.349
2021102409,1757,44896,Chris Godwin,WR,False,TB,7,False,10,21.1,1.0034,0.5034,10.3881,1.6572,1.4787,1,2,1,11.6814,47.4419,-0.4941,7.56,-0.8978,2.86,-0.3881,-0.3881,False,1.3854,-0.0545,-1.4398,-0.3336
2021102409,1781,41233,Mike Evans,WR,False,TB,7,False,46,26.5266,1.2614,0.7614,25.9671,1.6519,-1.1092,1,1,0,4.9065,22.1329,-0.6176,9.27,9.2156,0.44,20.0329,20.0329,False,13.8429,15.9334,2.0904,4.0995
2021102409,1882,41290,Allen Robinson,WR,False,CHI,7,False,12,14.1471,0.6727,0.1727,4.1258,3.8301,0.8484,1,2,0,16.7655,65.0942,0.7285,2.87,0.2072,1.24,7.8742,7.8742,False,6.6839,4.3917,-2.2922,3.4825
2021102409,2038,39985,Giovani Bernard,RB,False,TB,7,False,9,13.0165,0.619,0.119,6.3514,6.7665,5.0447,0,2,1,18.3841,42.5986,5.3824,2.84,2.1974,1.93,2.6486,2.6486,False,5.0641,5.7399,0.6758,-3.0914
2021102409,2199,44816,Leonard Fournette,RB,False,TB,7,False,9,9.5696,0.4551,0.0,3.36,2.5236,0.78,1,1,0,16.3,16.74,0.8627,7.81,1.549,2.35,5.64,5.64,False,4.8554,5.0613,0.2059,0.5787
2021102409,2305,41233,Mike Evans,WR,False,TB,7,False,8,19.7668,0.94,0.44,15.4542,0.8204,-0.26,1,4,0,18.9248,0.0,1.1898,7.18,3.2597,1.37,-7.4542,-5.0,True,-4.035,-4.8381,-0.8032,-0.1619
2021102409,2423,44831,O.J. Howard,TE,True,TB,7,False,9,10.5109,0.4998,0.0,5.03,3.2766,1.09,1,4,1,22.89,78.18,1.2309,2.53,2.2316,1.89,3.97,3.97,False,4.1922,5.0626,0.8704,-1.0926
2021102409,2515,44896,Chris Godwin,WR,False,TB,7,False,7,13.9804,0.6648,0.1648,7.3422,1.419,0.7116,1,6,2,25.8321,45.6078,1.8428,5.92,0.9842,1.58,-0.3422,-0.3422,False,2.6685,1.9143,-0.7542,-2.2565
2021102409,2627,42899,Damiere Byrd,WR,False,CHI,7,False,10,23.3734,1.1115,0.6115,0.3843,10.0736,8.0171,0,0,0,5.2438,74.7457,1.8602,1.54,1.1354,2.9,9.6157,9.6157,False,9.2002,8.6518,-0.5484,0.9639
2021102409,2656,52581,Darnell Mooney,WR,False,CHI,7,False,22,27.5073,1.3081,0.8081,20.4067,2.8283,0.902,1,1,0,6.4719,45.4633,0.6895,9.15,3.5104,0.73,1.5933,1.5933,False,0.801,5.8096,5.0086,-4.2162
2021102409,2741,52451,Cole Kmet,TE,True,CHI,7,False,6,18.3855,0.8743,0.3743,3.6197,5.9023,5.8683,0,1,1,9.1068,17.3903,0.7014,6.57,0.7472,1.62,2.3803,2.3803,False,4.6939,4.675,-0.0189,-2.2947
2021102409,2851,52569,Tyler Johnson,WR,False,TB,7,False,12,21.1278,1.0047,0.5047,0.0169,4.8193,4.4425,1,1,1,4.9341,66.9231,3.0382,1.36,1.1629,1.83,11.9831,11.9831,False,5.6391,5.5638,-0.0752,6.4192
2021102409,3269,44896,Chris Godwin,WR,False,TB,7,False,34,19.4359,0.9242,0.4242,18.0766,5.4795,3.4907,0,4,0,22.9596,16.9834,1.9931,7.98,7.8176,3.7,15.9234,15.9234,False,7.7661,7.887,0.121,8.0364
2021102409,3413,52451,Cole Kmet,TE,True,CHI,7,False,22,16.5093,0.7851,0.2851,13.8549,1.7801,0.554,1,3,0,20.6697,59.0651,8.1582,4.44,4.0161,1.54,8.1451,8.1451,False,1.9297,2.2726,0.343,5.8725
2021102409,3458,40026,Marquise Goodwin,WR,False,CHI,7,False,12,13.6708,0.6501,0.1501,6.1438,4.1354,-2.0438,1,3,1,17.3136,43.7362,-3.7561,1.46,0.8912,1.21,5.8562,5.8562,False,6.0612,5.7453,-0.3159,0.1109
2021102409,3507,53646,Khalil Herbert,RB,False,CHI,7,False,-6,5.9989,0.2853,0.0,-4.73,1.8613,-1.69,2,5,0,25.5,44.38,1.0691,1.43,-1.3822,2.47,-1.27,-1.27,False,8.4719,4.6519,-3.82,-5.9219
2021102409,3701,46544,Deon Yelder,TE,True,TB,7,False,0,8.0145,0.3811,0.0,-2.52,5.5286,4.83,0,2,1,17.82,41.11,4.0804,4.23,0.4862,0.57,2.52,2.52,False,4.8662,3.7538,-1.1124,-1.2338
2021102409,3956,42503,Jesse James,TE,True,CHI,7,False,8,17.1071,0.8135,0.3135,2.9134,5.771,4.3068,0,1,1,11.8756,39.7366,1.0748,5.69,0.5849,1.4,5.0866,5.0866,False,4.9015,5.2442,0.3427,-0.1575
2021102409,3997,52451,Cole Kmet,TE,True,CHI,7,False,5,11.2711,0.536,0.036,2.6647,2.5222,2.3689,1,2,2,22.5991,31.5353,1.1811,7.56,0.6865,0.65,2.3353,2.3353,False,3.6298,3.7299,0.1001,-1.3946
2021102410,62,47819,Deebo Samuel,WR,False,SF,7,False,9,13.83,0.6577,0.1577,7.2815,3.8537,-2.9795,1,3,1,19.7582,71.3585,0.2818,8.39,0.3265,1.61,1.7185,1.7185,False,6.2891,6.7922,0.5032,-5.0737
2021102410,141,46671,Trent Sherfield,WR,False,SF,7,False,9,17.83,0.8479,0.3479,9.3088,2.3572,2.0422,1,2,2,12.7931,51.2212,7.7609,8.36,0.2553,1.75,-0.3088,-0.3088,False,0.0179,0.5917,0.5739,-0.9005
2021102410,503,52442,Michael Pittman,WR,False,IND,7,False,57,32.3136,1.5366,1.0366,35.6123,1.8157,-1.3191,1,1,0,9.1923,40.3277,-0.7648,7.95,7.9318,0.57,21.3877,21.3877,False,17.4775,16.9516,-0.5259,4.4362
2021102410,679,47819,Deebo Samuel,WR,False,SF,7,False,28,23.0057,1.094,0.594,16.4627,3.7835,3.2237,2,2,1,14.0076,54.4573,5.4271,7.85,0.8968,3.22,11.5373,11.5373,False,1.2669,0.5672,-0.6998,10.9701
2021102410,1524,52449,Jonathan Taylor,RB,False,IND,7,False,-1,7.9644,0.3787,0.0,-4.68,8.7378,8.73,0,2,1,19.78,70.19,4.9922,4.19,0.9333,1.96,3.68,3.68,False,7.3434,6.2652,-1.0781,-2.5852
2021102410,1635,47819,Deebo Samuel,WR,False,SF,7,False,10,15.2151,0.7235,0.2235,8.1838,2.9164,-1.7098,1,2,1,23.2026,73.9062,-1.7907,6.81,1.4484,3.33,1.8162,1.8162,False,11.1749,5.1186,-6.0564,-3.3023
2021102410,2126,44792,Mo Alie-Cox,TE,True,IND,7,False,5,10.0434,0.4776,0.0,3.58,1.6371,0.76,1,6,0,25.6,55.66,4.8571,1.75,1.4042,4.16,1.42,1.42,False,2.2261,2.4048,0.1786,-0.9848
2021102410,2150,46172,Keke Coutee,WR,False,IND,7,False,5,12.3027,0.585,0.085,4.4948,1.5224,1.5104,1,3,1,21.7509,49.6852,3.392,7.97,2.2903,1.11,0.5052,0.5052,False,1.2425,3.1791,1.9366,-2.6739
2021102410,2368,47819,Deebo Samuel,WR,False,SF,7,False,10,14.212,0.6758,0.1758,9.8439,4.5238,3.0662,2,4,1,25.2741,80.6161,-2.0499,6.07,2.1832,3.4,0.1561,0.1561,False,6.4279,6.5957,0.1678,-6.4396
2021102410,2461,38613,Mohamed Sanu,WR,False,SF,7,False,16,19.5512,0.9297,0.4297,11.796,3.1784,0.17,1,2,0,25.8325,68.644,-1.4251,6.77,2.6202,3.2,4.204,4.204,False,8.5374,9.6987,1.1613,-5.4947
2021102410,2561,52442,Michael Pittman,WR,False,IND,7,False,13,16.7966,0.7987,0.2987,11.3562,4.1951,-1.4222,1,1,0,17.0616,21.7138,0.3902,7.85,0.5899,0.58,1.6438,1.6438,False,9.9859,8.3074,-1.6784,-6.6637
2021102410,2719,47819,Deebo Samuel,WR,False,SF,7,False,8,18.0925,0.8604,0.3604,12.5617,1.778,1.0813,1,5,1,26.3475,63.2183,1.1122,5.14,1.7807,3.83,-4.5617,-4.5617,True,2.3371,2.61,0.2729,-7.1717
2021102410,2754,47819,Deebo Samuel,WR,False,SF,7,False,13,20.187,0.96,0.46,11.6843,1.9737,1.5687,1,4,2,21.0188,68.7657,-1.0565,1.35,0.3571,3.97,1.3157,1.3157,False,5.5155,3.1003,-2.4152,-1.7846
2021102410,2811,52433,Brandon Aiyuk,WR,False,SF,7,False,6,22.4465,1.0674,0.5674,6.3204,2.3321,1.5475,1,2,0,10.5714,84.3396,1.2122,1.71,1.2344,3.39,-0.3204,-0.3204,False,3.4789,3.0487,-0.4301,-3.3692
2021102410,3041,47819,Deebo Samuel,WR,False,SF,7,False,29,23.4183,1.1136,0.6136,20.9898,4.3443,1.2807,1,2,0,15.577,48.9902,-1.2156,8.04,4.6768,4.37,8.0102,8.0102,False,5.1626,4.0975,-1.0651,3.9127
2021102410,3080,52598,Charlie Woerner,TE,True,SF,7,False,27,22.4835,1.0692,0.5692,19.694,6.4894,-6.4627,0,4,0,12.4804,21.286,-1.5282,7.35,4.2588,2.96,7.306,7.306,False,12.674,10.59,-2.084,-3.284
2021102410,3108,47819,Deebo Samuel,WR,False,SF,7,False,14,19.8867,0.9457,0.4457,12.267,4.4305,0.2623,1,2,0,21.6292,1.993,-2.1802,5.55,0.2624,2.11,1.733,1.733,False,5.4031,2.397,-3.0061,-0.6639
2021102410,3226,52442,Michael Pittman,WR,False,IND,7,False,14,19.2609,0.9159,0.4159,10.3958,3.8575,-0.3225,1,3,0,22.7122,57.8742,5.148,1.3,-1.0439,3.05,3.6042,3.6042,False,3.7348,1.364,-2.3708,2.2402
2021102410,3374,44792,Mo Alie-Cox,TE,True,IND,7,False,9,10.8608,0.5165,0.0165,4.6184,3.9234,0.0651,1,4,1,21.8845,25.3616,1.0365,6.5,1.1142,1.43,4.3816,4.3816,False,5.0002,4.1796,-0.8205,0.202
2021102410,3434,52449,Jonathan Taylor,RB,False,IND,7,False,5,6.5914,0.3134,0.0,-3.57,3.5087,0.52,1,4,0,16.73,34.52,-1.5406,4.17,2.3799,1.67,8.57,8.57,False,11.5718,10.9284,-0.6434,-2.3584
2021102410,3520,52598,Charlie Woerner,TE,True,SF,7,False,3,14.1849,0.6745,0.1745,2.0695,3.1863,2.4908,1,2,2,14.0858,62.7605,3.3038,4.78,0.742,2.67,0.9305,0.9305,False,1.4446,1.1391,-0.3056,-0.2086
2021102410,3621,52442,Michael Pittman,WR,False,IND,7,False,6,15.8006,0.7514,0.2514,4.6599,1.1324,1.0652,2,4,1,13.8386,30.1401,3.2933,4.79,1.8693,1.6,1.3401,1.3401,False,0.1521,1.1304,0.9783,0.2097
2021102410,3714,52442,Michael Pittman,WR,False,IND,7,False,28,26.0325,1.2379,0.7379,16.092,6.6142,5.4293,0,2,1,4.3496,12.408,-1.0064,6.61,5.4774,1.09,11.908,11.908,False,3.1958,3.454,0.2582,8.4541
2021102410,3781,52708,Jamycal Hasty,RB,False,SF,7,False,9,12.0784,0.5744,0.0744,4.1648,7.5319,5.514,0,4,2,23.1551,57.9552,2.6504,1.11,1.006,2.81,4.8352,4.8352,False,6.013,4.2365,-1.7764,0.5986
2021102410,3805,46331,Ross Dwelley,TE,True,SF,7,False,5,11.7765,0.56,0.06,5.296,2.6129,1.5079,1,3,0,23.4663,48.914,2.3365,0.71,0.4336,1.28,-0.296,-0.296,False,2.8621,3.0814,0.2194,-3.3775
2021102500,326,47847,DK Metcalf,WR,False,SEA,7,False,84,27.7336,1.3188,0.8188,21.744,1.0204,-1.014,1,1,0,0.295,63.026,-0.5181,8.1,8.0774,1.12,62.256,30.0,False,11.0209,13.5405,2.5195,16.4595
2021102500,450,52942,Juwan Johnson,TE,True,NO,7,False,8,20.5096,0.9753,0.4753,7.8207,2.21,-0.1729,2,3,1,15.9281,50.0593,8.4664,4.1,1.8951,3.45,0.1793,0.1793,False,0.5958,0.1125,-0.4833,0.0668
2021102500,598,42412,Tyler Lockett,WR,False,SEA,7,False,5,19.0488,0.9058,0.4058,6.7124,4.7858,4.5012,1,1,1,4.5661,76.9676,1.5953,6.65,0.4002,3.68,-1.7124,-1.7124,False,1.5215,0.5475,-0.974,-2.2599
2021102500,694,44856,Gerald Everett,TE,True,SEA,7,False,5,11.9498,0.5683,0.0683,5.2938,2.3889,2.3648,1,6,1,21.7197,69.0462,6.5229,5.84,1.2282,1.57,-0.2938,-0.2938,False,1.7562,0.8387,-0.9174,-1.1325
2021102500,1069,53098,Marquez Callaway,WR,False,NO,7,False,4,20.8613,0.992,0.492,4.5952,0.6304,-0.4504,1,2,0,12.9946,53.5848,-0.1272,3.75,2.3072,1.67,-0.5952,-0.5952,False,6.3081,5.0046,-1.3035,-5.5998
2021102500,1104,44879,Alvin Kamara,RB,False,NO,7,False,7,14.969,0.7118,0.2118,0.0545,6.597,-1.5533,0,1,0,8.4445,54.1755,1.0102,3.33,1.3433,2.89,6.9455,6.9455,False,10.4461,9.576,-0.8701,-2.6306
2021102500,1240,53098,Marquez Callaway,WR,False,NO,7,False,14,26.6475,1.2672,0.7672,13.7019,0.7865,0.7398,1,1,1,20.38,40.6381,0.7017,3.39,-2.1352,2.87,0.2981,0.2981,False,0.9362,0.4236,-0.5126,-0.1255
2021102500,1264,53098,Marquez Callaway,WR,False,NO,7,False,5,14.5242,0.6907,0.1907,5.3954,4.0993,2.9788,1,3,1,7.0818,34.6446,1.4742,6.91,1.1821,3.71,-0.3954,-0.3954,False,1.1255,1.8603,0.7348,-2.2557
2021102500,1347,44879,Alvin Kamara,RB,False,NO,7,False,9,15.1407,0.72,0.22,1.7562,9.036,8.3852,0,1,1,5.2146,31.2338,0.9007,5.32,2.392,2.97,7.2438,7.2438,False,5.8217,6.6936,0.8719,0.5501
2021102500,1562,52622,Freddie Swain,WR,False,SEA,7,False,10,13.886,0.6603,0.1603,6.7563,2.5754,1.3897,2,5,1,22.8278,73.3137,3.734,1.62,1.287,1.68,3.2437,3.2437,False,2.1926,1.555,-0.6375,1.6886
2021102500,1619,44856,Gerald Everett,TE,True,SEA,7,False,10,17.3971,0.8273,0.3273,5.0454,4.7837,4.5329,1,2,1,5.8856,49.9046,1.2121,5.6,0.5358,2.1,4.9546,4.9546,False,2.0125,1.2547,-0.7579,3.7
2021102500,1792,44879,Alvin Kamara,RB,False,NO,7,False,14,14.0323,0.6673,0.1673,4.9405,7.3733,3.7223,0,3,0,14.5528,80.2095,1.3357,2.07,2.0357,3.14,9.0595,9.0595,False,8.0677,8.5168,0.4491,0.5427
2021102500,1855,44879,Alvin Kamara,RB,False,NO,7,False,6,11.1462,0.53,0.03,3.9077,8.4872,-8.4846,0,3,1,25.9682,67.6723,-2.1414,1.59,1.5889,3.81,2.0923,2.0923,False,7.1015,8.4445,1.343,-6.3522
2021102500,1900,44879,Alvin Kamara,RB,False,NO,7,False,31,11.5655,0.55,0.05,3.0255,2.3158,0.9839,1,3,0,20.7866,56.1545,-0.6512,6.7,3.1113,1.95,27.9745,27.9745,False,5.5206,8.1537,2.6331,19.8208
2021102500,1924,52513,Adam Trautman,TE,True,NO,7,False,15,19.4722,0.926,0.426,12.2557,4.4779,1.9087,1,3,1,9.0452,15.7943,3.0171,6.2,2.713,3.2,2.7443,2.7443,False,3.0416,2.1936,-0.848,0.5508
2021102500,1953,44879,Alvin Kamara,RB,False,NO,7,False,13,12.8006,0.6087,0.1087,3.6233,9.0448,6.9071,0,1,1,11.9954,10.1667,2.4102,3.54,0.1223,2.35,9.3767,9.3767,False,6.3397,6.2054,-0.1343,3.1713
2021102500,2214,44879,Alvin Kamara,RB,False,NO,7,False,6,14.1128,0.6711,0.1711,4.4293,5.137,2.7722,0,2,0,10.4735,61.8607,-0.4833,6.09,1.3399,2.73,1.5707,1.5707,False,7.4239,6.6894,-0.7346,-5.1186
2021102500,2293,52622,Freddie Swain,WR,False,SEA,7,False,1,16.8085,0.7993,0.2993,-2.6147,7.1477,6.2166,0,1,1,3.6969,90.9247,3.786,2.65,-0.0157,2.6,3.6147,3.6147,False,5.8185,3.7891,-2.0294,-0.1744
2021102500,2348,42412,Tyler Lockett,WR,False,SEA,7,False,7,17.7236,0.8428,0.3428,8.0576,1.4403,0.6433,1,2,1,14.6143,74.7424,2.0866,3.94,2.0931,2.35,-1.0576,-1.0576,False,1.3552,3.1626,1.8074,-4.2202
2021102500,2553,48318,Devine Ozigbo,RB,False,NO,7,False,7,16.9846,0.8077,0.3077,2.5194,2.5618,1.0038,1,1,0,9.8147,58.6706,-0.4123,7.54,0.8431,1.58,4.4806,4.4806,False,4.6829,5.4962,0.8133,-1.0156
2021102500,2835,52513,Adam Trautman,TE,True,NO,7,False,8,9.0261,0.4292,0.0,-0.66,7.508,-6.01,0,3,0,21.42,72.76,-4.3051,2.76,2.5012,1.88,8.66,8.66,False,8.3907,8.5789,0.1881,0.0811
2021102500,3099,53098,Marquez Callaway,WR,False,NO,7,False,30,22.9591,1.0918,0.5918,9.0819,7.1908,2.7701,0,2,0,16.4631,53.4481,-0.6429,6.07,-2.6666,2.98,20.9181,20.9181,False,7.6009,5.6043,-1.9966,15.3138
2021102500,3260,47847,DK Metcalf,WR,False,SEA,7,False,12,17.5542,0.8348,0.3348,8.9228,1.7401,1.078,1,2,0,20.7377,66.5572,2.5587,6.48,3.4435,2.59,3.0772,3.0772,False,1.4913,3.5625,2.0712,-0.4853
2021102500,3305,43460,Alex Collins,RB,False,SEA,7,False,9,9.6103,0.457,0.0,1.39,5.5009,-4.94,0,3,0,22.12,58.19,-2.8866,4.42,0.1882,1.76,7.61,7.61,False,9.1516,8.12,-1.0315,-0.51
2021102500,3350,52622,Freddie Swain,WR,False,SEA,7,False,28,13.4325,0.6388,0.1388,5.5849,3.7888,2.1154,1,4,0,22.6903,45.3651,4.507,2.0,1.1161,4.23,22.4151,22.4151,False,3.0932,1.6817,-1.4115,20.7335
2021102500,3395,52622,Freddie Swain,WR,False,SEA,7,False,0,19.2589,0.9158,0.4158,4.2344,3.4899,1.9316,1,2,1,8.9884,21.0856,0.9908,4.86,-1.5766,2.84,-4.2344,-4.2344,True,3.3747,1.7311,-1.6436,-5.9655
2021102500,3660,46160,Tre'Quan Smith,WR,False,NO,7,False,11,23.048,1.096,0.596,11.1166,1.9631,0.9613,1,1,0,12.1053,24.8934,1.1792,3.33,0.011,4.61,-0.1166,-0.1166,False,4.0884,1.1485,-2.9399,-1.2651
2021102500,3735,53098,Marquez Callaway,WR,False,NO,7,False,13,19.251,0.9155,0.4155,13.5726,3.1124,-2.3007,1,3,1,0.6473,5.5374,-1.3578,7.36,0.7284,2.83,-0.5726,-0.5726,False,2.6041,0.3002,-2.3039,-0.8728
2021102800,368,53514,Amari Rodgers,WR,False,GB,8,False,7,20.3663,0.9685,0.4685,-0.1859,7.7814,7.6958,0,1,1,7.3603,78.4059,3.0164,3.84,1.3749,2.77,7.1859,7.1859,False,8.2582,8.9523,0.694,-1.7664
2021102800,471,39983,Zach Ertz,TE,True,ARI,8,False,4,10.8635,0.5166,0.0166,3.2361,4.2823,2.5265,2,3,0,21.1693,70.5339,4.585,0.37,0.3675,1.65,0.7639,0.7639,False,3.0381,2.5011,-0.537,-1.7372
2021102800,495,37077,A.J. Green,WR,False,ARI,8,False,8,16.4933,0.7843,0.2843,6.5436,3.2831,2.9577,1,3,1,13.167,62.6964,5.6685,0.68,0.5755,0.48,1.4564,1.4564,False,1.3697,1.0466,-0.3232,0.4098
2021102800,519,39973,DeAndre Hopkins,WR,False,ARI,8,False,58,31.2429,1.4857,0.9857,25.705,2.6012,-0.3412,1,1,0,0.0,35.815,-1.0587,8.8,7.8269,2.72,32.295,30.0,False,8.1854,13.6415,5.4561,16.3585
2021102800,850,47970,Juwann Winfree,WR,False,GB,8,False,12,15.8252,0.7525,0.2525,6.5691,7.1111,-2.4691,0,3,1,11.3229,27.5009,-1.3248,6.0,1.5013,3.29,5.4309,5.4309,False,5.9702,4.8447,-1.1256,0.5862
2021102800,917,47970,Juwann Winfree,WR,False,GB,8,False,4,22.23,1.0571,0.5571,6.7002,4.8331,4.8238,1,2,1,13.3651,12.3898,1.5465,0.67,-0.5919,5.13,-2.7002,-2.7002,False,3.7781,1.9147,-1.8634,-4.615
2021102800,1261,45635,Robert Tonyan,TE,True,GB,8,False,15,15.221,0.7238,0.2238,6.3564,7.0921,3.7038,0,2,0,17.3151,73.9336,1.175,7.29,1.9052,2.09,8.6436,8.6436,False,8.3645,9.9097,1.5452,-1.2661
2021102800,1595,46116,Christian Kirk,WR,False,ARI,8,False,6,16.551,0.7871,0.2871,7.0763,1.182,0.9156,1,1,1,14.7796,74.5137,0.5957,5.41,1.1017,3.09,-1.0763,-1.0763,False,0.5084,0.4703,-0.0381,-1.5465
2021102800,1735,37139,Randall Cobb,WR,False,GB,8,False,7,17.4221,0.8285,0.3285,7.8266,4.7779,4.7574,1,1,1,9.4414,77.0234,2.0846,6.17,1.0247,3.49,-0.8266,-0.8266,False,3.4205,2.932,-0.4885,-3.7586
2021102800,2171,46276,Equanimeous St. Brown,WR,False,GB,8,False,5,15.6206,0.7428,0.2428,5.4188,1.2457,0.5653,1,2,0,7.6233,1.9712,0.2985,7.17,1.9306,3.79,-0.4188,-0.4188,False,2.6661,-0.6368,-3.3028,0.218
2021102800,2269,37077,A.J. Green,WR,False,ARI,8,False,9,24.3085,1.156,0.656,9.1035,4.4246,3.9366,1,2,1,2.5999,72.1465,1.9343,6.31,1.3011,2.1,-0.1035,-0.1035,False,0.2034,0.4444,0.241,-0.5479
2021102800,2319,46116,Christian Kirk,WR,False,ARI,8,False,8,11.464,0.5452,0.0452,5.7087,3.7906,0.7981,1,4,1,25.42,64.4113,-0.7757,6.09,4.1797,0.94,2.2913,2.2913,False,5.9793,8.4879,2.5086,-6.1966
2021102800,2389,37077,A.J. Green,WR,False,ARI,8,False,6,21.5096,1.0229,0.5229,6.4262,1.5919,1.5853,1,2,1,6.8984,53.1338,2.4288,1.51,-1.1165,3.48,-0.4262,-0.4262,False,-0.3273,0.2862,0.6135,-0.7125
2021102800,2435,48234,Antoine Wesley,WR,False,ARI,8,False,7,21.7308,1.0334,0.5334,7.344,2.3371,1.939,1,2,1,8.1776,46.186,2.061,3.48,3.101,4.79,-0.344,-0.344,False,1.6855,3.4626,1.7771,-3.8066
2021102800,2506,39973,DeAndre Hopkins,WR,False,ARI,8,False,11,22.3945,1.0649,0.5649,6.3944,2.2485,1.1577,1,2,0,13.1537,27.0256,-0.4797,5.15,2.8754,2.79,4.6056,4.6056,False,4.5357,5.2748,0.739,-0.6692
2021102800,2755,45635,Robert Tonyan,TE,True,GB,8,False,33,21.0209,0.9996,0.4996,17.5403,4.635,-4.4349,1,2,1,22.4109,36.7397,-2.5572,8.72,5.6249,0.29,15.4597,15.4597,False,8.6662,11.2017,2.5355,4.258
2021102800,2897,37139,Randall Cobb,WR,False,GB,8,False,6,17.112,0.8137,0.3137,8.5211,1.6508,-0.7039,1,4,0,21.2468,0.0,0.8442,6.01,3.892,0.98,-2.5211,-2.5211,False,-3.2884,-3.6391,-0.3507,1.118
2021102800,3096,46203,Chase Edmonds,RB,False,ARI,8,False,9,12.5736,0.5979,0.0979,-2.3309,11.8234,11.0736,0,0,0,14.5786,51.5109,-0.0929,5.46,0.6039,0.95,11.3309,11.3309,False,8.0502,8.5585,0.5083,2.7723
2021102800,3125,39983,Zach Ertz,TE,True,ARI,8,False,9,15.5073,0.7374,0.2374,6.0877,1.3118,1.0788,2,3,1,13.1595,34.2323,3.1921,0.97,0.8747,3.43,2.9123,2.9123,False,0.228,0.4423,0.2142,2.47
2021102800,3202,39983,Zach Ertz,TE,True,ARI,8,False,9,10.5777,0.503,0.003,3.5565,0.7181,-0.3838,1,5,1,19.5821,14.6535,0.1957,4.57,2.1546,1.34,5.4435,5.4435,False,3.2757,3.694,0.4183,1.7495
2021102800,3298,44995,Aaron Jones,RB,False,GB,8,False,9,10.6053,0.5043,0.0043,0.1707,8.221,8.1556,0,1,1,11.6029,75.3193,2.026,6.75,2.4662,1.47,8.8293,8.8293,False,8.3098,12.2429,3.9332,-3.4136
2021102800,3346,47970,Juwann Winfree,WR,False,GB,8,False,10,14.7363,0.7008,0.2008,5.5583,2.789,1.9766,1,2,2,9.6648,49.0817,0.6234,5.87,1.3863,4.36,4.4417,4.4417,False,2.8028,2.5616,-0.2412,1.8801
2021102800,3773,37077,A.J. Green,WR,False,ARI,8,False,23,29.3285,1.3947,0.8947,21.2762,7.9684,-0.399,0,2,1,22.0335,78.4238,-0.5706,6.75,2.0859,1.86,1.7238,1.7238,False,3.0147,4.635,1.6203,-2.9112
2021102800,3797,46116,Christian Kirk,WR,False,ARI,8,False,29,27.9808,1.3306,0.8306,25.6569,3.2768,2.6454,2,2,1,10.1035,51.1831,-0.6613,7.41,6.7746,2.97,3.3431,3.3431,False,-1.3354,0.8132,2.1485,2.5299
2021102800,3862,46116,Christian Kirk,WR,False,ARI,8,False,6,18.9136,0.8994,0.3994,6.6128,5.0101,4.5641,0,2,1,4.5568,31.2172,0.9391,4.95,2.3353,4.67,-0.6128,-0.6128,False,0.4714,0.9763,0.5049,-1.5891
2021102800,3917,46203,Chase Edmonds,RB,False,ARI,8,False,22,16.4947,0.7844,0.2844,2.7776,3.0847,1.4662,1,3,1,12.253,37.3824,0.0629,5.9,-0.1843,2.66,19.2224,19.2224,False,4.5105,1.7885,-2.722,17.4339
2021103100,230,53512,Tommy Tremble,TE,True,CAR,8,False,4,10.6539,0.5066,0.0066,4.0083,1.7444,1.6545,3,4,2,23.9559,65.0017,2.565,0.67,-0.2634,1.38,-0.0083,-0.0083,False,0.3851,0.4907,0.1056,-0.499
2021103100,422,53512,Tommy Tremble,TE,True,CAR,8,False,13,17.7919,0.8461,0.3461,12.2919,2.8276,-2.1407,3,4,1,24.8228,13.8081,0.9495,2.89,1.2769,2.97,0.7081,0.7081,False,5.5215,3.1738,-2.3477,-2.4657
2021103100,587,42469,Mike Davis,RB,False,ATL,8,False,4,11.3638,0.5404,0.0404,-0.8054,6.4686,6.3923,0,2,1,9.917,80.6854,0.7697,6.36,1.1033,1.53,4.8054,4.8054,False,6.2352,7.3711,1.136,-2.5657
2021103100,744,46170,Ian Thomas,TE,True,CAR,8,False,10,14.3877,0.6842,0.1842,5.4636,5.0747,4.168,0,2,2,15.1216,85.1364,0.8422,1.62,0.0195,3.62,4.5364,4.5364,False,2.1876,2.5513,0.3637,1.9851
2021103100,798,48374,Olamide Zaccheaus,WR,False,ATL,8,False,12,19.2478,0.9153,0.4153,13.5548,0.7092,0.3001,2,4,1,25.1374,47.2752,1.66,6.2,0.9025,3.83,-1.5548,-1.5548,False,0.0978,-0.1186,-0.2164,-1.4362
2021103100,923,46094,Hayden Hurst,TE,True,ATL,8,False,7,15.2067,0.7231,0.2231,4.2909,7.2952,-6.1245,0,2,0,19.7087,32.6691,1.7051,2.92,-0.0856,4.56,2.7091,2.7091,False,8.869,6.011,-2.858,-3.3019
2021103100,947,43429,Tajae Sharpe,WR,False,ATL,8,False,7,15.7878,0.7508,0.2508,4.6895,2.4974,-0.0352,1,2,0,15.6339,25.1905,2.2221,2.68,0.3568,0.35,2.3105,2.3105,False,4.7069,3.0837,-1.6232,-0.7731
2021103100,1032,39975,Cordarrelle Patterson,RB,False,ATL,8,False,15,12.2833,0.5841,0.0841,3.002,1.8451,1.628,1,4,1,22.5467,12.448,2.6527,1.35,-0.0956,2.36,11.998,11.998,False,2.2549,0.8152,-1.4397,11.1828
2021103100,1151,46093,D.J. Moore,WR,False,CAR,8,False,23,16.9993,0.8084,0.3084,13.9857,7.1813,-2.0,0,2,1,19.5831,47.9343,2.5695,6.66,5.1743,1.38,9.0143,9.0143,False,3.7593,6.5828,2.8235,2.4315
2021103100,1307,53433,Kyle Pitts,TE,True,ATL,8,False,11,19.0882,0.9077,0.4077,6.4916,1.1127,0.9524,2,2,1,18.4325,68.5084,3.0401,6.42,1.6226,1.94,4.5084,4.5084,False,0.3816,1.3753,0.9936,3.1332
2021103100,1352,42469,Mike Davis,RB,False,ATL,8,False,2,9.2488,0.4398,0.0,-8.04,6.1798,-1.52,0,2,0,9.35,72.11,-2.567,3.83,1.3819,3.43,10.04,10.04,False,12.7111,13.3004,0.5893,-3.2604
2021103100,1456,53433,Kyle Pitts,TE,True,ATL,8,False,2,16.2831,0.7743,0.2743,4.2128,0.9389,0.7623,1,2,2,8.8739,44.1172,0.395,6.14,-1.12,2.5,-2.2128,-2.2128,False,1.6294,0.063,-1.5665,-2.2758
2021103100,1480,39975,Cordarrelle Patterson,RB,False,ATL,8,False,1,12.6311,0.6007,0.1007,-1.0875,3.4243,3.2962,3,6,2,18.3987,45.9675,3.551,4.37,1.6144,2.81,2.0875,2.0875,False,4.6664,3.9491,-0.7173,-1.8616
2021103100,1879,53555,Chuba Hubbard,RB,False,CAR,8,False,9,13.462,0.6402,0.1402,3.3188,8.8514,8.7072,0,1,1,14.4894,69.9012,4.1401,3.04,1.9177,3.66,5.6812,5.6812,False,5.54,7.0696,1.5296,-1.3884
2021103100,1908,46093,D.J. Moore,WR,False,CAR,8,False,21,27.6417,1.3145,0.8145,21.4868,4.0954,-0.6579,1,3,0,21.9079,42.9332,-0.759,7.14,2.5622,3.39,-0.4868,-0.4868,False,6.7828,2.7252,-4.0576,-3.212
2021103100,2051,39975,Cordarrelle Patterson,RB,False,ATL,8,False,18,17.3581,0.8254,0.3254,10.9086,1.5103,0.1994,1,4,0,22.664,63.9514,0.4596,5.59,3.0991,1.09,7.0914,7.0914,False,4.7293,6.9796,2.2503,0.1119
2021103100,2096,39975,Cordarrelle Patterson,RB,False,ATL,8,False,1,7.4287,0.3533,0.0,1.5,1.382,1.23,1,5,2,19.98,52.48,2.9214,1.18,0.6832,4.28,-0.5,-0.5,False,1.2098,2.3192,1.1094,-2.8192
2021103100,2374,46093,D.J. Moore,WR,False,CAR,8,False,11,11.5078,0.5472,0.0472,7.9512,3.5878,3.5878,1,2,1,18.804,25.9388,9.7863,6.13,5.3178,1.35,3.0488,3.0488,False,1.1773,2.785,1.6076,0.2638
2021103100,2472,53512,Tommy Tremble,TE,True,CAR,8,False,1,12.0408,0.5726,0.0726,-0.4226,4.7854,4.4532,1,2,2,10.2154,6.9626,1.9732,6.86,0.7908,0.82,1.4226,1.4226,False,5.1311,5.2706,0.1394,-3.848
2021103100,2573,46094,Hayden Hurst,TE,True,ATL,8,False,-3,5.6015,0.2664,0.0,-2.08,5.4631,4.96,0,3,1,24.17,63.42,4.2735,6.32,-0.1588,1.05,-0.92,-0.92,False,4.99,3.4921,-1.4979,-4.4121
2021103100,2602,39975,Cordarrelle Patterson,RB,False,ATL,8,False,2,10.0126,0.4761,0.0,0.88,4.4345,4.43,1,3,1,18.56,63.44,4.8387,4.19,2.5923,2.44,1.12,1.12,False,3.6766,4.2565,0.5799,-3.1365
2021103100,2685,43429,Tajae Sharpe,WR,False,ATL,8,False,9,14.6024,0.6944,0.1944,7.2304,1.5207,0.5,2,3,1,26.3835,36.9996,0.9274,7.34,1.2367,1.08,1.7696,1.7696,False,1.9288,1.5703,-0.3584,0.1993
2021103100,2959,42397,Ameer Abdullah,RB,False,CAR,8,False,11,10.8197,0.5145,0.0145,3.9558,2.2812,-0.3949,1,4,1,21.7264,30.0842,-0.0781,5.56,3.1588,1.55,7.0442,7.0442,False,5.4206,6.672,1.2514,0.3722
2021103100,3424,43429,Tajae Sharpe,WR,False,ATL,8,False,17,18.9551,0.9014,0.4014,15.7544,1.6593,0.3562,1,3,1,22.8325,60.0956,1.2041,6.6,2.7265,2.19,1.2456,1.2456,False,1.719,4.2992,2.5802,-3.0535
2021103100,3448,42469,Mike Davis,RB,False,ATL,8,False,5,5.4939,0.2613,0.0,0.77,3.319,-3.24,1,6,1,26.15,58.45,-0.1483,1.88,1.7773,2.5,4.23,4.23,False,8.4297,6.0298,-2.4,-1.7998
2021103100,3472,42469,Mike Davis,RB,False,ATL,8,False,8,7.1842,0.3416,0.0,-1.13,6.5317,0.39,0,4,0,18.78,55.66,-5.7302,4.74,-0.0397,0.18,9.13,9.13,False,10.2446,8.5733,-1.6713,0.5567
2021103100,3539,43429,Tajae Sharpe,WR,False,ATL,8,False,15,22.7278,1.0808,0.5808,11.1185,2.4064,-1.8336,1,3,1,15.0789,34.4415,-4.6791,4.72,3.0966,1.32,3.8815,3.8815,False,5.9869,7.9342,1.9473,-4.0527
2021103100,3745,43429,Tajae Sharpe,WR,False,ATL,8,False,10,16.9095,0.8041,0.3041,10.0239,4.1031,0.2756,1,4,0,16.9625,50.1761,-0.8573,1.67,1.5585,4.47,-0.0239,-0.0239,False,5.921,2.8203,-3.1006,-2.8443
2021103101,62,47857,Devin Singletary,RB,False,BUF,8,False,1,14.1896,0.6748,0.1748,-3.6288,10.3494,10.3245,0,0,0,10.1143,82.4588,3.8081,6.57,1.5516,2.01,4.6288,4.6288,False,8.9567,8.4895,-0.4672,-3.8607
2021103101,210,42357,DeVante Parker,WR,False,MIA,8,False,23,22.407,1.0655,0.5655,12.8256,0.3834,-0.3212,1,1,0,2.6169,61.0644,0.0991,7.09,6.9238,2.48,10.1744,10.1744,False,7.7817,10.1116,2.3299,0.0628
2021103101,277,53435,Jaylen Waddle,WR,False,MIA,8,False,7,20.0042,0.9513,0.4513,3.7734,3.1222,0.7587,1,1,0,9.9627,39.4766,0.0843,7.15,0.9605,1.9,3.2266,3.2266,False,5.9469,4.0424,-1.9045,-0.8158
2021103101,338,42357,DeVante Parker,WR,False,MIA,8,False,8,14.6624,0.6972,0.1972,7.6269,1.754,1.7336,3,5,1,19.4195,23.3831,5.4965,2.35,2.012,0.79,0.3731,0.3731,False,0.3416,0.4245,0.083,-0.0514
2021103101,405,53435,Jaylen Waddle,WR,False,MIA,8,False,0,12.5428,0.5965,0.0965,0.9076,0.8521,0.8519,2,5,2,17.3534,17.3624,1.4184,7.92,-2.0979,1.13,-0.9076,-0.9076,False,1.0865,0.3143,-0.7722,-1.2219
2021103101,759,53435,Jaylen Waddle,WR,False,MIA,8,False,8,19.3713,0.9212,0.4212,5.8806,5.9541,5.7642,0,1,1,5.193,58.3794,-0.6484,5.74,0.1202,4.28,2.1194,2.1194,False,2.8839,1.3085,-1.5754,0.8109
2021103101,799,42357,DeVante Parker,WR,False,MIA,8,False,15,13.2317,0.6292,0.1292,9.123,5.9896,-4.0919,0,4,0,25.5496,50.317,3.8924,5.49,3.7379,3.27,5.877,5.877,False,6.5443,8.668,2.1237,-2.791
2021103101,962,52536,Gabe Davis,WR,False,BUF,8,False,11,13.3199,0.6334,0.1334,6.1733,2.6578,0.0995,2,3,1,15.7457,67.1567,1.0491,2.14,2.1232,1.72,4.8267,4.8267,False,3.1574,4.6667,1.5094,0.16
2021103101,1126,48017,Myles Gaskin,RB,False,MIA,8,False,22,11.4652,0.5452,0.0452,4.3341,2.4734,1.8006,1,4,2,26.0197,58.6059,0.3955,7.97,0.0904,0.66,17.6659,17.6659,False,4.4458,4.0783,-0.3674,13.5876
2021103101,1251,38947,Cole Beasley,WR,False,BUF,8,False,20,23.1642,1.1015,0.6015,19.8842,3.2629,-2.4404,1,3,0,14.3608,56.3658,-1.1676,6.86,6.8228,1.91,0.1158,0.1158,False,8.7087,12.406,3.6973,-12.2902
2021103101,1435,42357,DeVante Parker,WR,False,MIA,8,False,8,16.8132,0.7995,0.2995,3.446,2.5952,2.4028,1,2,1,8.4599,65.774,2.572,1.56,-0.7477,4.16,4.554,4.554,False,1.3845,2.1545,0.77,2.3995
2021103101,1485,46111,Mike Gesicki,TE,True,MIA,8,False,3,15.563,0.7401,0.2401,3.7458,1.8776,-0.3203,2,4,1,15.0132,54.6842,5.2325,0.84,-0.1841,1.24,-0.7458,-0.7458,False,1.3122,1.1754,-0.1368,-1.9212
2021103101,1530,48472,Patrick Laird,RB,False,MIA,8,False,11,15.142,0.7201,0.2201,3.6185,12.9621,11.0675,0,0,0,10.005,51.4815,1.6339,6.46,2.22,2.31,7.3815,7.3815,False,8.6662,9.7055,1.0393,-2.324
2021103101,1695,52494,Zack Moss,RB,False,BUF,8,False,8,10.7515,0.5113,0.0113,-4.0609,9.3113,8.3482,0,1,1,9.1426,62.1909,4.7565,6.91,3.4654,2.61,12.0609,12.0609,False,8.3179,8.6881,0.3702,3.3728
2021103101,1780,48011,Tommy Sweeney,TE,True,BUF,8,False,6,9.2439,0.4396,0.0,3.93,3.2988,3.23,1,5,1,19.6,46.2,3.622,8.42,1.7636,1.66,2.07,2.07,False,2.4283,4.2767,1.8484,-2.2067
2021103101,1834,44857,Adam Shaheen,TE,True,MIA,8,False,8,14.8674,0.707,0.207,5.8486,0.9079,-0.1363,1,1,0,17.3843,35.4214,-0.2253,6.92,1.0563,4.46,2.1514,2.1514,False,4.0307,0.3388,-3.6919,1.8126
2021103101,1929,46111,Mike Gesicki,TE,True,MIA,8,False,5,11.348,0.5396,0.0396,4.0458,4.0551,3.8799,1,5,1,22.1911,14.0442,5.7807,5.51,3.4248,2.82,0.9542,0.9542,False,2.4782,2.4464,-0.0318,-1.4922
2021103101,2120,42357,DeVante Parker,WR,False,MIA,8,False,1,25.9386,1.2335,0.7335,4.4518,3.5415,2.835,1,1,1,2.0863,73.9782,2.6242,2.48,-0.7064,4.5,-3.4518,-3.4518,True,0.3191,1.1377,0.8186,-4.5895
2021103101,2306,48017,Myles Gaskin,RB,False,MIA,8,False,-1,9.5635,0.4548,0.0,-2.13,4.3866,4.14,1,1,1,12.69,56.32,2.0291,6.83,1.3056,1.65,1.13,1.13,False,5.7884,6.8202,1.0318,-5.6902
2021103101,2527,38947,Cole Beasley,WR,False,BUF,8,False,15,18.1012,0.8608,0.3608,10.6714,5.5255,2.2396,0,1,0,18.4795,68.5686,-1.6657,5.94,0.6415,0.46,4.3286,4.3286,False,8.8442,8.6279,-0.2163,-4.2993
2021103101,2551,52494,Zack Moss,RB,False,BUF,8,False,4,23.058,1.0965,0.5965,3.0677,1.4337,-0.0137,1,1,0,0.3566,61.1523,3.2642,0.71,0.0129,1.05,0.9323,0.9323,False,2.1426,0.7916,-1.351,0.1407
2021103101,2616,38947,Cole Beasley,WR,False,BUF,8,False,6,19.626,0.9333,0.4333,5.6614,5.8963,2.4562,0,2,1,7.4827,44.4586,0.7294,6.32,0.9494,3.08,0.3386,0.3386,False,3.6066,2.5056,-1.1011,-2.1669
2021103101,2813,52536,Gabe Davis,WR,False,BUF,8,False,8,18.3641,0.8733,0.3733,7.726,15.1812,-2.7362,0,0,0,6.2113,0.214,-1.9709,7.7,5.4008,2.47,0.274,0.274,False,2.154,1.5582,-0.5958,-1.2842
2021103101,2908,52922,Salvon Ahmed,RB,False,MIA,8,False,6,12.6694,0.6025,0.1025,-0.3859,7.8404,6.7498,0,1,1,12.1727,82.6459,3.4021,5.02,2.4796,2.29,6.3859,6.3859,False,6.7151,6.6073,-0.1078,-0.2214
2021103101,2979,35521,Emmanuel Sanders,WR,False,BUF,8,False,8,13.5657,0.6451,0.1451,4.7182,1.7437,0.2063,1,4,0,22.9665,64.5918,0.4166,7.87,0.9523,0.61,3.2818,3.2818,False,4.484,3.0993,-1.3847,0.1826
2021103101,3067,38947,Cole Beasley,WR,False,BUF,8,False,17,16.6855,0.7935,0.2935,12.7596,2.2208,0.9727,1,1,0,19.7068,51.4304,1.5512,7.91,4.0538,1.19,4.2404,4.2404,False,3.5941,5.0978,1.5037,-0.8574
2021103101,3234,38947,Cole Beasley,WR,False,BUF,8,False,14,20.4015,0.9702,0.4702,10.7416,4.4664,2.9973,1,2,1,8.7146,22.0084,-0.662,6.67,1.4073,3.1,3.2584,3.2584,False,3.5201,2.8504,-0.6697,0.408
2021103101,3290,42489,Stefon Diggs,WR,False,BUF,8,False,19,17.226,0.8192,0.3192,12.3022,2.5047,0.6397,1,2,0,17.9647,6.6978,0.2622,8.43,6.3361,3.66,6.6978,6.6978,False,4.4173,4.0546,-0.3627,2.6432
2021103101,3372,42357,DeVante Parker,WR,False,MIA,8,False,12,19.6703,0.9354,0.4354,4.3534,1.6384,0.9764,1,2,0,6.2196,70.9266,2.5657,1.96,-0.4516,4.37,7.6466,7.6466,False,0.745,0.6122,-0.1328,7.0344
2021103101,3496,53435,Jaylen Waddle,WR,False,MIA,8,False,10,22.5118,1.0705,0.5705,11.4577,1.6892,-0.6114,1,2,1,10.8083,47.8723,3.0066,0.36,0.2064,4.64,-1.4577,-1.4577,False,2.4598,0.7702,-1.6896,-2.2279
2021103101,3520,42357,DeVante Parker,WR,False,MIA,8,False,4,13.8064,0.6565,0.1565,4.5347,1.6961,1.6725,1,3,1,14.0375,44.2753,4.1923,0.32,0.2859,4.05,-0.5347,-0.5347,False,0.7476,0.5146,-0.233,-1.0493
2021103101,3588,46111,Mike Gesicki,TE,True,MIA,8,False,40,21.7422,1.0339,0.5339,21.3866,1.1916,-1.0681,1,1,0,15.9436,23.0634,-0.3693,8.31,5.2567,0.49,18.6134,18.6134,False,12.5311,9.102,-3.4291,9.5114
2021103101,3700,48011,Tommy Sweeney,TE,True,BUF,8,False,13,17.2127,0.8185,0.3185,11.5161,1.6133,-0.3437,1,4,0,21.5001,68.7339,1.1436,7.9,3.4097,1.61,1.4839,1.4839,False,5.5653,7.1911,1.6258,-5.7072
2021103101,3760,48011,Tommy Sweeney,TE,True,BUF,8,False,11,10.853,0.5161,0.0161,2.0696,8.6088,-8.0592,0,3,1,15.8255,64.1204,-2.7857,3.1,3.081,2.98,8.9304,8.9304,False,7.8645,9.2964,1.4318,-0.366
2021103101,3830,38947,Cole Beasley,WR,False,BUF,8,False,20,22.0983,1.0509,0.5509,16.058,4.7382,3.0797,1,3,0,26.5336,40.252,-1.8945,7.57,3.6816,2.77,3.942,3.942,False,8.5358,6.6112,-1.9245,-2.6692
2021103101,4284,48472,Patrick Laird,RB,False,MIA,8,False,10,8.4481,0.4017,0.0,-3.02,8.4174,-1.21,0,2,0,18.18,78.3,-2.1669,5.58,3.3034,1.26,13.02,13.02,False,13.7304,14.6762,0.9458,-1.6562
2021103102,109,38613,Mohamed Sanu,WR,False,SF,8,False,21,13.8255,0.6575,0.1575,8.2022,1.4775,0.7748,1,2,0,22.6489,58.9278,0.6357,7.26,5.5394,1.58,12.7978,12.7978,False,3.5526,7.9543,4.4018,4.8435
2021103102,295,38613,Mohamed Sanu,WR,False,SF,8,False,19,30.7216,1.4609,0.9609,17.7286,4.0884,1.97,1,3,1,24.6349,31.6414,4.1645,3.42,-1.2607,1.18,1.2714,1.2714,False,0.5879,0.8681,0.2802,0.4033
2021103102,398,52581,Darnell Mooney,WR,False,CHI,8,False,14,28.184,1.3402,0.8402,13.7059,4.837,4.8008,1,2,1,7.1376,45.7841,-0.7245,1.16,0.8282,4.98,0.2941,0.2941,False,1.3241,1.6909,0.3668,-1.3969
2021103102,475,52581,Darnell Mooney,WR,False,CHI,8,False,6,18.9796,0.9025,0.4025,5.9167,5.6865,5.6536,0,2,1,7.6151,25.6733,0.4293,6.5,0.6128,3.15,0.0833,0.0833,False,3.4742,4.0077,0.5335,-3.9244
2021103102,555,42503,Jesse James,TE,True,CHI,8,False,11,13.588,0.6462,0.1462,7.0879,5.2592,0.8446,0,3,1,17.9429,25.1821,2.5078,1.5,1.2856,1.65,3.9121,3.9121,False,4.2681,3.5103,-0.7578,0.4018
2021103102,657,47819,Deebo Samuel,WR,False,SF,8,False,11,20.0801,0.9549,0.4549,5.3688,6.6866,5.2827,0,4,3,16.5901,42.7912,0.7797,2.39,-0.5303,1.64,5.6312,5.6312,False,7.2968,3.5588,-3.738,2.0724
2021103102,724,52708,Jamycal Hasty,RB,False,SF,8,False,6,14.6615,0.6972,0.1972,2.5603,2.1492,0.5114,1,1,0,8.8141,34.7297,-1.2305,6.37,0.8127,2.87,3.4397,3.4397,False,6.5524,4.0864,-2.466,-0.6466
2021103102,870,52581,Darnell Mooney,WR,False,CHI,8,False,11,14.0073,0.6661,0.1661,7.9359,3.0804,1.3584,2,3,0,26.0547,60.6341,2.9355,1.18,1.1796,4.16,3.0641,3.0641,False,3.4622,1.4563,-2.0059,1.6078
2021103102,894,52451,Cole Kmet,TE,True,CHI,8,False,16,10.0404,0.4775,0.0,4.06,7.05,-5.64,0,1,0,22.53,52.99,-4.8336,5.45,3.8362,2.03,11.94,11.94,False,9.1374,13.58,4.4426,-1.64
2021103102,1038,52451,Cole Kmet,TE,True,CHI,8,False,6,12.7464,0.6061,0.1061,4.2669,0.9496,0.6314,1,2,0,19.718,13.1531,0.364,7.45,1.1012,0.54,1.7331,1.7331,False,2.7136,1.5138,-1.1998,0.2194
2021103102,1083,42503,Jesse James,TE,True,CHI,8,False,8,19.5618,0.9302,0.4302,10.1166,2.8907,0.3792,2,2,0,7.7761,0.0,-1.39,8.09,1.6889,1.3,-2.1166,-2.1166,False,-3.6875,-4.0679,-0.3803,1.9512
2021103102,1176,52433,Brandon Aiyuk,WR,False,SF,8,False,23,19.8761,0.9452,0.4452,11.9837,4.3482,0.6031,1,3,0,11.0743,64.3863,-0.3479,7.94,1.1763,0.4,11.0163,11.0163,False,8.0482,10.5928,2.5446,0.4235
2021103102,1200,47819,Deebo Samuel,WR,False,SF,8,False,16,26.2118,1.2465,0.7465,18.8592,1.775,-0.459,1,1,0,23.8618,34.2608,-0.104,6.09,1.1912,3.73,-2.8592,-2.8592,False,4.9753,0.2293,-4.746,-3.0885
2021103102,1405,41290,Allen Robinson,WR,False,CHI,8,False,10,15.1425,0.7201,0.2201,6.2623,2.7361,1.5915,1,2,0,14.8296,70.9877,-0.7682,2.09,0.7374,4.91,3.7377,3.7377,False,4.9532,3.175,-1.7782,0.5627
2021103102,1471,52581,Darnell Mooney,WR,False,CHI,8,False,4,13.7251,0.6527,0.1527,4.1283,3.4439,3.3731,1,4,1,5.9132,56.7417,2.3591,7.98,1.4953,0.36,-0.1283,-0.1283,False,0.6311,4.1883,3.5571,-4.3166
2021103102,1716,52451,Cole Kmet,TE,True,CHI,8,False,2,10.4077,0.4949,0.0,2.59,2.4808,2.38,1,4,2,24.73,16.45,4.3991,7.11,1.4807,1.02,-0.59,-0.59,False,1.0067,1.9123,0.9056,-2.5023
2021103102,1852,52433,Brandon Aiyuk,WR,False,SF,8,False,6,14.4583,0.6875,0.1875,4.9385,1.0141,0.8401,1,2,1,16.2782,70.2115,1.362,5.52,2.4449,2.44,1.0615,1.0615,False,0.9788,2.7013,1.7225,-1.6398
2021103102,1876,52433,Brandon Aiyuk,WR,False,SF,8,False,15,13.3943,0.6369,0.1369,5.7618,1.6282,0.4631,1,3,0,17.1611,63.9582,-0.0928,6.31,3.8831,1.36,9.2382,9.2382,False,4.6137,7.8532,3.2395,1.3851
2021103102,1934,47819,Deebo Samuel,WR,False,SF,8,False,50,32.0625,1.5247,1.0247,33.0715,2.0266,-0.4135,1,1,0,18.6951,21.0085,-0.0691,9.65,8.9896,1.35,16.9285,16.9285,False,16.2493,17.0292,0.7799,-0.1007
2021103102,2077,42503,Jesse James,TE,True,CHI,8,False,19,20.6898,0.9839,0.4839,13.1435,2.9623,-2.2736,1,1,0,11.0491,56.0565,0.6784,8.07,2.6938,0.73,5.8565,5.8565,False,10.301,11.4475,1.1465,-5.5909
2021103102,2186,40026,Marquise Goodwin,WR,False,CHI,8,False,22,16.7745,0.7977,0.2977,10.8608,2.9298,-0.1024,2,3,1,19.104,27.6492,0.5142,7.78,5.0413,0.25,11.1392,11.1392,False,2.3712,6.5034,4.1322,4.6358
2021103102,2231,41290,Allen Robinson,WR,False,CHI,8,False,6,13.593,0.6464,0.1464,6.2607,1.608,-0.6116,2,3,1,16.5561,14.4393,2.7265,0.12,0.0729,1.52,-0.2607,-0.2607,False,2.4134,0.95,-1.4634,-1.2107
2021103102,2312,53646,Khalil Herbert,RB,False,CHI,8,False,2,12.3863,0.589,0.089,0.197,7.2311,6.3306,0,2,2,9.3556,9.293,3.2727,5.16,0.7529,3.07,1.803,1.803,False,6.2777,3.1931,-3.0846,-1.3901
2021103102,2757,52581,Darnell Mooney,WR,False,CHI,8,False,9,17.7009,0.8417,0.3417,2.7508,5.3941,3.4022,0,2,1,9.0905,72.1192,0.6567,6.7,-0.0854,1.02,6.2492,6.2492,False,4.523,3.5959,-0.9271,2.6533
2021103102,2954,47819,Deebo Samuel,WR,False,SF,8,False,15,25.8363,1.2286,0.7286,20.604,1.3943,1.1337,2,2,1,20.9364,32.506,-1.5137,5.29,0.1016,2.83,-5.604,-5.0,True,1.1153,1.0745,-0.0408,-6.0745
2021103102,3005,52598,Charlie Woerner,TE,True,SF,8,False,7,12.297,0.5848,0.0848,6.2729,2.7994,2.0809,1,2,1,18.7201,29.1071,0.0771,4.45,1.3322,3.5,0.7271,0.7271,False,3.5489,3.0743,-0.4745,-2.3473
2021103102,3029,40078,Kyle Juszczyk,FB,False,SF,8,False,11,13.6618,0.6497,0.1497,5.1256,4.6854,3.6548,1,2,2,17.0423,22.3244,0.8967,3.77,0.5722,1.28,5.8744,5.8744,False,3.0304,3.7812,0.7509,2.0931
2021103102,3110,52433,Brandon Aiyuk,WR,False,SF,8,False,0,13.8747,0.6598,0.1598,7.4021,3.4609,-1.8428,1,3,0,25.6504,0.0,-0.8365,6.1,3.8932,1.51,-7.4021,-5.0,True,-4.9709,-4.9689,0.002,-0.0311
2021103102,3172,40026,Marquise Goodwin,WR,False,CHI,8,False,10,18.8989,0.8987,0.3987,4.6044,3.8172,3.561,1,2,1,6.6124,64.9756,0.9587,0.38,0.0862,3.0,5.3956,5.3956,False,0.4659,1.0179,0.5519,4.3778
2021103102,3256,52581,Darnell Mooney,WR,False,CHI,8,False,20,26.4471,1.2577,0.7577,15.4368,5.0381,5.0284,0,2,1,6.0153,35.5532,-0.6264,2.18,1.6325,4.97,4.5632,4.5632,False,0.8523,0.9703,0.118,3.5928
2021103102,3323,41290,Allen Robinson,WR,False,CHI,8,False,5,16.8452,0.801,0.301,6.3016,2.1755,1.6715,2,2,1,5.9095,21.8484,3.248,6.18,0.0054,1.46,-1.3016,-1.3016,False,0.0052,0.1479,0.1427,-1.4495
2021103102,3414,38613,Mohamed Sanu,WR,False,SF,8,False,19,18.0696,0.8593,0.3593,15.0234,5.7613,5.7603,0,2,1,21.9763,60.2066,2.5697,6.22,3.5445,4.72,3.9766,3.9766,False,4.1615,3.9522,-0.2093,0.0244
2021103102,3480,52708,Jamycal Hasty,RB,False,SF,8,False,23,11.3528,0.5399,0.0399,5.3649,3.3779,0.2382,1,4,1,20.2846,22.8951,-0.4656,5.8,3.1325,0.31,17.6351,17.6351,False,5.0667,7.0484,1.9817,10.5867
2021103103,55,43370,Austin Hooper,TE,True,CLE,8,False,6,12.2856,0.5842,0.0842,5.7006,1.5247,1.1044,2,4,1,14.4975,70.2894,2.237,3.92,0.8384,1.67,0.2994,0.2994,False,0.7044,1.9172,1.2128,-1.6178
2021103103,148,43461,Rashard Higgins,WR,False,CLE,8,False,16,25.882,1.2308,0.7308,18.178,3.1823,2.76,2,2,1,24.6186,33.282,2.986,5.99,1.5846,4.66,-2.178,-2.178,False,-0.0263,1.0121,1.0384,-3.1901
2021103103,193,52523,Harrison Bryant,TE,True,CLE,8,False,12,21.5781,1.0261,0.5261,11.3234,4.2124,3.5254,1,4,1,9.47,21.8466,-2.2313,2.52,2.5154,5.42,0.6766,0.6766,False,2.8108,3.5086,0.6977,-2.832
2021103103,217,43370,Austin Hooper,TE,True,CLE,8,False,8,12.7131,0.6046,0.1046,3.3593,5.4963,4.5114,0,2,1,10.8781,17.7507,-3.982,4.8,-0.0067,3.22,4.6407,4.6407,False,7.315,4.5229,-2.7921,0.1178
2021103103,394,53484,Pat Freiermuth,TE,True,PIT,8,False,11,13.1402,0.6249,0.1249,5.1181,1.8225,0.6411,1,2,1,19.5171,66.7419,-0.2154,4.92,2.3875,1.81,5.8819,5.8819,False,4.4868,6.0238,1.537,-0.1419
2021103103,503,53484,Pat Freiermuth,TE,True,PIT,8,False,8,11.6053,0.5519,0.0519,4.5996,4.9839,4.5674,1,2,1,26.4614,43.3804,2.5301,4.35,2.3051,2.13,3.4004,3.4004,False,2.9285,3.1907,0.2622,0.2097
2021103103,712,41292,Jarvis Landry,WR,False,CLE,8,False,19,22.9616,1.0919,0.5919,14.6795,3.7836,-1.7966,1,2,1,14.0049,53.0105,-1.1433,6.61,2.6854,3.42,4.3205,4.3205,False,7.2649,5.2508,-2.0142,-0.9302
2021103103,736,46104,Nick Chubb,RB,False,CLE,8,False,8,5.7546,0.2737,0.0,-7.17,4.5328,-0.69,1,3,0,19.55,55.98,-8.3147,6.81,0.6941,1.86,15.17,15.17,False,11.787,11.2759,-0.5111,3.8941
2021103103,899,52457,Chase Claypool,WR,False,PIT,8,False,12,17.3795,0.8265,0.3265,11.7583,3.0405,2.5303,2,3,1,24.464,40.6417,6.0726,3.56,2.4147,3.03,0.2417,0.2417,False,0.7656,1.373,0.6073,-1.1313
2021103103,944,47849,Diontae Johnson,WR,False,PIT,8,False,17,21.6663,1.0303,0.5303,15.2391,8.0464,8.0196,0,3,1,2.1185,19.7709,-4.2273,2.71,-1.02,3.98,1.7609,1.7609,False,1.9161,0.2193,-1.6967,1.5416
2021103103,1119,53484,Pat Freiermuth,TE,True,PIT,8,False,9,17.0506,0.8108,0.3108,5.9172,5.9116,4.4239,0,2,2,6.6296,16.0128,-1.2273,6.07,0.7954,1.12,3.0828,3.0828,False,1.225,1.3283,0.1033,1.7544
2021103103,1641,46129,James Washington,WR,False,PIT,8,False,4,11.6733,0.5551,0.0551,0.2743,6.8838,6.7792,0,3,2,16.1554,51.9757,0.2808,6.33,0.9859,1.73,3.7257,3.7257,False,5.8729,5.8446,-0.0283,-2.1189
2021103103,1665,47849,Diontae Johnson,WR,False,PIT,8,False,9,24.5923,1.1695,0.6695,12.2972,4.4113,3.1674,1,2,1,4.3622,38.0528,-0.3654,5.91,1.9378,4.51,-3.2972,-3.2972,True,-0.4019,-0.6416,-0.2397,-2.6556
2021103103,1955,43461,Rashard Higgins,WR,False,CLE,8,False,11,22.2858,1.0598,0.5598,6.4702,5.3276,1.8985,0,2,1,6.7296,76.7798,2.6573,3.36,2.7872,4.09,4.5298,4.5298,False,2.5898,2.9415,0.3518,1.5883
2021103103,2329,41292,Jarvis Landry,WR,False,CLE,8,False,15,14.5189,0.6904,0.1904,4.2851,4.0542,0.8793,1,4,1,23.6882,55.2949,-1.5195,5.98,1.1298,1.83,10.7149,10.7149,False,5.7021,5.3904,-0.3117,5.3245
2021103103,2353,52523,Harrison Bryant,TE,True,CLE,8,False,21,14.1862,0.6746,0.1746,8.651,4.2422,-4.0569,1,2,0,15.771,34.569,-1.7576,8.47,2.1822,0.99,12.349,12.349,False,10.6234,14.7112,4.0878,-2.3622
2021103103,2403,43370,Austin Hooper,TE,True,CLE,8,False,8,11.7771,0.56,0.06,4.3178,2.4889,1.5882,1,3,1,20.9694,13.9622,-0.7681,4.84,-0.0372,2.93,3.6822,3.6822,False,4.8153,2.0398,-2.7755,1.6424
2021103103,2580,47849,Diontae Johnson,WR,False,PIT,8,False,12,28.0847,1.3355,0.8355,15.4313,3.48,3.3583,1,1,1,4.7882,58.1587,-1.0548,4.26,3.6878,5.13,-3.4313,-3.4313,True,-1.2608,0.8988,2.1596,-4.3301
2021103103,2652,47905,Benny Snell,RB,False,PIT,8,False,7,8.706,0.414,0.0,-3.02,7.3416,-4.7,0,2,0,15.08,62.61,-4.2811,4.46,3.028,1.35,10.02,10.02,False,10.147,12.5189,2.3719,-2.4989
2021103103,2742,53484,Pat Freiermuth,TE,True,PIT,8,False,22,11.2194,0.5335,0.0335,-0.073,6.9007,6.4296,0,2,2,10.5238,33.743,-3.4185,5.73,1.4017,0.41,22.073,22.073,False,11.9375,10.0377,-1.8998,12.0354
2021103103,2955,41292,Jarvis Landry,WR,False,CLE,8,False,11,23.9307,1.138,0.638,10.363,1.2429,0.2625,1,2,0,14.3866,51.907,2.5918,0.54,-0.1363,3.83,0.637,0.637,False,1.4883,-0.2695,-1.7579,0.9065
2021103103,3050,47924,Zach Gentry,TE,True,PIT,8,False,13,9.7882,0.4655,0.0,0.11,5.0423,-3.62,0,4,1,11.44,83.11,-4.1126,5.85,1.0008,0.51,12.89,12.89,False,7.6342,7.6822,0.048,5.2078
2021103103,3100,53453,Najee Harris,RB,False,PIT,8,False,20,8.2231,0.391,0.0,1.78,2.4678,2.43,1,6,2,25.1,64.9,2.1241,6.52,0.7189,2.34,18.22,18.22,False,3.54,3.0181,-0.5219,15.2019
2021103103,3270,47924,Zach Gentry,TE,True,PIT,8,False,24,19.4134,0.9232,0.4232,11.5923,10.0498,0.325,0,0,0,24.6797,28.6077,-2.847,3.84,1.9904,2.12,12.4077,12.4077,False,11.0549,12.0897,1.0348,0.3181
2021103103,3400,53484,Pat Freiermuth,TE,True,PIT,8,False,2,19.1994,0.913,0.413,8.3062,0.6291,-0.6159,1,2,0,8.635,0.0,0.0819,5.84,3.0174,1.58,-6.3062,-5.0,True,-3.4405,-4.2623,-0.8218,-0.7377
2021103103,3476,44841,David Njoku,TE,True,CLE,8,False,24,26.5533,1.2627,0.7627,19.7771,8.2242,8.0136,0,2,1,11.1507,60.5129,-2.6448,6.83,3.7985,2.12,4.2229,4.2229,False,1.4204,5.0775,3.6571,-0.8546
2021103103,3566,44841,David Njoku,TE,True,CLE,8,False,6,11.8848,0.5652,0.0652,6.6765,2.1994,2.0098,1,4,2,23.0201,39.3835,3.7376,0.85,0.7132,5.48,-0.6765,-0.6765,False,1.439,0.4633,-0.9757,-1.1398
2021103103,3636,41292,Jarvis Landry,WR,False,CLE,8,False,11,20.1617,0.9588,0.4588,7.4747,0.6022,0.1479,2,3,0,18.7115,24.3153,1.436,6.86,2.4952,1.91,3.5253,3.5253,False,1.7963,2.3307,0.5344,1.1946
2021103103,3719,47849,Diontae Johnson,WR,False,PIT,8,False,6,9.2186,0.4384,0.0,0.93,2.5248,0.72,2,4,0,23.73,77.45,0.3668,8.51,0.2911,1.21,5.07,5.07,False,6.661,6.7338,0.0729,-1.6638
2021103103,3847,41292,Jarvis Landry,WR,False,CLE,8,False,9,13.5771,0.6456,0.1456,2.8391,3.911,3.7002,1,2,1,13.1052,45.3509,1.1685,6.98,1.4357,2.17,6.1609,6.1609,False,4.4431,4.3248,-0.1183,1.8361
2021103103,4014,43370,Austin Hooper,TE,True,CLE,8,False,4,12.2176,0.581,0.081,2.8328,2.3518,2.2298,1,1,1,13.709,27.0372,5.7113,2.23,1.3934,2.1,1.1672,1.1672,False,1.3398,2.7017,1.3619,-1.5346
2021103104,62,47791,T.J. Hockenson,TE,True,DET,8,False,18,17.5929,0.8366,0.3366,13.3453,6.0287,-5.9668,0,4,1,13.9464,52.6547,-4.2328,6.91,6.9082,2.24,4.6547,4.6547,False,5.4605,11.7779,6.3174,-7.1232
2021103104,268,47791,T.J. Hockenson,TE,True,DET,8,False,7,14.9913,0.7129,0.2129,5.0297,1.5092,1.0537,1,2,1,16.1434,39.8803,0.5726,6.42,-0.0952,2.26,1.9703,1.9703,False,2.3692,1.1115,-1.2577,0.8587
2021103104,292,53686,Jermar Jefferson,RB,False,DET,8,False,5,7.2407,0.3443,0.0,0.91,5.0939,-5.09,0,5,0,23.84,37.61,2.1171,5.22,0.831,2.46,4.09,4.09,False,9.141,7.6412,-1.4998,-3.5512
2021103104,548,52608,Quez Watkins,WR,False,PHI,8,False,16,22.1034,1.0511,0.5511,16.8406,1.7761,1.7622,2,3,2,14.5367,3.4994,3.8856,9.06,1.8883,2.84,-0.8406,-0.8406,False,-1.267,-0.6986,0.5684,-0.1421
2021103104,1049,53541,Amon-Ra St. Brown,WR,False,DET,8,False,5,17.7969,0.8463,0.3463,5.812,1.8686,1.8429,1,1,1,10.4613,71.768,3.4045,6.08,1.132,3.3,-0.812,-0.812,False,0.8169,1.5422,0.7254,-2.3542
2021103104,1073,53541,Amon-Ra St. Brown,WR,False,DET,8,False,7,17.5073,0.8325,0.3325,5.4534,1.3986,0.9723,1,2,1,10.0161,67.4266,-0.4689,7.34,0.5516,2.66,1.5466,1.5466,False,4.2869,2.7269,-1.56,-1.1803
2021103104,1212,52443,D'Andre Swift,RB,False,DET,8,False,7,7.4113,0.3524,0.0,0.7,6.1718,-0.15,0,2,0,18.65,59.2,-2.4017,5.6,3.7551,1.43,6.3,6.3,False,14.1867,15.5355,1.3488,-9.2355
2021103104,1372,46118,Dallas Goedert,TE,True,PHI,8,False,13,13.4223,0.6383,0.1383,2.655,6.2339,1.6717,0,1,0,8.7399,31.595,-3.4375,6.08,1.3377,2.43,10.345,10.345,False,9.8996,8.89,-1.0096,1.455
2021103104,1491,47791,T.J. Hockenson,TE,True,DET,8,False,2,9.044,0.4301,0.0,1.54,2.6541,2.59,1,3,1,9.21,74.21,1.6163,6.9,0.8756,1.0,0.46,0.46,False,1.7766,2.235,0.4584,-1.775
2021103104,1558,47791,T.J. Hockenson,TE,True,DET,8,False,10,22.983,1.0929,0.5929,10.9407,0.9217,0.8985,1,2,1,17.59,60.3793,-0.0925,2.61,0.9119,4.02,-0.9407,-0.9407,False,1.516,0.1929,-1.3231,-1.1336
2021103104,1620,47791,T.J. Hockenson,TE,True,DET,8,False,5,10.029,0.4769,0.0,2.39,1.4822,1.43,2,5,1,20.79,60.83,3.4637,3.85,0.3061,2.91,2.61,2.61,False,1.4797,0.4623,-1.0174,2.1477
2021103104,1661,47791,T.J. Hockenson,TE,True,DET,8,False,9,20.4958,0.9746,0.4746,9.4691,2.3603,1.5165,1,2,0,3.9017,49.2709,0.3065,7.4,0.3563,3.32,-0.4691,-0.4691,False,-0.1607,-0.4895,-0.3288,0.0204
2021103104,1690,53541,Amon-Ra St. Brown,WR,False,DET,8,False,35,21.6018,1.0272,0.5272,13.791,5.448,-4.2921,0,3,0,25.3969,35.949,-3.5053,7.31,1.0641,2.73,21.209,21.209,False,10.359,5.8472,-4.5118,15.3618
2021103104,1725,52443,D'Andre Swift,RB,False,DET,8,False,2,13.7888,0.6557,0.1557,1.8944,3.8249,3.8247,1,1,1,8.7467,53.5056,2.0848,6.16,-0.6781,3.29,0.1056,0.1056,False,2.1493,1.9628,-0.1865,-1.8573
2021103104,1791,46798,Godwin Igwebuike,RB,False,DET,8,False,18,8.8128,0.4191,0.0,0.47,6.7684,4.0,0,4,1,15.5,49.21,-0.3318,6.28,4.0022,2.24,17.53,17.53,False,6.2796,10.5846,4.305,6.9454
2021103104,1858,52443,D'Andre Swift,RB,False,DET,8,False,4,15.8259,0.7526,0.2526,5.2751,1.2599,1.2404,1,2,1,6.739,21.0649,3.2211,6.7,0.7724,4.11,-1.2751,-1.2751,False,-0.109,-0.0011,0.1079,-1.274
2021103104,2108,46118,Dallas Goedert,TE,True,PHI,8,False,17,24.1196,1.147,0.647,15.9126,4.3026,4.1645,1,3,2,13.3536,51.3974,1.9294,7.07,0.6223,2.36,1.0874,1.0874,False,3.0091,2.2248,-0.7843,-1.1375
2021103104,2174,46118,Dallas Goedert,TE,True,PHI,8,False,19,23.8628,1.1348,0.6348,17.3173,4.3387,1.0921,1,4,1,11.8462,21.8127,0.1648,6.81,2.2328,3.85,1.6827,1.6827,False,5.0532,4.4629,-0.5902,-2.7803
2021103104,2325,53541,Amon-Ra St. Brown,WR,False,DET,8,False,34,18.5864,0.8838,0.3838,11.6121,6.1691,-5.4547,0,3,1,12.9443,63.5279,1.8956,8.12,1.4644,1.68,22.3879,22.3879,False,4.9598,5.0384,0.0786,17.3495
2021103104,2399,48680,Tom Kennedy,WR,False,DET,8,False,9,8.8038,0.4187,0.0,6.43,4.7551,4.75,1,3,1,23.4,32.64,3.7171,1.91,1.1596,3.02,2.57,2.57,False,2.0736,1.3227,-0.7509,1.2473
2021103104,2531,53439,DeVonta Smith,WR,False,PHI,8,False,15,30.8961,1.4692,0.9692,19.77,2.4432,2.3865,1,1,1,0.9186,36.35,-1.3103,3.12,2.8064,7.42,-4.77,-4.77,True,-3.035,-1.2944,1.7406,-3.4756
2021103104,2755,52443,D'Andre Swift,RB,False,DET,8,False,8,14.9804,0.7124,0.2124,4.4538,8.8743,8.483,0,3,2,16.3026,70.6762,1.5981,5.52,1.3363,2.99,3.5462,3.5462,False,6.8228,6.6778,-0.1449,-3.1316
2021103104,2827,52443,D'Andre Swift,RB,False,DET,8,False,6,12.9522,0.6159,0.1159,4.8458,4.3352,3.1343,1,1,1,14.8909,70.9442,4.7566,0.74,0.74,3.97,1.1542,1.1542,False,2.3627,2.4007,0.0381,-1.2465
2021103104,2903,47791,T.J. Hockenson,TE,True,DET,8,False,11,18.4222,0.876,0.376,10.178,3.3176,1.2752,1,2,0,9.7444,70.412,-0.6261,7.6,2.0157,3.11,0.822,0.822,False,5.0007,5.7704,0.7698,-4.9484
2021103104,3157,53686,Jermar Jefferson,RB,False,DET,8,False,11,10.3534,0.4923,0.0,4.45,8.8693,-8.75,0,2,0,21.82,63.3,0.1543,1.2,1.1996,3.37,6.55,6.55,False,9.5578,8.6982,-0.8597,-2.1482
2021103104,3181,53686,Jermar Jefferson,RB,False,DET,8,False,7,4.8794,0.232,0.0,1.22,2.7989,-2.16,1,6,2,23.98,55.18,-0.1241,3.43,1.9279,2.01,5.78,5.78,False,6.3018,5.7798,-0.5221,0.0002
2021103104,3205,47791,T.J. Hockenson,TE,True,DET,8,False,9,13.79,0.6558,0.1558,7.0284,3.528,1.7307,2,2,0,20.7287,43.4916,3.8106,2.45,1.723,1.94,1.9716,1.9716,False,2.5112,2.5123,0.0011,-0.5407
2021103104,3229,46798,Godwin Igwebuike,RB,False,DET,8,False,17,8.4073,0.3998,0.0,3.7,3.2108,2.97,1,4,1,21.93,36.79,3.9131,2.31,1.68,2.87,13.3,13.3,False,1.8388,2.1347,0.2959,11.1653
2021103104,3275,46798,Godwin Igwebuike,RB,False,DET,8,False,5,13.3082,0.6329,0.1329,3.8168,3.0347,2.8846,1,2,1,20.8003,19.7432,4.4353,1.67,1.4061,3.14,1.1832,1.1832,False,2.2763,2.5525,0.2762,-1.3693
2021103104,3321,47791,T.J. Hockenson,TE,True,DET,8,False,10,17.9079,0.8516,0.3516,5.3487,4.4329,3.4707,1,2,1,3.5474,13.2213,7.0763,6.93,5.5425,2.5,4.6513,4.6513,False,0.6692,3.1052,2.436,1.5462
2021103105,76,43399,Tyler Higbee,TE,True,LA,8,False,10,14.7004,0.6991,0.1991,5.4836,1.6881,-0.6093,1,3,1,14.8792,55.0264,4.054,1.3,0.3196,2.8,4.5164,4.5164,False,2.2351,1.1316,-1.1035,3.3848
2021103105,142,52465,Van Jefferson,WR,False,LA,8,False,5,23.1351,1.1002,0.6002,6.3302,0.8024,0.794,1,1,1,4.5711,38.5298,-0.4249,1.85,-1.2494,5.31,-1.3302,-1.3302,False,0.4261,-0.4239,-0.85,-0.9063
2021103105,188,44881,Cooper Kupp,WR,False,LA,8,False,8,14.9602,0.7114,0.2114,6.3251,2.7131,1.9528,1,3,2,22.4222,34.0649,-0.6751,4.79,0.6865,0.56,1.6749,1.6749,False,3.4267,3.566,0.1393,-1.8912
2021103105,212,44881,Cooper Kupp,WR,False,LA,8,False,15,15.9048,0.7563,0.2563,11.1388,4.7576,-4.3294,1,2,0,22.091,21.9012,-2.6737,8.04,3.7795,2.83,3.8612,3.8612,False,12.4107,9.8015,-2.6092,-5.9403
2021103105,236,44881,Cooper Kupp,WR,False,LA,8,False,14,21.7035,1.0321,0.5321,14.9687,3.3085,1.819,1,1,0,6.7524,3.0313,-2.8643,6.31,3.3429,5.24,-0.9687,-0.9687,False,-0.3943,-1.0896,-0.6952,0.1209
2021103105,292,47853,Darrell Henderson,RB,False,LA,8,False,3,11.4664,0.5453,0.0453,0.1526,5.0163,0.2401,0,2,1,12.5228,2.8874,-0.4539,7.67,1.8257,1.91,2.8474,2.8474,False,3.1933,3.0853,-0.108,-0.238
2021103105,391,41246,Brandin Cooks,WR,False,HOU,8,False,10,14.4929,0.6892,0.1892,6.048,4.5531,-1.2289,1,3,1,11.2522,59.852,3.8171,6.55,0.8878,0.7,3.952,3.952,False,3.7196,3.6806,-0.039,0.2714
2021103105,597,43399,Tyler Higbee,TE,True,LA,8,False,4,9.384,0.4462,0.0,-0.74,4.5558,4.55,1,3,1,15.21,59.26,2.8783,7.86,1.563,1.34,4.74,4.74,False,4.7165,5.2312,0.5147,-0.4912
2021103105,626,52465,Van Jefferson,WR,False,LA,8,False,15,27.6876,1.3166,0.8166,17.5132,3.9479,3.6162,1,2,1,3.9795,37.7168,-1.6078,2.82,1.3753,6.42,-2.5132,-2.5132,False,-1.4769,-2.012,-0.5352,-0.5011
2021103105,762,44881,Cooper Kupp,WR,False,LA,8,False,9,16.0349,0.7625,0.2625,8.5067,2.6515,2.5439,2,4,1,23.8933,3.4733,3.92,0.86,-0.2412,2.78,0.4933,0.4933,False,0.8895,0.762,-0.1274,-0.2687
2021103105,930,46100,Sony Michel,RB,False,LA,8,False,3,12.8863,0.6128,0.1128,-0.6267,6.8277,5.7283,0,2,2,8.7944,65.9667,1.2432,5.42,0.7384,2.26,3.6267,3.6267,False,8.0221,5.7737,-2.2484,-2.147
2021103105,986,39989,Robert Woods,WR,False,LA,8,False,28,17.435,0.8291,0.3291,12.4351,9.4997,9.1241,0,2,1,20.8129,38.7549,1.6486,7.08,4.6645,2.51,15.5649,15.5649,False,6.3479,7.9173,1.5694,7.6476
2021103105,1032,46100,Sony Michel,RB,False,LA,8,False,11,7.2273,0.3437,0.0,-2.7,4.4622,0.33,1,4,0,20.01,65.26,-0.7957,5.74,3.4832,1.12,13.7,13.7,False,11.3822,12.0288,0.6466,1.6712
2021103105,1399,39989,Robert Woods,WR,False,LA,8,False,2,13.3136,0.6331,0.1331,5.3705,1.7874,-0.7887,3,5,1,21.4492,0.0,4.6705,2.5,1.6569,2.29,-3.3705,-3.3705,True,-3.5653,-4.2875,-0.7222,0.917
2021103105,1455,53518,Nico Collins,WR,False,HOU,8,False,26,23.9219,1.1376,0.6376,20.6719,4.0652,1.624,1,2,0,18.9064,54.3281,-0.6584,8.45,3.0928,3.41,5.3281,5.3281,False,2.1137,4.9076,2.7939,0.4205
2021103105,1513,46167,Jordan Akins,TE,True,HOU,8,False,-1,11.2562,0.5353,0.0353,-0.8103,3.2251,-1.0389,1,2,1,16.4345,50.1003,-2.3261,6.73,0.8412,1.02,-0.1897,-0.1897,False,11.4634,10.5444,-0.919,-10.7341
2021103105,1864,46167,Jordan Akins,TE,True,HOU,8,False,15,18.3985,0.8749,0.3749,10.1693,2.6144,-0.7895,1,2,1,14.8322,52.2807,0.4162,2.22,1.9987,3.52,4.8307,4.8307,False,5.6488,4.8357,-0.8131,-0.005
2021103105,1976,53518,Nico Collins,WR,False,HOU,8,False,15,18.8043,0.8942,0.3942,10.842,4.0428,2.6625,1,4,0,13.108,31.518,2.3424,7.24,4.8248,2.94,4.158,4.158,False,2.7705,6.1054,3.3349,-1.9474
2021103105,2309,33566,Danny Amendola,WR,False,HOU,8,False,3,16.7055,0.7944,0.2944,3.3233,1.0186,0.731,2,3,2,16.5509,74.8767,2.6559,2.24,-1.3815,3.47,-0.3233,-0.3233,False,0.8403,0.118,-0.7223,-0.4413
2021103105,2438,52465,Van Jefferson,WR,False,LA,8,False,68,34.66,1.6482,1.1482,40.9196,3.2487,-1.9949,2,2,0,19.025,38.3404,-0.777,10.02,9.8846,1.2,27.0804,27.0804,False,17.2255,21.1278,3.9023,5.9526
2021103105,2483,44881,Cooper Kupp,WR,False,LA,8,False,11,18.8845,0.898,0.398,13.8622,2.4533,0.5173,1,3,0,15.6725,0.0,0.1294,6.45,5.1559,3.29,-2.8622,-2.8622,False,-2.4786,-3.7281,-1.2494,0.8659
2021103105,2596,42429,David Johnson,RB,False,HOU,8,False,-1,10.266,0.4882,0.0,-0.71,2.2365,1.98,1,5,1,18.84,82.36,5.0033,4.21,-0.0081,2.87,-0.29,-0.29,False,2.9367,2.4744,-0.4623,-2.7644
2021103105,2693,53678,Ben Skowronek,WR,False,LA,8,False,20,25.2477,1.2006,0.7006,19.8245,5.5641,5.4428,0,2,1,10.4697,46.8755,2.7398,7.49,4.745,6.01,0.1755,0.1755,False,1.8607,0.2219,-1.6388,-0.0464
2021103105,2743,44881,Cooper Kupp,WR,False,LA,8,False,6,18.4054,0.8752,0.3752,4.9441,2.587,2.4958,1,2,1,19.7116,39.5459,3.9859,5.21,1.2101,1.61,1.0559,1.0559,False,1.5078,1.0138,-0.494,0.0421
2021103105,2931,52972,Scottie Phillips,RB,False,HOU,8,False,1,7.1311,0.3391,0.0,-1.46,5.7243,5.57,0,5,2,20.6,72.54,2.2911,5.6,1.1059,2.25,2.46,2.46,False,6.3259,5.8585,-0.4674,-3.3985
2021103105,3102,41246,Brandin Cooks,WR,False,HOU,8,False,6,14.6922,0.6987,0.1987,4.9022,2.0017,1.2112,1,4,1,15.0113,55.0678,3.0465,0.22,0.2125,1.22,1.0978,1.0978,False,0.9731,0.7552,-0.2179,0.3426
2021103105,3126,53518,Nico Collins,WR,False,HOU,8,False,7,17.5957,0.8367,0.3367,6.0252,3.9475,3.9402,1,2,1,9.7379,48.5648,2.7401,6.59,1.0252,3.88,0.9748,0.9748,False,1.1978,0.945,-0.2529,0.0298
2021103105,3214,41246,Brandin Cooks,WR,False,HOU,8,False,8,13.3202,0.6334,0.1334,5.6048,7.1448,-0.8544,0,3,1,25.1154,25.8652,0.4198,2.34,0.4857,3.0,2.3952,2.3952,False,6.8333,5.3956,-1.4376,-3.0004
2021103105,3259,43396,Chris Moore,WR,False,HOU,8,False,8,30.378,1.4446,0.9446,12.7856,5.2631,2.6971,0,1,0,0.6495,6.6644,2.3356,2.3,1.0752,5.33,-4.7856,-4.7856,True,1.0774,0.4804,-0.597,-5.266
2021103105,3288,40138,Rex Burkhead,RB,False,HOU,8,False,10,9.8102,0.4665,0.0,0.4,7.1213,6.01,0,6,2,16.41,10.87,6.0707,4.64,4.2619,2.61,9.6,9.6,False,7.7181,8.6776,0.9595,0.9224
2021103105,3467,53518,Nico Collins,WR,False,HOU,8,False,7,14.9781,0.7123,0.2123,6.5609,0.3582,-0.0793,3,4,0,16.7585,55.5091,1.7251,0.67,0.287,3.4,0.4391,0.4391,False,1.454,-0.6747,-2.1286,1.1138
2021103105,3512,41246,Brandin Cooks,WR,False,HOU,8,False,6,15.4541,0.7349,0.2349,5.7299,2.5053,1.9426,2,4,2,14.2382,45.4101,3.4649,0.54,0.2548,1.58,0.2701,0.2701,False,1.6796,0.7488,-0.9308,-0.4786
2021103105,3536,41246,Brandin Cooks,WR,False,HOU,8,False,45,23.6858,1.1263,0.6263,20.3189,2.0412,-1.8071,1,1,0,7.3667,25.4511,-2.0196,8.9,8.8592,1.93,24.6811,24.6811,False,12.3399,13.9011,1.5612,10.7799
2021103105,3593,42419,Chris Conley,WR,False,HOU,8,False,24,28.7396,1.3667,0.8667,22.2323,0.8813,0.1371,1,1,0,10.5202,27.8677,1.5557,8.82,2.8642,1.2,1.7677,1.7677,False,6.7561,3.4458,-3.3103,-1.6781
2021103105,3617,52972,Scottie Phillips,RB,False,HOU,8,False,8,10.1431,0.4823,0.0,1.94,3.94,2.86,1,4,1,18.4,24.21,3.5984,5.31,4.347,1.31,6.06,6.06,False,3.113,5.9185,2.8055,0.1415
2021103105,3708,53576,Brevin Jordan,TE,True,HOU,8,False,9,16.2798,0.7742,0.2742,11.9868,5.4237,-3.1607,0,4,0,15.0895,0.0,-5.9678,7.44,7.3928,1.04,-2.9868,-2.9868,False,-2.2224,-2.0127,0.2097,-0.9741
2021103105,3972,40138,Rex Burkhead,RB,False,HOU,8,False,9,11.6844,0.5556,0.0556,4.5308,6.5386,3.2605,0,2,0,13.6464,94.1592,5.3844,5.3,4.1478,1.25,4.4692,4.4692,False,5.8355,8.9657,3.1302,-4.4964
2021103105,3996,53576,Brevin Jordan,TE,True,HOU,8,False,23,23.3116,1.1085,0.6085,19.8161,4.5725,4.366,1,1,1,18.213,69.4439,4.0854,8.0,4.6604,1.71,3.1839,3.1839,False,0.605,3.7238,3.1188,-0.5399
2021103105,4042,46167,Jordan Akins,TE,True,HOU,8,False,2,15.5608,0.74,0.24,0.8477,4.8363,4.2933,1,1,1,12.029,65.2223,4.8819,4.8,1.6574,2.27,1.1523,1.1523,False,4.8051,3.7676,-1.0375,-2.6153
2021103105,4066,40138,Rex Burkhead,RB,False,HOU,8,False,8,10.0766,0.4792,0.0,3.31,4.5297,2.45,1,3,0,21.1,60.91,1.9831,5.36,3.1354,0.89,4.69,4.69,False,5.3773,7.5029,2.1257,-2.8129
2021103105,4090,46167,Jordan Akins,TE,True,HOU,8,False,31,21.2714,1.0115,0.5115,21.5506,1.7499,-1.3648,2,2,0,19.836,35.2494,-1.4721,1.1,1.0569,3.63,9.4494,9.4494,False,9.8106,1.98,-7.8306,7.4694
2021103106,62,52449,Jonathan Taylor,RB,False,IND,8,False,37,11.5466,0.5491,0.0491,-1.0886,6.2781,5.3511,0,2,2,11.7206,83.7886,3.1927,6.69,4.1031,2.17,38.0886,30.0,False,5.2882,8.0634,2.7752,21.9366
2021103106,86,52442,Michael Pittman,WR,False,IND,8,False,5,13.288,0.6319,0.1319,5.8259,1.4406,-0.1983,3,3,1,15.0411,39.9741,2.3346,3.12,0.3478,4.29,-0.8259,-0.8259,False,2.4891,1.4339,-1.0552,-2.2598
2021103106,153,46173,Nyheim Hines,RB,False,IND,8,False,6,16.7389,0.796,0.296,4.4981,3.9469,3.1816,1,3,2,13.7036,33.7119,0.2313,5.77,0.6692,3.27,1.5019,1.5019,False,3.0533,2.8603,-0.193,-1.3583
2021103106,357,52442,Michael Pittman,WR,False,IND,8,False,2,20.1092,0.9563,0.4563,10.3049,1.8921,-0.938,1,1,0,22.8839,0.0,0.0422,6.88,-0.6247,2.24,-8.3049,-5.0,True,-3.5044,-4.0826,-0.5782,-0.9174
2021103106,460,52442,Michael Pittman,WR,False,IND,8,False,7,20.4063,0.9704,0.4704,13.3802,1.3679,-0.3598,1,3,0,15.7855,0.0,-0.0291,8.99,1.7862,1.44,-6.3802,-5.0,True,-3.2245,-3.5541,-0.3297,-1.4459
2021103106,673,38622,T.Y. Hilton,WR,False,IND,8,False,10,25.2263,1.1996,0.6996,10.7044,3.1951,2.2818,1,1,1,5.7805,46.3356,2.2553,3.84,3.5226,3.81,-0.7044,-0.7044,False,-0.3085,2.8196,3.128,-3.524
2021103106,719,40641,Jack Doyle,TE,True,IND,8,False,7,12.9988,0.6181,0.1181,4.835,4.2388,3.131,1,4,1,25.8148,42.085,6.6536,1.82,1.8195,2.9,2.165,2.165,False,1.3979,1.602,0.2041,0.563
2021103106,808,42589,Geoff Swaim,TE,True,TEN,8,False,7,9.1387,0.4346,0.0,2.66,3.5324,1.26,1,5,1,17.42,55.6,4.7417,3.21,3.2099,1.45,4.34,4.34,False,2.4305,4.5411,2.1106,-0.2011
2021103106,862,42589,Geoff Swaim,TE,True,TEN,8,False,3,9.218,0.4384,0.0,0.09,6.1959,5.61,0,4,2,23.33,50.02,-3.6736,3.09,-0.069,1.98,2.91,2.91,False,10.0583,6.9634,-3.095,-4.0534
2021103106,907,45355,Anthony Firkser,TE,True,TEN,8,False,8,11.1648,0.5309,0.0309,4.9692,1.6965,0.6497,1,4,1,21.5087,38.9308,0.262,6.63,1.2685,1.6,3.0308,3.0308,False,2.9789,2.4702,-0.5086,0.5605
2021103106,950,42486,MyCole Pruitt,TE,True,TEN,8,False,8,12.707,0.6043,0.1043,3.0605,5.7061,3.9915,0,2,1,11.4785,32.7195,-0.0777,5.81,1.2516,1.57,4.9395,4.9395,False,4.9656,4.9237,-0.0418,0.0158
2021103106,1066,42589,Geoff Swaim,TE,True,TEN,8,False,6,13.06,0.6211,0.1211,8.0747,3.0387,-2.9548,2,5,0,26.4057,0.0,1.0169,6.41,1.7733,1.99,-2.0747,-2.0747,False,-4.3208,-4.7932,-0.4724,2.7185
2021103106,1182,52449,Jonathan Taylor,RB,False,IND,8,False,7,10.9564,0.521,0.021,5.7138,2.3169,1.9879,1,4,2,17.5514,72.0562,5.4671,5.68,0.6578,4.09,1.2862,1.2862,False,1.7207,1.3685,-0.3522,-0.0824
2021103106,1207,45102,Zach Pascal,WR,False,IND,8,False,7,13.8771,0.6599,0.1599,6.9694,1.0365,0.5168,1,4,0,26.5062,64.4006,5.0017,0.7,0.684,5.56,0.0306,0.0306,False,0.5356,-1.4474,-1.983,1.4781
2021103106,1333,42486,MyCole Pruitt,TE,True,TEN,8,False,14,12.4388,0.5915,0.0915,8.1713,4.8348,-2.1788,1,1,0,2.344,69.9887,0.5249,2.63,2.0907,1.29,5.8287,5.8287,False,7.3688,7.2723,-0.0966,-1.4436
2021103106,1394,42589,Geoff Swaim,TE,True,TEN,8,False,7,12.9401,0.6153,0.1153,7.0001,1.8508,0.9217,1,4,0,25.488,55.9599,3.3091,0.44,0.4345,3.82,-0.0001,-0.0001,False,1.7022,0.201,-1.5012,-0.2012
2021103106,1524,47834,A.J. Brown,WR,False,TEN,8,False,57,22.26,1.0585,0.5585,14.4223,2.8373,1.5126,1,1,0,10.5884,42.9677,-0.6364,7.0,1.0962,2.34,42.5777,30.0,False,4.6618,4.6692,0.0074,25.3308
2021103106,1641,45102,Zach Pascal,WR,False,IND,8,False,9,20.8475,0.9914,0.4914,8.5461,3.1141,3.0944,1,3,1,16.4013,67.6639,3.5215,5.65,3.0041,3.59,0.4539,0.4539,False,2.0235,3.5892,1.5657,-3.1353
2021103106,1749,52442,Michael Pittman,WR,False,IND,8,False,12,19.8724,0.945,0.445,12.1527,1.7603,0.5997,1,1,0,23.2703,46.4073,3.055,4.26,-1.0277,4.49,-0.1527,-0.1527,False,1.4444,0.0695,-1.3749,-0.2221
2021103106,1806,52442,Michael Pittman,WR,False,IND,8,False,5,22.9225,1.09,0.59,0.4022,7.2702,4.4347,0,1,0,11.7257,33.9678,6.9068,3.0,-0.8606,0.04,4.5978,4.5978,False,6.2934,3.7019,-2.5915,0.8959
2021103106,1847,46173,Nyheim Hines,RB,False,IND,8,False,6,22.0634,1.0492,0.5492,4.6724,6.6113,4.3621,0,2,1,1.4975,25.3576,4.1223,3.87,0.678,3.27,1.3276,1.3276,False,3.0269,1.9104,-1.1165,-0.5827
2021103106,2110,47834,A.J. Brown,WR,False,TEN,8,False,13,19.014,0.9042,0.4042,12.9517,1.1468,0.6258,3,4,1,24.2438,55.6583,0.4693,6.76,3.0721,3.87,0.0483,0.0483,False,1.8539,3.2474,1.3935,-3.1991
2021103106,2290,47834,A.J. Brown,WR,False,TEN,8,False,10,23.8608,1.1347,0.6347,10.9404,3.3441,3.0256,1,1,1,4.1627,20.4996,0.4863,3.01,1.7654,5.86,-0.9404,-0.9404,False,-0.5182,-1.174,-0.6558,0.2336
2021103106,2319,47834,A.J. Brown,WR,False,TEN,8,False,11,16.765,0.7972,0.2972,10.3228,2.6508,2.549,1,1,1,9.2975,11.7472,1.9374,7.35,-0.327,0.54,0.6772,0.6772,False,1.162,0.7922,-0.3699,-0.115
2021103106,2369,47834,A.J. Brown,WR,False,TEN,8,False,7,9.6466,0.4587,0.0,3.54,3.0135,2.97,2,7,2,23.37,8.59,4.5084,5.48,2.2446,3.56,3.46,3.46,False,1.1667,1.6049,0.4382,1.8551
2021103106,2393,53074,Nick Westbrook-Ikhine,WR,False,TEN,8,False,5,15.3234,0.7287,0.2287,7.4533,0.4376,-0.347,1,2,0,24.5508,0.0,0.1094,7.3,3.6875,2.0,-2.4533,-2.4533,False,-5.263,-5.0089,0.2542,2.5556
2021103106,2665,47834,A.J. Brown,WR,False,TEN,8,False,10,22.5604,1.0728,0.5728,9.9317,3.3662,3.3655,1,3,1,13.4676,79.4183,2.5684,1.53,-1.4983,1.16,0.0683,0.0683,False,1.1943,0.9419,-0.2524,-0.8737
2021103106,2799,38622,T.Y. Hilton,WR,False,IND,8,False,6,12.3288,0.5863,0.0863,0.3277,6.5174,6.5118,0,1,1,19.0193,54.8623,4.9628,1.55,1.2479,1.93,5.6723,5.6723,False,6.398,5.1681,-1.2299,0.5042
2021103106,3091,53074,Nick Westbrook-Ikhine,WR,False,TEN,8,False,11,21.1362,1.0051,0.5051,12.2705,1.6228,0.7811,1,1,0,4.468,33.8595,-0.006,6.29,1.6046,5.75,-1.2705,-1.2705,False,1.1644,-2.1892,-3.3536,0.9187
2021103106,3163,47834,A.J. Brown,WR,False,TEN,8,False,10,23.5684,1.1208,0.6208,11.282,1.8575,-0.4556,1,2,1,5.1249,21.978,-0.6128,6.56,2.0652,4.73,-1.282,-1.282,False,3.4042,-0.3717,-3.7759,-0.9103
2021103106,3203,47834,A.J. Brown,WR,False,TEN,8,False,14,14.4707,0.6881,0.1881,7.0842,7.3804,7.0332,0,1,1,20.4186,36.5258,6.3105,5.84,4.2746,1.94,6.9158,6.9158,False,4.3147,5.0123,0.6976,1.9035
2021103106,3305,52442,Michael Pittman,WR,False,IND,8,False,-2,11.5325,0.5484,0.0484,0.1296,4.6698,4.0701,1,2,2,17.188,75.2304,2.7382,2.06,-1.8682,1.56,-2.1296,-2.1296,False,3.7506,3.0198,-0.7309,-5.1493
2021103106,3370,45102,Zach Pascal,WR,False,IND,8,False,11,13.6168,0.6475,0.1475,7.1606,3.7442,3.6688,1,4,1,25.9461,59.7694,1.5575,1.91,1.9018,2.86,3.8394,3.8394,False,2.6304,3.1327,0.5023,0.7067
2021103106,3691,47834,A.J. Brown,WR,False,TEN,8,False,9,19.1937,0.9127,0.4127,10.921,4.6658,-1.7594,1,2,0,1.6517,63.799,-0.574,6.02,-1.742,0.61,-1.921,-1.921,False,6.0455,3.5734,-2.4721,-5.4944
2021103106,3784,44975,Jeremy McNichols,RB,False,TEN,8,False,10,12.8496,0.611,0.111,5.8135,3.0199,0.8513,1,2,0,7.6602,54.3265,0.1303,9.38,3.1835,1.44,4.1865,4.1865,False,4.7384,7.6975,2.9591,-3.511
2021103106,4052,45102,Zach Pascal,WR,False,IND,8,False,9,18.8488,0.8963,0.3963,10.4905,0.4637,-0.2567,2,2,1,24.8471,65.5095,-3.8269,0.36,-0.0997,3.08,-1.4905,-1.4905,False,3.0459,1.4475,-1.5984,-2.938
2021103106,4131,52442,Michael Pittman,WR,False,IND,8,False,8,21.9721,1.0449,0.5449,11.1313,1.5869,1.5732,1,3,1,6.5755,60.6587,5.0562,4.47,4.1503,4.76,-3.1313,-3.1313,True,0.0625,2.0543,1.9917,-5.1856
2021103106,4166,52442,Michael Pittman,WR,False,IND,8,False,38,42.1302,2.0034,1.5034,28.7265,3.9955,3.6276,1,5,4,24.4665,52.1635,1.5605,4.13,-3.9599,2.77,9.2735,9.2735,False,5.4734,-1.611,-7.0844,10.8846
2021103106,4561,47834,A.J. Brown,WR,False,TEN,8,False,11,26.5347,1.2618,0.7618,13.2056,0.8715,0.7347,2,3,2,13.5125,62.0244,1.3189,0.98,-0.9246,5.45,-2.2056,-2.2056,False,0.7722,-1.2474,-2.0196,-0.9583
2021103106,4625,52442,Michael Pittman,WR,False,IND,8,False,8,15.5742,0.7406,0.2406,6.1599,1.7838,0.2329,2,3,1,14.3416,79.0501,6.4424,1.47,1.4543,2.96,1.8401,1.8401,False,0.6376,0.4904,-0.1472,1.3497
2021103106,4750,47834,A.J. Brown,WR,False,TEN,8,False,13,14.258,0.678,0.178,8.4063,2.5473,0.4492,2,4,1,23.4699,34.3037,0.3768,7.42,4.1921,1.34,4.5937,4.5937,False,3.797,6.7148,2.9178,-2.1211
2021103107,79,52467,Denzel Mims,WR,False,NYJ,8,False,30,13.7545,0.6541,0.1541,3.509,10.6486,-0.4649,0,0,0,17.9582,62.341,-4.2791,6.84,1.0323,1.44,26.491,26.491,False,11.1515,11.3705,0.219,15.1205
2021103107,114,42448,Jamison Crowder,WR,False,NYJ,8,False,8,15.1634,0.7211,0.2211,6.3056,1.5653,0.0237,2,2,0,14.9444,52.5844,1.2936,3.64,1.3824,2.03,1.6944,1.6944,False,4.1496,2.637,-1.5126,-0.9426
2021103107,138,42428,Tyler Kroft,TE,True,NYJ,8,False,7,12.738,0.6057,0.1057,5.683,3.3522,2.93,1,3,1,19.9476,45.287,4.9944,4.46,1.2577,2.59,1.317,1.317,False,1.9376,1.4104,-0.5272,-0.0934
2021103107,162,53536,Michael Carter,RB,False,NYJ,8,False,6,9.0751,0.4316,0.0,-1.4,8.7303,-2.27,0,2,0,12.18,45.49,-4.5853,5.73,1.112,2.2,7.4,7.4,False,10.3994,8.1033,-2.2961,-0.7033
2021103107,257,47969,Ty Johnson,RB,False,NYJ,8,False,15,11.3019,0.5374,0.0374,0.1563,5.3054,5.1438,0,3,2,15.1289,29.4437,3.2973,7.09,2.3059,1.44,14.8437,14.8437,False,3.3709,4.6961,1.3252,10.1475
2021103107,421,42500,C.J. Uzomah,TE,True,CIN,8,False,6,12.1254,0.5766,0.0766,5.4805,1.8605,1.6789,1,5,2,15.3573,69.6995,1.6532,4.78,0.6586,2.65,0.5195,0.5195,False,1.1734,1.4372,0.2638,-0.9177
2021103107,445,43344,Tyler Boyd,WR,False,CIN,8,False,3,9.5595,0.4546,0.0,2.56,2.1783,1.85,2,6,2,18.66,68.16,0.1942,6.96,-0.2805,0.95,0.44,0.44,False,4.7995,1.941,-2.8585,-1.501
2021103107,488,42448,Jamison Crowder,WR,False,NYJ,8,False,3,12.3271,0.5862,0.0862,2.7058,2.9824,2.8341,1,2,1,2.0614,78.2442,5.6065,1.61,1.4594,3.19,0.2942,0.2942,False,1.3423,2.1883,0.846,-1.8941
2021103107,554,42448,Jamison Crowder,WR,False,NYJ,8,False,6,15.0005,0.7133,0.2133,4.9117,1.5718,1.2511,1,4,2,18.724,65.3283,3.6557,0.92,-0.7421,3.49,1.0883,1.0883,False,0.5142,0.1304,-0.3838,0.9579
2021103107,595,40149,Ryan Griffin,TE,True,NYJ,8,False,7,11.8634,0.5641,0.0641,6.6741,1.187,0.2147,2,4,0,23.1815,57.8159,3.5197,2.13,1.6223,1.72,0.3259,0.3259,False,1.3455,1.5172,0.1716,-1.1912
2021103107,842,44927,Samaje Perine,RB,False,CIN,8,False,13,12.9219,0.6145,0.1145,5.2463,2.3017,0.6013,1,2,1,10.0439,12.3537,-1.0981,6.95,2.4135,3.63,7.7537,7.7537,False,3.5177,4.924,1.4063,2.8297
2021103107,899,44860,Joe Mixon,RB,False,CIN,8,False,0,12.5141,0.5951,0.0951,1.1842,1.4517,1.3261,2,4,1,10.5219,0.5658,2.5217,6.96,1.4114,0.39,-1.1842,-1.1842,False,-1.9399,-1.9135,0.0264,0.7292
2021103107,1101,53463,Elijah Moore,WR,False,NYJ,8,False,6,15.6221,0.7429,0.2429,5.7763,2.7456,1.1563,2,3,0,23.0122,35.4937,4.7573,2.9,0.3966,0.94,0.2237,0.2237,False,1.7525,1.5748,-0.1777,-1.3511
2021103107,1354,46279,Braxton Berrios,WR,False,NYJ,8,False,5,13.2507,0.6301,0.1301,2.8749,4.7609,4.7601,1,2,2,16.9534,77.7051,0.9331,4.86,-0.6537,1.57,2.1251,2.1251,False,5.1112,3.4566,-1.6547,-1.3315
2021103107,1397,53434,Ja'Marr Chase,WR,False,CIN,8,False,9,23.2725,1.1067,0.6067,4.1445,6.735,6.6761,0,2,1,9.597,66.3755,-0.7447,1.37,-1.3606,1.48,4.8555,4.8555,False,4.9938,4.1855,-0.8083,0.67
2021103107,1470,43344,Tyler Boyd,WR,False,CIN,8,False,16,11.3683,0.5406,0.0406,2.8784,4.4998,0.7528,1,2,1,20.8774,46.5916,-1.3813,7.22,0.4533,2.36,13.1216,13.1216,False,9.3707,8.3268,-1.0439,4.7948
2021103107,1531,44860,Joe Mixon,RB,False,CIN,8,False,4,10.4449,0.4967,0.0,4.92,1.6349,1.55,1,4,1,25.2,28.02,4.8186,0.97,0.9216,5.39,-0.92,-0.92,False,-0.1668,0.2298,0.3966,-1.1498
2021103107,1555,52441,Tee Higgins,WR,False,CIN,8,False,26,23.2617,1.1062,0.6062,16.0342,0.7223,0.3131,1,1,0,4.7454,13.0658,0.5326,8.34,7.2161,2.84,9.9658,9.9658,False,4.8895,8.3816,3.4921,1.5842
2021103107,1601,53434,Ja'Marr Chase,WR,False,CIN,8,False,2,26.0262,1.2376,0.7376,4.6303,2.0416,0.2475,1,1,0,1.877,0.0,1.1949,6.0,-2.6161,1.53,-2.6303,-2.6303,False,-2.8113,-3.2121,-0.4008,0.5819
2021103107,1686,42448,Jamison Crowder,WR,False,NYJ,8,False,26,12.6634,0.6022,0.1022,6.149,4.6238,-0.4394,1,2,0,13.4178,67.531,4.6482,4.9,4.8826,0.88,19.851,19.851,False,4.6197,9.2593,4.6396,10.5918
2021103107,1905,45555,Keelan Cole,WR,False,NYJ,8,False,11,18.2913,0.8698,0.3698,11.3381,1.5322,1.5081,1,1,1,21.7013,55.9219,4.9046,5.82,1.1304,4.26,-0.3381,-0.3381,False,1.3861,0.0726,-1.3135,-0.4107
2021103107,1929,53536,Michael Carter,RB,False,NYJ,8,False,12,10.783,0.5128,0.0128,1.6753,1.93,0.6454,1,2,0,16.5872,54.5647,-0.5319,6.59,1.1964,2.31,10.3247,10.3247,False,5.2646,3.8842,-1.3804,6.4405
2021103107,2003,42448,Jamison Crowder,WR,False,NYJ,8,False,9,10.2241,0.4862,0.0,5.27,5.8625,2.21,0,6,1,20.77,16.56,6.7026,2.92,2.2922,2.92,3.73,3.73,False,4.2981,3.3117,-0.9864,0.4183
2021103107,2069,53536,Michael Carter,RB,False,NYJ,8,False,4,11.8619,0.5641,0.0641,1.678,1.7751,1.3795,1,2,2,9.5511,10.942,1.9862,6.39,1.9979,3.11,2.322,2.322,False,1.0773,2.0591,0.9818,0.2629
2021103107,2169,46279,Braxton Berrios,WR,False,NYJ,8,False,8,18.4364,0.8767,0.3767,9.7519,1.4683,0.1323,1,2,0,6.53,0.0,-0.0194,8.13,2.3675,4.0,-1.7519,-1.7519,False,-2.5352,-3.1452,-0.61,1.3933
2021103107,2323,52441,Tee Higgins,WR,False,CIN,8,False,9,16.2491,0.7727,0.2727,5.8438,4.9008,4.0046,1,4,1,13.8833,80.5762,5.9924,5.4,1.5174,0.82,3.1562,3.1562,False,2.8329,1.1855,-1.6474,1.9707
2021103107,2347,53434,Ja'Marr Chase,WR,False,CIN,8,False,21,18.5646,0.8828,0.3828,5.2334,5.0127,3.4721,0,2,1,7.081,70.2566,-1.2816,1.16,-0.1739,3.75,15.7666,15.7666,False,3.6082,3.3526,-0.2556,12.4139
2021103107,2397,52441,Tee Higgins,WR,False,CIN,8,False,8,16.7012,0.7942,0.2942,6.3324,4.4296,3.3627,1,2,1,13.6858,53.3276,5.8854,5.89,1.8436,0.78,1.6676,1.6676,False,1.6439,0.785,-0.8589,0.8827
2021103107,2487,52467,Denzel Mims,WR,False,NYJ,8,False,13,17.5332,0.8338,0.3338,10.1475,0.4681,0.1031,1,2,0,18.7212,74.3025,0.5462,6.15,3.1084,2.13,2.8525,2.8525,False,1.502,3.9949,2.4929,-1.1424
2021103107,2551,47969,Ty Johnson,RB,False,NYJ,8,False,14,14.5119,0.6901,0.1901,1.1938,13.962,13.8092,0,0,0,12.5388,71.0162,-1.9419,6.85,1.7035,1.11,12.8062,12.8062,False,10.9785,13.6206,2.6421,-0.8144
2021103107,2575,53463,Elijah Moore,WR,False,NYJ,8,False,15,20.9645,0.9969,0.4969,15.6554,0.9501,0.7592,1,2,1,13.3998,42.6746,6.3354,8.07,1.7013,2.58,-0.6554,-0.6554,False,-0.6577,-0.1678,0.4899,-0.4877
2021103107,2733,42448,Jamison Crowder,WR,False,NYJ,8,False,8,15.9565,0.7588,0.2588,5.0733,6.3704,4.7966,0,3,2,7.0296,9.7667,0.2229,6.09,1.288,1.88,2.9267,2.9267,False,2.0274,1.7531,-0.2743,1.1736
2021103107,2865,52441,Tee Higgins,WR,False,CIN,8,False,54,34.3916,1.6354,1.1354,36.5561,5.1491,1.5987,0,2,0,18.1603,25.3739,-1.8399,9.64,6.5226,2.84,17.4439,17.4439,False,15.0205,11.8813,-3.1392,5.5627
2021103107,2889,44860,Joe Mixon,RB,False,CIN,8,False,8,11.6706,0.555,0.055,0.5099,3.8051,2.8005,1,2,2,9.5844,7.3201,1.5369,6.95,2.5449,1.88,7.4901,7.4901,False,2.3314,2.6878,0.3564,4.8022
2021103107,2970,53536,Michael Carter,RB,False,NYJ,8,False,9,15.0071,0.7136,0.2136,5.3856,4.5821,3.5607,1,3,2,16.1462,65.3144,0.3606,6.34,1.29,0.75,3.6144,3.6144,False,3.1515,3.6383,0.4868,-0.0239
2021103107,3015,48657,Jeff Smith,WR,False,NYJ,8,False,10,19.9185,0.9472,0.4472,10.5383,0.9403,0.9081,1,3,1,14.5546,45.7917,1.7068,2.37,-2.1506,3.14,-0.5383,-0.5383,False,0.8008,-0.0921,-0.8929,-0.4462
2021103107,3039,53463,Elijah Moore,WR,False,NYJ,8,False,24,19.9691,0.9496,0.4496,14.079,4.2488,-3.4502,1,3,1,23.1752,32.091,1.7218,5.82,3.8678,2.62,9.921,9.921,False,5.4785,5.6978,0.2193,4.2232
2021103107,3242,42500,C.J. Uzomah,TE,True,CIN,8,False,10,13.3941,0.6369,0.1369,5.777,5.2233,5.1451,0,2,1,26.1413,70.723,2.4049,6.43,0.9271,1.24,4.223,4.223,False,3.9778,4.674,0.6963,-0.451
2021103107,3354,42500,C.J. Uzomah,TE,True,CIN,8,False,6,17.8243,0.8476,0.3476,1.9066,7.4262,4.1688,0,1,0,8.2432,39.5434,1.1095,6.04,0.3066,2.01,4.0934,4.0934,False,8.3994,6.9926,-1.4068,-2.8992
2021103107,3378,43344,Tyler Boyd,WR,False,CIN,8,False,21,14.0324,0.6673,0.1673,9.0844,1.3216,-1.3075,1,3,0,23.681,27.2156,-1.6221,8.15,4.5692,0.65,11.9156,11.9156,False,8.1587,11.1014,2.9427,0.8142
2021103107,3445,43344,Tyler Boyd,WR,False,CIN,8,False,10,27.4248,1.3041,0.8041,19.9837,3.939,0.9335,1,3,0,5.4781,0.0,-0.5367,6.01,-0.6793,2.08,-9.9837,-5.0,True,-4.6132,-4.6075,0.0057,-0.3925
2021103107,3508,53463,Elijah Moore,WR,False,NYJ,8,False,14,13.4444,0.6393,0.1393,7.919,4.2701,0.2209,1,3,0,16.4843,67.461,3.4434,1.66,1.5719,1.78,6.081,6.081,False,4.7318,4.0966,-0.6352,1.9844
2021103107,3554,53536,Michael Carter,RB,False,NYJ,8,False,23,10.3183,0.4907,0.0,0.42,6.7292,-5.03,0,1,0,16.23,60.46,-3.409,4.28,1.2005,1.89,22.58,22.58,False,11.4332,8.8019,-2.6313,13.7781
2021103107,3611,42448,Jamison Crowder,WR,False,NYJ,8,False,12,15.283,0.7268,0.2268,5.4894,3.9086,1.5521,1,2,0,11.2596,42.9206,1.4639,2.25,0.4382,2.79,6.5106,6.5106,False,3.7127,2.8783,-0.8344,3.6323
2021103107,3635,45555,Keelan Cole,WR,False,NYJ,8,False,6,14.6825,0.6982,0.1982,5.8942,0.5333,0.4387,2,3,1,20.7581,30.0758,3.1684,1.13,-0.6851,5.3,0.1058,0.1058,False,-0.7377,-0.8351,-0.0974,0.9408
2021103107,3659,45555,Keelan Cole,WR,False,NYJ,8,False,8,11.5997,0.5516,0.0516,5.1654,4.0473,1.1333,1,3,1,24.0866,25.2146,6.3689,4.55,0.4914,3.99,2.8346,2.8346,False,1.7173,0.9177,-0.7996,1.9169
2021103107,3735,47969,Ty Johnson,RB,False,NYJ,8,False,19,9.9821,0.4747,0.0,3.07,5.2554,4.8,0,2,1,17.25,16.76,3.4307,5.44,1.8418,2.73,15.93,15.93,False,4.6174,4.0734,-0.5441,11.8566
2021103107,3869,42428,Tyler Kroft,TE,True,NYJ,8,False,13,19.9662,0.9495,0.4495,18.0013,6.3276,-4.2831,0,1,0,23.8701,0.0,3.3316,5.75,5.6541,1.48,-5.0013,-5.0,True,-2.3991,-0.1332,2.2659,-4.8668
2021103107,3948,43344,Tyler Boyd,WR,False,CIN,8,False,19,30.1062,1.4317,0.9317,24.6252,2.9542,-0.4042,1,2,0,5.1848,49.6948,-1.062,4.61,-0.5418,4.35,-5.6252,-5.0,True,9.8044,-0.6666,-10.471,-4.3334
2021103107,4200,47969,Ty Johnson,RB,False,NYJ,8,False,-1,11.368,0.5406,0.0406,1.6666,5.3747,5.3703,0,2,1,19.0038,78.2234,1.6422,6.83,-0.5763,2.34,-2.6666,-2.6666,False,6.6488,3.9267,-2.7221,-6.5933
2021103108,54,34540,Jared Cook,TE,True,LAC,8,False,12,13.6429,0.6488,0.1488,4.2084,3.2251,1.892,1,1,0,19.916,71.2516,-1.7432,4.23,-0.5485,1.22,7.7916,7.7916,False,7.811,5.7988,-2.0122,1.9927
2021103108,99,40024,Keenan Allen,WR,False,LAC,8,False,41,25.9525,1.2341,0.7341,22.9585,5.2108,-2.5509,0,2,1,12.0227,34.4115,-1.7629,7.51,4.4386,3.21,18.0415,18.0415,False,9.3105,3.2269,-6.0836,14.8146
2021103108,171,45573,Austin Ekeler,RB,False,LAC,8,False,6,7.9765,0.3793,0.0,3.29,1.34,-0.01,2,3,1,11.18,9.51,0.3647,8.19,2.3535,1.39,2.71,2.71,False,2.2502,3.5403,1.2902,-0.8303
2021103108,312,45185,Kendrick Bourne,WR,False,NE,8,False,14,20.8387,0.991,0.491,5.8392,7.1519,3.0784,0,1,0,7.2517,66.2708,-0.1992,6.0,1.8112,2.73,8.1608,8.1608,False,6.3183,6.3324,0.0141,1.8284
2021103108,341,42363,Nelson Agholor,WR,False,NE,8,False,44,29.9136,1.4225,0.9225,28.4045,4.2105,-0.7351,1,2,0,15.9149,29.6855,-0.7677,9.3,5.3382,1.33,15.5955,15.5955,False,17.8083,10.7996,-7.0086,4.7958
2021103108,485,47749,Jakob Johnson,FB,False,NE,8,False,2,14.256,0.6779,0.1779,0.5955,2.8948,1.9151,1,4,0,22.6672,2.3345,3.7012,2.21,-1.0372,2.13,1.4045,1.4045,False,2.2071,0.2446,-1.9625,1.1599
2021103108,619,34540,Jared Cook,TE,True,LAC,8,False,13,20.5128,0.9755,0.4755,11.6277,2.1074,-0.1264,2,2,1,6.2578,68.1723,-0.7382,6.31,3.0659,4.74,1.3723,1.3723,False,1.3368,1.4157,0.0789,-0.0434
2021103108,740,53549,Rhamondre Stevenson,RB,False,NE,8,False,5,6.6799,0.3177,0.0,-6.93,7.506,-0.49,0,4,1,13.44,78.09,-5.6961,6.57,2.246,3.79,11.93,11.93,False,9.3376,11.5441,2.2066,0.3859
2021103108,979,40024,Keenan Allen,WR,False,LAC,8,False,5,11.1484,0.5301,0.0301,5.2965,1.8649,0.0425,1,5,1,19.7859,0.0,4.1713,1.9,1.2119,3.41,-0.2965,-0.2965,False,-2.8199,-3.0828,-0.263,2.7863
2021103108,1035,44912,Jonnu Smith,TE,True,NE,8,False,11,15.0435,0.7154,0.2154,-4.8762,8.1034,8.0368,0,1,1,10.4679,80.1862,7.9773,3.51,1.1786,2.67,15.8762,15.8762,False,7.9105,6.8958,-1.0147,8.9804
2021103108,1156,43324,Hunter Henry,TE,True,NE,8,False,33,18.6507,0.8869,0.3869,15.1747,10.5467,-10.287,0,0,0,21.0463,22.0953,-3.1531,8.01,4.6127,2.35,17.8253,17.8253,False,9.9272,10.3905,0.4633,7.4348
2021103108,1332,44819,Mike Williams,WR,False,LAC,8,False,5,17.4254,0.8286,0.3286,5.1401,2.8131,2.7755,2,2,1,5.8439,91.7399,1.6175,4.83,1.2175,6.3,-0.1401,-0.1401,False,0.0218,-0.7641,-0.7859,0.624
2021103108,1425,45185,Kendrick Bourne,WR,False,NE,8,False,7,17.3158,0.8234,0.3234,5.5058,3.3646,3.3614,1,2,1,12.3458,30.8042,1.7044,1.96,-1.188,3.61,1.4942,1.4942,False,1.922,1.3891,-0.5329,0.1051
2021103108,1810,40024,Keenan Allen,WR,False,LAC,8,False,9,12.232,0.5817,0.0817,3.7386,6.315,-5.7237,0,4,1,24.2562,69.3114,-2.5657,7.52,-0.2624,1.37,5.2614,5.2614,False,7.7465,4.0509,-3.6956,1.2105
2021103108,1908,45185,Kendrick Bourne,WR,False,NE,8,False,10,31.2448,1.4858,0.9858,11.0627,2.884,2.6789,1,2,1,1.3708,29.3773,1.4399,4.68,-2.2796,3.94,-1.0627,-1.0627,False,-1.2659,-1.2138,0.0521,0.1511
2021103108,2166,48097,Jakobi Meyers,WR,False,NE,8,False,4,10.7377,0.5106,0.0106,3.9511,1.6362,1.3249,1,4,2,26.4231,54.2389,3.0173,1.24,0.1048,5.47,0.0489,0.0489,False,1.1126,0.2787,-0.8338,-0.2299
2021103108,2211,47815,N'Keal Harry,WR,False,NE,8,False,15,25.3479,1.2054,0.7054,17.288,1.2702,-0.7239,1,1,0,25.3583,30.892,-0.2194,7.79,1.429,3.94,-2.288,-2.288,False,6.7154,1.3256,-5.3898,-3.6136
2021103108,2314,45185,Kendrick Bourne,WR,False,NE,8,False,7,19.8225,0.9426,0.4426,6.385,3.2287,3.2225,1,3,2,14.7523,31.025,-1.2659,2.37,-2.3608,4.38,0.615,0.615,False,2.6777,1.2401,-1.4377,-0.6251
2021103108,2354,45573,Austin Ekeler,RB,False,LAC,8,False,11,14.485,0.6888,0.1888,1.8547,6.1168,5.9092,0,1,1,10.6897,73.2753,3.7372,8.13,1.4551,1.46,9.1453,9.1453,False,4.386,6.6329,2.2469,2.5123
2021103108,2549,48097,Jakobi Meyers,WR,False,NE,8,False,14,21.2458,1.0103,0.5103,15.4777,2.4475,1.2464,2,3,0,23.7036,47.0623,-1.0715,5.54,1.0732,4.45,-1.4777,-1.4777,False,3.6994,1.9183,-1.7811,-3.396
2021103108,2794,45573,Austin Ekeler,RB,False,LAC,8,False,11,12.5608,0.5973,0.0973,1.9453,6.3161,-5.703,0,1,0,16.7841,44.6447,1.9313,2.53,2.1095,3.01,9.0547,9.0547,False,11.5808,9.7535,-1.8273,-0.6988
2021103108,2922,44912,Jonnu Smith,TE,True,NE,8,False,2,9.4117,0.4476,0.0,1.72,3.5788,3.16,1,5,1,18.26,73.9,2.9173,6.97,-0.5335,1.94,0.28,0.28,False,2.7682,1.1298,-1.6384,-0.8498
2021103108,2965,42363,Nelson Agholor,WR,False,NE,8,False,7,16.25,0.7727,0.2727,6.6278,3.0131,2.7821,1,2,1,11.4558,66.4622,0.7674,6.76,0.9817,4.72,0.3722,0.3722,False,2.8745,2.8239,-0.0506,-2.4516
2021103108,3078,43845,Stephen Anderson,TE,True,LAC,8,False,14,11.0685,0.5263,0.0263,2.169,10.716,10.2397,0,0,0,17.7232,90.221,-1.7405,6.75,0.7208,0.83,11.831,11.831,False,9.8076,11.8494,2.0418,-0.0184
2021103108,3185,40024,Keenan Allen,WR,False,LAC,8,False,15,20.7093,0.9848,0.4848,13.0956,3.4469,2.6858,2,4,2,26.1449,79.6844,1.9866,1.71,1.4555,5.67,1.9044,1.9044,False,2.5187,0.5581,-1.9606,1.3463
2021103108,3279,48097,Jakobi Meyers,WR,False,NE,8,False,0,13.7198,0.6524,0.1524,8.7843,1.3353,0.7808,2,6,0,17.0798,0.0,-0.0205,8.58,1.4058,1.53,-8.7843,-5.0,True,-3.6774,-4.1355,-0.458,-0.8645
2021103108,3386,44819,Mike Williams,WR,False,LAC,8,False,14,21.8395,1.0385,0.5385,10.2784,3.7175,3.0156,1,2,1,6.6692,77.0016,-0.983,7.01,2.8008,4.49,3.7216,3.7216,False,1.2553,1.4787,0.2234,2.2429
2021103108,3671,48097,Jakobi Meyers,WR,False,NE,8,False,16,14.8875,0.708,0.208,8.2624,6.127,-4.7178,0,2,0,15.3492,45.7576,-3.2261,8.92,1.9352,1.22,7.7376,7.7376,False,9.9153,12.3887,2.4734,-4.6512
2021103108,3683,45573,Austin Ekeler,RB,False,LAC,8,False,7,8.9,0.4232,0.0,1.36,7.3013,-7.19,0,4,1,25.94,70.72,-3.7561,3.02,3.0094,2.35,5.64,5.64,False,6.3633,7.4638,1.1005,-1.8238
2021103108,3758,47815,N'Keal Harry,WR,False,NE,8,False,15,28.7149,1.3655,0.8655,15.243,5.3332,4.9931,0,1,1,2.5392,21.337,-1.3167,2.98,-0.5742,4.73,-0.243,-0.243,False,0.3726,0.1315,-0.2411,-0.3745
2021103108,3802,40024,Keenan Allen,WR,False,LAC,8,False,6,18.6089,0.8849,0.3849,5.4413,1.7477,1.2046,1,1,0,8.9091,59.9787,1.2046,4.1,0.393,2.85,0.5587,0.5587,False,2.5023,1.175,-1.3273,-0.6162
2021103108,3831,42363,Nelson Agholor,WR,False,NE,8,False,9,14.4526,0.6873,0.1873,6.6582,6.4251,6.0289,0,3,1,9.1032,15.5918,0.5255,5.77,1.432,4.98,2.3418,2.3418,False,4.2798,5.2565,0.9768,-2.9147
2021103108,3896,48097,Jakobi Meyers,WR,False,NE,8,False,2,11.2823,0.5365,0.0365,2.2205,3.7543,3.5265,1,3,2,12.1663,11.4695,1.6538,7.27,0.8356,2.27,-0.2205,-0.2205,False,2.3013,2.2287,-0.0726,-2.4492
2021103108,3919,48556,Jalen Guyton,WR,False,LAC,8,False,18,27.6984,1.3172,0.8172,19.6009,3.6801,3.5876,1,2,1,6.703,47.8891,1.5634,6.64,4.2965,5.63,-1.6009,-1.6009,False,-2.0988,-2.9314,-0.8326,1.3306
2021103108,3989,45573,Austin Ekeler,RB,False,LAC,8,False,11,15.7114,0.7471,0.2471,0.7621,15.2634,12.6174,0,0,0,9.657,48.5679,-2.8359,6.59,1.7078,1.86,10.2379,10.2379,False,10.0194,11.5744,1.5551,-1.3365
2021103108,4019,45573,Austin Ekeler,RB,False,LAC,8,False,14,11.3147,0.5381,0.0381,2.4042,7.776,-5.2479,0,1,0,23.3483,36.5158,-2.6237,4.73,1.4231,2.73,11.5958,11.5958,False,13.2229,10.9367,-2.2862,0.6591
2021103108,4065,53506,Josh Palmer,WR,False,LAC,8,False,24,28.4347,1.3522,0.8522,24.2515,0.9585,-0.3454,1,2,0,2.2119,0.1185,-0.5095,8.59,8.4273,1.52,-0.2515,-0.2515,False,-0.0456,3.0995,3.1451,-3.351
2021103109,75,44978,Jamal Agnew,WR,False,JAX,8,False,6,14.1311,0.672,0.172,3.2724,2.6601,2.0188,1,2,2,12.7723,68.0176,0.9985,6.5,0.1305,2.07,2.7276,2.7276,False,2.2373,1.6128,-0.6245,1.1147
2021103109,141,41286,Carlos Hyde,RB,False,JAX,8,False,1,7.43,0.3533,0.0,-3.16,6.0954,-4.34,0,2,0,18.77,50.54,-4.7208,6.42,1.3008,0.82,4.16,4.16,False,9.4713,9.7591,0.2878,-5.5991
2021103109,165,45785,Dan Arnold,TE,True,JAX,8,False,7,14.4624,0.6877,0.1877,5.3269,6.1739,3.1123,0,2,1,11.6391,40.4931,-2.1206,5.82,1.1553,4.22,1.6731,1.6731,False,6.958,5.1607,-1.7973,-3.4876
2021103109,268,42412,Tyler Lockett,WR,False,SEA,8,False,9,11.8379,0.5629,0.0629,6.4171,3.1015,1.529,2,2,0,22.5015,73.9129,3.8083,3.58,2.4967,2.73,2.5829,2.5829,False,1.9309,2.9852,1.0543,-0.4023
2021103109,414,42412,Tyler Lockett,WR,False,SEA,8,False,27,17.007,0.8087,0.3087,12.9367,1.4674,-1.4582,1,2,0,16.7596,15.3233,-0.4131,8.79,6.0784,1.11,14.0633,14.0633,False,10.4347,14.4408,4.0061,-0.3775
2021103109,705,42412,Tyler Lockett,WR,False,SEA,8,False,1,11.8586,0.5639,0.0639,0.6729,5.0712,4.4473,0,1,1,1.2555,72.5571,2.7654,5.39,0.0452,2.29,0.3271,0.3271,False,2.8682,0.9755,-1.8927,-0.6484
2021103109,734,47847,DK Metcalf,WR,False,SEA,8,False,5,21.8129,1.0373,0.5373,7.4508,0.6419,0.5378,1,1,1,5.2507,65.8692,0.6944,1.23,1.2299,5.59,-2.4508,-2.4508,False,2.4753,-0.6733,-3.1486,-1.7775
2021103109,855,41286,Carlos Hyde,RB,False,JAX,8,False,9,6.8205,0.3243,0.0,-2.52,5.3901,-3.21,0,4,0,23.68,71.83,-2.9754,5.14,0.7056,0.79,11.52,11.52,False,11.3108,10.3302,-0.9807,1.1898
2021103109,934,42412,Tyler Lockett,WR,False,SEA,8,False,8,15.8047,0.7516,0.2516,6.2254,2.6868,1.0745,2,3,1,18.0336,67.0146,4.6626,2.17,2.168,2.24,1.7746,1.7746,False,1.6654,2.5352,0.8698,-0.7606
2021103109,1034,47847,DK Metcalf,WR,False,SEA,8,False,5,13.604,0.6469,0.1469,5.9614,1.9537,-0.2682,2,3,0,16.025,38.0286,0.9087,1.74,0.826,2.47,-0.9614,-0.9614,False,5.2422,1.6554,-3.5868,-2.6168
2021103109,1058,42412,Tyler Lockett,WR,False,SEA,8,False,9,17.7332,0.8433,0.3433,8.3109,0.9293,-0.1692,1,2,0,7.4985,29.7791,0.2752,6.28,2.3332,4.18,0.6891,0.6891,False,4.6115,0.3467,-4.2647,0.3423
2021103109,1144,47847,DK Metcalf,WR,False,SEA,8,False,16,27.293,1.2979,0.7979,14.065,0.9354,-0.2325,1,1,0,2.0763,2.185,0.2178,6.91,6.6112,2.12,1.935,1.935,False,2.3821,0.5839,-1.7982,1.3512
2021103109,1242,38696,Marvin Jones,WR,False,JAX,8,False,13,18.5649,0.8828,0.3828,11.8208,6.215,2.9245,0,3,1,11.9621,55.1292,1.6862,8.09,1.7,2.02,1.1792,1.1792,False,4.1238,5.6243,1.5004,-4.445
2021103109,1439,44856,Gerald Everett,TE,True,SEA,8,False,7,17.374,0.8262,0.3262,7.769,0.8893,0.3945,1,4,1,15.2342,58.021,1.3136,3.53,0.7634,4.45,-0.769,-0.769,False,1.8994,0.4503,-1.4491,-1.2193
2021103109,1463,42412,Tyler Lockett,WR,False,SEA,8,False,28,25.591,1.2169,0.7169,24.4239,2.5479,-0.0218,2,2,0,10.9334,34.0961,0.0555,8.4,6.2961,2.61,3.5761,3.5761,False,8.0445,8.2982,0.2538,-4.7222
2021103109,1492,42412,Tyler Lockett,WR,False,SEA,8,False,5,14.0428,0.6678,0.1678,5.8203,2.8357,2.7205,2,5,1,19.8179,24.4997,3.2023,1.75,-0.1768,2.87,-0.8203,-0.8203,False,2.227,1.3867,-0.8403,-2.207
2021103109,1609,47847,DK Metcalf,WR,False,SEA,8,False,4,18.4973,0.8796,0.3796,5.4394,2.438,1.7127,1,3,1,2.5721,7.5306,0.8452,4.98,-2.1353,2.19,-1.4394,-1.4394,False,-0.0426,0.2419,0.2845,-1.6813
2021103109,2138,42412,Tyler Lockett,WR,False,SEA,8,False,8,19.973,0.9498,0.4498,7.0669,9.2994,1.2612,0,1,0,4.6035,52.6131,-1.8202,6.29,1.416,2.34,0.9331,0.9331,False,6.2499,6.1535,-0.0964,-5.2204
2021103109,2193,42412,Tyler Lockett,WR,False,SEA,8,False,5,12.0043,0.5708,0.0708,3.302,2.8575,1.9119,1,3,1,22.2227,40.648,3.1432,3.24,0.4515,3.4,1.698,1.698,False,2.3926,1.8058,-0.5868,-0.1078
2021103109,2288,47847,DK Metcalf,WR,False,SEA,8,False,5,16.5252,0.7858,0.2858,6.6924,2.0335,0.4549,1,2,0,5.7524,0.0,-0.144,7.42,1.6527,4.38,-1.6924,-1.6924,False,-2.7656,-3.9134,-1.1478,2.221
2021103109,2688,53574,Luke Farrell,TE,True,JAX,8,False,3,18.4912,0.8793,0.3793,-0.2626,6.5514,6.485,0,2,1,11.9737,67.1726,-2.5204,5.83,-0.8768,1.94,3.2626,3.2626,False,9.6633,5.9463,-3.717,-2.6837
2021103109,2734,41286,Carlos Hyde,RB,False,JAX,8,False,9,11.5921,0.5512,0.0512,2.7576,7.6497,-7.0842,0,3,1,22.8472,62.1524,0.351,0.68,-0.6326,2.26,6.2424,6.2424,False,5.0395,3.7909,-1.2487,2.4516
2021103109,2953,42412,Tyler Lockett,WR,False,SEA,8,False,9,18.0788,0.8597,0.3597,9.057,2.7729,2.5423,1,4,1,20.6945,53.513,6.908,4.6,2.2435,3.06,-0.057,-0.057,False,0.8818,0.733,-0.1488,-0.79
2021103109,2977,47987,Travis Homer,RB,False,SEA,8,False,3,13.0772,0.6219,0.1219,0.2904,7.7792,7.1841,0,2,2,9.669,52.9296,2.6028,6.22,1.6444,3.38,2.7096,2.7096,False,5.484,6.2142,0.7302,-3.5046
2021103109,3020,45785,Dan Arnold,TE,True,JAX,8,False,7,19.1288,0.9096,0.4096,8.1247,1.9653,1.2063,1,3,0,18.4652,83.3453,0.5996,0.56,-0.3303,4.12,-1.1247,-1.1247,False,3.6787,0.7564,-2.9222,-1.8811
2021103109,3044,38696,Marvin Jones,WR,False,JAX,8,False,6,12.0891,0.5749,0.0749,5.2259,6.1212,5.963,0,3,2,26.2334,79.0541,4.006,1.08,0.3454,3.12,0.7741,0.7741,False,3.3539,2.6878,-0.6661,-1.9136
2021103109,3090,44978,Jamal Agnew,WR,False,JAX,8,False,3,16.1654,0.7687,0.2687,3.3273,0.9232,0.6742,1,2,1,9.6148,74.9127,-0.2937,6.83,-0.0846,2.25,-0.3273,-0.3273,False,1.7821,1.0117,-0.7704,-1.339
2021103109,3176,52450,Laviska Shenault,WR,False,JAX,8,False,6,13.0257,0.6194,0.1194,4.9013,2.4438,2.349,1,2,2,25.159,61.2587,3.3006,0.86,-0.1569,3.28,1.0987,1.0987,False,1.3381,1.146,-0.1921,-0.0472
2021103109,3516,45785,Dan Arnold,TE,True,JAX,8,False,11,15.3198,0.7285,0.2285,5.6268,1.6691,0.761,3,3,1,23.7678,58.7332,4.9571,1.81,-0.4956,0.78,5.3732,5.3732,False,0.1632,-0.5926,-0.7558,5.9658
2021103109,3540,45719,Dare Ogunbowale,RB,False,JAX,8,False,9,7.9818,0.3796,0.0,2.5,7.3403,-7.34,0,4,1,22.85,50.7,-2.6593,2.73,2.6452,2.05,6.5,6.5,False,5.9625,8.385,2.4225,-1.885
2021103109,3564,44978,Jamal Agnew,WR,False,JAX,8,False,8,17.9068,0.8515,0.3515,2.1303,6.3301,3.5569,0,2,1,7.7027,43.0897,-9.9107,6.18,-0.938,2.83,5.8697,5.8697,False,9.015,6.8902,-2.1249,-1.0204
2021103109,3610,38696,Marvin Jones,WR,False,JAX,8,False,11,24.6595,1.1726,0.6726,9.7219,2.6205,2.5327,1,1,1,3.0206,26.5381,-1.1696,1.1,0.8503,4.97,1.2781,1.2781,False,-0.9275,-0.3406,0.5868,1.6187
2021103109,3668,45785,Dan Arnold,TE,True,JAX,8,False,7,14.1454,0.6727,0.1727,6.149,2.503,2.3224,1,1,1,23.1939,18.941,3.143,1.18,1.0945,2.83,0.851,0.851,False,2.1658,2.1177,-0.0481,-1.2667
2021103109,3692,41286,Carlos Hyde,RB,False,JAX,8,False,4,12.4976,0.5943,0.0943,1.7183,6.2485,4.6942,0,3,2,20.7369,17.2017,5.8564,1.73,-0.0184,2.65,2.2817,2.2817,False,4.3072,2.6653,-1.6419,-0.3836
2021103109,3716,39954,Tavon Austin,WR,False,JAX,8,False,5,15.6281,0.7432,0.2432,5.4147,7.3419,6.4089,0,2,2,9.0933,9.4053,0.2181,5.88,-0.3917,3.09,-0.4147,-0.4147,False,4.3817,2.4994,-1.8823,-2.9141
2021103109,3828,44978,Jamal Agnew,WR,False,JAX,8,False,9,23.2008,1.1033,0.6033,11.6441,2.352,1.8226,2,3,2,10.7639,0.0,1.4941,4.12,-1.1536,3.43,-2.6441,-2.6441,False,-3.2484,-3.8039,-0.5555,1.1598
2021103109,3905,45785,Dan Arnold,TE,True,JAX,8,False,9,14.5846,0.6935,0.1935,7.025,1.8707,1.2267,1,2,0,11.1665,84.845,2.1788,6.34,1.4725,3.84,1.975,1.975,False,0.9933,1.869,0.8757,0.106
2021103109,3945,48601,Tyron Johnson,WR,False,JAX,8,False,10,16.7498,0.7965,0.2965,7.6636,4.3998,0.1113,2,2,0,12.1112,74.2164,4.431,5.89,4.5987,1.38,2.3364,2.3364,False,2.9685,6.0327,3.0643,-3.6963
2021103109,3991,41286,Carlos Hyde,RB,False,JAX,8,False,9,13.2286,0.6291,0.1291,2.4061,7.7044,6.9784,0,2,1,14.5986,69.7139,-0.635,6.37,0.2801,3.46,6.5939,6.5939,False,6.6718,6.2582,-0.4136,0.3356
2021103109,4094,41286,Carlos Hyde,RB,False,JAX,8,False,8,10.8336,0.5152,0.0152,-1.3526,8.7135,-5.359,0,1,0,13.4014,59.4826,-4.0974,4.58,2.4622,0.89,9.3526,9.3526,False,10.5196,12.6283,2.1087,-3.2757
2021103110,99,43722,J.D. McKissic,RB,False,WAS,8,False,27,11.2586,0.5354,0.0354,0.1507,5.4701,4.8359,0,2,2,15.8314,67.9593,1.7801,7.36,0.8664,2.03,26.8493,26.8493,False,5.2839,4.483,-0.8009,22.3663
2021103110,252,47803,Noah Fant,TE,True,DEN,8,False,1,9.2006,0.4375,0.0,-1.1,3.0576,3.03,1,3,1,13.68,82.15,2.4184,8.33,1.4107,0.78,2.1,2.1,False,4.8236,8.296,3.4724,-6.196
2021103110,398,46109,Courtland Sutton,WR,False,DEN,8,False,31,27.047,1.2862,0.7862,18.9557,1.9055,-1.6619,1,2,0,7.5066,42.3443,-0.5531,8.11,8.1097,0.36,12.0443,12.0443,False,8.4655,15.166,6.7006,-3.1217
2021103110,653,47859,Terry McLaurin,WR,False,WAS,8,False,17,24.4062,1.1606,0.6606,19.8135,5.1481,5.131,0,1,1,21.8082,47.1765,3.4638,6.64,4.1985,4.71,-2.8135,-2.8135,False,1.8628,0.8671,-0.9957,-3.6806
2021103110,719,43722,J.D. McKissic,RB,False,WAS,8,False,2,11.6034,0.5518,0.0518,-0.8071,3.7743,3.5022,1,1,1,9.551,41.9271,5.072,7.3,3.918,1.62,2.8071,2.8071,False,5.3805,7.3814,2.0009,-4.5743
2021103110,783,52474,Antonio Gibson,RB,False,WAS,8,False,13,6.9974,0.3328,0.0,-3.0,4.8098,1.53,1,3,0,20.67,42.17,-3.2554,6.36,0.753,0.61,16.0,16.0,False,14.4112,13.1376,-1.2736,2.8624
2021103110,957,52423,Jerry Jeudy,WR,False,DEN,8,False,5,16.3967,0.7797,0.2797,6.0161,2.2237,2.0868,1,2,1,5.447,53.8039,2.5653,6.86,0.88,3.52,-1.0161,-1.0161,False,0.0568,-0.3813,-0.4381,-0.6348
2021103110,986,45267,Tim Patrick,WR,False,DEN,8,False,31,19.0886,0.9077,0.4077,14.5851,3.5229,-0.6406,1,2,1,13.1509,39.5749,-0.0648,8.12,4.7705,2.23,16.4149,16.4149,False,5.645,7.8785,2.2334,8.5364
2021103110,1111,46362,Cam Sims,WR,False,WAS,8,False,20,11.1445,0.53,0.03,-1.1603,5.8956,-4.3982,0,2,0,15.0426,76.4003,-1.976,6.72,1.326,0.33,21.1603,21.1603,False,11.9165,11.7935,-0.123,9.3668
2021103110,1140,52474,Antonio Gibson,RB,False,WAS,8,False,4,9.8307,0.4675,0.0,0.05,7.6408,-6.6,0,4,1,15.97,55.19,-6.4664,5.86,1.841,1.9,3.95,3.95,False,11.117,10.2022,-0.9148,-6.2522
2021103110,1227,43010,Adam Humphries,WR,False,WAS,8,False,12,21.9273,1.0427,0.5427,11.9486,1.435,0.6053,1,1,0,8.1596,33.3114,-0.0754,7.14,0.3475,2.43,0.0514,0.0514,False,3.944,1.861,-2.083,-1.8096
2021103110,1372,52526,Albert Okwuegbunam,TE,True,DEN,8,False,12,8.6121,0.4095,0.0,0.09,6.7901,-3.16,0,4,1,11.26,75.44,-3.1035,7.44,1.4018,1.51,11.91,11.91,False,8.0345,8.6447,0.6103,3.2653
2021103110,1459,52526,Albert Okwuegbunam,TE,True,DEN,8,False,19,16.2157,0.7711,0.2711,12.1152,2.8411,-2.835,1,2,0,18.7382,40.8948,0.7086,7.51,3.634,1.86,6.8848,6.8848,False,7.6183,8.0075,0.3892,-1.1227
2021103110,1500,45267,Tim Patrick,WR,False,DEN,8,False,19,25.9485,1.2339,0.7339,12.0337,3.5297,2.3664,1,2,0,14.2634,22.0063,-0.6633,3.97,0.0596,5.54,6.9663,6.9663,False,5.2499,1.1093,-4.1405,5.8569
2021103110,1524,42358,Melvin Gordon,RB,False,DEN,8,False,15,12.972,0.6169,0.1169,4.6779,2.0439,0.3526,1,1,0,11.3223,10.7321,-1.1963,6.68,1.6081,3.89,10.3221,10.3221,False,3.9273,3.5649,-0.3624,6.7572
2021103110,1580,43722,J.D. McKissic,RB,False,WAS,8,False,1,12.1793,0.5792,0.0792,-1.8717,5.6889,5.6877,0,1,1,8.9865,77.1717,6.3304,6.12,3.3885,1.37,2.8717,2.8717,False,4.8426,6.6832,1.8406,-3.8115
2021103110,1604,42794,DeAndre Carter,WR,False,WAS,8,False,17,27.0318,1.2855,0.7855,16.9575,4.8923,2.8906,1,4,0,21.6935,57.8525,-0.9834,6.46,2.3266,3.61,0.0425,0.0425,False,8.3692,6.5033,-1.8659,-6.4608
2021103110,1645,45481,Ricky Seals-Jones,TE,True,WAS,8,False,14,23.559,1.1203,0.6203,14.61,2.6538,1.8791,1,2,2,8.1692,43.17,-0.8822,6.16,1.4025,3.71,-0.61,-0.61,False,0.4165,1.3399,0.9234,-1.9499
2021103110,1674,43722,J.D. McKissic,RB,False,WAS,8,False,7,12.0686,0.5739,0.0739,0.4634,3.0234,1.8615,1,1,0,13.2393,42.6566,-0.048,7.73,-0.3601,0.56,6.5366,6.5366,False,7.526,5.0638,-2.4621,1.4728
2021103110,1883,47803,Noah Fant,TE,True,DEN,8,False,7,8.8524,0.421,0.0,-0.35,2.5812,0.95,1,2,0,13.55,74.95,-1.0272,8.57,1.5044,1.3,7.35,7.35,False,6.6936,8.3551,1.6614,-1.0051
2021103110,1970,52526,Albert Okwuegbunam,TE,True,DEN,8,False,3,13.4266,0.6385,0.1385,3.3087,5.6593,4.1288,0,2,1,21.1914,55.8013,5.0744,7.13,-0.9479,0.7,-0.3087,-0.3087,False,3.9082,1.2727,-2.6356,-1.5814
2021103110,2013,45481,Ricky Seals-Jones,TE,True,WAS,8,False,15,23.6294,1.1237,0.6237,16.366,1.6289,1.6153,2,2,2,16.0053,75.924,0.1058,4.54,3.7937,2.48,-1.366,-1.366,False,2.3143,3.6962,1.3819,-5.0622
2021103110,2082,47859,Terry McLaurin,WR,False,WAS,8,False,5,14.5867,0.6936,0.1936,4.4166,4.1347,2.2422,2,3,1,16.9088,91.5934,-1.1766,5.39,-0.3788,2.34,0.5834,0.5834,False,4.7679,2.7319,-2.0361,-2.1485
2021103110,2150,42358,Melvin Gordon,RB,False,DEN,8,False,4,7.3001,0.3471,0.0,2.15,2.9277,2.83,1,7,1,22.95,51.94,5.5675,2.94,2.5428,1.48,1.85,1.85,False,2.4253,2.9442,0.5189,-1.0942
2021103110,2325,53553,John Bates,TE,True,WAS,8,False,4,21.2801,1.0119,0.5119,3.0212,5.8331,5.8325,0,1,1,5.4623,66.2588,3.1384,4.63,0.2173,2.21,0.9788,0.9788,False,4.3847,1.8005,-2.5842,-0.8217
2021103110,2370,43010,Adam Humphries,WR,False,WAS,8,False,23,12.5712,0.5978,0.0978,3.1294,7.5467,-6.1953,0,2,0,15.188,58.6806,-4.4524,8.04,1.5272,2.01,19.8706,19.8706,False,10.9359,8.7976,-2.1383,11.073
2021103110,2565,52423,Jerry Jeudy,WR,False,DEN,8,False,9,14.97,0.7119,0.2119,6.3059,3.7094,0.8539,1,1,0,19.9045,71.5741,0.1622,3.34,0.8301,1.36,2.6941,2.6941,False,6.3018,4.6998,-1.602,-2.0057
2021103110,2626,53464,Javonte Williams,RB,False,DEN,8,False,2,11.0888,0.5273,0.0273,0.5516,3.9293,3.672,1,2,2,11.6939,52.5284,4.8374,6.29,2.6224,1.94,1.4484,1.4484,False,1.6508,2.0324,0.3817,-0.584
2021103110,2650,53464,Javonte Williams,RB,False,DEN,8,False,11,9.7942,0.4658,0.0,-4.81,9.4266,-0.56,0,1,0,11.25,55.9,-5.5105,5.2,2.1779,2.71,15.81,15.81,False,9.6496,9.0789,-0.5707,6.7311
2021103110,2927,45267,Tim Patrick,WR,False,DEN,8,False,14,18.606,0.8848,0.3848,13.2178,3.214,1.6718,2,3,0,19.2014,49.6722,-0.0595,6.35,3.5288,4.77,0.7822,0.7822,False,3.3109,2.3453,-0.9656,-1.5631
2021103110,2974,46109,Courtland Sutton,WR,False,DEN,8,False,9,21.3521,1.0154,0.5154,7.7495,5.4078,5.4061,0,1,1,5.0764,48.4505,-2.095,1.64,0.2707,4.92,1.2505,1.2505,False,3.2779,2.5333,-0.7446,-1.2828
2021103110,3017,52423,Jerry Jeudy,WR,False,DEN,8,False,18,24.1507,1.1485,0.6485,16.1891,2.8307,-1.2232,1,1,0,11.9186,31.7009,-0.9746,7.42,2.0651,1.68,1.8109,1.8109,False,8.5918,7.5153,-1.0765,-5.7044
2021103110,3083,52423,Jerry Jeudy,WR,False,DEN,8,False,7,12.4501,0.592,0.092,5.3107,2.6979,1.2561,1,4,0,26.2783,8.6693,-0.0839,4.3,1.7462,0.98,1.6893,1.6893,False,3.839,4.2777,0.4387,-2.5884
2021103110,3112,43722,J.D. McKissic,RB,False,WAS,8,False,19,12.7847,0.608,0.108,0.6649,6.1881,3.1289,0,2,1,12.3554,74.5151,-2.8897,4.86,-0.0475,3.46,18.3351,18.3351,False,6.5387,5.321,-1.2177,13.0142
2021103110,3167,43722,J.D. McKissic,RB,False,WAS,8,False,5,11.0035,0.5233,0.0233,0.995,3.1399,2.4805,1,1,1,23.0935,54.905,-0.6798,8.45,-0.2168,0.54,4.005,4.005,False,6.598,7.2787,0.6807,-3.2737
2021103110,3230,53687,Dax Milne,WR,False,WAS,8,False,22,13.7221,0.6525,0.1525,8.3396,1.6431,-1.3261,1,1,0,22.9347,44.2604,-0.9158,6.94,3.6034,0.26,13.6604,13.6604,False,12.1299,12.7641,0.6342,0.8963
2021103110,3308,42794,DeAndre Carter,WR,False,WAS,8,False,14,12.9986,0.6181,0.1181,4.1744,9.3714,-1.2301,0,1,0,16.3723,20.7656,4.2871,7.84,1.0532,1.41,9.8256,9.8256,False,9.1381,9.8931,0.755,-0.0675
2021103110,3332,52474,Antonio Gibson,RB,False,WAS,8,False,3,11.1384,0.5297,0.0297,-0.3476,4.4162,3.8144,1,1,1,10.232,11.2176,2.6159,6.79,2.4388,1.91,3.3476,3.3476,False,4.5126,4.8798,0.3672,-1.5322
2021103111,75,52569,Tyler Johnson,WR,False,TB,8,False,8,15.4637,0.7354,0.2354,5.8199,4.5412,3.6701,1,3,2,20.0746,70.8501,0.6473,0.45,0.0422,2.0,2.1801,2.1801,False,3.4225,1.9837,-1.4388,0.1964
2021103111,153,44879,Alvin Kamara,RB,False,NO,8,False,6,14.4586,0.6876,0.1876,4.5812,2.4238,2.0492,1,2,1,10.2337,81.5688,2.1072,6.58,2.299,3.45,1.4188,1.4188,False,1.5619,3.1165,1.5547,-1.6977
2021103111,286,44075,Garrett Griffin,TE,True,NO,8,False,4,10.2412,0.487,0.0,1.66,3.7374,2.76,1,3,2,11.18,63.64,1.3893,6.03,1.1361,1.63,2.34,2.34,False,2.5621,3.4282,0.8661,-1.0882
2021103111,310,53098,Marquez Callaway,WR,False,NO,8,False,5,19.5112,0.9278,0.4278,5.6479,1.6738,1.6255,1,2,1,7.5481,55.4821,2.1146,0.38,0.2756,5.92,-0.6479,-0.6479,False,0.5888,-0.6209,-1.2097,-0.027
2021103111,408,44896,Chris Godwin,WR,False,TB,8,False,25,12.073,0.5741,0.0741,4.036,3.9234,1.7934,1,3,1,20.13,36.114,-1.6398,7.34,0.8907,0.79,20.964,20.964,False,6.0581,5.6561,-0.4019,15.3079
2021103111,522,44896,Chris Godwin,WR,False,TB,8,False,12,12.7198,0.6049,0.1049,5.2717,2.7198,0.5252,1,6,4,23.76,6.8983,0.1658,7.55,2.686,0.85,6.7283,6.7283,False,3.7331,4.0595,0.3264,2.6688
2021103111,834,46160,Tre'Quan Smith,WR,False,NO,8,False,16,21.5768,1.0261,0.5261,15.4295,0.915,-0.1309,1,1,0,15.0961,0.8905,0.6232,7.79,6.2531,4.58,0.5705,0.5705,False,0.2664,-0.4739,-0.7403,1.0444
2021103111,1039,52569,Tyler Johnson,WR,False,TB,8,False,8,14.8853,0.7079,0.2079,7.1115,0.0496,0.0495,2,2,1,21.6553,44.4585,0.8424,6.38,0.2961,2.24,0.8885,0.8885,False,1.4426,0.1503,-1.2924,0.7382
2021103111,1089,53558,Jaelon Darden,WR,False,TB,8,False,4,23.1042,1.0987,0.5987,5.0508,3.2616,2.575,1,1,1,6.5301,39.0192,3.5782,2.53,2.3231,3.57,-1.0508,-1.0508,False,0.4495,2.3079,1.8583,-3.3587
2021103111,1248,52513,Adam Trautman,TE,True,NO,8,False,5,14.4671,0.688,0.188,4.9113,2.3549,1.5118,1,3,0,14.9304,68.2287,5.0951,1.0,0.9645,3.47,0.0887,0.0887,False,1.826,1.585,-0.241,-1.4963
2021103111,1372,44896,Chris Godwin,WR,False,TB,8,False,20,22.6946,1.0792,0.5792,13.7757,2.3436,-1.5512,1,1,0,1.5626,70.9543,-1.6834,7.6,7.0195,1.95,6.2243,6.2243,False,11.0256,12.6683,1.6426,-6.444
2021103111,1448,52569,Tyler Johnson,WR,False,TB,8,False,31,31.3932,1.4929,0.9929,18.9487,2.2921,2.2644,1,1,1,5.5726,47.2713,-0.2371,2.8,2.4764,5.31,12.0513,12.0513,False,-3.1382,-0.9749,2.1633,13.0262
2021103111,1477,44831,O.J. Howard,TE,True,TB,8,False,4,12.875,0.6123,0.1123,2.9848,4.656,4.6207,1,1,1,12.3015,32.1152,5.4615,3.58,3.2501,3.23,1.0152,1.0152,False,1.8386,4.2385,2.3999,-3.2233
2021103111,1615,44075,Garrett Griffin,TE,True,NO,8,False,12,13.4477,0.6395,0.1395,2.6726,3.9721,2.9198,1,2,1,25.3815,47.9374,5.5021,4.1,1.3807,1.24,9.3274,9.3274,False,1.7936,2.8403,1.0467,6.4871
2021103111,1669,44075,Garrett Griffin,TE,True,NO,8,False,14,14.4982,0.6894,0.1894,5.6474,3.4176,-2.0632,1,2,0,20.0838,32.3626,-1.283,1.76,0.7251,3.11,8.3526,8.3526,False,9.9075,5.0018,-4.9057,3.3508
2021103111,2002,46160,Tre'Quan Smith,WR,False,NO,8,False,15,16.14,0.7675,0.2675,6.0714,4.4565,4.3481,1,1,1,7.1753,17.8686,1.1277,6.37,1.7996,4.48,8.9286,8.9286,False,1.9917,2.2346,0.2429,6.694
2021103111,2098,45005,Alex Armah,RB,False,NO,8,False,1,10.576,0.5029,0.0029,0.0757,4.4208,0.0135,1,4,1,13.4683,1.6143,-0.2563,7.65,1.9477,1.27,0.9243,0.9243,False,2.3433,1.3254,-1.0179,-0.4011
2021103111,2222,42350,Kevin White,WR,False,NO,8,False,38,25.8422,1.2289,0.7289,17.846,0.9265,-0.8157,1,1,0,4.0458,58.144,-0.3325,8.49,8.3222,2.7,20.154,20.154,False,13.147,16.7739,3.6269,3.3801
2021103111,2554,42033,Cameron Brate,TE,True,TB,8,False,9,10.4577,0.4973,0.0,4.47,3.363,1.95,1,5,0,24.42,71.12,3.0598,5.61,3.7872,0.97,4.53,4.53,False,2.5576,5.3589,2.8013,-0.8289
2021103111,2603,44816,Leonard Fournette,RB,False,TB,8,False,7,10.3282,0.4911,0.0,-2.71,6.9227,6.34,0,2,2,10.69,66.77,1.558,6.42,3.7345,2.45,9.71,9.71,False,7.5821,10.5936,3.0115,-0.8836
2021103111,2632,44896,Chris Godwin,WR,False,TB,8,False,44,13.8885,0.6604,0.1604,5.3578,1.4039,-0.0053,1,3,1,23.96,51.6022,0.846,6.1,3.601,0.79,38.6422,30.0,False,2.4944,5.1827,2.6883,24.8173
2021103111,2717,42033,Cameron Brate,TE,True,TB,8,False,6,10.2365,0.4868,0.0,3.46,2.8304,2.75,1,4,1,20.73,9.52,5.0789,4.96,2.8393,1.64,2.54,2.54,False,2.4063,3.215,0.8087,-0.675
2021103111,2807,39985,Giovani Bernard,RB,False,TB,8,False,7,17.8219,0.8475,0.3475,1.6956,3.3133,2.1191,2,5,3,15.4366,5.4344,0.7019,4.93,2.3471,2.79,5.3044,5.3044,False,1.6713,2.8616,1.1903,2.4428
2021103111,3019,44896,Chris Godwin,WR,False,TB,8,False,16,12.7034,0.6041,0.1041,6.1457,1.3365,0.4901,1,4,0,24.5538,57.9643,0.4297,7.2,4.9543,1.35,9.8543,9.8543,False,2.5741,6.8718,4.2977,2.9825
2021103111,3098,44896,Chris Godwin,WR,False,TB,8,False,6,11.4228,0.5432,0.0432,1.9164,4.6358,3.3516,1,2,1,18.4381,45.1436,7.4737,4.41,4.0834,1.5,4.0836,4.0836,False,3.4812,5.4093,1.9281,-1.3257
2021103111,3123,41233,Mike Evans,WR,False,TB,8,False,41,27.0296,1.2854,0.7854,29.1153,1.6915,-1.5218,1,1,0,11.4085,11.9947,-0.2228,9.1,7.8376,1.51,11.8847,11.8847,False,11.4879,10.1582,-1.3297,1.7265
2021103111,3429,52569,Tyler Johnson,WR,False,TB,8,False,7,12.6242,0.6003,0.1003,5.7357,3.4544,2.2153,1,4,1,25.1995,70.3143,0.3097,5.15,2.1496,1.97,1.2643,1.2643,False,5.2168,6.0465,0.8297,-4.7822
2021103111,3777,44816,Leonard Fournette,RB,False,TB,8,False,2,10.331,0.4913,0.0,1.44,2.7995,2.73,1,4,1,22.73,73.75,6.8302,2.89,2.4336,3.82,0.56,0.56,False,1.1353,3.3828,2.2475,-2.8228
2021103111,3801,44831,O.J. Howard,TE,True,TB,8,False,12,12.4538,0.5922,0.0922,-0.0816,3.8396,3.8126,2,4,2,15.1591,73.1916,4.1406,5.78,0.5249,0.75,12.0816,12.0816,False,2.1873,2.4417,0.2545,9.6399
2021103111,3854,44816,Leonard Fournette,RB,False,TB,8,False,8,12.6317,0.6007,0.1007,3.2991,4.3875,2.7386,1,3,1,15.3406,54.9209,4.1505,2.33,2.2752,1.95,4.7009,4.7009,False,2.612,3.8413,1.2292,0.8596
2021103111,3882,44767,Cyril Grayson,WR,False,TB,8,False,50,25.9939,1.2361,0.7361,26.3703,10.9948,-10.0703,0,0,0,18.6493,24.0397,-6.4199,8.75,8.5725,4.89,23.6297,23.6297,False,19.1495,16.2532,-2.8963,7.3765
2021103111,3967,44879,Alvin Kamara,RB,False,NO,8,False,5,13.1436,0.625,0.125,3.14,3.9665,0.2896,1,3,2,11.8471,71.07,-0.9148,5.65,0.5602,3.55,1.86,1.86,False,4.4159,3.4412,-0.9747,-1.5812
2021103111,3991,53098,Marquez Callaway,WR,False,NO,8,False,9,24.0001,1.1413,0.6413,10.8478,1.2936,1.2653,1,2,1,9.2214,58.2622,2.6454,2.55,2.5227,6.53,-1.8478,-1.8478,False,-0.0967,-0.1623,-0.0656,-1.6855
2021103111,4178,53098,Marquez Callaway,WR,False,NO,8,False,16,22.0979,1.0508,0.5508,15.0785,2.7785,1.5355,2,3,1,22.3317,10.0415,-1.3791,7.04,0.3967,3.93,0.9215,0.9215,False,2.306,2.0185,-0.2875,-1.097
2021103111,4273,44879,Alvin Kamara,RB,False,NO,8,False,4,10.8941,0.5181,0.0181,2.7929,2.2644,2.156,1,3,1,21.4344,6.4371,1.7536,5.85,0.1633,2.16,1.2071,1.2071,False,2.6993,1.6235,-1.0758,-0.4164
2021103111,4465,52569,Tyler Johnson,WR,False,TB,8,False,11,26.6123,1.2655,0.7655,11.6681,2.8547,2.6497,1,1,1,6.1652,78.3819,1.2281,0.53,-0.5251,3.86,-0.6681,-0.6681,False,-0.0855,0.6712,0.7567,-1.3392
2021103112,97,46226,Tyler Conklin,TE,True,MIN,8,False,31,23.9989,1.1412,0.6412,15.0632,1.037,-0.7451,1,1,0,4.7967,51.7668,-0.2536,7.91,7.8336,1.26,15.9368,15.9368,False,14.4499,15.4631,1.0133,0.4737
2021103112,238,40488,Adam Thielen,WR,False,MIN,8,False,20,17.3042,0.8229,0.3229,9.5534,6.1773,-5.0651,0,3,0,14.4504,10.3866,-2.0438,6.02,5.8332,0.72,10.4466,10.4466,False,5.7913,9.0986,3.3073,1.348
2021103112,315,42347,Amari Cooper,WR,False,DAL,8,False,5,15.8577,0.7541,0.2541,4.7475,3.2369,3.1524,1,1,1,6.3632,62.4025,2.4028,6.4,1.5646,4.41,0.2525,0.2525,False,0.8746,0.7036,-0.171,-0.4511
2021103112,465,52425,CeeDee Lamb,WR,False,DAL,8,False,17,25.0158,1.1896,0.6896,17.3325,4.539,4.5389,1,1,1,6.5974,21.5675,-3.4057,3.08,2.9619,6.1,-0.3325,-0.3325,False,2.0492,2.0537,0.0045,-2.3862
2021103112,538,52425,CeeDee Lamb,WR,False,DAL,8,False,8,16.1969,0.7702,0.2702,6.0579,3.8755,2.0859,2,2,1,15.3121,21.2221,-0.81,6.19,2.3977,1.57,1.9421,1.9421,False,4.1123,6.5205,2.4082,-4.5785
2021103112,788,52425,CeeDee Lamb,WR,False,DAL,8,False,20,28.4149,1.3512,0.8512,18.4245,3.9583,1.0726,1,1,0,7.1876,65.8755,-2.2953,4.23,2.5663,6.03,1.5755,1.5755,False,2.7283,1.4045,-1.3238,0.171
2021103112,1021,46226,Tyler Conklin,TE,True,MIN,8,False,5,13.0045,0.6184,0.1184,4.7452,1.7566,1.2415,1,3,1,20.1653,50.5048,0.5722,5.2,-0.2939,0.72,0.2548,0.2548,False,2.4107,0.9084,-1.5023,-0.6536
2021103112,1113,42347,Amari Cooper,WR,False,DAL,8,False,29,21.8341,1.0383,0.5383,17.3098,6.9378,-2.7962,0,2,0,7.6821,61.1302,-2.5589,7.95,7.4677,1.07,11.6902,11.6902,False,10.0178,15.2144,5.1965,-3.5241
2021103112,1228,46206,Dalton Schultz,TE,True,DAL,8,False,4,12.5269,0.5957,0.0957,4.2362,1.0839,0.7436,2,2,0,14.013,32.6838,2.8178,3.42,-0.1444,3.51,-0.2362,-0.2362,False,0.5593,0.5143,-0.045,-0.7505
2021103112,1253,46277,Cedrick Wilson,WR,False,DAL,8,False,9,21.0966,1.0032,0.5032,8.4704,1.896,1.1052,1,1,0,12.0124,24.5896,-0.055,5.89,-1.4897,2.91,0.5296,0.5296,False,4.1097,1.274,-2.8357,-0.7444
2021103112,1469,37179,Luke Stocker,TE,True,MIN,8,False,7,10.7658,0.512,0.012,0.9306,2.2158,-1.7861,1,5,0,26.6023,64.3494,0.5138,4.09,0.8852,0.56,6.0694,6.0694,False,8.0583,4.9537,-3.1046,1.1157
2021103112,1535,40488,Adam Thielen,WR,False,MIN,8,False,32,16.6196,0.7903,0.2903,12.1682,2.7859,-2.7501,1,2,0,18.2239,43.5918,-0.4657,9.19,3.7482,0.58,19.8318,19.8318,False,9.5411,15.0243,5.4832,4.8075
2021103112,1602,47885,Alexander Mattison,RB,False,MIN,8,False,-2,14.1123,0.6711,0.1711,-2.5633,2.5077,2.3772,1,1,1,9.6099,26.8633,3.4756,2.5,-1.8896,1.92,0.5633,0.5633,False,4.6465,3.5174,-1.1291,-2.9541
2021103112,1695,43293,Ezekiel Elliott,RB,False,DAL,8,False,3,7.9368,0.3774,0.0,0.51,4.1456,4.12,1,7,2,21.56,75.16,1.7988,0.61,-0.1636,3.38,2.49,2.49,False,5.7011,3.6894,-2.0117,-1.1994
2021103112,1719,42347,Amari Cooper,WR,False,DAL,8,False,7,17.5172,0.833,0.333,6.9741,0.8907,0.7643,2,3,2,13.6943,65.9659,3.9757,4.54,2.5348,0.69,0.0259,0.0259,False,-0.1849,1.3284,1.5133,-1.3025
2021103112,1901,53586,Ihmir Smith-Marsette,WR,False,MIN,8,False,6,17.0698,0.8117,0.3117,4.3723,2.1977,0.7837,1,1,0,5.6704,81.2877,-0.5005,6.88,-0.4739,0.62,1.6277,1.6277,False,1.8091,3.4685,1.6594,-1.8408
2021103112,2072,46277,Cedrick Wilson,WR,False,DAL,8,False,73,22.6319,1.0762,0.5762,19.2959,3.1018,-3.0877,1,1,0,21.7714,53.8041,-0.9471,8.25,7.5072,2.35,53.7041,30.0,False,10.5003,14.1979,3.6977,15.8021
2021103112,2423,52430,Justin Jefferson,WR,False,MIN,8,False,18,24.7417,1.1766,0.6766,13.3075,2.6346,2.5233,1,1,1,17.2391,42.3425,1.2577,1.93,-1.8513,2.81,4.6925,4.6925,False,1.7814,1.1997,-0.5817,3.4928
2021103112,2473,46176,Christopher Herndon,TE,True,MIN,8,False,7,9.1887,0.437,0.0,-2.05,5.9346,-2.67,0,2,1,12.86,36.12,-4.6711,7.84,1.3412,0.54,9.05,9.05,False,9.623,9.3964,-0.2266,-0.3464
2021103112,2545,46226,Tyler Conklin,TE,True,MIN,8,False,7,14.6588,0.6971,0.1971,4.6324,4.5259,4.1451,1,2,2,14.5787,24.2776,2.9696,0.45,0.3672,2.52,2.3676,2.3676,False,1.3374,1.9204,0.5829,0.4472
2021103112,2631,42347,Amari Cooper,WR,False,DAL,8,False,10,20.0781,0.9548,0.4548,8.3375,2.514,2.5081,1,3,1,6.7933,67.9925,0.945,2.34,2.2814,4.71,1.6625,1.6625,False,0.294,1.2946,1.0006,0.3679
2021103112,2722,46277,Cedrick Wilson,WR,False,DAL,8,False,2,13.0852,0.6222,0.1222,-0.9876,6.8945,6.7329,0,1,1,14.2543,65.9476,1.928,6.58,-0.9624,1.1,2.9876,2.9876,False,8.1122,6.563,-1.5492,-3.5754
2021103112,2789,43971,C.J. Ham,FB,False,MIN,8,False,-4,8.4232,0.4006,0.0,-3.9,1.0756,1.03,2,4,2,19.33,69.87,3.2938,5.51,-1.8646,1.69,-0.1,-0.1,False,2.7675,2.1769,-0.5907,-2.2769
2021103112,2938,47911,Tony Pollard,RB,False,DAL,8,False,1,8.7703,0.4171,0.0,-0.05,3.4075,3.17,1,4,2,12.35,22.81,1.0277,7.51,2.4239,1.59,1.05,1.05,False,4.9575,5.0559,0.0983,-4.0059
2021103112,3024,43971,C.J. Ham,FB,False,MIN,8,False,-2,8.5218,0.4052,0.0,-2.48,4.6034,4.47,1,3,2,18.19,77.72,3.7506,5.34,0.3586,1.58,0.48,0.48,False,3.8816,3.1611,-0.7205,-2.6811
2021103112,3091,52584,K.J. Osborn,WR,False,MIN,8,False,4,12.103,0.5755,0.0755,2.4333,6.2741,6.048,0,3,1,12.4822,70.5467,2.9106,6.73,1.8968,0.83,1.5667,1.5667,False,5.1813,6.3506,1.1693,-4.7839
2021103112,3145,52425,CeeDee Lamb,WR,False,DAL,8,False,13,25.6947,1.2219,0.7219,14.2801,1.0932,0.9962,1,2,1,17.9306,77.1999,0.5771,1.57,-1.3575,2.57,-1.2801,-1.2801,False,1.689,0.5837,-1.1052,-1.8638
2021103112,3169,42347,Amari Cooper,WR,False,DAL,8,False,15,26.2362,1.2476,0.7476,13.4693,2.1433,2.0254,1,1,1,7.6037,64.8107,0.8215,2.3,1.7379,6.11,1.5307,1.5307,False,0.8676,0.4615,-0.4061,1.0691
2021103112,3221,45052,Noah Brown,WR,False,DAL,8,False,24,28.452,1.353,0.853,18.6059,3.8062,3.6738,1,1,1,11.4285,45.4541,-2.3973,2.77,2.4336,7.35,5.3941,5.3941,False,1.2346,1.0469,-0.1878,4.3473
2021103112,3280,52425,CeeDee Lamb,WR,False,DAL,8,False,19,22.5894,1.0742,0.5742,16.9641,7.3905,7.3549,0,3,1,12.4631,50.6259,1.7972,2.89,2.3234,4.23,2.0359,2.0359,False,6.058,6.6949,0.637,-4.6591
2021103112,3624,43971,C.J. Ham,FB,False,MIN,8,False,9,14.6454,0.6964,0.1964,3.5789,3.6968,1.7927,1,1,0,14.2041,48.3011,-0.8212,7.26,0.147,1.12,5.4211,5.4211,False,6.1408,5.9814,-0.1594,-0.5603
2021103112,3785,47885,Alexander Mattison,RB,False,MIN,8,False,-3,10.4922,0.4989,0.0,-5.55,9.2838,8.57,0,1,1,13.15,14.34,2.1189,7.22,1.1481,1.44,2.55,2.55,False,9.3691,9.5694,0.2003,-7.0194
2021103112,3814,40488,Adam Thielen,WR,False,MIN,8,False,6,6.7127,0.3192,0.0,4.45,5.1621,3.07,0,4,0,11.48,6.59,0.2913,7.2,-0.7289,2.02,1.55,1.55,False,4.1947,2.1973,-1.9973,-0.6473
2021103112,3906,42347,Amari Cooper,WR,False,DAL,8,False,33,29.7723,1.4158,0.9158,18.7863,1.4278,-0.2909,1,1,0,0.6685,56.9137,-0.2561,8.14,7.7598,3.84,14.2137,14.2137,False,8.4978,12.4882,3.9903,1.7255
2021103112,3930,42347,Amari Cooper,WR,False,DAL,8,False,18,20.2854,0.9646,0.4646,5.0703,2.229,2.2012,1,1,1,5.5732,37.6597,2.615,1.43,-0.9247,4.61,12.9297,12.9297,False,0.0102,1.0445,1.0342,11.8852
2021103112,4003,45052,Noah Brown,WR,False,DAL,8,False,1,10.636,0.5058,0.0058,2.0511,1.359,0.8405,2,3,1,21.9842,22.9189,0.2243,6.2,0.198,3.06,-1.0511,-1.0511,False,3.9325,1.4695,-2.463,-2.5206
2021103112,4048,45052,Noah Brown,WR,False,DAL,8,False,7,14.5768,0.6932,0.1932,6.3283,3.2742,0.14,2,3,1,25.5307,13.0917,5.0262,0.32,-0.0605,0.56,0.6717,0.6717,False,2.009,0.742,-1.267,-0.0703
2021103112,4109,43293,Ezekiel Elliott,RB,False,DAL,8,False,-3,12.3549,0.5875,0.0875,-3.9123,6.477,6.4734,0,1,1,13.3155,27.1623,6.3659,5.83,2.1443,1.35,0.9123,0.9123,False,6.7854,6.7231,-0.0623,-5.8107
2021103112,4167,43293,Ezekiel Elliott,RB,False,DAL,8,False,15,10.2028,0.4852,0.0,1.45,6.7243,5.52,0,2,1,23.81,19.0,2.6454,5.26,0.4008,1.75,13.55,13.55,False,7.6062,5.7765,-1.8296,7.7735
2021103112,4288,40488,Adam Thielen,WR,False,MIN,8,False,13,27.7064,1.3175,0.8175,16.9096,2.4995,1.4437,1,1,0,2.8948,58.1804,0.1685,7.43,2.4826,4.83,-3.9096,-3.9096,True,-2.338,-1.0094,1.3286,-2.9003
2021103112,4362,52584,K.J. Osborn,WR,False,MIN,8,False,6,19.7642,0.9399,0.4399,6.674,7.7421,3.0642,0,2,1,14.4314,60.346,1.9265,2.7,-0.3319,0.98,-0.674,-0.674,False,5.8897,4.1435,-1.7461,-4.8176
2021103112,4409,46226,Tyler Conklin,TE,True,MIN,8,False,3,20.1925,0.9602,0.4602,4.1256,8.414,6.8888,0,1,1,8.9925,56.9544,6.9545,6.05,0.8378,3.22,-1.1256,-1.1256,False,5.3903,2.3867,-3.0036,-3.5123
2021110100,79,40011,Travis Kelce,TE,True,KC,8,False,3,6.0865,0.2894,0.0,-3.3,3.2853,-0.48,1,1,0,17.59,68.87,-2.5498,7.27,1.3834,2.7,6.3,6.3,False,12.1187,8.9486,-3.1701,-2.6486
2021110100,159,46522,Byron Pringle,WR,False,KC,8,False,12,11.7635,0.5594,0.0594,6.8254,7.3984,0.8047,0,2,0,26.463,44.6546,-2.8949,4.87,3.6271,3.39,5.1746,5.1746,False,10.3712,11.031,0.6598,-5.8564
2021110100,183,46526,Darrel Williams,RB,False,KC,8,False,7,13.9439,0.6631,0.1631,-0.2781,11.4697,9.4724,0,0,0,8.1653,39.4681,3.5842,4.48,2.219,2.75,7.2781,7.2781,False,7.3621,7.0838,-0.2784,0.1943
2021110100,241,47839,Mecole Hardman,WR,False,KC,8,False,15,23.088,1.0979,0.5979,6.204,10.5738,-2.7832,0,0,0,5.1818,26.186,-1.7515,3.05,1.8966,4.18,8.796,8.796,False,10.365,6.7217,-3.6433,2.0743
2021110100,531,43454,Tyreek Hill,WR,False,KC,8,False,6,18.5434,0.8818,0.3818,13.9754,1.1674,0.5049,1,3,0,25.8102,0.0,-2.7263,6.24,-0.8501,1.57,-7.9754,-5.0,True,-5.5937,-4.7663,0.8273,-0.2337
2021110100,724,43454,Tyreek Hill,WR,False,KC,8,False,6,18.4137,0.8756,0.3756,6.209,4.1846,4.1273,1,2,1,6.4901,65.421,1.0819,7.1,1.4616,3.46,-0.209,-0.209,False,0.2066,0.7182,0.5116,-0.9272
2021110100,917,44821,John Ross,WR,False,NYG,8,False,50,32.5939,1.55,1.05,39.7342,2.9457,0.0564,1,1,0,19.1041,46.3758,-1.583,9.5,9.252,2.23,10.2658,10.2658,False,12.9593,19.8035,6.8443,-9.5378
2021110100,1083,37118,Kyle Rudolph,TE,True,NYG,8,False,1,11.1688,0.5311,0.0311,4.5363,3.8649,-1.6481,2,4,0,12.8322,0.0,-0.4014,6.3,3.7377,1.0,-3.5363,-3.5363,True,-4.1769,-3.9364,0.2405,0.4001
2021110100,1351,46526,Darrel Williams,RB,False,KC,8,False,7,12.8121,0.6093,0.1093,-2.2237,12.3328,11.3778,0,0,0,13.2037,70.1737,4.4219,5.28,2.1627,2.7,9.2237,9.2237,False,8.9068,9.9485,1.0417,-0.7248
2021110100,1396,43454,Tyreek Hill,WR,False,KC,8,False,11,13.545,0.6441,0.1441,10.1548,4.6791,-0.7538,2,6,2,11.3423,46.9452,2.1365,4.64,-0.2445,3.41,0.8452,0.8452,False,2.2662,1.4039,-0.8624,-0.5586
2021110100,1480,43454,Tyreek Hill,WR,False,KC,8,False,9,17.1238,0.8143,0.3143,10.148,3.7317,1.7134,1,2,0,18.8432,31.882,1.3966,5.44,2.5707,5.42,-1.148,-1.148,False,4.163,1.8868,-2.2761,-3.0348
2021110100,1664,37118,Kyle Rudolph,TE,True,NYG,8,False,11,10.8085,0.514,0.014,1.3632,7.4494,-5.902,0,2,0,19.4161,90.2668,-4.0506,5.29,0.2298,1.4,9.6368,9.6368,False,10.0887,8.6933,-1.3954,0.9435
2021110100,1736,43425,Devontae Booker,RB,False,NYG,8,False,41,10.2403,0.487,0.0,1.06,5.1044,-1.68,0,5,2,20.25,66.11,-2.1753,4.64,2.5346,1.02,39.94,30.0,False,9.0326,10.1449,1.1122,19.8551
2021110100,1833,43329,Sterling Shepard,WR,False,NYG,8,False,2,18.0505,0.8584,0.3584,2.8944,3.9287,3.6107,1,1,1,2.7416,4.6956,1.2968,6.95,-0.2947,2.92,-0.8944,-0.8944,False,0.1557,-0.1944,-0.3501,-0.7
2021110100,1896,46526,Darrel Williams,RB,False,KC,8,False,17,8.6513,0.4114,0.0,-0.44,7.4149,-4.23,0,3,0,18.1,75.57,-4.7739,5.94,4.9963,1.15,17.44,17.44,False,9.527,14.5154,4.9884,2.9246
2021110100,2096,53449,Kadarius Toney,WR,False,NYG,8,False,5,20.2043,0.9608,0.4608,5.3662,1.2282,0.0056,2,2,0,11.2873,68.8738,0.7565,3.1,1.5109,4.28,-0.3662,-0.3662,False,3.2943,1.1623,-2.1319,-1.5286
2021110100,2120,43425,Devontae Booker,RB,False,NYG,8,False,4,7.5065,0.357,0.0,1.36,4.0631,-2.13,1,4,1,17.88,68.48,1.2021,3.96,0.3885,2.53,2.64,2.64,False,6.0305,4.4475,-1.583,-1.8075
2021110100,2569,47839,Mecole Hardman,WR,False,KC,8,False,3,22.8545,1.0868,0.5868,2.4721,4.2434,4.2311,1,1,1,6.4326,62.0279,3.2544,1.23,-0.5077,2.29,0.5279,0.5279,False,1.9356,2.5186,0.583,-1.9907
2021110100,2643,44821,John Ross,WR,False,NYG,8,False,22,22.2144,1.0564,0.5564,15.8802,8.3588,-8.2373,0,4,1,16.4212,66.2998,-1.1282,1.27,1.2406,4.51,6.1198,6.1198,False,7.345,4.9383,-2.4067,1.1815
2021110100,2688,53449,Kadarius Toney,WR,False,NYG,8,False,4,18.5556,0.8824,0.3824,3.6419,1.1858,0.3583,1,2,0,10.6821,53.4881,0.2703,4.97,1.8618,2.36,0.3581,0.3581,False,5.4071,3.2337,-2.1734,-2.8756
2021110100,2783,46526,Darrel Williams,RB,False,KC,8,False,11,10.1623,0.4833,0.0,-5.82,9.6275,-1.84,0,1,0,17.61,86.93,-5.3317,4.88,0.8415,2.33,16.82,16.82,False,11.2442,10.2922,-0.952,6.5278
2021110100,2881,43415,Demarcus Robinson,WR,False,KC,8,False,18,26.762,1.2726,0.7726,16.6176,2.1729,1.4741,1,4,1,16.5302,29.4624,4.9035,1.77,0.9159,5.77,1.3824,1.3824,False,-0.3124,-0.4832,-0.1708,1.8656
2021110100,2976,40011,Travis Kelce,TE,True,KC,8,False,8,15.2073,0.7232,0.2232,7.9093,4.7589,4.3297,1,3,1,23.0788,30.1307,5.3527,3.04,1.3412,4.02,0.0907,0.0907,False,2.2135,1.8741,-0.3394,-1.7835
2021110100,3089,52573,Collin Johnson,WR,False,NYG,8,False,6,20.812,0.9897,0.4897,5.2769,4.5127,4.3465,1,2,1,1.1682,37.7531,-1.7511,2.26,-1.6197,3.92,0.7231,0.7231,False,1.0374,0.3445,-0.6928,0.3786
2021110100,3150,53449,Kadarius Toney,WR,False,NYG,8,False,11,18.1693,0.864,0.364,-3.5747,2.4407,2.0652,1,1,1,3.3172,36.1647,4.1688,3.02,2.3222,3.92,14.5747,14.5747,False,4.1783,6.4438,2.2654,8.1309
2021110100,3195,53449,Kadarius Toney,WR,False,NYG,8,False,6,14.6181,0.6951,0.1951,1.9878,5.5744,5.1223,0,2,2,7.4042,9.3822,1.7606,5.51,-0.7287,2.21,4.0122,4.0122,False,3.1101,2.2324,-0.8777,1.7798
2021110100,3260,44835,Evan Engram,TE,True,NYG,8,False,5,14.372,0.6834,0.1834,3.8897,1.8364,-0.5757,1,3,1,7.2012,1.7503,-1.1113,6.44,1.252,1.12,1.1103,1.1103,False,-0.3844,0.5767,0.9611,0.5336
2021110100,3362,46526,Darrel Williams,RB,False,KC,8,False,9,13.6078,0.6471,0.1471,-2.4892,11.2385,10.1154,0,0,0,12.4716,83.5992,5.2259,4.15,0.3451,3.01,11.4892,11.4892,False,7.4854,4.8939,-2.5915,6.5954
2021110100,3392,43454,Tyreek Hill,WR,False,KC,8,False,10,11.3995,0.5421,0.0421,3.1886,4.2995,3.5658,1,4,1,25.001,68.8814,4.3395,4.02,0.2055,1.66,6.8114,6.8114,False,2.6483,1.6211,-1.0271,5.1902
2021110100,3421,46526,Darrel Williams,RB,False,KC,8,False,10,14.9059,0.7088,0.2088,0.9408,10.7083,-2.4187,0,0,0,7.1923,61.2192,-2.2944,3.44,1.5842,2.32,9.0592,9.0592,False,12.291,10.9489,-1.3421,-1.8898
2021110100,3572,43454,Tyreek Hill,WR,False,KC,8,False,15,20.0428,0.9531,0.4531,14.1913,5.4301,5.4214,0,3,1,19.0578,14.2987,2.1124,7.26,1.3492,2.89,0.8087,0.8087,False,4.9847,5.3836,0.399,-4.575
2021110100,3796,43880,Elijhaa Penny,RB,False,NYG,8,False,16,10.1823,0.4842,0.0,-0.25,3.1467,2.24,1,4,2,17.27,72.92,-0.4645,7.21,0.6547,1.0,16.25,16.25,False,5.1636,6.3898,1.2262,9.8602
2021110100,3831,52573,Collin Johnson,WR,False,NYG,8,False,4,25.2502,1.2007,0.7007,4.1655,5.5452,5.3722,0,2,2,0.97,68.0545,-2.3958,2.1,-1.9045,3.05,-0.1655,-0.1655,False,1.9253,0.2858,-1.6394,-0.4513
2021110100,3909,43425,Devontae Booker,RB,False,NYG,8,False,3,9.4602,0.4499,0.0,1.22,4.4467,-4.24,2,6,2,24.54,59.84,-2.3092,4.02,2.4489,1.76,1.78,1.78,False,10.3119,9.5218,-0.79,-7.7418
2021110100,4113,40011,Travis Kelce,TE,True,KC,8,False,14,14.8602,0.7067,0.2067,5.4665,8.2546,7.9011,0,1,1,21.3907,70.7335,3.4042,1.94,1.9186,2.62,8.5335,8.5335,False,5.7649,6.8172,1.0524,1.7163
2021110100,4363,44835,Evan Engram,TE,True,NYG,8,False,3,12.624,0.6003,0.1003,2.2711,7.5525,7.5072,0,1,1,17.0338,72.8689,4.0371,7.76,-0.5872,1.19,0.7289,0.7289,False,6.5472,4.2916,-2.2556,-3.5627
