gameId,playId,nflId,displayName,week,is_train,kind,alignment,rusher_id,rusher_pos_label,rusher_pr,window_end,chip_no_release,seal_time,breached,exp_S_1.5,exp_S_2.5,exp_S_3.5,exp_breaches,exp_minus_obs_breaches,plane_breach_t,breach_t_R2.0,breach_t_R2.5,breach_t_R3.0,blocker_pressure_allowed,pressure
2021090900,282,45532,Blake Jarwin,1,True,pass_block,wing,46132,LLB,0.1163,3.2000,False,3.2000,0,0.9865,0.8709,0.5061,0.3766,0.3766,,,,,0,0.0000
2021090900,282,46206,Dalton Schultz,1,True,pass_block,inline,41915,LOLB,0.1662,3.2000,False,3.2000,0,0.9958,0.9538,0.8055,0.1106,0.1106,,,,,0,0.0000
2021090900,349,46206,Dalton Schultz,1,True,chip_release,inline,41915,LOLB,0.1662,2.1000,False,2.1000,0,0.9987,0.9048,0.6284,0.0149,0.0149,,,,,0,1.0000
2021090900,583,35481,Rob Gronkowski,1,True,pass_block,inline,41263,LEO,0.1175,2.0000,False,2.0000,0,0.9995,0.9824,0.8616,0.0041,0.0041,,,,,0,0.0000
2021090900,764,45532,Blake Jarwin,1,True,chip_release,inline,53461,LEO,0.1269,2.5000,True,2.5000,0,0.9958,0.9807,0.9338,0.0194,0.0194,,,,,0,0.0000
2021090900,869,35481,Rob Gronkowski,1,True,pass_block,inline,44892,LOLB,0.0939,2.5000,False,2.5000,0,0.9966,0.9747,0.8405,0.0255,0.0255,,,,,0,0.0000
2021090900,1267,44831,O.J. Howard,1,True,pass_block,inline,52587,REO,0.1123,3.1000,False,3.1000,0,0.9972,0.9786,0.8687,0.0651,0.0651,,,,,0,0.0000
2021090900,1368,46206,Dalton Schultz,1,True,pass_block,inline,41915,ROLB,0.1662,2.4000,False,2.4000,0,0.9977,0.9491,0.7047,0.0512,0.0512,,,,,0,0.0000
2021090900,1776,46206,Dalton Schultz,1,True,pass_block,inline,53461,ROLB,0.1269,2.8000,False,2.8000,0,0.9993,0.9248,0.7570,0.1768,0.1768,,,,2.5000,0,0.0000
2021090900,2780,45532,Blake Jarwin,1,True,chip_release,wing,41915,LOLB,0.1662,3.6000,True,3.6000,0,0.9948,0.9688,0.9233,0.0790,0.0790,,,,3.6000,0,1.0000
2021090900,3793,35481,Rob Gronkowski,1,True,chip_release,inline,44892,LOLB,0.0939,2.0000,False,2.0000,0,0.9974,0.9693,0.7914,0.0061,0.0061,,,,,0,0.0000
2021090900,3962,35481,Rob Gronkowski,1,True,pass_block,inline,41263,LEO,0.1175,3.4000,False,3.4000,1,0.9944,0.9782,0.8543,0.1526,-0.8474,3.4000,3.4000,3.4000,3.4000,0,1.0000
2021090900,4189,45532,Blake Jarwin,1,True,chip_release,detached,41915,LOLB,0.1662,2.4000,False,2.4000,0,0.9989,0.9508,0.7738,0.0495,0.0495,,,,,0,1.0000
2021090900,4624,35481,Rob Gronkowski,1,True,chip_release,detached,44892,LOLB,0.0939,2.2000,False,2.2000,0,0.9996,0.9580,0.7527,0.0027,0.0027,,,,,0,1.0000
2021090900,4772,35481,Rob Gronkowski,1,True,pass_block,detached,41263,LEO,0.1175,1.8000,False,1.8000,0,0.9992,0.9461,0.7224,0.0083,0.0083,,,,,0,0.0000
2021091200,56,46094,Hayden Hurst,1,True,pass_block,inline,43378,NT,0.1203,2.7000,False,2.7000,0,0.9656,0.9498,0.8335,0.0511,0.0511,,,,,0,0.0000
2021091200,56,53433,Kyle Pitts,1,True,pass_block,inline,44826,LOLB,0.1136,2.7000,False,2.7000,0,0.9960,0.9327,0.5543,0.0679,0.0679,,,,,0,0.0000
2021091200,176,46094,Hayden Hurst,1,True,pass_block,inline,46199,REO,0.1280,3.0000,False,3.0000,0,0.9965,0.8709,0.4404,0.3764,0.3764,,,,3.0000,1,1.0000
2021091200,864,37234,Lee Smith,1,True,pass_block,inline,35452,LEO,0.1102,2.5000,False,2.5000,0,0.9947,0.9840,0.9557,0.0161,0.0161,,,,,0,1.0000
2021091200,1326,37234,Lee Smith,1,True,pass_block,inline,43405,DRT,0.0809,3.8000,False,3.6000,1,0.9916,0.9848,0.9507,0.0742,-0.9258,,3.7000,3.6000,3.5000,0,1.0000
2021091200,3145,46094,Hayden Hurst,1,True,chip_release,inline,44826,ROLB,0.1136,2.2000,False,2.2000,0,0.9990,0.9587,0.8183,0.0101,0.0101,,,,,0,0.0000
2021091200,3145,53433,Kyle Pitts,1,True,chip_release,inline,35452,LEO,0.1102,1.8000,False,1.8000,0,0.9989,0.9606,0.8216,0.0074,0.0074,,,,,0,0.0000
2021091200,3776,37234,Lee Smith,1,True,pass_block,inline,46199,REO,0.1280,3.2000,False,3.2000,0,0.9972,0.9375,0.6691,0.1949,0.1949,,,,,0,0.0000
2021091200,3798,46094,Hayden Hurst,1,True,chip_release,inline,37089,LOLB,0.1265,1.9000,False,1.9000,0,0.9995,0.9540,0.7441,0.0055,0.0055,,,,,0,0.0000
2021091200,4112,53433,Kyle Pitts,1,True,chip_release,detached,35452,LEO,0.1102,2.2000,False,2.2000,0,0.9991,0.9694,0.8610,0.0054,0.0054,,,,3.5000,0,1.0000
2021091200,4240,46094,Hayden Hurst,1,True,pass_block,inline,37089,LEO,0.1265,3.7000,False,3.7000,1,0.9914,0.9576,0.7310,0.4514,-0.5486,3.7000,3.7000,3.7000,3.7000,0,0.0000
2021091200,4240,53433,Kyle Pitts,1,True,pass_block,detached,37089,LEO,0.1265,3.7000,False,3.7000,1,0.9873,0.9302,0.6384,0.5761,-0.4239,3.7000,3.7000,3.7000,3.7000,0,0.0000
2021091200,4346,46094,Hayden Hurst,1,True,chip_release,inline,46199,REO,0.1280,2.4000,False,2.4000,0,0.9990,0.8620,0.5928,0.1392,0.1392,,,,,0,1.0000
2021091201,406,47879,Dawson Knox,1,True,chip_release,detached,44842,LEO,0.1156,2.1000,False,2.1000,0,0.9992,0.9616,0.7245,0.0066,0.0066,,,,,0,0.0000
2021091201,589,47879,Dawson Knox,1,True,chip_release,detached,44842,LEO,0.1156,2.2000,False,2.2000,0,0.9992,0.9671,0.8259,0.0046,0.0046,4.6000,4.6000,4.6000,4.6000,0,1.0000
2021091201,856,47924,Zach Gentry,1,True,pass_block,inline,52462,REO,0.1501,3.5000,False,3.5000,0,0.9974,0.9765,0.8407,0.1675,0.1675,,,,,0,0.0000
2021091201,1172,47879,Dawson Knox,1,True,chip_release,inline,43388,LOLB,0.1073,1.6000,False,1.6000,0,0.9993,0.9469,0.6533,0.0007,0.0007,,,,,0,0.0000
2021091201,1234,41236,Eric Ebron,1,True,pass_block,inline,37841,RE,0.1106,3.3000,False,3.3000,0,0.9994,0.9902,0.9627,0.0378,0.0378,,,,,0,0.0000
2021091201,1446,47924,Zach Gentry,1,True,pass_block,inline,53459,LEO,0.1376,4.2000,False,3.3000,1,0.9904,0.9086,0.6562,0.3929,-0.6071,,3.6000,3.3000,3.2000,0,1.0000
2021091201,1605,47879,Dawson Knox,1,True,chip_release,backfield,52510,ROLB,0.0999,0.9000,False,0.9000,0,0.9985,0.9036,0.6609,0.0010,0.0010,,,,,0,0.0000
2021091201,2126,53484,Pat Freiermuth,1,True,pass_block,inline,53459,LEO,0.1376,5.0000,False,3.4000,1,0.9995,0.9589,0.7820,0.2351,-0.7649,4.4000,3.5000,3.4000,3.2000,0,1.0000
2021091201,2590,47879,Dawson Knox,1,True,chip_release,backfield,38548,ROLB,0.1405,2.2000,False,2.2000,0,0.9986,0.8602,0.5436,0.0223,0.0223,,,,,0,1.0000
2021091201,3655,47924,Zach Gentry,1,True,pass_block,inline,53459,LEO,0.1376,2.9000,False,2.9000,0,0.9995,0.9670,0.7706,0.1322,0.1322,,,,,0,0.0000
2021091201,3709,47924,Zach Gentry,1,True,pass_block,inline,53459,LOLB,0.1376,2.6000,False,2.6000,0,0.9994,0.9309,0.6538,0.0694,0.0694,,,,,0,0.0000
2021091202,467,40149,Ryan Griffin,1,True,pass_block,inline,43791,REO,0.1160,5.5000,False,5.5000,0,0.9980,0.9516,0.7236,0.6503,0.6503,,,,,0,1.0000
2021091202,489,42428,Tyler Kroft,1,True,pass_block,detached,47799,LOLB,0.1212,3.2000,False,3.2000,0,0.9995,0.9329,0.6755,0.2161,0.2161,,,,,0,1.0000
2021091202,815,42428,Tyler Kroft,1,True,pass_block,inline,52472,LOLB,0.1269,2.9000,False,2.8000,1,0.9996,0.9280,0.7031,0.2120,-0.7880,,2.9000,2.8000,2.7000,1,1.0000
2021091202,935,46170,Ian Thomas,1,True,pass_block,inline,48247,LEO,0.0963,2.3000,False,2.3000,0,0.9980,0.9907,0.9170,0.0093,0.0093,,,,,0,0.0000
2021091202,935,53512,Tommy Tremble,1,True,pass_block,wing,53053,REO,0.1314,2.3000,False,2.3000,0,0.9948,0.8482,0.4524,0.1545,0.1545,,,,,0,0.0000
2021091202,1297,40149,Ryan Griffin,1,True,chip_release,inline,43791,RE,0.1160,0.7000,False,0.7000,0,0.9973,0.9836,0.9159,0.0008,0.0008,,,,,0,1.0000
2021091202,1297,42428,Tyler Kroft,1,True,chip_release,wing,44825,ROLB,0.1129,1.0000,False,1.0000,0,0.9959,0.9646,0.8531,0.0027,0.0027,,,,,0,1.0000
2021091202,1497,47904,Trevon Wesco,1,True,pass_block,backfield,52415,DLT,0.0972,5.1000,False,5.1000,0,0.9969,0.8940,0.6999,0.5227,0.5227,,,,,1,1.0000
2021091202,1620,40149,Ryan Griffin,1,True,pass_block,inline,43407,LOLB,0.1138,2.9000,False,2.5000,1,0.9964,0.9774,0.8405,0.0227,-0.9773,,2.6000,2.5000,2.2000,1,1.0000
2021091202,1620,42428,Tyler Kroft,1,True,chip_release,inline,46527,LOLB,0.1466,2.0000,False,2.0000,0,0.9981,0.9613,0.7860,0.0053,0.0053,,,,,0,1.0000
2021091202,1696,45594,Colin Thompson,1,True,pass_block,inline,43308,REO,0.0962,3.8000,False,3.0000,1,0.9979,0.9521,0.6055,0.2202,-0.7798,3.0000,3.0000,3.0000,3.0000,0,0.0000
2021091202,2153,46170,Ian Thomas,1,True,pass_block,inline,43308,REO,0.0962,2.2000,False,2.2000,0,0.9906,0.9205,0.5404,0.0161,0.0161,,,,,0,0.0000
2021091202,2457,45594,Colin Thompson,1,True,pass_block,wing,46204,LEO,0.1458,2.8000,False,2.8000,0,0.9933,0.9505,0.7209,0.1738,0.1738,,,,2.8000,1,1.0000
2021091202,2457,46170,Ian Thomas,1,True,pass_block,inline,46204,LEO,0.1458,2.8000,False,2.8000,0,0.9872,0.9514,0.7694,0.1456,0.1456,,,,2.8000,0,1.0000
2021091202,2543,40149,Ryan Griffin,1,True,pass_block,backfield,44825,ROLB,0.1129,9.6000,False,3.8000,1,0.9989,0.8515,0.5268,0.7920,-0.2080,4.3000,3.9000,3.8000,3.7000,1,1.0000
2021091202,2797,40149,Ryan Griffin,1,True,pass_block,inline,46205,LOLB,0.1133,3.3000,False,3.3000,1,0.9983,0.9884,0.8847,0.1195,-0.8805,,,3.3000,3.2000,0,0.0000
2021091202,2797,42428,Tyler Kroft,1,True,pass_block,wing,46205,LOLB,0.1133,3.3000,False,3.3000,1,0.9983,0.9818,0.8444,0.1634,-0.8366,,,3.3000,3.2000,0,0.0000
2021091202,3745,42428,Tyler Kroft,1,True,chip_release,backfield,44825,LOLB,0.1129,1.7000,False,1.7000,0,0.9991,0.8313,0.5206,0.0009,0.0009,,,,,0,1.0000
2021091202,3914,42428,Tyler Kroft,1,True,pass_block,inline,52446,REO,0.1044,2.2000,False,2.2000,0,0.9993,0.9683,0.8315,0.0051,0.0051,,,,,0,0.0000
2021091203,223,46226,Tyler Conklin,1,True,chip_release,inline,44915,REO,0.1734,1.9000,False,1.9000,0,0.9961,0.9456,0.8001,0.0148,0.0148,,,,,0,1.0000
2021091203,672,46176,Christopher Herndon,1,True,chip_release,inline,44915,REO,0.1734,0.9000,False,0.9000,0,0.9945,0.9442,0.7920,0.0034,0.0034,,,,,0,1.0000
2021091203,1521,42500,C.J. Uzomah,1,True,pass_block,inline,52525,LEO,0.0920,5.5000,False,5.5000,0,0.9956,0.9821,0.8786,0.3481,0.3481,,,,,0,1.0000
2021091203,1809,46226,Tyler Conklin,1,True,chip_release,inline,44915,REO,0.1734,2.3000,False,2.3000,0,0.9991,0.9175,0.6962,0.0833,0.0833,2.9000,2.9000,2.9000,2.9000,0,0.0000
2021091203,1967,42500,C.J. Uzomah,1,True,chip_release,inline,42431,REO,0.1715,1.8000,False,1.8000,0,0.9988,0.8861,0.5941,0.0082,0.0082,,,,,0,0.0000
2021091203,2685,46226,Tyler Conklin,1,True,chip_release,inline,46146,LOLB,0.1128,2.6000,False,2.6000,0,0.9991,0.9589,0.7988,0.0413,0.0413,,,,,0,1.0000
2021091203,2822,42500,C.J. Uzomah,1,True,pass_block,backfield,42431,ROLB,0.1715,4.4000,False,4.4000,0,0.9962,0.8199,0.4755,1.0425,1.0425,,,,,0,1.0000
2021091203,2822,47835,Drew Sample,1,True,pass_block,inline,42431,ROLB,0.1715,4.4000,False,4.4000,0,0.9982,0.9402,0.7656,0.3978,0.3978,,,,,0,1.0000
2021091203,2909,46226,Tyler Conklin,1,True,pass_block,inline,53540,LOLB,0.0976,3.4000,False,2.8000,1,0.9969,0.9745,0.8085,0.1050,-0.8950,3.1000,3.0000,2.8000,2.6000,1,1.0000
2021091203,3239,46226,Tyler Conklin,1,True,pass_block,inline,44877,RE,0.0746,2.8000,False,2.8000,0,0.9986,0.9842,0.8724,0.0658,0.0658,,,,,0,1.0000
2021091203,3405,46226,Tyler Conklin,1,True,pass_block,inline,46146,LEO,0.1128,2.9000,False,2.8000,1,0.9990,0.8792,0.5979,0.2988,-0.7012,,,2.8000,2.6000,0,0.0000
2021091203,3623,42500,C.J. Uzomah,1,True,chip_release,inline,42431,LEO,0.1715,0.9000,False,0.9000,0,0.9915,0.9472,0.8730,0.0049,0.0049,,,,,0,1.0000
2021091203,3645,47835,Drew Sample,1,True,pass_block,inline,42431,LEO,0.1715,4.1000,False,2.7000,1,0.9990,0.9196,0.6992,0.2107,-0.7893,2.7000,2.7000,2.7000,2.6000,1,1.0000
2021091203,3682,46226,Tyler Conklin,1,True,pass_block,inline,44915,REO,0.1734,5.7000,False,5.7000,0,0.9911,0.9077,0.6532,0.9475,0.9475,,,,,0,1.0000
2021091203,4076,46226,Tyler Conklin,1,True,pass_block,inline,44915,REO,0.1734,3.1000,False,2.3000,1,0.9984,0.8494,0.5173,0.1530,-0.8470,2.3000,2.3000,2.3000,2.3000,0,0.0000
2021091203,4284,42500,C.J. Uzomah,1,True,pass_block,inline,42431,LEO,0.1715,2.9000,False,2.9000,0,0.9925,0.9489,0.7353,0.1607,0.1607,,,,,0,0.0000
2021091203,4596,46226,Tyler Conklin,1,True,pass_block,inline,46146,LEO,0.1128,3.3000,False,3.0000,1,0.9879,0.9376,0.6954,0.2046,-0.7954,3.2000,3.2000,3.0000,2.9000,1,1.0000
2021091204,516,44959,George Kittle,1,True,pass_block,inline,43775,LEO,0.1487,2.7000,False,2.7000,0,0.9983,0.8378,0.5224,0.1646,0.1646,,,,,0,0.0000
2021091204,1026,44959,George Kittle,1,True,pass_block,inline,48462,LE,0.1175,3.2000,False,3.2000,0,0.9972,0.9872,0.9029,0.0328,0.0328,,,,,0,0.0000
2021091204,1163,39907,Darren Fells,1,True,chip_release,inline,44938,REO,0.1015,2.7000,False,2.7000,0,0.9981,0.9912,0.9724,0.0088,0.0088,,,,,0,0.0000
2021091204,1365,44959,George Kittle,1,True,pass_block,inline,38544,RE,0.0768,4.0000,False,4.0000,0,0.9996,0.9935,0.9442,0.1031,0.1031,,,,,0,1.0000
2021091204,1443,44959,George Kittle,1,True,pass_block,inline,38544,RE,0.0768,3.3000,False,3.3000,0,0.9996,0.9938,0.9427,0.0581,0.0581,,,,,0,0.0000
2021091204,1488,46331,Ross Dwelley,1,True,chip_release,wing,38544,RE,0.0768,1.0000,False,1.0000,0,0.9978,0.9925,0.9819,0.0013,0.0013,,,,,0,0.0000
2021091204,1641,39907,Darren Fells,1,True,pass_block,inline,46156,LEO,0.1123,4.6000,False,4.6000,0,0.9971,0.9872,0.9565,0.1015,0.1015,,,,,0,0.0000
2021091204,1641,47791,T.J. Hockenson,1,True,chip_release,wing,46156,LEO,0.1123,2.7000,False,2.7000,0,0.9965,0.9816,0.9305,0.0185,0.0185,,,,,0,0.0000
2021091204,1938,44959,George Kittle,1,True,pass_block,inline,46151,LLB,0.1114,3.2000,False,3.2000,0,0.9985,0.8312,0.5678,0.3207,0.3207,,,,,0,0.0000
2021091204,2034,44959,George Kittle,1,True,pass_block,inline,43775,LEO,0.1487,2.7000,False,2.7000,0,0.9996,0.9807,0.9066,0.0194,0.0194,,,,,0,0.0000
2021091204,2148,46331,Ross Dwelley,1,True,pass_block,inline,42444,ROLB,0.1067,3.7000,False,3.7000,0,0.9939,0.9653,0.9191,0.0834,0.0834,,,,,0,0.0000
2021091204,2742,47791,T.J. Hockenson,1,True,chip_release,detached,44938,REO,0.1015,1.4000,False,1.4000,0,0.9979,0.9587,0.8464,0.0021,0.0021,,,,,0,0.0000
2021091204,2766,47791,T.J. Hockenson,1,True,chip_release,detached,46156,REO,0.1123,1.7000,False,1.7000,0,0.9995,0.9749,0.8782,0.0005,0.0005,,4.2000,4.0000,3.8000,0,0.0000
2021091204,2876,44959,George Kittle,1,True,pass_block,inline,42444,ROLB,0.1067,2.4000,False,2.4000,0,0.9963,0.9401,0.6514,0.0603,0.0603,,,,,0,0.0000
2021091204,3171,44959,George Kittle,1,True,pass_block,inline,53501,REO,0.0983,3.3000,False,3.3000,0,0.9980,0.9923,0.9741,0.0261,0.0261,,,,,0,0.0000
2021091204,3444,47791,T.J. Hockenson,1,True,chip_release,inline,46156,REO,0.1123,2.3000,True,2.3000,0,0.9995,0.9840,0.9172,0.0160,0.0160,,,,,0,1.0000
2021091204,3479,39907,Darren Fells,1,True,chip_release,detached,41249,LOLB,0.1006,1.8000,False,1.8000,0,0.9995,0.9792,0.8783,0.0032,0.0032,,,,,0,0.0000
2021091204,3808,39907,Darren Fells,1,True,chip_release,detached,41249,LOLB,0.1006,1.0000,False,1.0000,0,0.9995,0.9813,0.8842,0.0003,0.0003,,,,,0,0.0000
2021091204,4082,47791,T.J. Hockenson,1,True,chip_release,detached,44938,REO,0.1015,1.3000,False,1.3000,0,0.9991,0.9710,0.8694,0.0009,0.0009,,,,,0,1.0000
2021091204,4135,47791,T.J. Hockenson,1,True,chip_release,detached,44938,REO,0.1015,1.0000,False,1.0000,0,0.9992,0.9791,0.9093,0.0005,0.0005,,,,,0,0.0000
2021091204,4253,47791,T.J. Hockenson,1,True,pass_block,inline,46156,REO,0.1123,3.3000,False,3.3000,0,0.9993,0.9391,0.7209,0.3085,0.3085,,,,,0,1.0000
2021091204,4401,46331,Ross Dwelley,1,True,chip_release,inline,40171,LE,0.0838,1.1000,False,1.1000,0,0.9980,0.9927,0.9399,0.0013,0.0013,,,,,0,1.0000
2021091204,4441,47791,T.J. Hockenson,1,True,chip_release,detached,41249,LEO,0.1006,1.5000,False,1.5000,0,0.9987,0.9610,0.8629,0.0013,0.0013,,,,,0,0.0000
2021091204,4463,47791,T.J. Hockenson,1,True,chip_release,detached,41249,LOLB,0.1006,1.8000,False,1.8000,0,0.9994,0.9808,0.8786,0.0038,0.0038,,,,,0,0.0000
2021091204,4555,47791,T.J. Hockenson,1,True,chip_release,detached,46156,LEO,0.1123,1.9000,False,1.9000,0,0.9993,0.9651,0.8143,0.0047,0.0047,,,,,0,1.0000
2021091204,4581,47791,T.J. Hockenson,1,True,chip_release,detached,47785,REO,0.1513,1.2000,False,1.2000,0,0.9980,0.9390,0.8548,0.0011,0.0011,,,,,0,1.0000
2021091204,4629,47791,T.J. Hockenson,1,True,chip_release,detached,41249,LOLB,0.1006,1.4000,False,1.4000,0,0.9994,0.9563,0.7525,0.0006,0.0006,,,,,0,1.0000
2021091205,337,45321,Antony Auclair,1,True,chip_release,inline,43787,LEO,0.0999,3.0000,False,3.0000,0,0.9968,0.9894,0.9558,0.0244,0.0244,,,4.3000,4.1000,0,1.0000
2021091205,404,45339,Pharaoh Brown,1,True,pass_block,inline,44880,LOLB,0.1435,6.1000,False,3.7000,1,0.9997,0.9887,0.8636,0.2128,-0.7872,,3.8000,3.7000,3.6000,1,1.0000
2021091205,404,46167,Jordan Akins,1,True,pass_block,inline,45021,LOLB,0.1150,6.1000,False,6.1000,0,0.9989,0.7969,0.5268,1.2085,1.2085,,,,,0,1.0000
2021091205,699,42302,Chris Manhertz,1,True,pass_block,inline,45007,DRT,0.1175,2.2000,False,2.2000,0,0.9917,0.9754,0.7731,0.0113,0.0113,,0.3000,,,0,0.0000
2021091205,787,45339,Pharaoh Brown,1,True,pass_block,inline,44926,RLB,0.1126,2.4000,False,2.3000,1,0.9984,0.9314,0.7364,0.0696,-0.9304,,,2.3000,2.0000,0,0.0000
2021091205,1091,42516,James O'Shaughnessy,1,True,chip_release,detached,46255,LEO,0.1079,1.7000,False,1.7000,0,0.9996,0.9628,0.7738,0.0004,0.0004,,,,,0,1.0000
2021091205,1157,42302,Chris Manhertz,1,True,pass_block,inline,44869,LOLB,0.1114,2.9000,False,2.9000,0,0.9986,0.9871,0.8658,0.0677,0.0677,,,,,0,1.0000
2021091205,1359,45321,Antony Auclair,1,True,pass_block,inline,46098,LE,0.1094,3.4000,False,3.4000,0,0.9994,0.9909,0.9082,0.0939,0.0939,,,,,0,0.0000
2021091205,1359,45339,Pharaoh Brown,1,True,pass_block,detached,52428,LOLB,0.1386,3.4000,False,3.4000,0,0.9994,0.9091,0.6599,0.3875,0.3875,,,,,0,0.0000
2021091205,1404,46167,Jordan Akins,1,True,pass_block,backfield,52428,ROLB,0.1386,4.9000,False,2.9000,1,0.9922,0.8622,0.5955,0.3202,-0.6798,3.8000,3.1000,2.9000,2.8000,1,1.0000
2021091205,1667,42516,James O'Shaughnessy,1,True,chip_release,inline,44863,REO,0.1273,1.9000,False,1.9000,0,0.9994,0.9512,0.7662,0.0094,0.0094,,,,,0,1.0000
2021091205,1739,42302,Chris Manhertz,1,True,chip_release,inline,44863,LEO,0.1273,1.4000,False,1.4000,0,0.9997,0.9661,0.8146,0.0003,0.0003,,,,,0,1.0000
2021091205,1988,45339,Pharaoh Brown,1,True,chip_release,wing,44880,LOLB,0.1435,2.5000,False,2.5000,0,0.9941,0.9588,0.7625,0.0417,0.0417,,,,3.8000,0,1.0000
2021091205,2838,42516,James O'Shaughnessy,1,True,chip_release,inline,43372,REO,0.1225,1.6000,False,1.6000,0,0.9994,0.9344,0.6665,0.0006,0.0006,2.9000,2.9000,2.9000,2.9000,0,1.0000
2021091205,3053,46167,Jordan Akins,1,True,pass_block,wing,40253,LOLB,0.1138,2.0000,False,2.0000,0,0.9961,0.9563,0.7209,0.0086,0.0086,,,,,0,1.0000
2021091205,3210,42302,Chris Manhertz,1,True,pass_block,inline,47944,LEO,0.1505,3.6000,False,3.0000,1,0.9877,0.9207,0.5814,0.2516,-0.7484,3.0000,3.0000,3.0000,3.0000,0,0.0000
2021091205,3687,42516,James O'Shaughnessy,1,True,chip_release,inline,47944,REO,0.1505,1.7000,False,1.7000,0,0.9991,0.8045,0.3611,0.0009,0.0009,2.5000,2.5000,2.5000,2.5000,0,0.0000
2021091205,3711,42516,James O'Shaughnessy,1,True,chip_release,detached,47944,LEO,0.1505,1.8000,False,1.8000,0,0.9991,0.8756,0.4623,0.0098,0.0098,,,,,0,0.0000
2021091205,3783,42516,James O'Shaughnessy,1,True,chip_release,detached,46255,LEO,0.1079,1.8000,False,1.8000,0,0.9994,0.8876,0.6213,0.0061,0.0061,,,,,0,0.0000
2021091205,4122,42516,James O'Shaughnessy,1,True,chip_release,detached,46255,LEO,0.1079,2.0000,False,2.0000,0,0.9995,0.9725,0.8287,0.0029,0.0029,,,,,0,1.0000
2021091205,4141,53574,Luke Farrell,1,True,chip_release,inline,38556,REO,0.0979,1.9000,False,1.9000,0,0.9995,0.8756,0.6330,0.0051,0.0051,,,,,0,1.0000
2021091206,903,46189,Will Dissly,1,True,chip_release,inline,46133,LEO,0.1067,1.1000,False,1.1000,0,0.9960,0.9819,0.9358,0.0024,0.0024,,,,,0,0.0000
2021091206,1040,40641,Jack Doyle,1,True,pass_block,inline,47871,LOLB,0.1272,3.2000,False,3.2000,0,0.9969,0.9302,0.6950,0.1894,0.1894,,,,,0,0.0000
2021091206,1246,46189,Will Dissly,1,True,pass_block,inline,53450,REO,0.0859,2.6000,False,2.4000,1,0.9980,0.9722,0.7672,0.0279,-0.9721,,2.6000,2.4000,2.2000,1,1.0000
2021091206,1371,44792,Mo Alie-Cox,1,True,pass_block,inline,35562,RE,0.1106,4.1000,False,4.1000,0,0.9969,0.9824,0.8836,0.1919,0.1919,,,,,0,0.0000
2021091206,1824,40641,Jack Doyle,1,True,chip_release,detached,35493,LEO,0.0961,1.5000,False,1.5000,0,0.9994,0.9776,0.8620,0.0006,0.0006,,,,,0,0.0000
2021091206,1865,44792,Mo Alie-Cox,1,True,pass_block,inline,35493,LOLB,0.0961,9.5000,False,9.5000,0,0.9996,0.9883,0.9264,0.3069,0.3069,,,,,0,0.0000
2021091206,1865,53556,Kylen Granson,1,True,pass_block,inline,40825,REO,0.1053,9.5000,False,9.5000,0,0.9996,0.9756,0.8227,0.6791,0.6791,,,,,0,0.0000
2021091206,1921,46189,Will Dissly,1,True,chip_release,inline,43296,DLT,0.1211,1.1000,False,1.1000,0,0.9767,0.9587,0.8395,0.0210,0.0210,,,,,0,0.0000
2021091206,2210,46189,Will Dissly,1,True,chip_release,inline,46133,LEO,0.1067,1.0000,False,1.0000,0,0.9776,0.9429,0.8927,0.0123,0.0123,,,,,0,1.0000
2021091206,2419,46189,Will Dissly,1,True,chip_release,inline,45009,LEO,0.1096,1.0000,False,1.0000,0,0.9946,0.9728,0.9183,0.0030,0.0030,,,,,0,0.0000
2021091206,3079,44856,Gerald Everett,1,True,pass_block,inline,46133,LEO,0.1067,3.6000,False,3.6000,0,0.9959,0.9768,0.8141,0.1971,0.1971,,,,,0,0.0000
2021091206,3079,46189,Will Dissly,1,True,pass_block,inline,46133,LEO,0.1067,3.6000,False,3.6000,0,0.9950,0.9791,0.8217,0.1886,0.1886,,,,,0,0.0000
2021091206,3132,46189,Will Dissly,1,True,chip_release,detached,46133,LEO,0.1067,2.4000,True,2.4000,0,0.9991,0.9687,0.9066,0.0315,0.0315,,,,,0,0.0000
2021091206,3287,44792,Mo Alie-Cox,1,True,chip_release,inline,46148,REO,0.1009,1.8000,False,1.8000,0,0.9990,0.9559,0.7614,0.0061,0.0061,,,,,0,0.0000
2021091206,3353,44792,Mo Alie-Cox,1,True,chip_release,inline,52456,LEO,0.1232,1.5000,False,1.5000,0,0.9993,0.9613,0.8064,0.0007,0.0007,,,,,0,0.0000
2021091206,3382,44792,Mo Alie-Cox,1,True,chip_release,detached,52456,LEO,0.1232,1.9000,False,1.9000,0,0.9994,0.9336,0.7084,0.0066,0.0066,,,,,0,1.0000
2021091206,3561,53556,Kylen Granson,1,True,pass_block,detached,35493,LEO,0.0961,2.5000,False,2.5000,0,0.9993,0.9728,0.8451,0.0273,0.0273,,,,,0,0.0000
2021091206,3761,44792,Mo Alie-Cox,1,True,chip_release,detached,35493,LEO,0.0961,2.1000,False,2.1000,0,0.9990,0.9703,0.8497,0.0048,0.0048,4.3000,4.3000,4.3000,4.3000,0,1.0000
2021091207,100,45355,Anthony Firkser,1,True,chip_release,detached,42401,LOLB,0.1290,1.6000,False,1.6000,0,0.9991,0.9397,0.7753,0.0009,0.0009,,,,,0,0.0000
2021091207,152,42398,Maxx Williams,1,True,pass_block,inline,52582,LE,0.1048,3.3000,False,3.3000,0,0.9994,0.9867,0.8848,0.1191,0.1191,,,,,0,0.0000
2021091207,218,42398,Maxx Williams,1,True,chip_release,detached,52582,RE,0.1048,1.3000,False,1.3000,0,0.9996,0.9905,0.9243,0.0004,0.0004,,,,,0,1.0000
2021091207,954,45355,Anthony Firkser,1,True,chip_release,inline,42401,LOLB,0.1290,0.9000,False,0.9000,0,0.9996,0.9196,0.6701,0.0003,0.0003,,,,,0,0.0000
2021091207,1053,45355,Anthony Firkser,1,True,chip_release,detached,37084,LEO,0.1447,1.7000,False,1.7000,0,0.9991,0.9521,0.7549,0.0009,0.0009,,,,,0,1.0000
2021091207,1090,40615,Demetrius Harris,1,True,pass_block,inline,42031,LEO,0.1543,6.1000,False,6.1000,0,0.9991,0.9807,0.9349,0.2121,0.2121,,,,,0,1.0000
2021091207,1128,42398,Maxx Williams,1,True,pass_block,inline,42365,ROLB,0.1013,3.5000,False,3.5000,0,0.9991,0.9714,0.7804,0.2360,0.2360,,,,,0,0.0000
2021091207,1152,40615,Demetrius Harris,1,True,pass_block,wing,42365,ROLB,0.1013,2.5000,False,2.5000,0,0.9994,0.9806,0.9215,0.0194,0.0194,,,,,0,0.0000
2021091207,1152,42398,Maxx Williams,1,True,pass_block,inline,42365,ROLB,0.1013,2.5000,False,2.5000,0,0.9992,0.9770,0.8690,0.0231,0.0231,,,,,0,0.0000
2021091207,1540,45355,Anthony Firkser,1,True,chip_release,inline,38551,LOLB,0.1058,1.8000,False,1.8000,0,0.9996,0.9816,0.8383,0.0018,0.0018,,,,,0,0.0000
2021091207,1584,45355,Anthony Firkser,1,True,chip_release,detached,38551,LOLB,0.1058,1.8000,True,1.8000,0,0.9992,0.9628,0.8514,0.0074,0.0074,,,,,0,0.0000
2021091207,1792,42398,Maxx Williams,1,True,pass_block,inline,46110,LOLB,0.1779,2.9000,False,2.3000,1,0.9953,0.8834,0.5887,0.1186,-0.8814,2.3000,2.3000,2.3000,2.3000,0,0.0000
2021091207,2222,45355,Anthony Firkser,1,True,chip_release,detached,37084,LEO,0.1447,2.1000,False,2.1000,0,0.9993,0.9222,0.7105,0.0090,0.0090,,,,,0,0.0000
2021091207,2244,45355,Anthony Firkser,1,True,chip_release,detached,37084,LEO,0.1447,1.1000,False,1.1000,0,0.9995,0.9569,0.7803,0.0003,0.0003,,,,,0,0.0000
2021091207,2927,40615,Demetrius Harris,1,True,pass_block,backfield,46110,ROLB,0.1779,4.9000,False,4.9000,0,0.9987,0.8634,0.5993,1.0242,1.0242,,,,,0,0.0000
2021091207,2927,42398,Maxx Williams,1,True,pass_block,inline,42031,LEO,0.1543,4.9000,False,4.9000,0,0.9993,0.9528,0.7597,0.5902,0.5902,,,,,0,0.0000
2021091207,3148,45355,Anthony Firkser,1,True,chip_release,detached,42401,LOLB,0.1290,1.5000,False,1.5000,0,0.9993,0.9472,0.7910,0.0007,0.0007,,,,,0,1.0000
2021091207,3488,45355,Anthony Firkser,1,True,chip_release,detached,38551,LOLB,0.1058,2.0000,False,2.0000,0,0.9996,0.9676,0.7939,0.0020,0.0020,,,,,0,0.0000
2021091207,3527,45355,Anthony Firkser,1,True,chip_release,detached,42401,LOLB,0.1290,1.2000,False,1.2000,0,0.9995,0.9707,0.8265,0.0003,0.0003,,,,3.8000,0,1.0000
2021091207,3776,45355,Anthony Firkser,1,True,chip_release,detached,47816,SCBoL,0.1080,2.3000,True,2.3000,0,0.9994,0.9379,0.7016,0.0623,0.0623,,,,,0,1.0000
2021091207,3828,45355,Anthony Firkser,1,True,chip_release,inline,46250,LOLB,0.1080,1.4000,False,1.4000,0,0.9992,0.9684,0.8481,0.0008,0.0008,,,,,0,1.0000
2021091208,56,34540,Jared Cook,1,True,pass_block,inline,47809,LEO,0.1232,2.5000,False,2.5000,0,0.9993,0.9330,0.6318,0.0674,0.0674,,,,,0,0.0000
2021091208,175,34540,Jared Cook,1,True,pass_block,wing,52410,REO,0.1190,2.7000,False,2.7000,0,0.9993,0.9656,0.8021,0.0346,0.0346,,,,,0,1.0000
2021091208,175,48456,Donald Parham,1,True,pass_block,inline,52410,REO,0.1190,2.7000,False,2.7000,0,0.9987,0.9581,0.8039,0.0423,0.0423,,,,,0,1.0000
2021091208,764,43845,Stephen Anderson,1,True,chip_release,inline,52637,LEO,0.0957,0.9000,False,0.9000,0,0.9940,0.9607,0.8984,0.0036,0.0036,,,,,0,0.0000
2021091208,1145,48456,Donald Parham,1,True,pass_block,inline,43441,DLT,0.1288,3.2000,False,3.2000,0,0.9087,0.8677,0.6466,0.2241,0.2241,,,,,0,0.0000
2021091208,1431,41349,Logan Thomas,1,True,pass_block,inline,53547,LOLB,0.1073,3.1000,False,3.1000,0,0.9974,0.9825,0.8335,0.0826,0.0826,,,,,0,0.0000
2021091208,1431,45481,Ricky Seals-Jones,1,True,pass_block,wing,53547,LOLB,0.1073,3.1000,False,3.1000,0,0.9975,0.9841,0.8671,0.0599,0.0599,,,,,0,0.0000
2021091208,1675,43845,Stephen Anderson,1,True,chip_release,inline,47809,REO,0.1232,2.2000,False,2.2000,0,0.9988,0.8768,0.6569,0.0171,0.0171,,,,,0,0.0000
2021091208,1784,34540,Jared Cook,1,True,chip_release,wing,52637,LEO,0.0957,3.0000,True,3.0000,0,0.9979,0.9883,0.8964,0.0454,0.0454,,,,,0,0.0000
2021091208,1784,48456,Donald Parham,1,True,pass_block,inline,46232,DLT,0.1305,3.0000,False,3.0000,0,0.9804,0.9547,0.8425,0.0770,0.0770,,,,,0,0.0000
2021091208,2010,48456,Donald Parham,1,True,pass_block,inline,47809,REO,0.1232,2.6000,False,2.6000,0,0.9973,0.9739,0.7682,0.0262,0.0262,,,,2.6000,0,1.0000
2021091208,2322,45481,Ricky Seals-Jones,1,True,pass_block,detached,43292,LOLB,0.1540,4.7000,False,4.7000,0,0.9961,0.9759,0.9338,0.1325,0.1325,,,,,0,0.0000
2021091208,2670,34540,Jared Cook,1,True,chip_release,detached,47809,REO,0.1232,1.4000,False,1.4000,0,0.9994,0.9648,0.8172,0.0006,0.0006,,,,,0,0.0000
2021091208,3375,43845,Stephen Anderson,1,True,chip_release,inline,52410,LEO,0.1190,1.9000,False,1.9000,0,0.9951,0.9513,0.6542,0.0084,0.0084,,,,,0,0.0000
2021091208,3484,34540,Jared Cook,1,True,pass_block,wing,47809,REO,0.1232,3.2000,False,3.2000,0,0.9967,0.9549,0.6506,0.1897,0.1897,,,,,0,0.0000
2021091208,3484,48456,Donald Parham,1,True,pass_block,inline,47809,REO,0.1232,3.2000,False,3.2000,0,0.9917,0.9586,0.7153,0.1550,0.1550,,,,,0,0.0000
2021091209,198,43370,Austin Hooper,1,True,pass_block,inline,52585,LOLB,0.1045,3.3000,False,3.3000,0,0.9992,0.9767,0.9390,0.0624,0.0624,,,,,0,0.0000
2021091209,265,43370,Austin Hooper,1,True,chip_release,detached,40051,LEO,0.1056,1.9000,False,1.9000,0,0.9993,0.9706,0.8119,0.0042,0.0042,,,,,0,0.0000
2021091209,710,48683,Joe Fortson,1,True,chip_release,inline,44838,LEO,0.1240,1.3000,False,1.3000,0,0.9991,0.9611,0.8309,0.0009,0.0009,,,,,0,1.0000
2021091209,768,43370,Austin Hooper,1,True,chip_release,inline,40051,LEO,0.1056,1.1000,False,1.1000,0,0.9964,0.9864,0.8825,0.0021,0.0021,,,,,0,0.0000
2021091209,768,44841,David Njoku,1,True,pass_block,inline,53573,REO,0.0989,3.1000,False,3.1000,0,0.9954,0.9841,0.8445,0.0636,0.0636,,,,,0,0.0000
2021091209,797,44841,David Njoku,1,True,chip_release,inline,53573,REO,0.0989,1.0000,False,1.0000,0,0.9958,0.9893,0.9707,0.0027,0.0027,,,,,0,0.0000
2021091209,1142,40011,Travis Kelce,1,True,chip_release,detached,44813,REO,0.1927,2.2000,True,2.2000,0,0.9981,0.8520,0.6406,0.0193,0.0193,,,,,0,1.0000
2021091209,1166,40011,Travis Kelce,1,True,pass_block,detached,41227,LEO,0.1451,6.2000,False,6.2000,1,0.9972,0.9306,0.8837,0.3868,-0.6132,,,6.2000,5.9000,0,1.0000
2021091209,1247,42460,Blake Bell,1,True,chip_release,inline,44838,LOLB,0.1240,1.1000,False,1.1000,0,0.9962,0.8799,0.4904,0.0023,0.0023,,,,,0,0.0000
2021091209,1295,48683,Joe Fortson,1,True,chip_release,inline,44838,LEO,0.1240,2.1000,False,2.1000,0,0.9911,0.9571,0.7797,0.0132,0.0132,4.4000,3.8000,3.7000,3.6000,0,1.0000
2021091209,1484,44841,David Njoku,1,True,pass_block,inline,52585,REO,0.1045,3.4000,False,3.4000,0,0.9980,0.9709,0.6688,0.3692,0.3692,,,,,0,0.0000
2021091209,1894,44841,David Njoku,1,True,chip_release,inline,52585,REO,0.1045,2.1000,False,2.1000,0,0.9993,0.9554,0.7946,0.0052,0.0052,4.2000,4.2000,3.7000,3.3000,0,1.0000
2021091209,1916,44841,David Njoku,1,True,chip_release,detached,40051,LEO,0.1056,2.0000,False,2.0000,0,0.9995,0.9732,0.8417,0.0035,0.0035,,,,,0,1.0000
2021091209,2777,40011,Travis Kelce,1,True,chip_release,detached,44813,REO,0.1927,1.5000,False,1.5000,0,0.9992,0.9404,0.7795,0.0008,0.0008,3.0000,3.0000,2.9000,2.9000,0,1.0000
2021091209,2833,43370,Austin Hooper,1,True,pass_block,inline,52585,REO,0.1045,2.3000,False,2.3000,0,0.9972,0.9866,0.8852,0.0135,0.0135,,,,,0,0.0000
2021091209,2833,52523,Harrison Bryant,1,True,pass_block,wing,52585,REO,0.1045,2.3000,False,2.3000,0,0.9980,0.9876,0.8960,0.0124,0.0124,,,,,0,0.0000
2021091209,2942,43370,Austin Hooper,1,True,pass_block,inline,52585,REO,0.1045,3.0000,False,3.0000,0,0.9979,0.9895,0.8833,0.0489,0.0489,,,,,0,0.0000
2021091209,3168,44841,David Njoku,1,True,chip_release,inline,43326,LEO,0.1332,1.2000,False,1.2000,0,0.9996,0.9675,0.8349,0.0003,0.0003,,,,,0,1.0000
2021091209,3435,44841,David Njoku,1,True,pass_block,inline,52585,LEO,0.1045,2.9000,False,2.9000,0,0.9996,0.9787,0.8708,0.0753,0.0753,,,,,0,0.0000
2021091210,146,44912,Jonnu Smith,1,True,pass_block,inline,42370,RCB,0.1175,3.7000,False,2.2000,1,0.9971,0.8899,0.5351,0.1109,-0.8891,2.5000,2.4000,2.2000,2.1000,1,1.0000
2021091210,200,43324,Hunter Henry,1,True,chip_release,detached,43321,LEO,0.1226,1.4000,False,1.4000,0,0.9995,0.9225,0.6647,0.0005,0.0005,,,,3.6000,0,1.0000
2021091210,574,44912,Jonnu Smith,1,True,pass_block,inline,45274,RE,0.0937,1.6000,False,1.6000,0,0.9930,0.9876,0.9712,0.0070,0.0070,,,,,0,1.0000
2021091210,726,46192,Durham Smythe,1,True,chip_release,detached,52468,ROLB,0.1157,3.0000,False,3.0000,0,0.9996,0.9488,0.7482,0.1593,0.1593,,,,3.4000,0,1.0000
2021091210,1081,43324,Hunter Henry,1,True,chip_release,detached,53447,ROLB,0.1193,1.6000,False,1.6000,0,0.9995,0.8900,0.6016,0.0005,0.0005,,,,,0,0.0000
2021091210,1323,44912,Jonnu Smith,1,True,pass_block,inline,47934,LOLB,0.1212,2.4000,False,2.4000,0,0.9948,0.9663,0.8516,0.0340,0.0340,,,,,0,0.0000
2021091210,1368,43324,Hunter Henry,1,True,pass_block,backfield,43854,LOLB,0.1034,2.4000,False,2.4000,1,0.9992,0.9200,0.6225,0.0807,-0.9193,,,2.4000,2.2000,1,1.0000
2021091210,1657,44912,Jonnu Smith,1,True,pass_block,inline,46142,LOLB,0.1727,3.7000,False,3.7000,0,0.9899,0.9063,0.8153,0.1992,0.1992,,,,,0,1.0000
2021091210,2550,44912,Jonnu Smith,1,True,pass_block,inline,43321,LEO,0.1226,3.0000,False,2.8000,1,0.9950,0.9656,0.8138,0.1031,-0.8969,2.8000,2.8000,2.8000,2.8000,0,0.0000
2021091210,2912,44912,Jonnu Smith,1,True,pass_block,detached,47796,LEO,0.0994,3.7000,False,2.8000,1,0.9963,0.9835,0.8828,0.0477,-0.9523,2.8000,2.8000,2.8000,2.8000,0,0.0000
2021091210,3239,44912,Jonnu Smith,1,True,pass_block,inline,46142,ROLB,0.1727,1.7000,False,1.7000,0,0.9502,0.9174,0.8733,0.0503,0.0503,,,,0.3000,0,0.0000
2021091210,3473,43324,Hunter Henry,1,True,pass_block,backfield,46142,LOLB,0.1727,2.3000,False,2.3000,0,0.9994,0.7620,0.4410,0.2406,0.2406,,,,,0,0.0000
2021091211,597,44075,Garrett Griffin,1,True,pass_block,inline,47933,LE,0.0883,6.7000,False,6.7000,0,0.9965,0.9492,0.6650,1.2686,1.2686,,,,,0,0.0000
2021091211,1443,45635,Robert Tonyan,1,True,chip_release,detached,37097,LOLB,0.1135,1.5000,False,1.5000,0,0.9995,0.9386,0.6965,0.0005,0.0005,2.8000,2.8000,2.8000,2.8000,0,0.0000
2021091211,2471,30842,Marcedes Lewis,1,True,chip_release,inline,37097,LEO,0.1135,1.9000,False,1.9000,0,0.9969,0.9882,0.9609,0.0051,0.0051,,,,,0,1.0000
2021091211,2755,45635,Robert Tonyan,1,True,chip_release,detached,44871,REO,0.1239,2.2000,False,2.2000,0,0.9995,0.9672,0.8321,0.0048,0.0048,,,,,0,1.0000
2021091211,2893,52513,Adam Trautman,1,True,pass_block,inline,43426,LEO,0.1056,3.5000,False,3.5000,0,0.9926,0.9725,0.7608,0.2579,0.2579,,,,,0,0.0000
2021091211,3060,53172,Dominique Dafney,1,True,chip_release,detached,37097,LEO,0.1135,1.4000,False,1.4000,0,0.9990,0.9210,0.6724,0.0010,0.0010,,,,,0,0.0000
2021091212,465,44987,Eric Saubert,1,True,pass_block,inline,42349,LEO,0.0880,3.4000,False,3.4000,0,0.9977,0.9902,0.9179,0.0840,0.0840,,,,,0,0.0000
2021091212,465,47803,Noah Fant,1,True,pass_block,wing,44837,LLB,0.1482,3.4000,False,3.3000,1,0.9944,0.8189,0.3700,0.8389,-0.1611,3.3000,3.3000,3.3000,3.3000,0,0.0000
2021091212,489,44987,Eric Saubert,1,True,chip_release,inline,42349,LEO,0.0880,2.5000,False,2.5000,0,0.9969,0.9910,0.9718,0.0091,0.0091,,,,2.9000,0,1.0000
2021091212,657,47803,Noah Fant,1,True,chip_release,inline,46135,ROLB,0.0798,2.0000,False,2.0000,0,0.9990,0.9667,0.7346,0.0047,0.0047,,,,,0,1.0000
2021091212,745,47803,Noah Fant,1,True,chip_release,inline,47878,LEO,0.1034,2.8000,True,2.8000,0,0.9976,0.9899,0.9585,0.0226,0.0226,,,,,0,0.0000
2021091212,843,37118,Kyle Rudolph,1,True,pass_block,inline,37075,LOLB,0.1489,2.6000,False,2.6000,0,0.9953,0.9445,0.6531,0.0560,0.0560,,,,,0,0.0000
2021091212,843,47959,Kaden Smith,1,True,pass_block,wing,37075,LOLB,0.1489,2.6000,False,2.6000,0,0.9967,0.9716,0.8161,0.0286,0.0286,,,,,0,0.0000
2021091212,935,37118,Kyle Rudolph,1,True,pass_block,inline,47854,LEO,0.0894,3.3000,False,3.3000,0,0.9950,0.9875,0.9282,0.0734,0.0734,,,,,0,0.0000
2021091212,1004,47959,Kaden Smith,1,True,chip_release,detached,53930,LOLB,0.1219,1.7000,False,1.7000,0,0.9994,0.9654,0.8222,0.0006,0.0006,,,,,0,0.0000
2021091212,1127,44987,Eric Saubert,1,True,pass_block,inline,47878,LOLB,0.1034,3.6000,False,3.6000,0,0.9903,0.9856,0.9679,0.0326,0.0326,,,,,0,0.0000
2021091212,1127,52526,Albert Okwuegbunam,1,True,pass_block,backfield,47800,LE,0.1107,3.6000,False,3.6000,0,0.9684,0.9583,0.9342,0.0676,0.0676,,,,,0,0.0000
2021091212,1260,52526,Albert Okwuegbunam,1,True,chip_release,inline,46135,ROLB,0.0798,1.7000,False,1.7000,0,0.9952,0.9850,0.9617,0.0048,0.0048,,,,,0,0.0000
2021091212,1901,44987,Eric Saubert,1,True,pass_block,inline,43332,LE,0.0858,3.5000,False,3.5000,0,0.9980,0.9940,0.9438,0.0570,0.0570,,,,,0,1.0000
2021091212,1901,52526,Albert Okwuegbunam,1,True,pass_block,wing,43332,LE,0.0858,3.5000,False,3.5000,0,0.9982,0.9931,0.9425,0.0584,0.0584,,,,,0,1.0000
2021091212,2008,52526,Albert Okwuegbunam,1,True,chip_release,inline,47878,LOLB,0.1034,1.8000,False,1.8000,0,0.9993,0.9656,0.8331,0.0036,0.0036,,,,,0,1.0000
2021091212,2474,37118,Kyle Rudolph,1,True,pass_block,inline,37075,LOLB,0.1489,4.0000,False,4.0000,0,0.9957,0.9738,0.8931,0.1612,0.1612,,,,,0,1.0000
2021091212,2474,47959,Kaden Smith,1,True,pass_block,wing,42935,LOLB,0.1126,4.0000,False,3.4000,1,0.9975,0.9680,0.8065,0.2066,-0.7934,3.5000,3.5000,3.4000,3.3000,1,1.0000
2021091212,2532,44987,Eric Saubert,1,True,chip_release,inline,42349,LEO,0.0880,2.2000,True,2.2000,0,0.9957,0.9880,0.9676,0.0073,0.0073,,,,,0,1.0000
2021091212,2630,44987,Eric Saubert,1,True,chip_release,backfield,43332,LE,0.0858,1.1000,False,1.1000,0,0.9934,0.9818,0.9497,0.0041,0.0041,3.1000,2.8000,2.7000,2.7000,0,1.0000
2021091212,2947,37118,Kyle Rudolph,1,True,pass_block,inline,53930,LOLB,0.1219,3.6000,False,3.6000,0,0.9868,0.9591,0.7743,0.2441,0.2441,,,,,0,0.0000
2021091212,2947,47959,Kaden Smith,1,True,chip_release,wing,53930,LOLB,0.1219,2.7000,False,2.7000,0,0.9957,0.9626,0.7546,0.0377,0.0377,,,,,0,0.0000
2021091212,3014,37118,Kyle Rudolph,1,True,pass_block,inline,37075,LOLB,0.1489,4.1000,False,2.7000,1,0.9986,0.9084,0.7152,0.1967,-0.8033,,2.8000,2.7000,2.6000,1,1.0000
2021091212,3342,37118,Kyle Rudolph,1,True,chip_release,inline,37075,LOLB,0.1489,1.0000,False,1.0000,0,0.9995,0.8818,0.6033,0.0002,0.0002,2.7000,2.7000,2.7000,2.7000,0,0.0000
2021091212,3446,37118,Kyle Rudolph,1,True,pass_block,inline,37075,LOLB,0.1489,2.3000,False,2.3000,0,0.9991,0.8941,0.6915,0.1070,0.1070,,,,,0,0.0000
2021091213,538,43399,Tyler Higbee,1,True,chip_release,detached,41231,LOLB,0.1608,2.5000,False,2.5000,0,0.9990,0.9251,0.6806,0.0754,0.0754,3.1000,3.1000,3.1000,3.1000,0,0.0000
2021091213,962,43399,Tyler Higbee,1,True,pass_block,inline,38619,LEO,0.1120,4.4000,False,4.4000,0,0.9904,0.9743,0.9215,0.1583,0.1583,,,,,0,0.0000
2021091213,1421,42503,Jesse James,1,True,chip_release,inline,43335,LE,0.0961,0.8000,False,0.8000,0,0.9954,0.9838,0.9561,0.0029,0.0029,,,,2.1000,0,0.0000
2021091213,1421,52451,Cole Kmet,1,True,chip_release,wing,43298,LOLB,0.1727,1.9000,False,1.9000,0,0.9977,0.9819,0.9483,0.0053,0.0053,,,,,0,0.0000
2021091213,1794,43399,Tyler Higbee,1,True,chip_release,inline,46214,LEO,0.1123,2.1000,False,2.1000,0,0.9992,0.9713,0.8446,0.0056,0.0056,,,,,0,0.0000
2021091213,1818,43399,Tyler Higbee,1,True,chip_release,inline,39976,LOLB,0.1428,1.5000,False,1.5000,0,0.9996,0.9716,0.8306,0.0004,0.0004,,,,,0,1.0000
2021091213,1898,52451,Cole Kmet,1,True,pass_block,inline,43298,LOLB,0.1727,2.1000,False,2.1000,0,0.9989,0.8343,0.5776,0.0157,0.0157,,,,,0,0.0000
2021091213,1988,52451,Cole Kmet,1,True,pass_block,inline,41239,DRT,0.1417,2.8000,False,2.8000,0,0.9809,0.9612,0.8160,0.0938,0.0938,,,,0.2000,0,0.0000
2021091213,2012,42503,Jesse James,1,True,chip_release,inline,41239,LE,0.1417,1.0000,False,1.0000,0,0.9959,0.9796,0.9448,0.0025,0.0025,,,,,0,1.0000
2021091213,2012,52451,Cole Kmet,1,True,chip_release,wing,46313,LOLB,0.1163,1.8000,False,1.8000,0,0.9895,0.9578,0.9139,0.0279,0.0279,,,3.4000,3.2000,0,1.0000
2021091213,2111,52451,Cole Kmet,1,True,pass_block,inline,52492,ROLB,0.1241,2.6000,False,2.6000,1,0.9991,0.8884,0.5369,0.3470,-0.6530,2.6000,2.6000,2.6000,2.6000,0,0.0000
2021091213,2881,52451,Cole Kmet,1,True,chip_release,inline,47939,ROLB,0.0859,1.1000,False,1.1000,0,0.9994,0.9424,0.7834,0.0003,0.0003,,,,,0,0.0000
2021091300,880,39109,Derek Carrier,1,True,chip_release,inline,53460,ROLB,0.1176,1.7000,False,1.7000,0,0.9995,0.9633,0.8246,0.0005,0.0005,3.1000,3.1000,3.1000,3.1000,0,0.0000
2021091300,1461,47920,Foster Moreau,1,True,pass_block,inline,44859,LOLB,0.1278,2.9000,False,2.9000,0,0.9992,0.8772,0.6064,0.2934,0.2934,,,,,0,0.0000
2021091300,1553,42547,Darren Waller,1,True,pass_block,inline,46958,ROLB,0.1135,2.6000,False,2.6000,0,0.9983,0.8702,0.6397,0.1327,0.1327,,,,,0,0.0000
2021091300,1744,46155,Mark Andrews,1,True,chip_release,inline,47889,LEO,0.1723,1.0000,True,1.0000,0,0.9994,0.9758,0.8294,0.0004,0.0004,,,,,0,1.0000
2021091300,1875,47920,Foster Moreau,1,True,chip_release,detached,37145,LEO,0.1328,1.3000,False,1.3000,0,0.9983,0.9203,0.7735,0.0017,0.0017,,,,3.2000,0,0.0000
2021091300,1921,42547,Darren Waller,1,True,chip_release,inline,53460,REO,0.1176,1.7000,False,1.7000,0,0.9994,0.9650,0.8655,0.0006,0.0006,,,,,0,1.0000
2021091300,2655,42547,Darren Waller,1,True,chip_release,inline,52506,LOLB,0.1102,1.3000,False,1.3000,0,0.9971,0.9858,0.9492,0.0029,0.0029,,,,,0,0.0000
2021091300,2700,42547,Darren Waller,1,True,pass_block,inline,52506,ROLB,0.1102,3.3000,False,3.3000,0,0.9990,0.9490,0.7953,0.2205,0.2205,,,,,0,0.0000
2021091300,3098,47920,Foster Moreau,1,True,pass_block,detached,44859,LOLB,0.1278,3.4000,False,3.4000,0,0.9994,0.9613,0.7438,0.2794,0.2794,,,,3.4000,0,0.0000
2021091300,3211,42721,Eric Tomlinson,1,True,chip_release,inline,44815,REO,0.1474,1.8000,False,1.8000,0,0.9997,0.9849,0.9196,0.0018,0.0018,,,,,0,0.0000
2021091300,3312,42547,Darren Waller,1,True,pass_block,inline,53460,LOLB,0.1176,4.5000,False,4.5000,0,0.9974,0.9686,0.8192,0.3928,0.3928,,,,,0,1.0000
2021091300,3664,47920,Foster Moreau,1,True,chip_release,detached,37145,LOLB,0.1328,1.6000,False,1.6000,0,0.9986,0.9408,0.7951,0.0014,0.0014,,,,,0,0.0000
2021091300,3688,47920,Foster Moreau,1,True,pass_block,detached,53460,LOLB,0.1176,3.1000,False,3.1000,0,0.9994,0.9522,0.8182,0.1177,0.1177,,,,,0,0.0000
2021091300,3734,42547,Darren Waller,1,True,chip_release,detached,37240,LOLB,0.0978,1.5000,False,1.5000,0,0.9988,0.9464,0.7992,0.0012,0.0012,,,3.7000,3.4000,0,1.0000
2021091300,3734,47920,Foster Moreau,1,True,pass_block,detached,53460,ROLB,0.1176,3.8000,False,3.8000,0,0.9989,0.9297,0.8053,0.2609,0.2609,,,,,0,1.0000
2021091300,3756,42547,Darren Waller,1,True,pass_block,inline,53460,LEO,0.1176,3.4000,False,3.4000,0,0.9988,0.8987,0.6191,0.4423,0.4423,,,,,1,1.0000
2021091300,4166,47920,Foster Moreau,1,True,pass_block,inline,37145,LEO,0.1328,4.1000,False,4.1000,0,0.9995,0.9736,0.8081,0.2999,0.2999,,,,,0,0.0000
2021091300,4347,47920,Foster Moreau,1,True,pass_block,inline,37145,ROLB,0.1328,2.7000,False,2.7000,0,0.9961,0.9435,0.7015,0.0569,0.0569,,,,,0,0.0000
2021091300,4454,42547,Darren Waller,1,True,chip_release,inline,46259,ROLB,0.1323,1.8000,False,1.8000,0,0.9995,0.9661,0.8418,0.0046,0.0046,,,,,0,1.0000
2021091600,261,37118,Kyle Rudolph,2,True,pass_block,inline,52410,LEO,0.1091,3.8000,False,3.8000,0,0.9982,0.9579,0.7702,0.3647,0.3647,,,,,0,1.0000
2021091600,261,47959,Kaden Smith,2,True,chip_release,wing,52410,LEO,0.1091,2.4000,False,2.4000,0,0.9991,0.9701,0.7912,0.0301,0.0301,,,,,0,1.0000
2021091600,280,37118,Kyle Rudolph,2,True,chip_release,detached,52410,LOLB,0.1091,2.4000,False,2.4000,0,0.9994,0.9783,0.8764,0.0218,0.0218,,,,,0,1.0000
2021091600,590,47959,Kaden Smith,2,True,pass_block,inline,52410,LOLB,0.1091,3.9000,False,3.9000,0,0.9990,0.9349,0.7172,0.4019,0.4019,,,,,0,1.0000
2021091600,727,37118,Kyle Rudolph,2,True,chip_release,detached,47809,REO,0.0979,2.1000,False,2.1000,0,0.9994,0.9679,0.8468,0.0036,0.0036,,,2.9000,2.8000,0,1.0000
2021091600,839,41349,Logan Thomas,2,True,pass_block,detached,42349,DRT,0.1034,2.0000,False,2.0000,0,0.9993,0.9814,0.8198,0.0046,0.0046,,,,,0,0.0000
2021091600,1037,41349,Logan Thomas,2,True,pass_block,detached,46135,LOLB,0.0937,3.3000,False,3.3000,0,0.9977,0.9894,0.9253,0.0764,0.0764,,,,,0,0.0000
2021091600,1117,47959,Kaden Smith,2,True,pass_block,wing,52410,LEO,0.1091,3.4000,False,3.4000,0,0.9951,0.9689,0.8043,0.2087,0.2087,,,,,0,1.0000
2021091600,1117,48475,Chris Myarick,2,True,pass_block,inline,43441,LEO,0.1042,3.4000,False,3.4000,0,0.9819,0.9644,0.8333,0.1764,0.1764,,,,,0,1.0000
2021091600,2161,47959,Kaden Smith,2,True,pass_block,wing,43441,LEO,0.1042,2.9000,False,2.9000,0,0.9940,0.9793,0.8652,0.0600,0.0600,,,,,0,0.0000
2021091600,2161,48475,Chris Myarick,2,True,pass_block,inline,46082,DLT,0.1148,2.9000,False,2.9000,0,0.9583,0.9487,0.8774,0.0777,0.0777,,,,,0,0.0000
2021091600,2185,47959,Kaden Smith,2,True,chip_release,detached,47809,ROLB,0.0979,2.3000,False,2.3000,0,0.9996,0.9724,0.8539,0.0277,0.0277,,3.7000,3.5000,3.3000,0,1.0000
2021091600,2378,37118,Kyle Rudolph,2,True,pass_block,inline,47809,ROLB,0.0979,2.6000,False,2.6000,0,0.9994,0.9629,0.7869,0.0372,0.0372,,,,,0,0.0000
2021091600,2493,41349,Logan Thomas,2,True,chip_release,inline,46135,ROLB,0.0937,2.1000,False,2.1000,0,0.9993,0.9805,0.8626,0.0040,0.0040,,,,,0,0.0000
2021091600,2873,41349,Logan Thomas,2,True,pass_block,detached,53479,REO,0.1093,3.3000,False,3.1000,1,0.9993,0.9702,0.7894,0.2258,-0.7742,,3.3000,3.1000,3.0000,0,1.0000
2021091600,3001,41349,Logan Thomas,2,True,chip_release,detached,46135,LOLB,0.0937,2.2000,False,2.2000,0,0.9994,0.9162,0.7342,0.0037,0.0037,,,,,0,1.0000
2021091600,3185,37118,Kyle Rudolph,2,True,pass_block,inline,43373,ROLB,0.1206,3.3000,False,2.0000,1,0.9985,0.8433,0.5513,0.0150,-0.9850,2.4000,2.1000,2.0000,1.9000,1,1.0000
2021091600,3440,41349,Logan Thomas,2,True,chip_release,detached,52663,RILB,0.1165,0.7000,False,0.7000,0,0.9993,0.9721,0.8197,0.0002,0.0002,,,,2.6000,0,1.0000
2021091600,3509,41349,Logan Thomas,2,True,chip_release,detached,46135,ROLB,0.0937,1.8000,False,1.8000,0,0.9990,0.9605,0.8561,0.0061,0.0061,,,,,0,0.0000
2021091600,3567,37118,Kyle Rudolph,2,True,pass_block,inline,52410,REO,0.1091,3.3000,False,3.3000,0,0.9978,0.9826,0.8881,0.1159,0.1159,,,,,0,0.0000
2021091600,3567,47959,Kaden Smith,2,True,pass_block,wing,52410,REO,0.1091,3.3000,False,3.3000,0,0.9985,0.9829,0.8937,0.1099,0.1099,,,,,0,0.0000
2021091600,3743,37118,Kyle Rudolph,2,True,chip_release,detached,52410,REO,0.1091,2.0000,False,2.0000,0,0.9989,0.9471,0.7933,0.0054,0.0054,,,,,0,0.0000
2021091600,3972,37118,Kyle Rudolph,2,True,chip_release,detached,47809,LOLB,0.0979,1.6000,False,1.6000,0,0.9995,0.9719,0.8618,0.0005,0.0005,,,,,0,0.0000
2021091900,121,46170,Ian Thomas,2,True,pass_block,inline,37097,LEO,0.1280,3.1000,False,3.1000,0,0.9994,0.9536,0.7442,0.1647,0.1647,,,,,0,0.0000
2021091900,241,52513,Adam Trautman,2,True,pass_block,inline,44825,LOLB,0.1187,4.5000,False,2.2000,1,0.9974,0.9609,0.7095,0.0393,-0.9607,2.7000,2.3000,2.2000,2.0000,1,1.0000
2021091900,440,46170,Ian Thomas,2,True,pass_block,inline,53457,REO,0.0901,3.2000,False,3.1000,1,0.9979,0.9854,0.9074,0.0953,-0.9047,,3.2000,3.1000,3.1000,1,1.0000
2021091900,440,53512,Tommy Tremble,2,True,pass_block,wing,48027,ROLB,0.1223,3.2000,False,3.2000,0,0.9953,0.9648,0.8434,0.0956,0.0956,,,,,0,1.0000
2021091900,523,53512,Tommy Tremble,2,True,pass_block,wing,34465,LOLB,0.1028,4.0000,False,3.5000,1,0.9980,0.9707,0.8095,0.2030,-0.7970,3.5000,3.5000,3.5000,3.5000,0,0.0000
2021091900,876,46170,Ian Thomas,2,True,pass_block,inline,52482,ROLB,0.1245,4.1000,False,4.1000,0,0.9984,0.9520,0.8107,0.2651,0.2651,,,,,0,0.0000
2021091900,1024,46170,Ian Thomas,2,True,pass_block,inline,37097,LEO,0.1280,6.3000,False,6.3000,0,0.9939,0.9559,0.8243,0.5129,0.5129,,,,,0,0.0000
2021091900,1024,53512,Tommy Tremble,2,True,chip_release,inline,37097,LEO,0.1280,3.0000,False,3.0000,0,0.9944,0.9631,0.8480,0.0926,0.0926,,,,,0,0.0000
2021091900,1198,52513,Adam Trautman,2,True,chip_release,wing,47799,ROLB,0.1168,2.7000,True,2.7000,0,0.9996,0.9850,0.9115,0.0151,0.0151,,,,,0,0.0000
2021091900,1323,46170,Ian Thomas,2,True,pass_block,inline,48537,ROLB,0.1484,2.8000,False,2.8000,1,0.9994,0.9027,0.6312,0.2703,-0.7297,2.8000,2.8000,2.8000,2.8000,0,0.0000
2021091900,1558,46170,Ian Thomas,2,True,pass_block,detached,48537,REO,0.1484,1.7000,False,1.7000,0,0.9994,0.9611,0.7637,0.0006,0.0006,,,,,0,0.0000
2021091900,1850,45785,Dan Arnold,2,True,chip_release,detached,37097,LOLB,0.1280,2.3000,False,2.3000,0,0.9997,0.9774,0.8730,0.0226,0.0226,,,,,0,1.0000
2021091900,2134,46170,Ian Thomas,2,True,pass_block,inline,48537,ROLB,0.1484,2.1000,False,2.1000,0,0.9991,0.8384,0.4997,0.0158,0.0158,,,,,0,0.0000
2021091900,2536,46170,Ian Thomas,2,True,chip_release,inline,53457,REO,0.0901,1.1000,False,1.1000,0,0.9966,0.9915,0.9773,0.0024,0.0024,,,,2.9000,0,0.0000
2021091900,2536,53512,Tommy Tremble,2,True,chip_release,wing,53457,REO,0.0901,1.0000,False,1.0000,0,0.9976,0.9918,0.9797,0.0016,0.0016,,,,2.9000,0,0.0000
2021091900,2805,52513,Adam Trautman,2,True,pass_block,inline,47799,REO,0.1168,2.1000,False,2.1000,0,0.9996,0.9919,0.9684,0.0022,0.0022,,,,,0,0.0000
2021091900,2977,46170,Ian Thomas,2,True,pass_block,inline,34465,ROLB,0.1028,2.6000,False,2.6000,0,0.9987,0.8287,0.5132,0.1744,0.1744,,,,,0,0.0000
2021091900,3051,46170,Ian Thomas,2,True,pass_block,inline,53457,REO,0.0901,2.6000,False,2.6000,0,0.9992,0.9621,0.7865,0.0381,0.0381,,,,,0,0.0000
2021091900,3148,44075,Garrett Griffin,2,True,pass_block,wing,46527,LOLB,0.1464,3.0000,False,3.0000,0,0.9971,0.9719,0.8160,0.1063,0.1063,,,,,0,0.0000
2021091900,3288,46170,Ian Thomas,2,True,pass_block,inline,48537,REO,0.1484,3.3000,False,3.3000,0,0.9975,0.9347,0.7231,0.3064,0.3064,,,,,0,0.0000
2021091900,3288,53512,Tommy Tremble,2,True,pass_block,wing,48027,ROLB,0.1223,3.3000,False,3.3000,0,0.9980,0.9543,0.7959,0.2194,0.2194,,,,,0,0.0000
2021091900,3310,45785,Dan Arnold,2,True,chip_release,inline,37097,LEO,0.1280,1.7000,False,1.7000,0,0.9981,0.9492,0.8036,0.0019,0.0019,,,,,0,1.0000
2021091900,3355,46170,Ian Thomas,2,True,pass_block,inline,53457,ROLB,0.0901,2.6000,False,2.6000,0,0.9981,0.9649,0.7520,0.0353,0.0353,,,,,0,0.0000
2021091900,3538,52942,Juwan Johnson,2,True,chip_release,inline,46527,LOLB,0.1464,1.2000,False,1.2000,0,0.9992,0.9452,0.7109,0.0005,0.0005,,,,,0,0.0000
2021091900,3603,52942,Juwan Johnson,2,True,chip_release,inline,44825,LOLB,0.1187,1.1000,False,1.1000,0,0.9989,0.8840,0.5869,0.0007,0.0007,,,,,0,1.0000
2021091901,59,42503,Jesse James,2,True,pass_block,wing,47855,LOLB,0.1114,5.9000,False,5.9000,0,0.9969,0.9832,0.9427,0.2123,0.2123,,,,4.9000,0,1.0000
2021091901,59,52451,Cole Kmet,2,True,pass_block,inline,43350,LOLB,0.1399,5.9000,False,5.9000,0,0.9901,0.9655,0.9141,0.2903,0.2903,,,,,0,1.0000
2021091901,126,52451,Cole Kmet,2,True,pass_block,inline,44915,ROLB,0.1760,3.6000,False,3.6000,0,0.9969,0.9665,0.7488,0.2718,0.2718,,,,3.5000,0,0.0000
2021091901,646,42500,C.J. Uzomah,2,True,chip_release,inline,42443,LEO,0.1208,2.5000,False,2.5000,0,0.9994,0.9649,0.7942,0.0353,0.0353,,,,3.8000,0,1.0000
2021091901,870,44009,J.P. Holtz,2,True,pass_block,backfield,46146,LOLB,0.1089,4.1000,False,4.1000,0,0.9892,0.9274,0.7298,0.4188,0.4188,,,,,0,0.0000
2021091901,910,42503,Jesse James,2,True,pass_block,inline,44915,REO,0.1760,3.3000,False,3.3000,0,0.9950,0.8972,0.7238,0.3073,0.3073,,,,,0,0.0000
2021091901,910,52451,Cole Kmet,2,True,pass_block,inline,44915,REO,0.1760,3.3000,False,3.3000,0,0.9974,0.9650,0.8785,0.1268,0.1268,,,,,0,0.0000
2021091901,988,42503,Jesse James,2,True,pass_block,inline,48145,REO,0.1006,4.4000,False,4.4000,0,0.9953,0.9762,0.8222,0.3341,0.3341,,,,,0,0.0000
2021091901,1205,42500,C.J. Uzomah,2,True,chip_release,wing,41231,LOLB,0.1652,1.9000,False,1.9000,0,0.9954,0.9816,0.9500,0.0095,0.0095,,,,,0,0.0000
2021091901,1313,42503,Jesse James,2,True,pass_block,inline,44877,LE,0.0899,3.2000,False,3.2000,0,0.9982,0.9923,0.9394,0.0277,0.0277,,,,,0,0.0000
2021091901,1385,52451,Cole Kmet,2,True,chip_release,detached,44915,REO,0.1760,1.1000,False,1.1000,0,0.9993,0.9537,0.8544,0.0005,0.0005,,,,,0,1.0000
2021091901,1856,35534,Jimmy Graham,2,True,chip_release,detached,44915,REO,0.1760,2.5000,False,2.5000,0,0.9993,0.9549,0.8540,0.0453,0.0453,,3.2000,3.0000,2.7000,0,1.0000
2021091901,2113,42500,C.J. Uzomah,2,True,chip_release,inline,46214,DRT,0.1056,1.2000,False,1.2000,0,0.9996,0.9896,0.9071,0.0003,0.0003,,,,,0,1.0000
2021091901,2154,42500,C.J. Uzomah,2,True,chip_release,inline,46214,LEO,0.1056,3.6000,False,3.6000,0,0.9996,0.9853,0.8926,0.1111,0.1111,,,,,0,1.0000
2021091901,2240,47835,Drew Sample,2,True,pass_block,inline,41279,LOLB,0.1037,3.8000,False,3.8000,0,0.9958,0.9647,0.7037,0.4998,0.4998,,,,,0,1.0000
2021091901,2443,52451,Cole Kmet,2,True,pass_block,inline,44877,RE,0.0899,3.5000,False,3.5000,0,0.9844,0.9628,0.8092,0.2035,0.2035,,,,,0,0.0000
2021091901,3176,52451,Cole Kmet,2,True,pass_block,inline,43641,SCBL,0.1305,3.1000,False,3.1000,0,0.9986,0.7393,0.3553,0.5800,0.5800,,,,,0,0.0000
2021091901,3233,52451,Cole Kmet,2,True,chip_release,detached,44915,REO,0.1760,1.0000,False,1.0000,0,0.9995,0.9712,0.8861,0.0003,0.0003,,,,,0,0.0000
2021091901,3492,47835,Drew Sample,2,True,pass_block,inline,41279,LOLB,0.1037,2.8000,False,2.8000,0,0.9988,0.8971,0.6142,0.2695,0.2695,,,,,0,0.0000
2021091901,3535,42500,C.J. Uzomah,2,True,chip_release,detached,41231,ROLB,0.1652,1.8000,False,1.8000,0,0.9991,0.9231,0.7141,0.0082,0.0082,,,,,0,0.0000
2021091901,3564,42500,C.J. Uzomah,2,True,chip_release,inline,37087,ROLB,0.1472,1.9000,False,1.9000,0,0.9995,0.9155,0.6255,0.0062,0.0062,,,,,0,0.0000
2021091902,164,44841,David Njoku,2,True,chip_release,inline,38556,REO,0.0939,2.1000,False,2.1000,0,0.9988,0.9444,0.6740,0.0073,0.0073,,,,,0,1.0000
2021091902,389,45321,Antony Auclair,2,True,pass_block,inline,41227,LEO,0.1457,3.7000,False,3.7000,0,0.9894,0.9463,0.6909,0.3450,0.3450,,,,,0,0.0000
2021091902,434,45339,Pharaoh Brown,2,True,chip_release,inline,41227,LEO,0.1457,2.5000,False,2.5000,0,0.9995,0.9686,0.8291,0.0316,0.0316,,,,,0,1.0000
2021091902,676,43370,Austin Hooper,2,True,chip_release,inline,47944,REO,0.1399,2.5000,False,2.5000,0,0.9970,0.9715,0.8441,0.0287,0.0287,,,,,0,0.0000
2021091902,985,43370,Austin Hooper,2,True,chip_release,inline,46255,REO,0.1044,1.5000,False,1.5000,0,0.9967,0.9691,0.8246,0.0034,0.0034,4.0000,4.0000,4.0000,4.0000,0,1.0000
2021091902,1029,44841,David Njoku,2,True,chip_release,inline,43372,REO,0.1195,0.9000,False,0.9000,0,0.9954,0.9874,0.9654,0.0032,0.0032,,3.5000,3.2000,3.0000,0,1.0000
2021091902,1263,46167,Jordan Akins,2,True,pass_block,detached,44838,ROLB,0.1254,2.1000,False,2.1000,0,0.9990,0.9128,0.7992,0.0088,0.0088,,,,,0,1.0000
2021091902,1436,43370,Austin Hooper,2,True,chip_release,inline,46255,REO,0.1044,1.0000,False,1.0000,0,0.9976,0.9927,0.9815,0.0016,0.0016,,,,,0,0.0000
2021091902,1751,46167,Jordan Akins,2,True,chip_release,inline,41227,LEO,0.1457,1.4000,False,1.4000,0,0.9989,0.9265,0.7479,0.0011,0.0011,,,,,0,1.0000
2021091902,2635,45339,Pharaoh Brown,2,True,pass_block,inline,41227,LEO,0.1457,4.1000,False,4.1000,0,0.9932,0.9326,0.5422,0.7743,0.7743,,,,,0,0.0000
2021091902,2635,46167,Jordan Akins,2,True,pass_block,inline,38667,DLT,0.1242,4.1000,False,4.1000,0,0.9891,0.9651,0.7968,0.3303,0.3303,,,,,0,0.0000
2021091902,3052,45339,Pharaoh Brown,2,True,pass_block,inline,44813,REO,0.2083,1.1000,False,1.1000,0,0.9960,0.8681,0.6556,0.0024,0.0024,,,,,0,0.0000
2021091902,3651,46167,Jordan Akins,2,True,chip_release,detached,41227,LEO,0.1457,1.2000,False,1.2000,0,0.9993,0.8795,0.5878,0.0004,0.0004,,,,,0,0.0000
2021091902,3710,46167,Jordan Akins,2,True,chip_release,detached,44838,LOLB,0.1254,1.7000,False,1.7000,0,0.9993,0.9708,0.8554,0.0007,0.0007,3.2000,2.9000,2.8000,2.7000,0,1.0000
2021091902,3761,46167,Jordan Akins,2,True,chip_release,detached,41227,LOLB,0.1457,1.4000,False,1.4000,0,0.9991,0.9572,0.8086,0.0009,0.0009,,,,4.8000,0,1.0000
2021091902,3820,46167,Jordan Akins,2,True,chip_release,detached,44838,LEO,0.1254,1.7000,False,1.7000,0,0.9992,0.9431,0.7572,0.0008,0.0008,2.9000,2.8000,2.7000,2.6000,0,1.0000
2021091903,289,44792,Mo Alie-Cox,2,True,chip_release,inline,46264,LE,0.0964,1.0000,False,1.0000,0,0.9977,0.9918,0.9729,0.0015,0.0015,,,,,0,1.0000
2021091903,353,43399,Tyler Higbee,2,True,pass_block,inline,45009,LEO,0.1096,5.0000,False,5.0000,0,0.9971,0.9911,0.9675,0.1124,0.1124,,,,,0,0.0000
2021091903,377,43399,Tyler Higbee,2,True,chip_release,inline,45287,SCBL,0.1221,1.3000,False,1.3000,0,0.9995,0.9216,0.7008,0.0005,0.0005,,,,,0,0.0000
2021091903,945,43399,Tyler Higbee,2,True,pass_block,inline,46133,LEO,0.1173,2.7000,False,2.7000,0,0.9945,0.9780,0.9364,0.0222,0.0222,,,,,0,0.0000
2021091903,990,43399,Tyler Higbee,2,True,pass_block,inline,46133,LEO,0.1173,3.8000,False,3.8000,0,0.9967,0.9844,0.8879,0.1742,0.1742,,,,,0,0.0000
2021091903,1149,43399,Tyler Higbee,2,True,chip_release,inline,47832,LEO,0.1195,1.8000,False,1.8000,0,0.9983,0.8837,0.6171,0.0284,0.0284,,,,,0,0.0000
2021091903,1613,44792,Mo Alie-Cox,2,True,chip_release,detached,43298,LOLB,0.1441,1.4000,False,1.4000,0,0.9995,0.9418,0.7009,0.0005,0.0005,,,,,0,0.0000
2021091903,1920,44792,Mo Alie-Cox,2,True,chip_release,detached,43298,LOLB,0.1441,1.2000,False,1.2000,0,0.9997,0.9622,0.8007,0.0001,0.0001,,3.6000,3.4000,3.3000,0,1.0000
2021091903,2148,40641,Jack Doyle,2,True,chip_release,inline,47939,ROLB,0.0912,1.9000,False,1.9000,0,0.9983,0.9835,0.8254,0.0034,0.0034,,,,,0,0.0000
2021091903,2409,43399,Tyler Higbee,2,True,chip_release,inline,47832,LEO,0.1195,1.6000,False,1.6000,0,0.9995,0.9609,0.7958,0.0005,0.0005,3.5000,3.5000,3.5000,3.5000,0,0.0000
2021091903,2449,40641,Jack Doyle,2,True,chip_release,wing,43298,LOLB,0.1441,3.1000,True,3.1000,0,0.9970,0.9781,0.9214,0.0467,0.0467,,,,3.1000,0,1.0000
2021091903,2449,44792,Mo Alie-Cox,2,True,pass_block,inline,52846,LEO,0.1040,3.1000,False,3.1000,0,0.9968,0.9914,0.9725,0.0162,0.0162,,,,,0,1.0000
2021091903,2509,44792,Mo Alie-Cox,2,True,pass_block,inline,43335,RE,0.0899,4.4000,False,4.4000,0,0.9988,0.9937,0.9455,0.1325,0.1325,,,,,0,1.0000
2021091903,2755,43399,Tyler Higbee,2,True,chip_release,inline,53450,REO,0.0999,0.9000,False,0.9000,0,0.9989,0.9959,0.9870,0.0007,0.0007,,,,,0,0.0000
2021091903,2800,43399,Tyler Higbee,2,True,pass_block,inline,53450,REO,0.0999,3.4000,False,3.4000,0,0.9991,0.9638,0.7480,0.2725,0.2725,,,,,0,0.0000
2021091903,3142,43399,Tyler Higbee,2,True,pass_block,inline,46133,LEO,0.1173,2.8000,False,2.8000,0,0.9952,0.9797,0.9352,0.0392,0.0392,,,,,0,0.0000
2021091903,3233,43399,Tyler Higbee,2,True,pass_block,inline,46133,LEO,0.1173,3.9000,False,3.9000,0,0.9956,0.9853,0.9128,0.1411,0.1411,,,,,0,1.0000
2021091903,3684,40641,Jack Doyle,2,True,chip_release,detached,47939,ROLB,0.0912,1.7000,False,1.7000,0,0.9998,0.9733,0.8152,0.0002,0.0002,,,,,0,0.0000
2021091904,131,42302,Chris Manhertz,2,True,pass_block,inline,46074,ROLB,0.1175,2.3000,False,2.3000,0,0.9975,0.9742,0.8256,0.0259,0.0259,,,,,0,0.0000
2021091904,174,42302,Chris Manhertz,2,True,chip_release,detached,46074,ROLB,0.1175,1.7000,False,1.7000,0,0.9993,0.9601,0.8290,0.0007,0.0007,,,,,0,1.0000
2021091904,259,42302,Chris Manhertz,2,True,chip_release,detached,46074,ROLB,0.1175,2.0000,False,2.0000,0,0.9995,0.9528,0.8038,0.0068,0.0068,,,,,0,0.0000
2021091904,420,52526,Albert Okwuegbunam,2,True,chip_release,inline,44880,LOLB,0.1400,1.3000,False,1.3000,0,0.9991,0.9814,0.9581,0.0009,0.0009,,,,,0,1.0000
2021091904,658,47803,Noah Fant,2,True,chip_release,inline,44880,LOLB,0.1400,2.1000,True,2.1000,0,0.9994,0.9347,0.6960,0.0063,0.0063,,,,,0,0.0000
2021091904,740,53574,Luke Farrell,2,True,pass_block,inline,47854,REO,0.0881,3.5000,False,3.5000,0,0.9979,0.9841,0.8800,0.1244,0.1244,,,,,0,0.0000
2021091904,805,53574,Luke Farrell,2,True,chip_release,inline,37075,LOLB,0.1442,2.1000,False,2.1000,0,0.9995,0.8841,0.5489,0.0037,0.0037,,,,,0,0.0000
2021091904,846,52526,Albert Okwuegbunam,2,True,chip_release,inline,43333,LEO,0.1133,2.4000,False,2.4000,0,0.9970,0.9871,0.9593,0.0129,0.0129,,,,,0,0.0000
2021091904,936,52526,Albert Okwuegbunam,2,True,chip_release,inline,44880,LOLB,0.1400,2.5000,False,2.5000,0,0.9995,0.9548,0.7667,0.0454,0.0454,,,,,0,0.0000
2021091904,1222,47803,Noah Fant,2,True,chip_release,inline,44880,LOLB,0.1400,1.9000,False,1.9000,0,0.9993,0.9348,0.7251,0.0071,0.0071,,,,,0,0.0000
2021091904,1472,47803,Noah Fant,2,True,chip_release,inline,43333,LOLB,0.1133,1.8000,False,1.8000,0,0.9961,0.9830,0.9586,0.0094,0.0094,,,,,0,0.0000
2021091904,1494,47803,Noah Fant,2,True,pass_block,inline,52428,ROLB,0.1439,2.2000,False,2.2000,0,0.9992,0.8983,0.6487,0.0087,0.0087,,,,,0,0.0000
2021091904,1940,47803,Noah Fant,2,True,chip_release,inline,47790,REO,0.1387,2.1000,False,2.1000,0,0.9995,0.9371,0.7298,0.0052,0.0052,2.5000,2.5000,2.5000,2.5000,0,1.0000
2021091904,1962,47803,Noah Fant,2,True,chip_release,inline,44880,LOLB,0.1400,1.7000,False,1.7000,0,0.9993,0.9265,0.6985,0.0007,0.0007,2.6000,2.6000,2.6000,2.6000,0,0.0000
2021091904,1991,47803,Noah Fant,2,True,chip_release,inline,47790,REO,0.1387,2.0000,False,2.0000,0,0.9994,0.9175,0.6540,0.0075,0.0075,2.4000,2.4000,2.4000,2.4000,0,0.0000
2021091904,2261,42302,Chris Manhertz,2,True,chip_release,detached,37075,LOLB,0.1442,1.6000,False,1.6000,0,0.9995,0.9274,0.7356,0.0005,0.0005,2.7000,2.7000,2.7000,2.7000,0,1.0000
2021091904,2382,47803,Noah Fant,2,True,chip_release,inline,44880,LOLB,0.1400,1.9000,False,1.9000,0,0.9986,0.7363,0.3782,0.0292,0.0292,3.5000,3.5000,3.5000,2.9000,0,0.0000
2021091904,2939,44987,Eric Saubert,2,True,chip_release,inline,46098,LE,0.1066,1.0000,False,1.0000,0,0.9952,0.9886,0.9720,0.0029,0.0029,,,,,0,0.0000
2021091904,3113,53574,Luke Farrell,2,True,chip_release,inline,53668,ROLB,0.1032,1.7000,False,1.7000,0,0.9994,0.9338,0.6417,0.0006,0.0006,,,,,0,0.0000
2021091904,3215,42302,Chris Manhertz,2,True,pass_block,wing,53668,ROLB,0.1032,3.1000,False,3.1000,0,0.9928,0.8864,0.5842,0.2724,0.2724,,,,,0,0.0000
2021091904,3215,53574,Luke Farrell,2,True,pass_block,inline,53930,LOLB,0.1114,3.1000,False,3.1000,0,0.9973,0.9779,0.8298,0.0847,0.0847,,,,,0,0.0000
2021091904,3336,44987,Eric Saubert,2,True,pass_block,inline,52481,DLT,0.1113,3.2000,False,3.2000,0,0.9295,0.9168,0.8283,0.1181,0.1181,,,,,0,1.0000
2021091904,3676,47803,Noah Fant,2,True,chip_release,inline,46098,LEO,0.1066,2.5000,True,2.5000,0,0.9921,0.9656,0.8406,0.0348,0.0348,,,,,0,0.0000
2021091904,3676,52526,Albert Okwuegbunam,2,True,chip_release,wing,52428,LOLB,0.1439,1.4000,False,1.4000,0,0.9968,0.9531,0.7954,0.0032,0.0032,,,,,0,0.0000
2021091905,55,46192,Durham Smythe,2,True,pass_block,inline,53459,LEO,0.1063,3.4000,False,3.4000,0,0.9965,0.9745,0.7469,0.2740,0.2740,,,,,0,1.0000
2021091905,448,47879,Dawson Knox,2,True,pass_block,inline,46307,RE,0.1134,3.2000,False,3.2000,0,0.9986,0.9878,0.8832,0.0421,0.0421,,,,,0,0.0000
2021091905,923,47879,Dawson Knox,2,True,pass_block,inline,43321,LEO,0.1131,4.6000,False,4.6000,0,0.9979,0.8158,0.4607,1.1087,1.1087,,,,,0,1.0000
2021091905,945,47879,Dawson Knox,2,True,chip_release,detached,53447,REO,0.1133,2.4000,False,2.4000,0,0.9991,0.9702,0.8412,0.0300,0.0300,,,,,0,1.0000
2021091905,1102,46192,Durham Smythe,2,True,pass_block,inline,52462,LEO,0.1097,6.7000,False,6.7000,0,0.9961,0.9809,0.8930,0.3968,0.3968,,,,,0,0.0000
2021091905,1889,46111,Mike Gesicki,2,True,pass_block,detached,53459,LEO,0.1063,4.2000,False,2.8000,1,0.9994,0.9627,0.6968,0.1935,-0.8065,2.8000,2.8000,2.8000,2.7000,1,1.0000
2021091905,3002,47879,Dawson Knox,2,True,chip_release,backfield,47934,REO,0.1255,2.1000,False,2.1000,0,0.9993,0.8999,0.6781,0.0078,0.0078,4.7000,4.2000,4.1000,4.0000,0,1.0000
2021091905,3616,48011,Tommy Sweeney,2,True,pass_block,wing,53447,ROLB,0.1133,3.1000,False,3.1000,0,0.9973,0.9792,0.8978,0.0520,0.0520,,,,,0,0.0000
2021091906,126,43324,Hunter Henry,2,True,chip_release,inline,46204,LEO,0.1516,1.9000,False,1.9000,0,0.9924,0.9561,0.7885,0.0141,0.0141,,,,,0,0.0000
2021091906,126,44912,Jonnu Smith,2,True,chip_release,detached,53053,REO,0.1391,1.9000,False,1.9000,0,0.9977,0.9752,0.7655,0.0053,0.0053,,,,,0,0.0000
2021091906,179,43324,Hunter Henry,2,True,chip_release,detached,48247,LEO,0.1053,1.1000,False,1.1000,0,0.9960,0.9679,0.6145,0.0026,0.0026,,,,,0,0.0000
2021091906,639,43324,Hunter Henry,2,True,pass_block,inline,48247,LEO,0.1053,3.8000,False,3.6000,1,0.9955,0.9736,0.8038,0.2962,-0.7038,3.6000,3.6000,3.6000,3.6000,0,1.0000
2021091906,924,42428,Tyler Kroft,2,True,pass_block,inline,38555,LOLB,0.1148,3.0000,False,3.0000,0,0.9995,0.9414,0.6052,0.2546,0.2546,,,,,0,0.0000
2021091906,1100,43324,Hunter Henry,2,True,chip_release,inline,46204,LEO,0.1516,1.6000,False,1.6000,0,0.9952,0.9614,0.7385,0.0048,0.0048,3.2000,2.9000,2.8000,2.8000,0,1.0000
2021091906,1153,43324,Hunter Henry,2,True,chip_release,detached,46204,LEO,0.1516,1.8000,False,1.8000,0,0.9995,0.9685,0.8500,0.0036,0.0036,,4.0000,3.7000,3.4000,0,1.0000
2021091906,1645,43324,Hunter Henry,2,True,chip_release,detached,46204,LEO,0.1516,2.4000,False,2.4000,0,0.9994,0.9268,0.6850,0.0736,0.0736,,,,,0,0.0000
2021091906,1710,43324,Hunter Henry,2,True,pass_block,detached,43308,LEO,0.0999,5.4000,False,5.4000,0,0.9995,0.9554,0.7969,0.4998,0.4998,,,,,0,1.0000
2021091906,1911,40149,Ryan Griffin,2,True,pass_block,inline,44944,LE,0.0755,5.2000,False,5.2000,0,0.9978,0.9835,0.9264,0.2029,0.2029,,,,3.3000,0,1.0000
2021091906,1989,40149,Ryan Griffin,2,True,chip_release,inline,47860,LOLB,0.1075,1.6000,False,1.6000,0,0.9968,0.9109,0.7261,0.0032,0.0032,,,,,0,0.0000
2021091906,1989,42428,Tyler Kroft,2,True,chip_release,inline,52468,ROLB,0.0978,1.0000,False,1.0000,0,0.9963,0.9304,0.7475,0.0021,0.0021,3.3000,3.3000,3.3000,3.2000,0,0.0000
2021091906,2098,42428,Tyler Kroft,2,True,pass_block,detached,47860,LOLB,0.1075,3.9000,False,3.9000,0,0.9993,0.9540,0.6493,0.6120,0.6120,,,,,0,0.0000
2021091906,2134,43324,Hunter Henry,2,True,chip_release,inline,46204,LEO,0.1516,2.6000,False,2.6000,0,0.9978,0.9676,0.7807,0.0325,0.0325,,,,,0,0.0000
2021091906,2373,42428,Tyler Kroft,2,True,pass_block,inline,44944,RE,0.0755,3.6000,False,3.6000,0,0.9987,0.9886,0.9426,0.0585,0.0585,,,,,0,0.0000
2021091906,2736,42428,Tyler Kroft,2,True,pass_block,inline,45203,ROLB,0.1175,3.4000,False,3.4000,0,0.9967,0.9836,0.9519,0.0490,0.0490,,,,,0,0.0000
2021091906,2760,40149,Ryan Griffin,2,True,pass_block,inline,45203,ROLB,0.1175,3.4000,False,3.4000,0,0.9956,0.9706,0.8115,0.2006,0.2006,,,,,0,0.0000
2021091906,2760,47904,Trevon Wesco,2,True,pass_block,wing,45203,ROLB,0.1175,3.4000,False,3.4000,0,0.9974,0.9752,0.7804,0.2354,0.2354,,,,,0,0.0000
2021091906,2909,42428,Tyler Kroft,2,True,pass_block,inline,43435,ROLB,0.1729,4.2000,False,3.0000,1,0.9953,0.9642,0.8456,0.0870,-0.9130,3.3000,3.3000,3.0000,2.8000,1,1.0000
2021091906,2955,42428,Tyler Kroft,2,True,pass_block,inline,52445,RLB,0.1413,3.5000,False,3.5000,0,0.9985,0.7889,0.4697,0.6745,0.6745,,,,,0,0.0000
2021091906,3134,42428,Tyler Kroft,2,True,pass_block,wing,52468,LOLB,0.0978,3.9000,False,3.9000,0,0.9992,0.9425,0.6390,0.5885,0.5885,,,,,0,1.0000
2021091906,3293,40149,Ryan Griffin,2,True,pass_block,inline,38555,LOLB,0.1148,2.9000,False,2.9000,0,0.9993,0.9522,0.7919,0.1315,0.1315,,,,,0,1.0000
2021091906,3437,44912,Jonnu Smith,2,True,chip_release,inline,46204,LEO,0.1516,1.0000,False,1.0000,0,0.9991,0.9390,0.7659,0.0005,0.0005,,,,,0,0.0000
2021091906,3522,42428,Tyler Kroft,2,True,chip_release,detached,52468,ROLB,0.0978,1.5000,False,1.5000,0,0.9994,0.9674,0.8125,0.0006,0.0006,,,,,0,0.0000
2021091906,3836,40149,Ryan Griffin,2,True,chip_release,detached,52468,LOLB,0.0978,1.7000,False,1.7000,0,0.9996,0.9670,0.7212,0.0004,0.0004,,,,,0,1.0000
2021091906,3877,40149,Ryan Griffin,2,True,chip_release,detached,38555,LOLB,0.1148,1.9000,False,1.9000,0,0.9996,0.9525,0.7341,0.0042,0.0042,,,,,0,1.0000
2021091907,233,46118,Dallas Goedert,2,True,pass_block,inline,42360,LEO,0.1176,5.0000,False,5.0000,0,0.9948,0.9800,0.9232,0.2573,0.2573,,,,,0,0.0000
2021091907,233,47840,J.J. Arcega-Whiteside,2,True,pass_block,detached,42360,LEO,0.1176,5.0000,False,5.0000,0,0.9938,0.9729,0.9196,0.2475,0.2475,,,,,0,0.0000
2021091907,735,44959,George Kittle,2,True,pass_block,inline,37089,RE,0.1336,2.8000,False,2.8000,0,0.9975,0.9804,0.8532,0.0652,0.0652,,,,,0,1.0000
2021091907,1134,44959,George Kittle,2,True,chip_release,inline,44826,ROLB,0.1112,1.7000,False,1.7000,0,0.9974,0.9417,0.6665,0.0026,0.0026,,,,,0,0.0000
2021091907,1374,44959,George Kittle,2,True,chip_release,inline,44826,LOLB,0.1112,1.5000,False,1.5000,0,0.9956,0.8723,0.5372,0.0045,0.0045,,,,,0,0.0000
2021091907,1540,53946,Jack Stoll,2,True,pass_block,backfield,52422,DRT,0.0912,5.2000,False,5.2000,0,0.9908,0.9878,0.9812,0.0383,0.0383,,,,,0,1.0000
2021091907,2086,46118,Dallas Goedert,2,True,pass_block,wing,47785,LEO,0.1527,4.0000,False,3.2000,1,0.9914,0.9388,0.6431,0.4066,-0.5934,3.2000,3.2000,3.2000,3.2000,1,1.0000
2021091907,2273,46331,Ross Dwelley,2,True,pass_block,inline,44826,ROLB,0.1112,4.9000,False,4.9000,0,0.9968,0.9457,0.7426,0.5153,0.5153,,,,,0,1.0000
2021091907,2641,44959,George Kittle,2,True,pass_block,inline,53620,LEO,0.1176,3.4000,False,3.4000,0,0.9947,0.9829,0.8728,0.1323,0.1323,,,,,0,0.0000
2021091907,3202,46118,Dallas Goedert,2,True,pass_block,inline,44938,REO,0.0918,7.8000,False,7.8000,0,0.9995,0.9789,0.8571,0.5223,0.5223,,,,,0,1.0000
2021091908,152,41236,Eric Ebron,2,True,chip_release,inline,47889,LEO,0.2070,2.3000,True,2.3000,0,0.9913,0.9648,0.8916,0.0356,0.0356,,,,,0,0.0000
2021091908,409,47924,Zach Gentry,2,True,pass_block,inline,43354,REO,0.1272,2.9000,False,2.9000,0,0.9972,0.9755,0.8501,0.0743,0.0743,,,,,0,0.0000
2021091908,497,41236,Eric Ebron,2,True,chip_release,inline,47889,LEO,0.2070,1.7000,False,1.7000,0,0.9994,0.9644,0.8399,0.0006,0.0006,,4.4000,4.3000,4.1000,0,1.0000
2021091908,1231,53484,Pat Freiermuth,2,True,chip_release,inline,43354,LEO,0.1272,1.0000,False,1.0000,0,0.9964,0.9856,0.9599,0.0022,0.0022,,,,1.0000,0,0.0000
2021091908,1326,41236,Eric Ebron,2,True,chip_release,inline,47889,LEO,0.2070,1.2000,False,1.2000,0,0.9990,0.8518,0.5412,0.0006,0.0006,,,,3.1000,0,0.0000
2021091908,1520,42547,Darren Waller,2,True,pass_block,wing,37104,REO,0.1379,3.3000,False,3.3000,0,0.9972,0.9629,0.8598,0.1474,0.1474,,,,,0,1.0000
2021091908,2103,42547,Darren Waller,2,True,chip_release,inline,38548,LOLB,0.1523,1.8000,False,1.8000,0,0.9995,0.9714,0.8372,0.0030,0.0030,,,,,0,0.0000
2021091908,2240,53484,Pat Freiermuth,2,True,pass_block,inline,47889,LEO,0.2070,5.5000,False,3.4000,1,0.9991,0.9335,0.7089,0.3240,-0.6760,3.4000,3.4000,3.4000,3.2000,0,1.0000
2021091908,2308,42547,Darren Waller,2,True,pass_block,wing,38548,LOLB,0.1523,2.4000,False,2.4000,0,0.9942,0.9562,0.7720,0.0442,0.0442,,,,,0,1.0000
2021091908,2356,39109,Derek Carrier,2,True,pass_block,wing,53674,LOLB,0.1138,4.1000,False,4.1000,0,0.9968,0.9690,0.7424,0.4045,0.4045,,,,,0,1.0000
2021091908,2356,47920,Foster Moreau,2,True,pass_block,inline,38548,LOLB,0.1523,4.1000,False,3.0000,1,0.9960,0.9768,0.8828,0.0618,-0.9382,3.4000,3.1000,3.0000,3.0000,1,1.0000
2021091908,2706,47920,Foster Moreau,2,True,pass_block,inline,52971,ROLB,0.1181,2.2000,False,2.2000,0,0.9970,0.9534,0.8072,0.0103,0.0103,,,,,0,0.0000
2021091908,3761,47920,Foster Moreau,2,True,pass_block,inline,52510,ROLB,0.1150,2.6000,False,2.6000,0,0.9968,0.9672,0.8650,0.0330,0.0330,,,,,0,0.0000
2021091909,75,46226,Tyler Conklin,2,True,pass_block,inline,38551,ROLB,0.1201,3.2000,False,3.1000,1,0.9975,0.9464,0.6854,0.3520,-0.6480,3.1000,3.1000,3.1000,3.1000,0,0.0000
2021091909,476,42398,Maxx Williams,2,True,pass_block,inline,44867,LE,0.1312,3.0000,False,3.0000,0,0.9994,0.9857,0.9150,0.0415,0.0415,,,,,0,0.0000
2021091909,754,46176,Christopher Herndon,2,True,chip_release,inline,38551,ROLB,0.1201,1.9000,False,1.9000,0,0.9983,0.9727,0.8047,0.0052,0.0052,,,,,0,0.0000
2021091909,1243,52725,Ben Ellefson,2,True,pass_block,inline,38551,ROLB,0.1201,5.3000,False,2.9000,1,0.9964,0.9636,0.7734,0.1336,-0.8664,2.9000,2.9000,2.9000,2.9000,0,1.0000
2021091909,1325,42398,Maxx Williams,2,True,pass_block,inline,43516,LOLB,0.1028,7.3000,False,4.5000,1,0.9975,0.9843,0.8551,0.2508,-0.7492,4.7000,4.7000,4.5000,4.2000,0,1.0000
2021091909,1943,46226,Tyler Conklin,2,True,chip_release,inline,42401,LOLB,0.1305,1.8000,False,1.8000,0,0.9988,0.9384,0.7980,0.0147,0.0147,,,,,0,0.0000
2021091909,2031,46226,Tyler Conklin,2,True,chip_release,inline,38551,LOLB,0.1201,2.5000,False,2.5000,0,0.9990,0.9182,0.6933,0.0824,0.0824,,,,,0,0.0000
2021091909,2053,46226,Tyler Conklin,2,True,pass_block,detached,42401,ROLB,0.1305,2.7000,False,2.7000,1,0.9990,0.8857,0.5867,0.3084,-0.6916,2.7000,2.7000,2.7000,2.7000,0,0.0000
2021091909,2747,42398,Maxx Williams,2,True,pass_block,inline,44867,RE,0.1312,3.6000,False,3.6000,0,0.9993,0.9447,0.6440,0.4042,0.4042,,,,,0,0.0000
2021091909,3056,46226,Tyler Conklin,2,True,pass_block,backfield,52416,LILB,0.1366,2.2000,False,2.2000,0,0.9988,0.8450,0.6120,0.0248,0.0248,,,,,0,0.0000
2021091909,3249,42398,Maxx Williams,2,True,chip_release,inline,39959,LE,0.1010,4.4000,True,4.4000,0,0.9993,0.9829,0.9085,0.1737,0.1737,,,,,0,0.0000
2021091909,3299,42398,Maxx Williams,2,True,chip_release,detached,42431,LOLB,0.1542,1.2000,False,1.2000,0,0.9994,0.9704,0.8507,0.0004,0.0004,5.0000,4.3000,4.2000,4.1000,0,1.0000
2021091909,3589,45142,Darrell Daniels,2,True,chip_release,inline,42431,LEO,0.1542,1.8000,False,1.8000,0,0.9988,0.9028,0.5800,0.0109,0.0109,,,,,0,1.0000
2021091909,3822,46226,Tyler Conklin,2,True,pass_block,inline,43986,ROLB,0.1175,3.8000,False,3.8000,0,0.9957,0.8261,0.3824,1.0461,1.0461,,,,,0,0.0000
2021091910,231,37234,Lee Smith,2,True,pass_block,inline,40074,REO,0.1392,3.7000,False,3.7000,0,0.9973,0.9641,0.8122,0.1995,0.1995,,,,,0,0.0000
2021091910,451,35481,Rob Gronkowski,2,True,pass_block,inline,42346,ROLB,0.1113,1.9000,False,1.9000,0,0.9995,0.9568,0.6890,0.0053,0.0053,,,,,0,0.0000
2021091910,606,37234,Lee Smith,2,True,pass_block,inline,41915,ROLB,0.1782,3.1000,False,3.1000,0,0.9975,0.9620,0.7794,0.1281,0.1281,,,,,0,0.0000
2021091910,1025,35481,Rob Gronkowski,2,True,pass_block,inline,43361,LE,0.0920,3.5000,False,3.5000,0,0.9923,0.9860,0.9240,0.0778,0.0778,,,,,0,0.0000
2021091910,1173,37234,Lee Smith,2,True,pass_block,inline,40074,LE,0.1392,4.4000,False,3.1000,1,0.9998,0.9923,0.9406,0.0605,-0.9395,,3.4000,3.1000,3.0000,1,1.0000
2021091910,1290,35481,Rob Gronkowski,2,True,pass_block,inline,43361,LEO,0.0920,3.9000,False,3.9000,0,0.9989,0.9884,0.8501,0.3183,0.3183,,,,,0,1.0000
2021091910,1290,44831,O.J. Howard,2,True,pass_block,inline,43361,LEO,0.0920,3.9000,False,3.9000,0,0.9986,0.9621,0.6965,0.5656,0.5656,,,,,0,1.0000
2021091910,1671,37234,Lee Smith,2,True,chip_release,inline,40074,REO,0.1392,2.0000,False,2.0000,0,0.9997,0.9715,0.8313,0.0026,0.0026,,,,,0,0.0000
2021091910,1695,46094,Hayden Hurst,2,True,chip_release,inline,40074,REO,0.1392,2.0000,False,2.0000,0,0.9996,0.9701,0.8513,0.0045,0.0045,,4.2000,3.8000,3.6000,0,1.0000
2021091910,2313,35481,Rob Gronkowski,2,True,chip_release,inline,40095,LOLB,0.0932,2.6000,True,2.6000,0,0.9997,0.9676,0.6214,0.0324,0.0324,,,,,0,0.0000
2021091910,2519,53433,Kyle Pitts,2,True,pass_block,inline,35454,LOLB,0.0852,2.8000,False,2.8000,0,0.9989,0.9938,0.9373,0.0286,0.0286,,,,,0,0.0000
2021091910,2781,53433,Kyle Pitts,2,True,pass_block,inline,35454,RE,0.0852,1.9000,False,1.9000,0,0.9995,0.9814,0.7892,0.0035,0.0035,,,,,0,1.0000
2021091910,2907,35481,Rob Gronkowski,2,True,chip_release,inline,40095,ROLB,0.0932,2.0000,False,2.0000,0,0.9998,0.9746,0.7703,0.0020,0.0020,,,,,0,1.0000
2021091910,3343,44831,O.J. Howard,2,True,pass_block,inline,42346,ROLB,0.1113,2.3000,False,2.3000,0,0.9975,0.9824,0.8609,0.0176,0.0176,,,,,0,0.0000
2021091910,3427,37234,Lee Smith,2,True,pass_block,inline,41915,ROLB,0.1782,3.0000,False,3.0000,0,0.9967,0.9155,0.6583,0.2344,0.2344,,,,,0,0.0000
2021091910,3644,46094,Hayden Hurst,2,True,pass_block,detached,41915,LOLB,0.1782,3.1000,False,3.1000,0,0.9974,0.9813,0.8790,0.0627,0.0627,,,,,0,0.0000
2021091911,367,46206,Dalton Schultz,2,True,pass_block,inline,43292,LOLB,0.1654,2.5000,False,2.5000,0,0.9988,0.8799,0.6280,0.1221,0.1221,,,,,0,1.0000
2021091911,521,43845,Stephen Anderson,2,True,chip_release,backfield,44955,DRT,0.0912,2.7000,False,2.7000,0,0.9971,0.9894,0.9281,0.0106,0.0106,,,,,0,0.0000
2021091911,597,45532,Blake Jarwin,2,True,pass_block,wing,46117,LOLB,0.1137,3.4000,False,3.4000,0,0.9970,0.9552,0.7103,0.3191,0.3191,,,,,0,0.0000
2021091911,597,46206,Dalton Schultz,2,True,pass_block,inline,46117,LOLB,0.1137,3.4000,False,3.4000,0,0.9960,0.9125,0.5057,0.5971,0.5971,,,,,0,0.0000
2021091911,652,48456,Donald Parham,2,True,pass_block,inline,46185,LEO,0.1223,3.1000,False,3.1000,0,0.9960,0.9877,0.9649,0.0215,0.0215,,,,,0,0.0000
2021091911,1021,43845,Stephen Anderson,2,True,pass_block,inline,44892,LOLB,0.0999,3.9000,False,3.9000,0,0.9954,0.9818,0.9506,0.0785,0.0785,,,,,0,1.0000
2021091911,1080,43845,Stephen Anderson,2,True,chip_release,wing,41363,LEO,0.1142,1.2000,False,1.2000,0,0.9948,0.9711,0.8290,0.0030,0.0030,,,,,0,0.0000
2021091911,1499,46206,Dalton Schultz,2,True,pass_block,inline,42559,RE,0.0755,3.3000,False,3.3000,1,0.9990,0.9946,0.9576,0.0429,-0.9571,,,3.3000,3.2000,0,1.0000
2021091911,2343,48456,Donald Parham,2,True,pass_block,detached,44892,LEO,0.0999,5.3000,False,5.3000,0,0.9992,0.9775,0.8835,0.3883,0.3883,,,,,0,0.0000
2021091911,2439,34540,Jared Cook,2,True,pass_block,inline,53441,LOLB,0.1376,3.9000,False,3.9000,0,0.9992,0.9658,0.8487,0.2477,0.2477,,,,,0,0.0000
2021091911,2468,43845,Stephen Anderson,2,True,chip_release,backfield,52587,REO,0.1008,1.0000,False,1.0000,0,0.9968,0.9385,0.5144,0.0019,0.0019,,,,,0,0.0000
2021091911,2842,34540,Jared Cook,2,True,pass_block,detached,43533,SCBL,0.1496,2.8000,False,2.8000,0,0.9974,0.9131,0.6242,0.2413,0.2413,,,,2.8000,0,1.0000
2021091911,2866,48456,Donald Parham,2,True,pass_block,inline,44892,LEO,0.0999,2.9000,False,2.9000,0,0.9957,0.9881,0.9642,0.0223,0.0223,,,,,0,0.0000
2021091911,2944,48456,Donald Parham,2,True,chip_release,inline,46185,LEO,0.1223,0.9000,False,0.9000,0,0.9942,0.9772,0.9347,0.0035,0.0035,,,,,0,1.0000
2021091911,3024,34540,Jared Cook,2,True,pass_block,wing,46088,LOLB,0.1091,4.0000,False,4.0000,0,0.9985,0.9434,0.7837,0.3200,0.3200,,,,,0,0.0000
2021091911,3506,43845,Stephen Anderson,2,True,chip_release,inline,46185,LEO,0.1223,2.1000,False,2.1000,0,0.9990,0.9666,0.7996,0.0056,0.0056,,,,,0,0.0000
2021091911,3629,48456,Donald Parham,2,True,pass_block,wing,43533,LOLB,0.1496,3.6000,False,3.6000,0,0.9968,0.9687,0.8426,0.1660,0.1660,,,,3.6000,0,1.0000
2021091912,204,42589,Geoff Swaim,2,True,chip_release,detached,35493,LEO,0.1119,1.9000,False,1.9000,0,0.9994,0.9498,0.6984,0.0045,0.0045,,,,,0,0.0000
2021091912,255,46189,Will Dissly,2,True,pass_block,inline,42365,LOLB,0.1105,4.1000,False,4.1000,0,0.9971,0.9778,0.7843,0.3214,0.3214,,,,,0,0.0000
2021091912,465,42486,MyCole Pruitt,2,True,pass_block,wing,52456,ROLB,0.1343,3.3000,False,3.0000,1,0.9976,0.9732,0.8045,0.1121,-0.8879,3.2000,3.1000,3.0000,2.9000,0,1.0000
2021091912,465,42589,Geoff Swaim,2,True,pass_block,inline,44818,RLB,0.1233,3.3000,False,3.3000,0,0.9911,0.9615,0.7887,0.2276,0.2276,,,,1.1000,0,1.0000
2021091912,508,53065,Tommy Hudson,2,True,chip_release,detached,35493,LEO,0.1119,1.6000,False,1.6000,0,0.9994,0.9041,0.5751,0.0006,0.0006,3.1000,3.1000,3.1000,3.1000,0,0.0000
2021091912,532,42486,MyCole Pruitt,2,True,pass_block,wing,41786,RE,0.0989,2.6000,False,2.6000,0,0.9982,0.9838,0.8806,0.0163,0.0163,,,,,0,0.0000
2021091912,532,42589,Geoff Swaim,2,True,pass_block,inline,46148,LEO,0.1028,2.6000,False,2.6000,0,0.9947,0.9801,0.8096,0.0201,0.0201,,,,,0,0.0000
2021091912,601,42589,Geoff Swaim,2,True,chip_release,detached,40825,LEO,0.1342,2.0000,False,2.0000,0,0.9993,0.8870,0.6247,0.0067,0.0067,,,,,0,0.0000
2021091912,943,46189,Will Dissly,2,True,pass_block,inline,42031,LEO,0.1335,6.1000,False,3.9000,1,0.9962,0.9604,0.7175,0.4318,-0.5682,3.9000,3.9000,3.9000,3.9000,0,1.0000
2021091912,1025,44856,Gerald Everett,2,True,chip_release,inline,46110,LEO,0.1798,1.1000,False,1.1000,0,0.9993,0.9036,0.6973,0.0004,0.0004,,,,,0,1.0000
2021091912,1091,42486,MyCole Pruitt,2,True,pass_block,wing,47812,RE,0.1310,3.5000,False,3.5000,0,0.9968,0.9669,0.8138,0.1982,0.1982,,,,,0,0.0000
2021091912,1091,42589,Geoff Swaim,2,True,pass_block,inline,52456,LOLB,0.1343,3.5000,False,3.5000,0,0.9973,0.9720,0.7473,0.2741,0.2741,,,,,0,0.0000
2021091912,1115,42589,Geoff Swaim,2,True,chip_release,inline,52456,LOLB,0.1343,1.0000,False,1.0000,0,0.9979,0.9881,0.9627,0.0013,0.0013,,,,,0,0.0000
2021091912,1327,46189,Will Dissly,2,True,pass_block,detached,42031,LEO,0.1335,3.7000,False,3.7000,0,0.9984,0.9251,0.8412,0.1691,0.1691,,,,,0,1.0000
2021091912,1411,42486,MyCole Pruitt,2,True,pass_block,wing,44818,ROLB,0.1233,3.4000,False,3.4000,0,0.9963,0.8712,0.5612,0.5261,0.5261,,,,,0,1.0000
2021091912,1411,42589,Geoff Swaim,2,True,pass_block,inline,52556,REO,0.1428,3.4000,False,3.0000,1,0.9948,0.9744,0.8418,0.0838,-0.9162,3.3000,3.1000,3.0000,2.9000,1,1.0000
2021091912,1597,42486,MyCole Pruitt,2,True,pass_block,wing,52556,LEO,0.1428,2.4000,False,2.4000,0,0.9949,0.9712,0.8270,0.0290,0.0290,,,,,0,0.0000
2021091912,1597,42589,Geoff Swaim,2,True,pass_block,inline,52556,LEO,0.1428,2.4000,False,2.4000,0,0.9941,0.9675,0.8022,0.0328,0.0328,,,,,0,0.0000
2021091912,1642,42486,MyCole Pruitt,2,True,pass_block,wing,52556,LEO,0.1428,3.1000,False,3.1000,0,0.9883,0.9494,0.8032,0.1253,0.1253,,,,,0,1.0000
2021091912,1642,42589,Geoff Swaim,2,True,pass_block,inline,52556,LEO,0.1428,3.1000,False,3.1000,0,0.9908,0.9500,0.7990,0.1236,0.1236,,,,,0,1.0000
2021091912,2618,46189,Will Dissly,2,True,pass_block,inline,42365,ROLB,0.1105,2.5000,False,2.5000,1,0.9961,0.8851,0.5293,0.1164,-0.8836,2.5000,2.5000,2.5000,2.5000,0,0.0000
2021091912,2830,42589,Geoff Swaim,2,True,pass_block,inline,35493,REO,0.1119,2.3000,False,2.3000,0,0.9980,0.9674,0.6863,0.0328,0.0328,,,,,0,0.0000
2021091912,2874,53065,Tommy Hudson,2,True,chip_release,detached,35493,LEO,0.1119,1.6000,False,1.6000,0,0.9995,0.9617,0.7951,0.0005,0.0005,,,,,0,0.0000
2021091912,3158,42589,Geoff Swaim,2,True,pass_block,inline,46148,REO,0.1028,2.2000,False,2.2000,0,0.9979,0.9841,0.8068,0.0041,0.0041,,,,,0,0.0000
2021091912,3443,42486,MyCole Pruitt,2,True,chip_release,inline,46148,ROLB,0.1028,1.8000,False,1.8000,0,0.9993,0.9172,0.6933,0.0052,0.0052,,,,,0,0.0000
2021091912,3443,42589,Geoff Swaim,2,True,chip_release,inline,40825,LOLB,0.1342,2.0000,False,2.0000,0,0.9989,0.7967,0.4167,0.0129,0.0129,3.0000,3.0000,3.0000,3.0000,0,0.0000
2021091912,3516,53065,Tommy Hudson,2,True,chip_release,inline,35493,LEO,0.1119,1.9000,False,1.9000,0,0.9991,0.9618,0.8044,0.0093,0.0093,,,,,0,1.0000
2021091912,3540,53065,Tommy Hudson,2,True,chip_release,detached,35493,LEO,0.1119,3.6000,False,3.0000,1,0.9994,0.9118,0.5782,0.3000,-0.7000,3.0000,3.0000,3.0000,3.0000,0,1.0000
2021091912,4126,44856,Gerald Everett,2,True,chip_release,inline,46110,LEO,0.1798,1.7000,False,1.7000,0,0.9991,0.9574,0.8128,0.0009,0.0009,,,,,0,0.0000
2021091912,4167,44856,Gerald Everett,2,True,chip_release,inline,46110,LEO,0.1798,1.1000,False,1.1000,0,0.9991,0.8581,0.5457,0.0005,0.0005,3.6000,3.6000,3.4000,3.3000,0,1.0000
2021091912,4213,44856,Gerald Everett,2,True,pass_block,inline,46110,LOLB,0.1798,5.8000,False,5.8000,0,0.9984,0.9579,0.8901,0.3582,0.3582,,,,,0,0.0000
2021091912,4335,42589,Geoff Swaim,2,True,pass_block,inline,43318,RE,0.0950,3.9000,False,3.9000,0,0.9980,0.9902,0.9119,0.1437,0.1437,,,,,0,0.0000
2021091912,4380,53065,Tommy Hudson,2,True,pass_block,detached,52456,ROLB,0.1343,2.7000,False,2.5000,1,0.9993,0.9243,0.7026,0.0764,-0.9236,2.5000,2.5000,2.5000,2.5000,0,1.0000
2021091912,4445,42486,MyCole Pruitt,2,True,pass_block,detached,35493,LEO,0.1119,3.1000,False,3.1000,0,0.9930,0.9654,0.9130,0.0618,0.0618,,,,,0,0.0000
2021091912,4489,53065,Tommy Hudson,2,True,chip_release,inline,52456,LEO,0.1343,2.8000,True,2.8000,0,0.9994,0.9243,0.7272,0.1913,0.1913,,,,,0,0.0000
2021091912,4530,46189,Will Dissly,2,True,pass_block,inline,46110,LEO,0.1798,3.2000,False,3.2000,0,0.9942,0.9235,0.6458,0.2324,0.2324,,,,,0,0.0000
2021091913,397,42460,Blake Bell,2,True,pass_block,inline,33131,RE,0.1201,2.9000,False,2.9000,0,0.9985,0.9810,0.9526,0.0314,0.0314,,,,,0,0.0000
2021091913,579,46155,Mark Andrews,2,True,chip_release,detached,40051,LEO,0.1038,1.7000,False,1.7000,0,0.9994,0.9765,0.8837,0.0006,0.0006,,,,,0,0.0000
2021091913,806,42460,Blake Bell,2,True,chip_release,inline,44859,ROLB,0.1393,2.0000,False,2.0000,0,0.9986,0.9588,0.9257,0.0261,0.0261,,,,,0,1.0000
2021091913,1176,40011,Travis Kelce,2,True,pass_block,detached,37240,ROLB,0.0993,3.1000,False,3.1000,0,0.9958,0.9890,0.9729,0.0172,0.0172,,,,,0,0.0000
2021091913,1176,42460,Blake Bell,2,True,pass_block,inline,37240,ROLB,0.0993,3.1000,False,3.1000,0,0.9969,0.9900,0.9684,0.0176,0.0176,,,,,0,0.0000
2021091913,1220,48683,Joe Fortson,2,True,chip_release,inline,37145,REO,0.1293,1.2000,False,1.2000,0,0.9995,0.9247,0.7652,0.0003,0.0003,,,,,0,1.0000
2021091913,1866,47852,Josh Oliver,2,True,chip_release,inline,43326,LEO,0.1501,1.3000,False,1.3000,0,0.9994,0.9392,0.7463,0.0006,0.0006,,,,,0,1.0000
2021091913,2388,46155,Mark Andrews,2,True,chip_release,inline,43326,LEO,0.1501,2.2000,False,2.2000,0,0.9996,0.9813,0.8307,0.0024,0.0024,,,,,0,0.0000
2021091913,2561,40011,Travis Kelce,2,True,chip_release,detached,53460,REO,0.1168,1.5000,False,1.5000,0,0.9994,0.9744,0.8862,0.0006,0.0006,,,,,0,0.0000
2021091913,2593,42460,Blake Bell,2,True,pass_block,inline,52479,DRT,0.0999,3.8000,False,3.8000,0,0.9847,0.9753,0.9007,0.1609,0.1609,,,,,0,0.0000
2021091913,3428,42721,Eric Tomlinson,2,True,pass_block,inline,52585,LEO,0.1065,4.5000,False,4.5000,0,0.9994,0.9896,0.9451,0.1293,0.1293,,,,,0,1.0000
2021091913,3555,46155,Mark Andrews,2,True,chip_release,inline,46521,LOLB,0.1202,1.3000,False,1.3000,0,0.9992,0.9873,0.9466,0.0008,0.0008,,,,,0,0.0000
2021091913,3907,47852,Josh Oliver,2,True,chip_release,inline,52585,LEO,0.1065,2.6000,True,2.6000,0,0.9996,0.9584,0.7798,0.0417,0.0417,,,,,0,0.0000
2021092000,325,53172,Dominique Dafney,2,True,chip_release,inline,43775,LEO,0.1469,2.1000,True,2.1000,0,0.9995,0.9693,0.8572,0.0033,0.0033,,,,,0,0.0000
2021092000,1028,39907,Darren Fells,2,True,pass_block,inline,52979,LOLB,0.0989,3.8000,False,3.8000,0,0.9968,0.9266,0.6196,0.6747,0.6747,,,,,0,0.0000
2021092000,1028,47791,T.J. Hockenson,2,True,pass_block,wing,52979,LOLB,0.0989,3.8000,False,3.8000,0,0.9981,0.9789,0.7430,0.4279,0.4279,,,,,0,0.0000
2021092000,1073,47791,T.J. Hockenson,2,True,pass_block,inline,47795,ROLB,0.1600,6.4000,False,2.5000,1,0.9932,0.8326,0.5258,0.1701,-0.8299,2.7000,2.6000,2.5000,2.2000,0,0.0000
2021092000,1357,53172,Dominique Dafney,2,True,pass_block,backfield,40000,RILB,0.1337,2.9000,False,2.9000,0,0.9968,0.8769,0.6638,0.2218,0.2218,,,,,0,0.0000
2021092000,1491,53172,Dominique Dafney,2,True,pass_block,backfield,53501,DLT,0.0983,2.5000,False,0.8000,1,0.9719,0.9643,0.9479,0.0263,-0.9737,,,0.8000,0.3000,0,0.0000
2021092000,1596,39907,Darren Fells,2,True,pass_block,inline,42381,ROLB,0.1027,5.6000,False,5.6000,0,0.9982,0.9838,0.8384,0.5307,0.5307,,,,,0,0.0000
2021092000,1873,30842,Marcedes Lewis,2,True,chip_release,inline,43775,LEO,0.1469,1.3000,True,1.3000,0,0.9992,0.9629,0.8151,0.0008,0.0008,,,,,0,0.0000
2021092000,1923,30842,Marcedes Lewis,2,True,chip_release,inline,43775,LEO,0.1469,1.2000,False,1.2000,0,0.9971,0.9218,0.7135,0.0015,0.0015,,,,,0,1.0000
2021092000,1942,45635,Robert Tonyan,2,True,chip_release,detached,43775,LEO,0.1469,2.1000,False,2.1000,0,0.9992,0.9597,0.8391,0.0066,0.0066,3.6000,3.6000,3.6000,3.5000,0,0.0000
2021092000,2119,39907,Darren Fells,2,True,pass_block,wing,42381,ROLB,0.1027,3.1000,False,3.1000,0,0.9982,0.9845,0.8521,0.0666,0.0666,,,,,0,1.0000
2021092000,2119,47791,T.J. Hockenson,2,True,pass_block,inline,42381,ROLB,0.1027,3.1000,False,3.1000,0,0.9970,0.9462,0.6278,0.2190,0.2190,,,,,0,1.0000
2021092000,2188,39907,Darren Fells,2,True,pass_block,wing,52979,LOLB,0.0989,3.9000,False,3.9000,0,0.9971,0.9792,0.8297,0.3242,0.3242,,,,,0,0.0000
2021092000,2437,30842,Marcedes Lewis,2,True,pass_block,inline,43775,LEO,0.1469,5.7000,False,5.3000,1,0.9958,0.9667,0.7997,0.6845,-0.3155,5.6000,5.4000,5.3000,5.1000,0,1.0000
2021092000,2645,45635,Robert Tonyan,2,True,chip_release,inline,52475,LEO,0.1462,1.7000,False,1.7000,0,0.9995,0.9602,0.7394,0.0005,0.0005,,,,,0,0.0000
2021092000,3157,30842,Marcedes Lewis,2,True,pass_block,inline,43775,LEO,0.1469,5.3000,False,4.2000,1,0.9937,0.9640,0.9117,0.1849,-0.8151,4.2000,4.2000,4.2000,4.0000,0,0.0000
2021092000,3498,30842,Marcedes Lewis,2,True,pass_block,wing,40000,ROLB,0.1337,2.8000,False,2.8000,0,0.9967,0.9761,0.8936,0.0523,0.0523,,,,,0,1.0000
2021092000,3623,47791,T.J. Hockenson,2,True,chip_release,detached,52650,ROLB,0.1272,1.8000,False,1.8000,0,0.9995,0.9696,0.8350,0.0048,0.0048,,,,,0,0.0000
2021092300,54,46170,Ian Thomas,3,True,pass_block,inline,52498,LEO,0.1266,2.0000,False,2.0000,0,0.9994,0.9957,0.9689,0.0012,0.0012,,,,,0,0.0000
2021092300,341,46170,Ian Thomas,3,True,chip_release,detached,44863,LEO,0.1151,1.6000,False,1.6000,0,0.9991,0.9083,0.7260,0.0009,0.0009,3.6000,3.4000,3.3000,3.1000,0,1.0000
2021092300,838,46170,Ian Thomas,3,True,pass_block,inline,44863,LEO,0.1151,4.4000,False,4.4000,0,0.9984,0.9902,0.9253,0.1975,0.1975,,,,4.2000,0,0.0000
2021092300,904,46170,Ian Thomas,3,True,chip_release,inline,52498,REO,0.1266,1.1000,False,1.1000,0,0.9979,0.9941,0.9877,0.0013,0.0013,,,,,0,0.0000
2021092300,926,46170,Ian Thomas,3,True,pass_block,inline,52498,LEO,0.1266,3.6000,False,3.6000,0,0.9990,0.9880,0.8977,0.1054,0.1054,,,,,0,0.0000
2021092300,1068,45321,Antony Auclair,3,True,pass_block,inline,46205,LOLB,0.1235,2.0000,False,2.0000,0,0.9977,0.9785,0.8762,0.0055,0.0055,,,,,1,1.0000
2021092300,1068,45339,Pharaoh Brown,3,True,pass_block,wing,46205,LOLB,0.1235,2.0000,False,2.0000,0,0.9969,0.9677,0.8298,0.0068,0.0068,,,,,0,1.0000
2021092300,1213,45339,Pharaoh Brown,3,True,pass_block,inline,47799,LEO,0.1259,3.1000,False,3.1000,0,0.9980,0.9606,0.7692,0.1303,0.1303,,,,,0,1.0000
2021092300,1359,46170,Ian Thomas,3,True,pass_block,inline,52498,LEO,0.1266,4.1000,False,3.0000,1,0.9990,0.9699,0.7271,0.1488,-0.8512,3.0000,3.0000,3.0000,2.8000,0,1.0000
2021092300,1359,53512,Tommy Tremble,3,True,pass_block,inline,52498,LEO,0.1266,4.1000,False,3.0000,1,0.9985,0.8650,0.3807,0.4562,-0.5438,3.0000,3.0000,3.0000,2.8000,1,1.0000
2021092300,1945,45785,Dan Arnold,3,True,chip_release,detached,46255,LEO,0.0982,2.3000,False,2.3000,0,0.9997,0.9907,0.9200,0.0093,0.0093,2.9000,2.9000,2.9000,2.7000,0,1.0000
2021092300,2015,45339,Pharaoh Brown,3,True,pass_block,inline,43791,LEO,0.1148,2.9000,False,2.9000,0,0.9990,0.9863,0.9006,0.0474,0.0474,,,,,0,0.0000
2021092300,2108,45339,Pharaoh Brown,3,True,pass_block,inline,44825,ROLB,0.1061,2.4000,False,2.4000,0,0.9989,0.9741,0.9482,0.0260,0.0260,,,,,0,0.0000
2021092300,2233,45339,Pharaoh Brown,3,True,pass_block,inline,46527,LOLB,0.1235,3.5000,False,3.5000,0,0.9975,0.9141,0.5467,0.5397,0.5397,,,,,0,0.0000
2021092300,2266,45321,Antony Auclair,3,True,pass_block,inline,46527,LOLB,0.1235,3.4000,False,3.4000,0,0.9989,0.9878,0.8977,0.1056,0.1056,,,,,0,0.0000
2021092300,2266,45339,Pharaoh Brown,3,True,pass_block,wing,46527,LOLB,0.1235,3.4000,False,3.4000,0,0.9981,0.9779,0.8080,0.2041,0.2041,,,,,0,0.0000
2021092300,2524,46170,Ian Thomas,3,True,chip_release,inline,52498,LEO,0.1266,1.0000,False,1.0000,0,0.9988,0.9939,0.9782,0.0008,0.0008,,,,,0,1.0000
2021092300,2774,45785,Dan Arnold,3,True,chip_release,detached,44964,SCBiR,0.1163,1.3000,False,1.3000,0,0.9996,0.9824,0.9243,0.0004,0.0004,,,,,0,1.0000
2021092300,3097,45321,Antony Auclair,3,True,pass_block,inline,47799,LEO,0.1259,4.2000,False,4.2000,0,0.9996,0.9754,0.8659,0.2310,0.2310,,,,,0,0.0000
2021092300,3189,46167,Jordan Akins,3,True,chip_release,inline,44825,ROLB,0.1061,1.1000,False,1.1000,0,0.9994,0.9417,0.7911,0.0004,0.0004,3.1000,3.1000,3.1000,3.0000,0,1.0000
2021092300,3329,45594,Colin Thompson,3,True,pass_block,inline,46255,LEO,0.0982,3.9000,False,3.9000,0,0.9986,0.9843,0.7605,0.4135,0.4135,,,,,0,0.0000
2021092300,3329,53512,Tommy Tremble,3,True,pass_block,wing,46255,LEO,0.0982,3.9000,False,3.9000,0,0.9987,0.9703,0.7793,0.3440,0.3440,,,,,0,0.0000
2021092300,3351,45785,Dan Arnold,3,True,chip_release,detached,46255,LEO,0.0982,1.3000,False,1.3000,0,0.9996,0.9768,0.7549,0.0004,0.0004,2.9000,2.8000,2.6000,2.5000,0,1.0000
2021092300,3375,46170,Ian Thomas,3,True,pass_block,inline,46255,REO,0.0982,3.6000,False,3.6000,0,0.9987,0.9913,0.9171,0.0848,0.0848,,,,,0,1.0000
2021092600,223,48011,Tommy Sweeney,3,True,chip_release,detached,43373,SCBoL,0.1219,2.4000,False,2.4000,0,0.9990,0.8751,0.6896,0.1265,0.1265,,,,,0,1.0000
2021092600,258,47879,Dawson Knox,3,True,chip_release,inline,46232,LE,0.1151,1.9000,False,1.9000,0,0.9997,0.9941,0.9716,0.0017,0.0017,,,5.5000,4.9000,0,1.0000
2021092600,1077,45481,Ricky Seals-Jones,3,True,pass_block,detached,52462,LEO,0.1484,6.2000,False,4.4000,1,0.9979,0.9524,0.7750,0.4354,-0.5646,,,4.4000,4.2000,0,1.0000
2021092600,1636,41349,Logan Thomas,3,True,pass_block,inline,53459,LEO,0.1410,4.2000,False,4.2000,0,0.9985,0.9841,0.9006,0.1662,0.1662,,,,,0,1.0000
2021092600,1636,45481,Ricky Seals-Jones,3,True,pass_block,wing,53459,LEO,0.1410,4.2000,False,4.2000,0,0.9986,0.9826,0.8845,0.1861,0.1861,,,,,0,1.0000
2021092600,1758,47879,Dawson Knox,3,True,chip_release,backfield,52410,LEO,0.0992,0.8000,False,0.8000,0,0.9982,0.7330,0.3385,0.0011,0.0011,,,,,0,1.0000
2021092600,2202,47879,Dawson Knox,3,True,chip_release,detached,47809,REO,0.1176,2.5000,False,2.5000,0,0.9997,0.9689,0.8682,0.0312,0.0312,,,,,0,1.0000
2021092600,2369,45481,Ricky Seals-Jones,3,True,pass_block,detached,53459,LEO,0.1410,4.0000,False,4.0000,0,0.9972,0.9837,0.9502,0.0673,0.0673,,,,,0,0.0000
2021092600,2507,47879,Dawson Knox,3,True,chip_release,backfield,47809,ROLB,0.1176,1.4000,False,1.4000,0,0.9982,0.7118,0.4027,0.0018,0.0018,,,,,0,0.0000
2021092601,473,44841,David Njoku,3,True,chip_release,inline,38619,LE,0.1331,2.1000,False,2.1000,0,0.9949,0.9570,0.8633,0.0097,0.0097,,,,,0,1.0000
2021092601,982,43370,Austin Hooper,3,True,chip_release,inline,37087,ROLB,0.1307,2.8000,False,2.8000,0,0.9996,0.9616,0.8180,0.1231,0.1231,,,,,0,0.0000
2021092601,1092,52451,Cole Kmet,3,True,pass_block,inline,44813,REO,0.1842,3.9000,False,2.5000,1,0.9993,0.8811,0.4457,0.1198,-0.8802,2.7000,2.6000,2.5000,2.3000,1,1.0000
2021092601,1112,52451,Cole Kmet,3,True,chip_release,inline,44838,LEO,0.1234,1.8000,False,1.8000,0,0.9998,0.9622,0.7963,0.0016,0.0016,4.1000,4.1000,4.0000,3.9000,0,1.0000
2021092601,1227,44841,David Njoku,3,True,chip_release,inline,37087,ROLB,0.1307,2.1000,False,2.1000,0,0.9993,0.9260,0.6940,0.0095,0.0095,,,,,0,1.0000
2021092601,1255,44841,David Njoku,3,True,pass_block,inline,37087,ROLB,0.1307,4.1000,False,4.1000,0,0.9944,0.9344,0.6806,0.5358,0.5358,,,,,0,0.0000
2021092601,1354,44841,David Njoku,3,True,chip_release,inline,41279,LOLB,0.1006,1.2000,False,1.2000,0,0.9994,0.9318,0.6212,0.0003,0.0003,3.5000,3.5000,3.5000,3.5000,0,1.0000
2021092601,1650,43370,Austin Hooper,3,True,pass_block,detached,41279,LOLB,0.1006,2.5000,False,2.5000,0,0.9996,0.9781,0.8175,0.0219,0.0219,,,,,0,0.0000
2021092601,2107,52451,Cole Kmet,3,True,chip_release,inline,41227,REO,0.1384,1.6000,False,1.6000,0,0.9995,0.9022,0.6216,0.0005,0.0005,,4.2000,4.0000,3.8000,0,1.0000
2021092601,2193,43370,Austin Hooper,3,True,pass_block,inline,37087,ROLB,0.1307,2.7000,False,2.7000,0,0.9996,0.9516,0.8314,0.0487,0.0487,,,,,0,0.0000
2021092601,2294,43370,Austin Hooper,3,True,chip_release,inline,37087,ROLB,0.1307,2.1000,False,2.1000,0,0.9997,0.9643,0.8518,0.0049,0.0049,,4.5000,4.3000,4.2000,0,1.0000
2021092601,2382,42503,Jesse James,3,True,chip_release,inline,41227,LEO,0.1384,1.0000,False,1.0000,0,0.9930,0.9589,0.8842,0.0043,0.0043,4.5000,4.1000,3.8000,3.5000,0,1.0000
2021092601,2507,44841,David Njoku,3,True,chip_release,inline,37087,REO,0.1307,2.3000,False,2.3000,0,0.9987,0.9024,0.6416,0.0991,0.0991,2.6000,2.6000,2.6000,2.6000,0,1.0000
2021092601,3108,52451,Cole Kmet,3,True,pass_block,inline,41227,LEO,0.1384,2.2000,False,2.2000,0,0.9997,0.9709,0.7511,0.0021,0.0021,,,,,0,0.0000
2021092601,3909,52451,Cole Kmet,3,True,chip_release,inline,41227,LOLB,0.1384,2.9000,False,2.9000,0,0.9997,0.9424,0.7927,0.1462,0.1462,4.3000,4.3000,4.3000,4.3000,0,1.0000
2021092602,79,47791,T.J. Hockenson,3,True,pass_block,detached,44859,LOLB,0.1255,3.3000,False,3.3000,0,0.9888,0.9496,0.9129,0.0903,0.0903,,,,,0,0.0000
2021092602,653,39907,Darren Fells,3,True,chip_release,inline,52578,LE,0.0945,1.1000,False,1.1000,0,0.9988,0.9965,0.9881,0.0008,0.0008,,,,,0,0.0000
2021092602,981,47791,T.J. Hockenson,3,True,chip_release,inline,37240,LOLB,0.0931,2.1000,False,2.1000,0,0.9984,0.9824,0.8045,0.0028,0.0028,4.5000,4.5000,4.5000,4.4000,0,1.0000
2021092602,1058,39907,Darren Fells,3,True,chip_release,detached,44859,LOLB,0.1255,1.8000,False,1.8000,0,0.9995,0.9524,0.8147,0.0045,0.0045,,,,,0,1.0000
2021092602,2205,47791,T.J. Hockenson,3,True,chip_release,detached,53460,LEO,0.1248,2.2000,False,2.2000,0,0.9995,0.9660,0.8613,0.0048,0.0048,,,,,0,1.0000
2021092602,2525,47791,T.J. Hockenson,3,True,pass_block,detached,53460,ROLB,0.1248,1.9000,False,1.9000,0,0.9995,0.9698,0.8564,0.0046,0.0046,,,,,0,0.0000
2021092602,2570,39907,Darren Fells,3,True,chip_release,detached,46259,ROLB,0.1541,2.6000,False,2.6000,0,0.9995,0.8996,0.6617,0.1010,0.1010,2.8000,2.8000,2.8000,2.8000,0,0.0000
2021092602,3166,47791,T.J. Hockenson,3,True,pass_block,detached,37240,LEO,0.0931,5.1000,False,5.1000,0,0.9997,0.9775,0.8706,0.3185,0.3185,,,,,0,1.0000
2021092602,3495,42721,Eric Tomlinson,3,True,chip_release,inline,40171,LE,0.0844,1.3000,False,1.3000,0,0.9997,0.9899,0.9458,0.0003,0.0003,,,,,0,0.0000
2021092602,3926,46155,Mark Andrews,3,True,chip_release,inline,43775,LEO,0.1516,2.5000,False,2.5000,0,0.9997,0.9126,0.5928,0.0876,0.0876,2.7000,2.7000,2.7000,2.7000,0,1.0000
2021092602,4003,46155,Mark Andrews,3,True,pass_block,inline,47900,REO,0.1015,5.1000,False,5.1000,0,0.9998,0.9823,0.8697,0.3463,0.3463,,,,,0,0.0000
2021092603,580,42302,Chris Manhertz,3,True,pass_block,inline,52522,LE,0.0913,2.7000,False,2.7000,0,0.9997,0.9951,0.9469,0.0049,0.0049,,,,,0,0.0000
2021092603,889,45281,Jacob Hollister,3,True,pass_block,detached,41403,LOLB,0.1066,2.9000,False,2.9000,0,0.9980,0.9515,0.8662,0.1022,0.1022,,,,,0,0.0000
2021092603,1055,42398,Maxx Williams,3,True,pass_block,detached,44880,LOLB,0.1506,4.1000,False,1.8000,1,0.9949,0.9074,0.8260,0.0504,-0.9496,2.4000,1.9000,1.8000,1.7000,1,1.0000
2021092603,1111,42398,Maxx Williams,3,True,pass_block,inline,44880,LOLB,0.1506,6.1000,False,6.1000,0,0.9918,0.9541,0.8035,0.5639,0.5639,,,,,0,0.0000
2021092603,1396,42398,Maxx Williams,3,True,pass_block,inline,43352,LEO,0.1019,3.4000,False,3.4000,0,0.9991,0.9788,0.8288,0.1809,0.1809,,,,,0,0.0000
2021092603,2262,45142,Darrell Daniels,3,True,pass_block,wing,43352,LEO,0.1019,4.5000,False,3.4000,1,0.9863,0.9662,0.9209,0.0817,-0.9183,3.9000,3.6000,3.4000,3.3000,1,1.0000
2021092603,2283,42398,Maxx Williams,3,True,pass_block,inline,44880,LOLB,0.1506,3.1000,False,3.1000,0,0.9993,0.9597,0.7519,0.1552,0.1552,,,,,0,0.0000
2021092603,2307,42398,Maxx Williams,3,True,pass_block,detached,44880,LOLB,0.1506,3.8000,False,3.8000,0,0.9889,0.7123,0.6067,0.5548,0.5548,,,,,0,0.0000
2021092603,2845,42398,Maxx Williams,3,True,pass_block,inline,47790,ROLB,0.1295,2.8000,False,2.8000,0,0.9991,0.9514,0.5980,0.2353,0.2353,,,,,0,0.0000
2021092603,3164,42398,Maxx Williams,3,True,pass_block,inline,43333,LOLB,0.1159,3.5000,False,3.5000,0,0.9995,0.9844,0.8491,0.1582,0.1582,,,,,0,0.0000
2021092603,3164,45142,Darrell Daniels,3,True,pass_block,backfield,43333,LOLB,0.1159,3.5000,False,3.5000,0,0.9995,0.9191,0.6893,0.3493,0.3493,,,,,0,0.0000
2021092604,210,42460,Blake Bell,3,True,chip_release,inline,43292,LOLB,0.1354,2.0000,False,2.0000,0,0.9969,0.9094,0.4559,0.0081,0.0081,,,,,0,0.0000
2021092604,304,40011,Travis Kelce,3,True,pass_block,inline,43377,ROLB,0.1020,3.5000,False,3.5000,0,0.9981,0.9436,0.8660,0.1410,0.1410,,,,,0,0.0000
2021092604,564,34540,Jared Cook,3,True,chip_release,detached,40051,LEO,0.1119,1.2000,False,1.2000,0,0.9997,0.9732,0.8776,0.0002,0.0002,,,,,0,1.0000
2021092604,673,40011,Travis Kelce,3,True,chip_release,inline,43292,ROLB,0.1354,1.3000,False,1.3000,0,0.9987,0.9767,0.8307,0.0013,0.0013,,,,,0,1.0000
2021092604,673,42460,Blake Bell,3,True,chip_release,inline,46117,LOLB,0.1106,1.7000,False,1.7000,0,0.9980,0.9295,0.3994,0.0020,0.0020,3.7000,3.7000,3.7000,3.7000,0,1.0000
2021092604,788,48456,Donald Parham,3,True,chip_release,inline,43326,REO,0.1297,1.2000,False,1.2000,0,0.9983,0.9329,0.6436,0.0010,0.0010,,,,,0,0.0000
2021092604,854,48456,Donald Parham,3,True,chip_release,inline,43326,LEO,0.1297,1.9000,False,1.9000,0,0.9996,0.9747,0.8574,0.0033,0.0033,,,,,0,0.0000
2021092604,940,48456,Donald Parham,3,True,chip_release,inline,53573,REO,0.1058,1.0000,False,1.0000,0,0.9986,0.9965,0.9913,0.0009,0.0009,,,,,0,0.0000
2021092604,1484,34540,Jared Cook,3,True,pass_block,wing,53573,REO,0.1058,3.0000,False,3.0000,0,0.9986,0.9871,0.8966,0.0413,0.0413,,,,,0,0.0000
2021092604,1484,48456,Donald Parham,3,True,pass_block,inline,53573,REO,0.1058,3.0000,False,3.0000,0,0.9973,0.9879,0.8896,0.0434,0.0434,,,,,0,0.0000
2021092604,1553,34540,Jared Cook,3,True,chip_release,detached,52585,LEO,0.0953,2.2000,False,2.2000,0,0.9996,0.9659,0.8145,0.0031,0.0031,,,,,0,0.0000
2021092604,1869,40011,Travis Kelce,3,True,chip_release,inline,46117,ROLB,0.1106,1.5000,False,1.5000,0,0.9995,0.9731,0.8870,0.0005,0.0005,,,,,0,1.0000
2021092604,2045,40011,Travis Kelce,3,True,chip_release,inline,43292,ROLB,0.1354,1.2000,False,1.2000,0,0.9981,0.9762,0.8130,0.0011,0.0011,,,,2.9000,0,0.0000
2021092604,2045,42460,Blake Bell,3,True,chip_release,inline,46117,LOLB,0.1106,1.6000,False,1.6000,0,0.9978,0.9569,0.5708,0.0022,0.0022,,,,,0,0.0000
2021092604,2090,42460,Blake Bell,3,True,chip_release,inline,43292,ROLB,0.1354,1.8000,False,1.8000,0,0.9996,0.9652,0.7640,0.0067,0.0067,,,,,0,1.0000
2021092604,2409,43845,Stephen Anderson,3,True,pass_block,inline,52585,LEO,0.0953,6.5000,False,4.4000,1,0.9964,0.9840,0.9607,0.0764,-0.9236,4.8000,4.5000,4.4000,4.3000,1,1.0000
2021092604,3344,42460,Blake Bell,3,True,pass_block,inline,43292,LOLB,0.1354,2.6000,False,2.6000,0,0.9991,0.9778,0.9296,0.0223,0.0223,,,,,0,0.0000
2021092604,3368,40011,Travis Kelce,3,True,chip_release,inline,43292,LOLB,0.1354,2.8000,False,2.8000,0,0.9976,0.9493,0.7823,0.1340,0.1340,,,,3.8000,0,1.0000
2021092605,202,43324,Hunter Henry,3,True,pass_block,detached,37097,LE,0.1046,2.5000,False,2.5000,0,0.9994,0.9706,0.8008,0.0295,0.0295,,,,,0,1.0000
2021092605,342,52513,Adam Trautman,3,True,chip_release,inline,43700,LLB,0.1163,1.6000,False,1.6000,0,0.9995,0.8947,0.6376,0.0005,0.0005,,,,,0,0.0000
2021092605,366,44075,Garrett Griffin,3,True,chip_release,wing,37308,LE,0.1082,3.7000,False,3.7000,0,0.9983,0.9904,0.9257,0.0757,0.0757,,,,,0,0.0000
2021092605,366,52513,Adam Trautman,3,True,pass_block,inline,37308,LE,0.1082,4.2000,False,4.2000,0,0.9980,0.9921,0.9331,0.1312,0.1312,,,,,0,0.0000
2021092605,537,44912,Jonnu Smith,3,True,pass_block,inline,37097,LEO,0.1046,3.8000,False,3.0000,1,0.9952,0.9814,0.8543,0.0573,-0.9427,3.8000,3.1000,3.0000,2.8000,0,1.0000
2021092605,580,43324,Hunter Henry,3,True,chip_release,detached,37097,LOLB,0.1046,2.8000,False,2.8000,0,0.9995,0.9345,0.6323,0.2282,0.2282,,,,3.9000,0,0.0000
2021092605,718,52513,Adam Trautman,3,True,pass_block,inline,44944,REO,0.0735,3.6000,False,3.6000,0,0.9981,0.9905,0.9768,0.0234,0.0234,,,,,0,0.0000
2021092605,795,44075,Garrett Griffin,3,True,pass_block,inline,43435,LOLB,0.1855,4.7000,False,4.7000,0,0.9918,0.8868,0.5395,0.9439,0.9439,,,,,0,0.0000
2021092605,795,52513,Adam Trautman,3,True,pass_block,wing,37308,DLT,0.1082,4.7000,False,4.7000,0,0.9856,0.9729,0.8875,0.2804,0.2804,,,,,0,0.0000
2021092605,1329,43324,Hunter Henry,3,True,chip_release,detached,42421,LOLB,0.1245,3.4000,False,3.4000,0,0.9995,0.9454,0.7885,0.2283,0.2283,,,,,0,1.0000
2021092605,1580,44912,Jonnu Smith,3,True,chip_release,inline,37097,LEO,0.1046,1.9000,False,1.9000,0,0.9996,0.9884,0.8981,0.0021,0.0021,,,,,0,0.0000
2021092605,1604,44912,Jonnu Smith,3,True,pass_block,inline,37097,LEO,0.1046,3.7000,False,3.7000,1,0.9976,0.9857,0.8812,0.2047,-0.7953,,,3.7000,3.6000,0,1.0000
2021092605,1626,43324,Hunter Henry,3,True,pass_block,inline,47888,LOLB,0.1323,2.8000,False,2.8000,0,0.9963,0.8919,0.5478,0.2919,0.2919,,,,,0,1.0000
2021092605,1820,52513,Adam Trautman,3,True,pass_block,inline,38555,LOLB,0.1154,3.9000,False,3.9000,0,0.9995,0.9837,0.8758,0.1759,0.1759,,,,,0,1.0000
2021092605,1940,43324,Hunter Henry,3,True,pass_block,detached,37097,LOLB,0.1046,3.1000,False,3.1000,0,0.9995,0.9561,0.7964,0.1314,0.1314,,,,,0,0.0000
2021092605,2381,44075,Garrett Griffin,3,True,pass_block,inline,41269,LOLB,0.1305,8.4000,False,8.4000,0,0.9973,0.9654,0.8402,0.6962,0.6962,,,,,0,1.0000
2021092605,2550,43324,Hunter Henry,3,True,chip_release,detached,47888,LOLB,0.1323,1.0000,False,1.0000,0,0.9994,0.9165,0.6483,0.0003,0.0003,,,,,0,0.0000
2021092605,2574,43324,Hunter Henry,3,True,chip_release,detached,37097,LEO,0.1046,2.9000,False,2.9000,0,0.9993,0.9525,0.7631,0.1494,0.1494,,,,,0,0.0000
2021092605,2783,43324,Hunter Henry,3,True,pass_block,detached,44871,REO,0.1273,2.1000,False,2.1000,0,0.9996,0.9537,0.7979,0.0047,0.0047,,,,,0,0.0000
2021092605,2849,43324,Hunter Henry,3,True,pass_block,detached,37097,LOLB,0.1046,2.6000,False,2.6000,0,0.9993,0.9663,0.8159,0.0339,0.0339,,,,,0,0.0000
2021092605,2915,44075,Garrett Griffin,3,True,pass_block,wing,43435,LOLB,0.1855,6.8000,False,6.6000,1,0.9918,0.9124,0.7250,0.9778,-0.0222,,6.7000,6.6000,6.6000,0,1.0000
2021092605,2915,52513,Adam Trautman,3,True,pass_block,inline,43435,LOLB,0.1855,6.8000,False,6.6000,1,0.9926,0.8855,0.6431,1.1374,0.1374,,6.7000,6.6000,6.6000,0,1.0000
2021092605,3093,43324,Hunter Henry,3,True,chip_release,detached,37097,LEO,0.1046,2.2000,False,2.2000,0,0.9993,0.9711,0.8178,0.0035,0.0035,,,,,0,1.0000
2021092605,3684,44075,Garrett Griffin,3,True,pass_block,backfield,47826,LOLB,0.1175,1.4000,False,1.4000,0,0.9994,0.9734,0.8759,0.0006,0.0006,,,,,0,1.0000
2021092605,3684,52513,Adam Trautman,3,True,chip_release,wing,43435,LOLB,0.1855,1.4000,True,1.4000,0,0.9990,0.9541,0.8188,0.0010,0.0010,,,,,0,1.0000
2021092605,3769,43324,Hunter Henry,3,True,chip_release,detached,37097,LOLB,0.1046,3.3000,False,2.9000,1,0.9996,0.9567,0.7607,0.1419,-0.8581,2.9000,2.9000,2.9000,2.9000,0,1.0000
2021092605,3974,44912,Jonnu Smith,3,True,chip_release,detached,37097,LOLB,0.1046,3.1000,False,3.1000,0,0.9997,0.9669,0.7919,0.1192,0.1192,,,,,0,0.0000
2021092605,4020,44912,Jonnu Smith,3,True,chip_release,detached,37097,LOLB,0.1046,1.7000,False,1.7000,0,0.9996,0.9692,0.8029,0.0004,0.0004,,,,,0,0.0000
2021092605,4061,43324,Hunter Henry,3,True,chip_release,detached,37097,LOLB,0.1046,2.6000,False,2.6000,0,0.9997,0.9595,0.7972,0.0406,0.0406,,,,,0,0.0000
2021092605,4090,43324,Hunter Henry,3,True,chip_release,detached,37097,LOLB,0.1046,2.5000,False,2.5000,0,0.9996,0.9577,0.8283,0.0424,0.0424,,,,,0,0.0000
2021092606,76,37234,Lee Smith,3,True,pass_block,inline,46135,ROLB,0.1005,3.6000,False,3.6000,0,0.9948,0.8801,0.5276,0.5726,0.5726,,,,,0,0.0000
2021092606,232,37118,Kyle Rudolph,3,True,pass_block,inline,40095,LOLB,0.0987,3.5000,False,3.5000,0,0.9968,0.9852,0.8677,0.1376,0.1376,,,,,0,0.0000
2021092606,232,44835,Evan Engram,3,True,pass_block,wing,40095,LOLB,0.0987,3.5000,False,3.5000,0,0.9982,0.9865,0.8835,0.1206,0.1206,,,,,0,0.0000
2021092606,551,46094,Hayden Hurst,3,True,pass_block,inline,47878,LOLB,0.1027,2.6000,False,2.6000,0,0.9895,0.8417,0.5834,0.1617,0.1617,,,,,0,0.0000
2021092606,677,37118,Kyle Rudolph,3,True,pass_block,inline,40095,ROLB,0.0987,3.5000,False,3.5000,0,0.9978,0.9847,0.8369,0.1711,0.1711,,,,,0,1.0000
2021092606,677,47959,Kaden Smith,3,True,chip_release,wing,40095,ROLB,0.0987,2.5000,False,2.5000,0,0.9983,0.9796,0.8328,0.0205,0.0205,,,,,0,1.0000
2021092606,751,44835,Evan Engram,3,True,chip_release,detached,46416,LOLB,0.1245,2.3000,True,2.3000,0,0.9996,0.9735,0.8511,0.0266,0.0266,,,,,0,0.0000
2021092606,903,47959,Kaden Smith,3,True,chip_release,inline,42346,LOLB,0.1150,1.3000,False,1.3000,0,0.9972,0.9835,0.9475,0.0028,0.0028,,,1.5000,1.3000,0,0.0000
2021092606,1041,37118,Kyle Rudolph,3,True,pass_block,inline,52455,REO,0.1063,3.6000,False,3.6000,0,0.9985,0.9884,0.8959,0.1074,0.1074,,,,,0,0.0000
2021092606,1536,46094,Hayden Hurst,3,True,chip_release,inline,46135,ROLB,0.1005,2.5000,False,2.5000,0,0.9997,0.9887,0.9275,0.0114,0.0114,5.6000,5.6000,5.6000,5.6000,0,0.0000
2021092606,1653,37118,Kyle Rudolph,3,True,pass_block,inline,53577,LEO,0.0834,2.9000,False,2.9000,0,0.9977,0.9925,0.9456,0.0242,0.0242,,,,,0,0.0000
2021092606,1653,47959,Kaden Smith,3,True,pass_block,inline,53577,LEO,0.0834,2.9000,False,2.9000,0,0.9969,0.9868,0.9025,0.0411,0.0411,,,,,0,0.0000
2021092606,1736,44835,Evan Engram,3,True,chip_release,detached,42346,ROLB,0.1150,2.8000,False,2.8000,0,0.9996,0.9615,0.8121,0.1143,0.1143,,,,,0,0.0000
2021092606,2388,47959,Kaden Smith,3,True,pass_block,backfield,46416,LOLB,0.1245,6.2000,False,2.3000,1,0.9994,0.8778,0.5601,0.1228,-0.8772,,2.4000,2.3000,2.2000,1,1.0000
2021092606,2423,44835,Evan Engram,3,True,chip_release,detached,42346,LOLB,0.1150,2.0000,False,2.0000,0,0.9996,0.9356,0.6815,0.0025,0.0025,3.1000,3.1000,3.1000,3.1000,0,1.0000
2021092606,2469,37234,Lee Smith,3,True,pass_block,inline,42349,REO,0.1017,4.9000,False,3.8000,1,0.9984,0.9846,0.8817,0.1891,-0.8109,4.4000,4.0000,3.8000,3.5000,0,1.0000
2021092606,2734,37118,Kyle Rudolph,3,True,pass_block,inline,46416,LOLB,0.1245,19.2000,False,19.2000,0,0.9995,0.9598,0.8130,1.1770,1.1770,,,,,0,0.0000
2021092606,3298,37234,Lee Smith,3,True,pass_block,inline,42349,RE,0.1017,3.3000,False,3.3000,0,0.9989,0.9934,0.9380,0.0631,0.0631,,,,,0,1.0000
2021092606,3664,37234,Lee Smith,3,True,chip_release,inline,46135,REO,0.1005,1.6000,False,1.6000,0,0.9972,0.9820,0.8742,0.0028,0.0028,,,,,0,0.0000
2021092607,845,47924,Zach Gentry,3,True,pass_block,inline,53540,LEO,0.1011,5.9000,False,3.9000,1,0.9969,0.9865,0.8963,0.1641,-0.8359,4.1000,4.1000,3.9000,3.8000,0,1.0000
2021092607,845,53484,Pat Freiermuth,3,True,chip_release,inline,53540,LEO,0.1011,3.1000,False,3.1000,0,0.9976,0.9908,0.9142,0.0436,0.0436,4.1000,4.1000,3.9000,3.8000,0,1.0000
2021092607,1336,47924,Zach Gentry,3,True,pass_block,inline,46146,REO,0.1122,9.3000,False,9.3000,0,0.9981,0.9819,0.8615,0.7415,0.7415,,,,,0,1.0000
2021092607,1336,53484,Pat Freiermuth,3,True,chip_release,wing,46146,REO,0.1122,2.9000,False,2.9000,0,0.9980,0.9841,0.9074,0.0479,0.0479,,,,,0,1.0000
2021092607,1587,47924,Zach Gentry,3,True,chip_release,inline,46146,LEO,0.1122,2.2000,True,2.2000,0,0.9992,0.9024,0.6203,0.0075,0.0075,,,,,0,0.0000
2021092607,1708,42500,C.J. Uzomah,3,True,chip_release,inline,44886,LEO,0.0838,1.9000,False,1.9000,0,0.9991,0.9731,0.7890,0.0048,0.0048,,,,,0,1.0000
2021092607,3182,41236,Eric Ebron,3,True,pass_block,inline,53540,LOLB,0.1011,2.3000,False,2.3000,0,0.9946,0.9836,0.8681,0.0165,0.0165,,,,,0,0.0000
2021092607,3687,41236,Eric Ebron,3,True,pass_block,inline,53540,LEO,0.1011,3.6000,False,3.6000,0,0.9995,0.9455,0.6604,0.3832,0.3832,,,,,0,0.0000
2021092607,4100,41236,Eric Ebron,3,True,chip_release,detached,46146,LEO,0.1122,1.2000,True,1.2000,0,0.9995,0.9774,0.8807,0.0003,0.0003,,,,,0,0.0000
2021092608,98,53065,Tommy Hudson,3,True,chip_release,detached,47832,LEO,0.1161,1.2000,False,1.2000,0,0.9995,0.9574,0.7803,0.0003,0.0003,,,,,0,1.0000
2021092608,288,42589,Geoff Swaim,3,True,chip_release,inline,45009,LEO,0.1150,1.3000,False,1.3000,0,0.9995,0.9834,0.8863,0.0005,0.0005,,,,,0,0.0000
2021092608,748,42486,MyCole Pruitt,3,True,chip_release,detached,47832,LEO,0.1161,2.1000,False,2.1000,0,0.9995,0.9715,0.7406,0.0028,0.0028,,,,3.2000,0,1.0000
2021092608,823,53065,Tommy Hudson,3,True,chip_release,detached,47832,LEO,0.1161,2.5000,False,2.5000,0,0.9993,0.9349,0.6307,0.0654,0.0654,,,,,0,0.0000
2021092608,1727,40641,Jack Doyle,3,True,chip_release,detached,46457,ROLB,0.1139,2.2000,False,2.2000,0,0.9997,0.9782,0.8752,0.0056,0.0056,,,,,0,0.0000
2021092608,2411,53065,Tommy Hudson,3,True,pass_block,inline,46133,LEO,0.0999,4.8000,False,4.8000,0,0.9952,0.9874,0.9621,0.1229,0.1229,,,,,0,0.0000
2021092608,2432,42589,Geoff Swaim,3,True,pass_block,inline,45009,REO,0.1150,2.9000,False,2.9000,0,0.9978,0.9872,0.8761,0.0494,0.0494,,,,,0,0.0000
2021092608,2432,53065,Tommy Hudson,3,True,pass_block,wing,45009,REO,0.1150,2.9000,False,2.9000,0,0.9966,0.9774,0.8492,0.0674,0.0674,,,,,0,0.0000
2021092608,2456,42486,MyCole Pruitt,3,True,pass_block,inline,46121,REO,0.1065,2.2000,False,2.2000,0,0.9972,0.9851,0.8450,0.0055,0.0055,,,,,0,0.0000
2021092608,2456,53065,Tommy Hudson,3,True,pass_block,inline,46121,REO,0.1065,2.2000,False,2.2000,0,0.9969,0.9843,0.8670,0.0059,0.0059,,,,,0,0.0000
2021092608,2790,42486,MyCole Pruitt,3,True,pass_block,detached,46133,LEO,0.0999,2.7000,False,2.4000,1,0.9964,0.9860,0.9553,0.0141,-0.9859,,2.5000,2.4000,2.2000,1,1.0000
2021092608,3174,42486,MyCole Pruitt,3,True,pass_block,inline,45009,REO,0.1150,2.7000,False,2.7000,0,0.9977,0.9814,0.8474,0.0186,0.0186,,,,,0,0.0000
2021092608,3174,53065,Tommy Hudson,3,True,pass_block,wing,45009,REO,0.1150,2.7000,False,2.7000,0,0.9981,0.9757,0.8396,0.0244,0.0244,,,,,0,0.0000
2021092608,3361,42486,MyCole Pruitt,3,True,pass_block,wing,45009,REO,0.1150,3.3000,False,3.3000,0,0.9981,0.9834,0.8715,0.1336,0.1336,,,,,0,1.0000
2021092608,3361,42589,Geoff Swaim,3,True,pass_block,inline,45009,REO,0.1150,3.3000,False,3.3000,0,0.9982,0.9870,0.8960,0.1074,0.1074,,,,,0,1.0000
2021092608,3482,40641,Jack Doyle,3,True,chip_release,detached,46110,LOLB,0.1585,1.1000,False,1.1000,0,0.9998,0.9784,0.8721,0.0001,0.0001,,,,,0,1.0000
2021092608,3534,44792,Mo Alie-Cox,3,True,chip_release,detached,46110,LEO,0.1585,1.4000,False,1.4000,0,0.9995,0.9155,0.6000,0.0005,0.0005,2.3000,2.3000,2.3000,2.3000,0,1.0000
2021092608,3628,44792,Mo Alie-Cox,3,True,chip_release,detached,46110,LEO,0.1585,1.6000,False,1.6000,0,0.9993,0.9016,0.6236,0.0007,0.0007,,,,,0,1.0000
2021092609,107,47803,Noah Fant,3,True,pass_block,wing,46204,LEO,0.1524,3.2000,False,3.2000,0,0.9930,0.9533,0.7675,0.1302,0.1302,,,,,0,0.0000
2021092609,107,52526,Albert Okwuegbunam,3,True,pass_block,inline,46204,LEO,0.1524,3.2000,False,3.2000,0,0.9851,0.9096,0.6423,0.2392,0.2392,,,,,0,0.0000
2021092609,199,40149,Ryan Griffin,3,True,chip_release,inline,48089,LOLB,0.0916,1.5000,False,1.5000,0,0.9995,0.9412,0.6855,0.0005,0.0005,,,,,0,0.0000
2021092609,452,52526,Albert Okwuegbunam,3,True,pass_block,inline,53583,LOLB,0.1102,3.3000,False,2.5000,1,0.9994,0.9196,0.7287,0.0810,-0.9190,2.5000,2.5000,2.5000,2.5000,0,0.0000
2021092609,497,47803,Noah Fant,3,True,chip_release,inline,43301,LE,0.1036,1.1000,False,1.1000,0,0.9950,0.9890,0.9738,0.0035,0.0035,,,,,0,1.0000
2021092609,653,42428,Tyler Kroft,3,True,chip_release,inline,48089,ROLB,0.0916,2.6000,False,2.6000,0,0.9996,0.9644,0.7499,0.0357,0.0357,,,,,0,0.0000
2021092609,757,47803,Noah Fant,3,True,chip_release,inline,43308,LEO,0.0956,1.9000,False,1.9000,0,0.9963,0.9855,0.9584,0.0070,0.0070,,,,,0,1.0000
2021092609,910,42428,Tyler Kroft,3,True,chip_release,inline,48089,ROLB,0.0916,1.6000,False,1.6000,0,0.9996,0.9673,0.8274,0.0004,0.0004,,,,,0,0.0000
2021092609,1073,42428,Tyler Kroft,3,True,chip_release,inline,37075,LOLB,0.1568,1.0000,False,1.0000,0,0.9996,0.9342,0.6943,0.0002,0.0002,,,,,0,0.0000
2021092609,1413,47803,Noah Fant,3,True,chip_release,inline,43308,REO,0.0956,1.7000,False,1.7000,0,0.9989,0.9661,0.7467,0.0011,0.0011,,,,3.2000,0,0.0000
2021092609,1413,52526,Albert Okwuegbunam,3,True,chip_release,inline,46204,LEO,0.1524,1.0000,False,1.0000,0,0.9972,0.8520,0.4637,0.0015,0.0015,2.9000,2.9000,2.9000,2.9000,0,0.0000
2021092609,1649,52526,Albert Okwuegbunam,3,True,chip_release,inline,46204,LEO,0.1524,2.2000,False,2.2000,0,0.9982,0.7572,0.4985,0.0364,0.0364,,,,,0,0.0000
2021092609,1912,40149,Ryan Griffin,3,True,pass_block,inline,37075,LOLB,0.1568,2.6000,False,2.6000,0,0.9975,0.9147,0.4823,0.0859,0.0859,,,,,0,0.0000
2021092609,1912,42428,Tyler Kroft,3,True,pass_block,detached,37075,LOLB,0.1568,2.6000,False,2.6000,0,0.9969,0.8455,0.4765,0.1561,0.1561,,,,,0,0.0000
2021092609,1988,42428,Tyler Kroft,3,True,chip_release,detached,48089,ROLB,0.0916,1.2000,False,1.2000,0,0.9994,0.9500,0.7596,0.0003,0.0003,,,,,0,1.0000
2021092609,2352,40149,Ryan Griffin,3,True,chip_release,detached,37075,LOLB,0.1568,1.2000,False,1.2000,0,0.9994,0.9080,0.6455,0.0003,0.0003,,,,,0,1.0000
2021092609,2476,52526,Albert Okwuegbunam,3,True,chip_release,inline,43308,REO,0.0956,2.2000,False,2.2000,0,0.9992,0.9596,0.8584,0.0037,0.0037,3.9000,3.8000,3.6000,3.4000,0,0.0000
2021092609,2549,40149,Ryan Griffin,3,True,pass_block,inline,52586,RLB,0.1176,3.8000,False,3.8000,0,0.9942,0.9347,0.7216,0.4656,0.4656,,,,,0,1.0000
2021092609,2620,40149,Ryan Griffin,3,True,pass_block,backfield,52586,RLB,0.1176,2.6000,False,2.4000,1,0.9987,0.7166,0.2997,0.2987,-0.7013,,2.6000,2.4000,2.3000,0,0.0000
2021092609,2835,47803,Noah Fant,3,True,pass_block,wing,43308,LEO,0.0956,4.0000,False,3.9000,1,0.9969,0.9741,0.7279,0.4476,-0.5524,4.0000,4.0000,3.9000,3.8000,0,1.0000
2021092609,2835,52526,Albert Okwuegbunam,3,True,pass_block,inline,43308,LEO,0.0956,4.0000,False,3.9000,1,0.9966,0.9710,0.7054,0.4645,-0.5355,4.0000,4.0000,3.9000,3.8000,1,1.0000
2021092609,2875,44987,Eric Saubert,3,True,pass_block,wing,53053,LEO,0.1339,3.7000,False,3.7000,0,0.9928,0.9407,0.7491,0.2738,0.2738,,,,,0,0.0000
2021092609,2875,47803,Noah Fant,3,True,pass_block,inline,53053,LEO,0.1339,3.7000,False,3.7000,0,0.9895,0.9113,0.6484,0.4019,0.4019,,,,,0,0.0000
2021092609,3068,40149,Ryan Griffin,3,True,chip_release,inline,37075,LOLB,0.1568,1.2000,False,1.2000,0,0.9975,0.8764,0.5117,0.0015,0.0015,,,,,0,0.0000
2021092609,3187,47803,Noah Fant,3,True,chip_release,inline,43308,REO,0.0956,2.5000,True,2.5000,0,0.9994,0.9049,0.6348,0.0955,0.0955,,,,,0,0.0000
2021092609,3304,40149,Ryan Griffin,3,True,chip_release,detached,48089,LOLB,0.0916,2.4000,False,2.4000,0,0.9995,0.9653,0.8652,0.0349,0.0349,,3.2000,3.0000,2.9000,0,1.0000
2021092609,3604,43079,Daniel Brown,3,True,chip_release,backfield,53668,ROLB,0.0999,3.3000,True,3.3000,1,0.9992,0.8609,0.6458,0.4085,-0.5915,,,3.3000,3.2000,0,1.0000
2021092609,3655,43079,Daniel Brown,3,True,chip_release,inline,47854,LEO,0.0858,1.4000,False,1.4000,0,0.9995,0.9324,0.6726,0.0005,0.0005,3.8000,3.8000,3.6000,3.4000,0,1.0000
2021092610,229,44857,Adam Shaheen,3,True,pass_block,inline,47889,LEO,0.2006,3.2000,False,2.7000,1,0.9814,0.8945,0.7115,0.1849,-0.8151,2.8000,2.7000,2.7000,2.6000,1,1.0000
2021092610,318,42547,Darren Waller,3,True,pass_block,inline,43321,LEO,0.1208,2.5000,False,2.5000,0,0.9994,0.9646,0.8304,0.0355,0.0355,,,,,0,0.0000
2021092610,782,42547,Darren Waller,3,True,chip_release,detached,43321,LEO,0.1208,1.4000,False,1.4000,0,0.9990,0.9656,0.8821,0.0010,0.0010,2.8000,2.8000,2.8000,2.8000,0,0.0000
2021092610,903,47920,Foster Moreau,3,True,chip_release,inline,43321,LEO,0.1208,2.0000,False,2.0000,0,0.9996,0.9692,0.8196,0.0036,0.0036,,,,,0,0.0000
2021092610,1247,44857,Adam Shaheen,3,True,pass_block,inline,47823,ROLB,0.1175,3.8000,False,2.3000,1,0.9966,0.9377,0.6140,0.0628,-0.9372,2.4000,2.4000,2.3000,2.2000,0,0.0000
2021092610,1292,46192,Durham Smythe,3,True,pass_block,inline,43358,LOLB,0.1271,4.4000,False,3.2000,1,0.9993,0.8989,0.5922,0.4782,-0.5218,,,3.2000,3.0000,1,1.0000
2021092610,1521,47920,Foster Moreau,3,True,pass_block,inline,53447,REO,0.1191,3.4000,False,3.2000,1,0.9990,0.8985,0.6192,0.4419,-0.5581,,,3.2000,2.7000,0,0.0000
2021092610,1545,47920,Foster Moreau,3,True,chip_release,inline,43321,LEO,0.1208,2.4000,False,2.4000,0,0.9995,0.9583,0.8005,0.0419,0.0419,3.5000,3.5000,3.5000,3.5000,0,0.0000
2021092610,1723,39109,Derek Carrier,3,True,chip_release,inline,43854,REO,0.1104,1.8000,True,1.8000,0,0.9955,0.9877,0.9665,0.0065,0.0065,,,,,0,0.0000
2021092610,1723,47920,Foster Moreau,3,True,chip_release,inline,47796,LE,0.1033,1.8000,True,1.8000,0,0.9934,0.9825,0.9489,0.0089,0.0089,,,,,0,0.0000
2021092610,1799,46111,Mike Gesicki,3,True,chip_release,detached,43354,LEO,0.1221,1.9000,False,1.9000,0,0.9991,0.9550,0.8293,0.0094,0.0094,3.8000,3.8000,3.8000,3.8000,0,1.0000
2021092610,1906,44857,Adam Shaheen,3,True,chip_release,detached,43436,LOLB,0.1056,1.6000,False,1.6000,0,0.9997,0.9706,0.8312,0.0003,0.0003,4.2000,4.2000,4.2000,4.1000,0,0.0000
2021092610,1906,46111,Mike Gesicki,3,True,pass_block,detached,43358,ROLB,0.1271,5.3000,False,5.3000,0,0.9995,0.9429,0.7553,0.5568,0.5568,,,,,0,0.0000
2021092610,1927,44857,Adam Shaheen,3,True,chip_release,detached,43358,REO,0.1271,1.7000,False,1.7000,0,0.9997,0.9541,0.7465,0.0003,0.0003,,,,,0,0.0000
2021092610,1927,46111,Mike Gesicki,3,True,chip_release,detached,47889,LEO,0.2006,2.6000,False,2.6000,0,0.9993,0.9124,0.6604,0.0882,0.0882,,,,,0,0.0000
2021092610,2325,47920,Foster Moreau,3,True,pass_block,inline,43321,LE,0.1208,4.3000,False,4.3000,0,0.9992,0.9836,0.8753,0.3062,0.3062,,,,,0,0.0000
2021092610,2526,47920,Foster Moreau,3,True,pass_block,detached,43321,LEO,0.1208,2.7000,False,2.7000,0,0.9994,0.9248,0.7170,0.0755,0.0755,,,,,0,0.0000
2021092610,2653,46111,Mike Gesicki,3,True,pass_block,detached,43358,REO,0.1271,2.3000,False,2.3000,0,0.9996,0.9627,0.8640,0.0374,0.0374,,,,,0,0.0000
2021092610,2972,47920,Foster Moreau,3,True,pass_block,inline,43321,LEO,0.1208,4.2000,False,4.2000,0,0.9956,0.9632,0.7427,0.4485,0.4485,,,,,0,1.0000
2021092610,3128,46192,Durham Smythe,3,True,pass_block,inline,43354,LEO,0.1221,3.1000,False,3.1000,0,0.9994,0.9786,0.8561,0.0625,0.0625,,,,3.0000,0,1.0000
2021092610,3285,46192,Durham Smythe,3,True,chip_release,inline,47787,REO,0.1040,3.3000,False,3.3000,0,0.9996,0.9887,0.9369,0.0644,0.0644,4.3000,4.3000,4.0000,3.5000,0,1.0000
2021092610,3306,46192,Durham Smythe,3,True,pass_block,detached,47787,REO,0.1040,2.9000,False,2.9000,0,0.9991,0.9655,0.8082,0.1123,0.1123,,,,,0,0.0000
2021092610,3505,44857,Adam Shaheen,3,True,pass_block,inline,43354,LEO,0.1221,3.5000,False,1.9000,1,0.9993,0.9608,0.7968,0.0087,-0.9913,2.5000,2.1000,1.9000,1.8000,0,1.0000
2021092610,3878,46111,Mike Gesicki,3,True,chip_release,detached,43358,ROLB,0.1271,2.7000,False,2.7000,0,0.9995,0.9647,0.8538,0.0355,0.0355,,,,,0,1.0000
2021092610,3949,44857,Adam Shaheen,3,True,chip_release,detached,43358,REO,0.1271,1.5000,False,1.5000,0,0.9996,0.9293,0.7020,0.0004,0.0004,,,,,0,0.0000
2021092610,4246,44857,Adam Shaheen,3,True,pass_block,inline,43358,LEO,0.1271,2.6000,False,2.6000,0,0.9949,0.9533,0.7685,0.0472,0.0472,,,,,0,0.0000
2021092610,4470,47920,Foster Moreau,3,True,pass_block,detached,53447,ROLB,0.1191,3.1000,False,3.1000,0,0.9982,0.9109,0.7675,0.1718,0.1718,,,,,0,1.0000
2021092610,4526,44857,Adam Shaheen,3,True,pass_block,inline,39997,DLT,0.0809,3.1000,False,3.1000,0,0.9991,0.9835,0.9048,0.0407,0.0407,,,,,0,0.0000
2021092611,397,43399,Tyler Higbee,3,True,pass_block,inline,35441,DLT,0.1051,2.4000,False,2.4000,1,0.9992,0.9828,0.9158,0.0173,-0.9827,,,2.4000,2.3000,0,1.0000
2021092611,582,35481,Rob Gronkowski,3,True,pass_block,inline,52492,ROLB,0.1267,3.6000,False,2.7000,1,0.9967,0.9065,0.6629,0.2437,-0.7563,2.7000,2.7000,2.7000,2.7000,0,0.0000
2021092611,748,43399,Tyler Higbee,3,True,chip_release,detached,41915,LOLB,0.1776,1.4000,False,1.4000,0,0.9988,0.9586,0.8229,0.0012,0.0012,,,,,0,0.0000
2021092611,1279,35481,Rob Gronkowski,3,True,pass_block,inline,46264,REO,0.0911,5.5000,False,5.5000,0,0.9980,0.9862,0.8831,0.3284,0.3284,,,,,0,1.0000
2021092611,1760,45094,Johnny Mundt,3,True,chip_release,inline,41915,LOLB,0.1776,1.1000,False,1.1000,0,0.9999,0.9845,0.8897,0.0001,0.0001,3.3000,3.3000,3.3000,3.3000,0,1.0000
2021092611,1857,43399,Tyler Higbee,3,True,pass_block,inline,53461,LEO,0.1176,1.8000,False,1.8000,0,0.9984,0.9151,0.6943,0.0186,0.0186,,,,,0,0.0000
2021092611,1948,35481,Rob Gronkowski,3,True,chip_release,inline,43298,LOLB,0.1615,1.2000,False,1.2000,0,0.9996,0.9399,0.7594,0.0002,0.0002,3.0000,3.0000,3.0000,3.0000,0,0.0000
2021092611,2057,35481,Rob Gronkowski,3,True,pass_block,inline,41239,REO,0.1434,3.3000,False,2.4000,1,0.9989,0.8115,0.3842,0.1915,-0.8085,2.4000,2.4000,2.4000,2.4000,1,1.0000
2021092611,2131,35481,Rob Gronkowski,3,True,pass_block,inline,43298,LEO,0.1615,2.4000,False,2.4000,1,0.9995,0.8808,0.5354,0.1198,-0.8802,2.4000,2.4000,2.4000,2.4000,0,1.0000
2021092611,2280,43399,Tyler Higbee,3,True,chip_release,inline,53461,ROLB,0.1176,2.1000,False,2.1000,0,0.9998,0.9894,0.9209,0.0031,0.0031,,,,,0,1.0000
2021092611,2428,44831,O.J. Howard,3,True,pass_block,inline,43335,RE,0.0976,2.8000,False,2.8000,0,0.9976,0.9912,0.9194,0.0322,0.0322,,,,,0,1.0000
2021092611,2663,43399,Tyler Higbee,3,True,chip_release,inline,53461,ROLB,0.1176,1.6000,False,1.6000,0,0.9996,0.9840,0.8836,0.0004,0.0004,,,,,0,0.0000
2021092611,2733,43399,Tyler Higbee,3,True,chip_release,detached,41915,LOLB,0.1776,1.2000,False,1.2000,0,0.9994,0.9740,0.8633,0.0003,0.0003,,,,,0,0.0000
2021092611,3118,35481,Rob Gronkowski,3,True,pass_block,inline,47939,ROLB,0.1006,3.2000,False,3.2000,0,0.9994,0.9356,0.6084,0.2584,0.2584,,,,,0,0.0000
2021092611,3319,45094,Johnny Mundt,3,True,pass_block,inline,41915,LOLB,0.1776,2.7000,False,2.7000,0,0.9971,0.9565,0.7656,0.0437,0.0437,,,,,0,0.0000
2021092611,3800,45094,Johnny Mundt,3,True,pass_block,inline,41915,LOLB,0.1776,3.8000,False,3.8000,0,0.9976,0.9860,0.9467,0.0994,0.0994,,,,,0,1.0000
2021092612,54,44856,Gerald Everett,3,True,pass_block,wing,42431,LOLB,0.1515,3.9000,False,2.9000,1,0.9958,0.9856,0.9681,0.0219,-0.9781,3.3000,3.1000,2.9000,2.8000,1,1.0000
2021092612,505,46189,Will Dissly,3,True,pass_block,inline,42431,LEO,0.1515,7.9000,False,7.9000,0,0.9993,0.9629,0.7937,1.0190,1.0190,,,,,0,1.0000
2021092612,717,44856,Gerald Everett,3,True,pass_block,detached,42431,LEO,0.1515,4.5000,False,4.5000,0,0.9986,0.9674,0.9251,0.1431,0.1431,,,,,0,1.0000
2021092612,1056,46226,Tyler Conklin,3,True,pass_block,inline,43318,LE,0.0890,3.0000,False,3.0000,0,0.9981,0.9935,0.9464,0.0189,0.0189,,,,,0,0.0000
2021092612,1448,52962,Tyler Mabry,3,True,chip_release,inline,42431,LEO,0.1515,1.8000,False,1.8000,0,0.9996,0.9657,0.8331,0.0046,0.0046,,,,2.9000,0,1.0000
2021092612,1871,46226,Tyler Conklin,3,True,pass_block,inline,52456,ROLB,0.1385,2.7000,False,2.7000,0,0.9994,0.9690,0.7850,0.0312,0.0312,,,,,0,0.0000
2021092612,1968,44856,Gerald Everett,3,True,chip_release,inline,42431,LEO,0.1515,3.0000,False,3.0000,0,0.9995,0.9676,0.7759,0.1137,0.1137,,,,,0,0.0000
2021092612,2211,52725,Ben Ellefson,3,True,pass_block,inline,43318,RE,0.0890,2.9000,False,2.9000,0,0.9991,0.9962,0.9695,0.0103,0.0103,,,,,0,0.0000
2021092612,3468,46189,Will Dissly,3,True,pass_block,detached,52525,REO,0.0928,4.0000,False,4.0000,0,0.9994,0.9670,0.8144,0.3248,0.3248,,,,,0,1.0000
2021092612,3530,46189,Will Dissly,3,True,chip_release,detached,42431,LEO,0.1515,2.7000,False,2.7000,0,0.9992,0.9051,0.6203,0.0954,0.0954,,,3.8000,3.6000,0,1.0000
2021092612,3632,46226,Tyler Conklin,3,True,pass_block,inline,52456,ROLB,0.1385,2.3000,False,2.1000,1,0.9995,0.9298,0.7352,0.0707,-0.9293,2.3000,2.2000,2.1000,2.0000,1,1.0000
2021092613,527,52502,Josiah Deguara,3,True,chip_release,detached,44938,REO,0.0875,2.5000,False,2.5000,0,0.9996,0.9870,0.8850,0.0130,0.0130,,,,,0,0.0000
2021092613,931,45635,Robert Tonyan,3,True,pass_block,inline,47785,REO,0.1536,3.2000,False,3.2000,0,0.9993,0.8489,0.5041,0.3942,0.3942,,,,,1,1.0000
2021092613,1007,46331,Ross Dwelley,3,True,chip_release,inline,52650,LOLB,0.1204,0.9000,False,0.9000,0,0.9991,0.9726,0.7305,0.0006,0.0006,,,3.3000,3.2000,0,1.0000
2021092613,1174,52502,Josiah Deguara,3,True,pass_block,inline,47785,RE,0.1536,3.5000,False,3.3000,1,0.9994,0.9615,0.8742,0.1316,-0.8684,,3.5000,3.3000,3.1000,0,1.0000
2021092613,1306,44959,George Kittle,3,True,pass_block,inline,47933,DLT,0.0953,3.0000,False,3.0000,0,0.9998,0.9964,0.9593,0.0174,0.0174,,,,,0,0.0000
2021092613,1379,44959,George Kittle,3,True,pass_block,inline,47933,REO,0.0953,5.8000,False,5.8000,0,0.9985,0.9937,0.9390,0.2201,0.2201,,,,,0,1.0000
2021092613,1543,45635,Robert Tonyan,3,True,chip_release,detached,47785,REO,0.1536,1.1000,False,1.1000,0,0.9986,0.9223,0.7871,0.0008,0.0008,,,,,0,0.0000
2021092613,2133,44959,George Kittle,3,True,pass_block,backfield,42381,ROLB,0.0959,2.0000,False,2.0000,0,0.9991,0.9195,0.6830,0.0176,0.0176,,,,2.0000,0,0.0000
2021092613,2258,44959,George Kittle,3,True,chip_release,wing,42381,ROLB,0.0959,1.1000,False,1.1000,0,0.9984,0.9952,0.9852,0.0010,0.0010,,3.4000,3.3000,3.1000,0,1.0000
2021092613,2453,52598,Charlie Woerner,3,True,pass_block,inline,47795,LOLB,0.1573,3.5000,False,3.5000,0,0.9993,0.9377,0.6291,0.4243,0.4243,,,,,0,0.0000
2021092613,2552,44959,George Kittle,3,True,pass_block,inline,43404,ROLB,0.1221,2.7000,False,2.7000,0,0.9993,0.9534,0.8181,0.0470,0.0470,,,,,0,1.0000
2021092613,2792,44959,George Kittle,3,True,pass_block,inline,47795,LOLB,0.1573,2.5000,False,2.5000,0,0.9995,0.8987,0.5804,0.1018,0.1018,,,,,0,1.0000
2021092613,2856,52502,Josiah Deguara,3,True,chip_release,detached,47785,REO,0.1536,2.0000,True,2.0000,0,0.9998,0.9856,0.9027,0.0022,0.0022,,,,,0,0.0000
2021092613,2906,45635,Robert Tonyan,3,True,chip_release,detached,47785,REO,0.1536,2.7000,False,2.7000,0,0.9997,0.9799,0.8847,0.0201,0.0201,,,,,0,1.0000
2021092613,3356,52598,Charlie Woerner,3,True,pass_block,inline,52650,REO,0.1204,2.3000,False,2.3000,0,0.9994,0.9599,0.8090,0.0403,0.0403,,,,,0,0.0000
2021092613,3548,30842,Marcedes Lewis,3,True,chip_release,wing,47785,REO,0.1536,3.3000,True,3.3000,0,0.9997,0.9820,0.9095,0.0933,0.0933,,,,,0,0.0000
2021092613,3613,45635,Robert Tonyan,3,True,chip_release,detached,47785,REO,0.1536,2.5000,True,2.5000,0,0.9989,0.9578,0.8361,0.0426,0.0426,,,,,0,0.0000
2021092613,3681,44959,George Kittle,3,True,pass_block,inline,47795,LOLB,0.1573,3.8000,False,3.8000,0,0.9845,0.9438,0.7303,0.4395,0.4395,,,,,0,1.0000
2021092613,4212,45635,Robert Tonyan,3,True,chip_release,detached,47785,REO,0.1536,1.8000,False,1.8000,0,0.9997,0.9807,0.8840,0.0024,0.0024,,,,,0,1.0000
2021092613,4284,45635,Robert Tonyan,3,True,chip_release,detached,41249,LEO,0.1314,1.6000,False,1.6000,0,0.9989,0.9309,0.8109,0.0011,0.0011,,,,,0,0.0000
2021092700,145,46206,Dalton Schultz,3,True,pass_block,inline,53502,LE,0.0872,3.7000,False,3.7000,0,0.9952,0.9871,0.9171,0.0851,0.0851,,,,,0,0.0000
2021092700,943,45532,Blake Jarwin,3,True,chip_release,inline,46199,LEO,0.1247,1.0000,False,1.0000,0,0.9962,0.9856,0.9521,0.0023,0.0023,,,,,0,0.0000
2021092700,1403,45532,Blake Jarwin,3,True,chip_release,inline,37089,LOLB,0.1290,1.8000,False,1.8000,0,0.9970,0.9859,0.9641,0.0059,0.0059,,,3.2000,2.9000,0,1.0000
2021092700,1913,47840,J.J. Arcega-Whiteside,3,True,pass_block,wing,53441,ROLB,0.1526,4.0000,False,3.2000,1,0.9989,0.9907,0.9262,0.0755,-0.9245,3.2000,3.2000,3.2000,3.2000,0,1.0000
2021092700,1913,53946,Jack Stoll,3,True,pass_block,inline,53441,ROLB,0.1526,4.0000,False,3.2000,1,0.9990,0.9915,0.9232,0.0786,-0.9214,3.2000,3.2000,3.2000,3.2000,0,1.0000
2021092700,2178,46118,Dallas Goedert,3,True,pass_block,inline,42403,LOLB,0.1624,1.9000,False,1.9000,0,0.9989,0.9500,0.7588,0.0098,0.0098,,,,,0,0.0000
2021092700,2530,39983,Zach Ertz,3,True,chip_release,detached,42403,ROLB,0.1624,2.3000,False,2.3000,0,0.9995,0.9675,0.8230,0.0326,0.0326,,,3.8000,3.7000,0,1.0000
2021092700,2766,46206,Dalton Schultz,3,True,pass_block,inline,46199,LOLB,0.1247,4.0000,False,2.4000,1,0.9974,0.9231,0.5837,0.0774,-0.9226,2.4000,2.4000,2.4000,2.3000,1,1.0000
2021092700,3482,39983,Zach Ertz,3,True,chip_release,detached,42403,REO,0.1624,1.2000,False,1.2000,0,0.9989,0.9273,0.7142,0.0007,0.0007,,,,,0,1.0000
2021092700,3544,46118,Dallas Goedert,3,True,chip_release,detached,53513,LOLB,0.0999,1.9000,False,1.9000,0,0.9992,0.9673,0.8701,0.0065,0.0065,8.5000,8.0000,7.9000,7.8000,0,1.0000
2021092700,3795,46118,Dallas Goedert,3,True,chip_release,inline,42403,LOLB,0.1624,2.9000,False,2.9000,0,0.9983,0.9007,0.6581,0.2533,0.2533,,,,,0,1.0000
2021093000,209,45785,Dan Arnold,4,True,pass_block,detached,44915,REO,0.1618,2.7000,False,2.6000,1,0.9995,0.9660,0.8356,0.0975,-0.9025,,2.7000,2.6000,2.5000,1,1.0000
2021093000,599,45281,Jacob Hollister,4,True,chip_release,inline,46146,LOLB,0.1029,1.6000,False,1.6000,0,0.9994,0.9381,0.7023,0.0006,0.0006,,,,2.8000,0,1.0000
2021093000,957,47835,Drew Sample,4,True,pass_block,inline,44880,LOLB,0.1421,3.0000,False,3.0000,0,0.9981,0.9593,0.7328,0.1543,0.1543,,,,,0,0.0000
2021093000,981,47835,Drew Sample,4,True,pass_block,inline,44880,LOLB,0.1421,5.9000,False,3.0000,1,0.9972,0.9528,0.7622,0.1227,-0.8773,3.7000,3.2000,3.0000,2.9000,1,1.0000
2021093000,1452,42302,Chris Manhertz,4,True,pass_block,inline,44915,ROLB,0.1618,4.7000,False,4.7000,0,0.9932,0.9579,0.8797,0.2453,0.2453,,,,,0,0.0000
2021093000,2387,42302,Chris Manhertz,4,True,pass_block,inline,46146,LEO,0.1029,4.5000,False,4.5000,0,0.9995,0.9718,0.7961,0.4627,0.4627,,,,,0,1.0000
2021093000,2867,47835,Drew Sample,4,True,chip_release,inline,47790,ROLB,0.1455,2.0000,True,2.0000,0,0.9996,0.9691,0.8417,0.0040,0.0040,,,,,0,0.0000
2021093000,3073,45281,Jacob Hollister,4,True,pass_block,detached,46146,LOLB,0.1029,2.6000,False,2.6000,0,0.9980,0.9620,0.9310,0.0384,0.0384,,,,,0,0.0000
2021093000,3163,42302,Chris Manhertz,4,True,chip_release,inline,46146,LEO,0.1029,1.2000,False,1.2000,0,0.9993,0.9847,0.9435,0.0005,0.0005,,,,,0,0.0000
2021100300,142,37234,Lee Smith,4,True,pass_block,inline,43441,LE,0.1314,2.1000,False,2.1000,0,0.9946,0.9767,0.9227,0.0086,0.0086,,,,,0,0.0000
2021100300,142,46094,Hayden Hurst,4,True,pass_block,wing,52410,LOLB,0.1133,2.1000,False,2.1000,0,0.9953,0.8866,0.4924,0.0116,0.0116,,,,,0,0.0000
2021100300,208,46094,Hayden Hurst,4,True,pass_block,inline,47809,LEO,0.1176,2.5000,False,2.5000,0,0.9992,0.9138,0.6873,0.0869,0.0869,,,,,0,0.0000
2021100300,317,46094,Hayden Hurst,4,True,chip_release,inline,52637,REO,0.0811,2.1000,False,2.1000,0,0.9998,0.9745,0.8562,0.0019,0.0019,,,,,0,0.0000
2021100300,667,37234,Lee Smith,4,True,chip_release,inline,47809,ROLB,0.1176,2.5000,True,2.5000,0,0.9976,0.9486,0.6787,0.0516,0.0516,,,,,0,0.0000
2021100300,1056,46094,Hayden Hurst,4,True,pass_block,inline,52410,LEO,0.1133,3.4000,False,3.4000,1,0.9994,0.9567,0.6641,0.3769,-0.6231,3.4000,3.4000,3.4000,3.3000,0,0.0000
2021100300,1246,45481,Ricky Seals-Jones,4,True,chip_release,inline,42346,REO,0.1125,1.8000,False,1.8000,0,0.9997,0.9626,0.6791,0.0025,0.0025,2.7000,2.7000,2.7000,2.7000,0,0.0000
2021100300,1514,45481,Ricky Seals-Jones,4,True,chip_release,inline,40095,ROLB,0.1005,2.0000,False,2.0000,0,0.9996,0.9837,0.9035,0.0025,0.0025,,,,,0,0.0000
2021100300,1632,45481,Ricky Seals-Jones,4,True,chip_release,inline,40095,LOLB,0.1005,1.9000,False,1.9000,0,0.9996,0.9684,0.7201,0.0023,0.0023,,,,,0,0.0000
2021100300,1868,46094,Hayden Hurst,4,True,chip_release,inline,52637,REO,0.0811,2.1000,False,2.1000,0,0.9981,0.9173,0.6173,0.0054,0.0054,,,,,0,0.0000
2021100300,1963,46094,Hayden Hurst,4,True,chip_release,inline,52410,LOLB,0.1133,1.8000,False,1.8000,0,0.9993,0.9485,0.7255,0.0076,0.0076,,,,,0,0.0000
2021100300,1985,46094,Hayden Hurst,4,True,pass_block,inline,52410,LOLB,0.1133,2.1000,False,2.1000,0,0.9996,0.9888,0.9663,0.0044,0.0044,,,,,0,0.0000
2021100300,2316,37234,Lee Smith,4,True,pass_block,inline,52410,LOLB,0.1133,2.4000,False,2.4000,0,0.9978,0.9382,0.5058,0.0621,0.0621,,,,,0,0.0000
2021100300,2562,45481,Ricky Seals-Jones,4,True,chip_release,detached,40095,LOLB,0.1005,1.7000,False,1.7000,0,0.9993,0.9610,0.5677,0.0007,0.0007,,,,,0,0.0000
2021100300,2610,45481,Ricky Seals-Jones,4,True,pass_block,wing,42346,ROLB,0.1125,4.7000,False,4.7000,0,0.9904,0.9734,0.9559,0.0637,0.0637,,,,,0,0.0000
2021100300,2757,45481,Ricky Seals-Jones,4,True,pass_block,detached,40463,LOLB,0.1080,3.3000,False,3.3000,0,0.9994,0.9314,0.5467,0.5363,0.5363,,,,,0,0.0000
2021100300,2921,46094,Hayden Hurst,4,True,pass_block,inline,52637,REO,0.0811,3.3000,False,3.3000,1,0.9993,0.9202,0.5975,0.4686,-0.5314,,,3.3000,3.2000,1,1.0000
2021100300,3606,45481,Ricky Seals-Jones,4,True,chip_release,inline,40463,LOLB,0.1080,1.4000,False,1.4000,0,0.9997,0.9698,0.8071,0.0003,0.0003,,,,,0,0.0000
2021100300,3642,45481,Ricky Seals-Jones,4,True,pass_block,inline,40463,LOLB,0.1080,3.4000,False,3.4000,0,0.9983,0.9475,0.6860,0.3508,0.3508,,,,,0,0.0000
2021100300,3642,53553,John Bates,4,True,pass_block,inline,40463,LOLB,0.1080,3.4000,False,3.4000,0,0.9992,0.9931,0.9085,0.0939,0.0939,,,,,0,0.0000
2021100300,3687,53553,John Bates,4,True,pass_block,inline,40095,LOLB,0.1005,4.5000,False,4.3000,1,0.9982,0.9872,0.8906,0.2170,-0.7830,4.3000,4.3000,4.3000,4.3000,0,0.0000
2021100300,3763,45481,Ricky Seals-Jones,4,True,chip_release,inline,40095,ROLB,0.1005,2.0000,False,2.0000,0,0.9996,0.9837,0.7500,0.0024,0.0024,,,,,0,1.0000
2021100300,3858,53553,John Bates,4,True,pass_block,inline,42346,LOLB,0.1125,4.8000,False,2.5000,1,0.9980,0.9803,0.8889,0.0198,-0.9802,3.0000,2.6000,2.5000,2.3000,1,1.0000
2021100300,3932,53553,John Bates,4,True,pass_block,detached,42346,LOLB,0.1125,3.1000,False,3.1000,0,0.9970,0.9628,0.7995,0.1075,0.1075,,,,,0,1.0000
2021100300,4138,45481,Ricky Seals-Jones,4,True,chip_release,detached,42346,REO,0.1125,2.7000,False,2.7000,0,0.9996,0.9355,0.6406,0.0650,0.0650,,,,,0,0.0000
2021100300,4395,46094,Hayden Hurst,4,True,chip_release,detached,52410,LEO,0.1133,1.5000,False,1.5000,0,0.9994,0.9692,0.8109,0.0006,0.0006,,,,,0,1.0000
2021100300,4479,46094,Hayden Hurst,4,True,chip_release,inline,47809,REO,0.1176,1.9000,False,1.9000,0,0.9997,0.9833,0.9093,0.0025,0.0025,3.4000,3.3000,3.2000,3.1000,0,0.0000
2021100300,4479,53433,Kyle Pitts,4,True,chip_release,detached,52410,LOLB,0.1133,1.7000,False,1.7000,0,0.9992,0.9740,0.9118,0.0008,0.0008,2.9000,2.9000,2.9000,2.9000,0,0.0000
2021100301,59,45321,Antony Auclair,4,True,pass_block,detached,35470,REO,0.1421,5.2000,False,4.0000,1,0.9988,0.8561,0.6604,0.5381,-0.4619,4.6000,4.2000,4.0000,3.8000,0,1.0000
2021100301,198,47879,Dawson Knox,4,True,pass_block,wing,52498,REO,0.1439,2.6000,False,2.5000,1,0.9983,0.9921,0.9538,0.0079,-0.9921,,,2.5000,2.3000,0,0.0000
2021100301,292,45321,Antony Auclair,4,True,pass_block,inline,37841,REO,0.1125,2.4000,False,2.4000,0,0.9987,0.9788,0.9534,0.0213,0.0213,,,,,0,1.0000
2021100301,449,45321,Antony Auclair,4,True,pass_block,wing,53490,LEO,0.1257,3.7000,False,3.7000,0,0.9957,0.9859,0.9675,0.0329,0.0329,,,,,0,0.0000
2021100301,909,47879,Dawson Knox,4,True,pass_block,inline,38556,REO,0.0884,5.4000,False,5.4000,0,0.9971,0.9897,0.9398,0.2740,0.2740,,,,,0,1.0000
2021100301,909,48011,Tommy Sweeney,4,True,pass_block,inline,38556,REO,0.0884,5.4000,False,5.4000,0,0.9967,0.9871,0.9383,0.2814,0.2814,,,,,0,1.0000
2021100301,1456,47879,Dawson Knox,4,True,pass_block,backfield,44922,NRT,0.1130,3.1000,False,3.1000,0,0.9853,0.9628,0.8688,0.0709,0.0709,,,,2.9000,0,1.0000
2021100301,2076,47879,Dawson Knox,4,True,pass_block,inline,47944,LEO,0.1281,3.3000,False,3.3000,0,0.9966,0.9860,0.9307,0.0709,0.0709,,,,,0,0.0000
2021100301,2168,47879,Dawson Knox,4,True,chip_release,detached,46255,REO,0.1113,1.6000,False,1.6000,0,0.9981,0.9761,0.8930,0.0019,0.0019,,,,,0,1.0000
2021100301,2575,45339,Pharaoh Brown,4,True,chip_release,inline,53490,REO,0.1257,2.0000,False,2.0000,0,0.9993,0.9354,0.7488,0.0074,0.0074,,,,,0,1.0000
2021100301,2903,47879,Dawson Knox,4,True,chip_release,inline,47944,LEO,0.1281,1.5000,False,1.5000,0,0.9948,0.9802,0.9546,0.0052,0.0052,,,,,0,0.0000
2021100301,3506,48011,Tommy Sweeney,4,True,pass_block,inline,38556,REO,0.0884,2.9000,False,2.9000,0,0.9972,0.9880,0.9584,0.0231,0.0231,,,,,0,0.0000
2021100301,3697,45339,Pharaoh Brown,4,True,chip_release,detached,52462,REO,0.1530,2.0000,False,2.0000,0,0.9995,0.9655,0.8183,0.0039,0.0039,,,,,0,0.0000
2021100301,3736,45339,Pharaoh Brown,4,True,chip_release,inline,53459,LEO,0.1378,1.8000,False,1.8000,0,0.9996,0.9689,0.8400,0.0045,0.0045,,,,3.0000,0,0.0000
2021100302,208,52451,Cole Kmet,4,True,pass_block,inline,43775,LEO,0.1638,3.7000,False,3.7000,0,0.9906,0.9069,0.6826,0.3582,0.3582,,,,,0,0.0000
2021100302,401,47791,T.J. Hockenson,4,True,chip_release,inline,42443,LEO,0.1113,1.4000,False,1.4000,0,0.9971,0.9901,0.9696,0.0029,0.0029,,,,,0,0.0000
2021100302,580,47791,T.J. Hockenson,4,True,chip_release,inline,37087,REO,0.1375,1.7000,False,1.7000,0,0.9993,0.9276,0.7418,0.0007,0.0007,,,,,0,1.0000
2021100302,2054,47791,T.J. Hockenson,4,True,chip_release,inline,37087,REO,0.1375,1.2000,False,1.2000,0,0.9990,0.8702,0.6080,0.0006,0.0006,,,,,0,0.0000
2021100302,2336,52451,Cole Kmet,4,True,pass_block,inline,44834,ROLB,0.1453,3.4000,False,3.4000,0,0.9971,0.9547,0.6764,0.3614,0.3614,,,,,0,0.0000
2021100302,2382,52451,Cole Kmet,4,True,chip_release,backfield,47900,LEO,0.1141,1.9000,False,1.9000,0,0.9993,0.8838,0.4976,0.0051,0.0051,,,,2.6000,0,0.0000
2021100302,2940,35534,Jimmy Graham,4,True,pass_block,inline,47900,LEO,0.1141,5.0000,False,5.0000,0,0.9952,0.9764,0.9196,0.2090,0.2090,,,,,0,0.0000
2021100302,2992,35534,Jimmy Graham,4,True,pass_block,inline,44834,ROLB,0.1453,3.7000,False,3.7000,0,0.9973,0.9429,0.7008,0.3330,0.3330,,,,,0,0.0000
2021100302,2992,52451,Cole Kmet,4,True,pass_block,wing,44834,ROLB,0.1453,3.7000,False,3.7000,0,0.9935,0.9613,0.8069,0.2060,0.2060,,,,,0,0.0000
2021100302,3288,39907,Darren Fells,4,True,pass_block,inline,52563,LOLB,0.1325,3.6000,False,3.6000,0,0.9980,0.9733,0.7987,0.2146,0.2146,,,,,0,0.0000
2021100302,3331,47791,T.J. Hockenson,4,True,chip_release,detached,52563,LOLB,0.1325,2.0000,False,2.0000,0,0.9992,0.9620,0.8244,0.0067,0.0067,,,,,0,0.0000
2021100302,3524,52451,Cole Kmet,4,True,pass_block,inline,44834,REO,0.1453,4.9000,False,3.3000,1,0.9966,0.9100,0.6104,0.4511,-0.5489,3.7000,3.5000,3.3000,3.2000,1,1.0000
2021100302,3946,47791,T.J. Hockenson,4,True,chip_release,inline,37087,REO,0.1375,1.3000,False,1.3000,0,0.9988,0.9193,0.6359,0.0012,0.0012,,,,,0,0.0000
2021100302,3982,47791,T.J. Hockenson,4,True,chip_release,inline,37087,ROLB,0.1375,1.3000,False,1.3000,0,0.9995,0.9581,0.8182,0.0005,0.0005,3.4000,3.4000,3.4000,3.4000,0,0.0000
2021100302,4116,52451,Cole Kmet,4,True,pass_block,inline,44834,ROLB,0.1453,2.2000,False,2.2000,0,0.9985,0.8873,0.6490,0.0304,0.0304,,,,,0,0.0000
2021100303,370,45532,Blake Jarwin,4,True,chip_release,wing,47799,LOLB,0.1214,3.0000,False,3.0000,0,0.9975,0.9784,0.8365,0.0794,0.0794,,,,,0,0.0000
2021100303,370,46206,Dalton Schultz,4,True,chip_release,inline,47799,LOLB,0.1214,3.4000,False,3.4000,0,0.9967,0.9710,0.8062,0.2064,0.2064,,,,,0,0.0000
2021100303,559,46170,Ian Thomas,4,True,pass_block,inline,41363,LEO,0.1006,3.5000,False,3.5000,0,0.9978,0.9896,0.9137,0.0884,0.0884,,,,,0,0.0000
2021100303,1072,45532,Blake Jarwin,4,True,pass_block,wing,47799,LOLB,0.1214,3.2000,False,3.2000,0,0.9975,0.9820,0.8515,0.0707,0.0707,,,,,0,0.0000
2021100303,1072,46206,Dalton Schultz,4,True,pass_block,inline,47799,LOLB,0.1214,3.2000,False,3.2000,0,0.9963,0.9767,0.8514,0.0762,0.0762,,,,,0,0.0000
2021100303,1233,46170,Ian Thomas,4,True,chip_release,detached,53513,LEO,0.1163,1.6000,False,1.6000,0,0.9993,0.9774,0.8717,0.0007,0.0007,,3.4000,3.2000,3.0000,0,0.0000
2021100303,1294,46170,Ian Thomas,4,True,chip_release,inline,42403,ROLB,0.1679,2.1000,False,2.1000,0,0.9997,0.9771,0.8707,0.0030,0.0030,,,,,0,0.0000
2021100303,1339,46170,Ian Thomas,4,True,pass_block,inline,44892,LOLB,0.0781,3.8000,False,3.8000,0,0.9984,0.9853,0.8147,0.2940,0.2940,,,,,0,0.0000
2021100303,1365,46170,Ian Thomas,4,True,chip_release,detached,53513,LOLB,0.1163,1.7000,False,1.7000,0,0.9995,0.9776,0.8808,0.0005,0.0005,,,,,0,1.0000
2021100303,1476,46170,Ian Thomas,4,True,pass_block,inline,43533,ROLB,0.1623,3.2000,False,3.2000,0,0.9958,0.9210,0.6374,0.2380,0.2380,,,,,0,1.0000
2021100303,2637,46206,Dalton Schultz,4,True,chip_release,inline,47799,LOLB,0.1214,1.5000,False,1.5000,0,0.9921,0.9660,0.9195,0.0079,0.0079,,,,,0,0.0000
2021100303,2662,46206,Dalton Schultz,4,True,chip_release,inline,52415,DLT,0.1010,3.4000,False,3.4000,0,0.9976,0.9809,0.9178,0.0845,0.0845,,,,,0,1.0000
2021100303,2713,46170,Ian Thomas,4,True,pass_block,inline,44892,LOLB,0.0781,6.6000,False,6.6000,0,0.9986,0.9885,0.9324,0.2227,0.2227,,,,,0,1.0000
2021100303,3026,45594,Colin Thompson,4,True,pass_block,inline,53039,ROLB,0.1206,3.7000,False,3.7000,0,0.9933,0.9614,0.7987,0.2160,0.2160,,,,,0,0.0000
2021100303,3219,53512,Tommy Tremble,4,True,chip_release,detached,53513,ROLB,0.1163,2.0000,False,2.0000,0,0.9994,0.9694,0.8573,0.0098,0.0098,,,,,0,1.0000
2021100303,3392,46170,Ian Thomas,4,True,pass_block,inline,53513,LOLB,0.1163,2.9000,False,2.9000,0,0.9995,0.9363,0.6523,0.2224,0.2224,,,,,0,0.0000
2021100303,3493,46170,Ian Thomas,4,True,pass_block,inline,53513,LOLB,0.1163,2.2000,False,2.2000,0,0.9996,0.9729,0.8482,0.0040,0.0040,,,,,0,1.0000
2021100303,3612,46206,Dalton Schultz,4,True,chip_release,detached,44825,LOLB,0.1271,2.3000,False,2.3000,0,0.9994,0.8915,0.6246,0.1091,0.1091,,,,,0,0.0000
2021100303,3703,46170,Ian Thomas,4,True,chip_release,detached,53513,ROLB,0.1163,1.7000,False,1.7000,0,0.9995,0.9566,0.7746,0.0006,0.0006,,,,,0,0.0000
2021100304,258,44857,Adam Shaheen,4,True,pass_block,backfield,46121,REO,0.0954,3.4000,False,3.4000,0,0.9947,0.9544,0.7916,0.2245,0.2245,,,,,0,0.0000
2021100304,258,46192,Durham Smythe,4,True,pass_block,inline,46121,REO,0.0954,3.4000,False,3.4000,0,0.9979,0.9880,0.9146,0.0877,0.0877,,,,,0,0.0000
2021100304,602,44857,Adam Shaheen,4,True,pass_block,backfield,45009,REO,0.0963,3.6000,False,3.6000,0,0.9966,0.9495,0.7493,0.2740,0.2740,,,,,0,0.0000
2021100304,602,46192,Durham Smythe,4,True,pass_block,inline,45009,REO,0.0963,3.6000,False,3.6000,0,0.9953,0.9031,0.6686,0.3764,0.3764,,,,,0,0.0000
2021100304,703,44857,Adam Shaheen,4,True,pass_block,inline,46121,REO,0.0954,3.2000,False,3.2000,0,0.9981,0.9883,0.8942,0.0464,0.0464,,,,,0,0.0000
2021100304,1219,53556,Kylen Granson,4,True,pass_block,detached,43321,LEO,0.1237,2.5000,False,2.5000,1,0.9994,0.9493,0.6464,0.0509,-0.9491,2.5000,2.5000,2.5000,2.5000,0,0.0000
2021100304,1839,46111,Mike Gesicki,4,True,chip_release,inline,45009,REO,0.0963,2.0000,False,2.0000,0,0.9997,0.9714,0.7758,0.0015,0.0015,3.9000,3.7000,3.6000,3.5000,0,1.0000
2021100304,2383,53556,Kylen Granson,4,True,chip_release,inline,53447,LEO,0.0903,1.8000,False,1.8000,0,0.9995,0.9495,0.6139,0.0027,0.0027,2.9000,2.9000,2.9000,2.9000,0,1.0000
2021100304,2948,46111,Mike Gesicki,4,True,pass_block,detached,47832,LEO,0.1122,2.2000,False,2.2000,0,0.9994,0.9540,0.6889,0.0042,0.0042,,,,,0,0.0000
2021100305,200,52725,Ben Ellefson,4,True,pass_block,inline,41227,LEO,0.1436,4.0000,False,0.9000,1,0.9972,0.9630,0.7419,0.0017,-0.9983,,,0.9000,0.7000,0,0.0000
2021100305,251,46226,Tyler Conklin,4,True,pass_block,inline,47948,REO,0.0974,3.0000,False,3.0000,0,0.9987,0.9746,0.6326,0.2084,0.2084,,,,,0,0.0000
2021100305,555,43370,Austin Hooper,4,True,pass_block,detached,52525,ROLB,0.0850,3.4000,False,3.4000,0,0.9998,0.9896,0.8908,0.1128,0.1128,,,,,0,0.0000
2021100305,888,43370,Austin Hooper,4,True,pass_block,inline,52525,REO,0.0850,3.2000,False,3.2000,0,0.9992,0.9925,0.9274,0.0300,0.0300,,,,,0,0.0000
2021100305,936,44841,David Njoku,4,True,pass_block,backfield,52525,REO,0.0850,1.8000,False,1.8000,0,0.9980,0.6767,0.3168,0.0702,0.0702,,,,,0,0.0000
2021100305,1003,46226,Tyler Conklin,4,True,pass_block,wing,44813,REO,0.1814,3.1000,False,3.1000,0,0.9970,0.9631,0.8039,0.0884,0.0884,,,,,1,1.0000
2021100305,1003,52725,Ben Ellefson,4,True,pass_block,inline,44813,REO,0.1814,3.1000,False,3.1000,0,0.9916,0.9479,0.7879,0.1117,0.1117,,,,,0,1.0000
2021100305,1262,44841,David Njoku,4,True,pass_block,inline,52525,LE,0.0850,5.0000,False,5.0000,0,0.9996,0.9873,0.9329,0.1427,0.1427,,,,,0,0.0000
2021100305,1553,44841,David Njoku,4,True,pass_block,inline,52525,REO,0.0850,2.6000,False,2.6000,0,0.9987,0.9889,0.9215,0.0111,0.0111,,,,,0,0.0000
2021100305,1646,44841,David Njoku,4,True,pass_block,inline,42431,LEO,0.1498,2.6000,False,2.6000,0,0.9987,0.9864,0.8926,0.0137,0.0137,,,,,0,0.0000
2021100305,1859,46226,Tyler Conklin,4,True,chip_release,inline,44838,LOLB,0.1320,2.6000,False,2.6000,0,0.9994,0.9217,0.6926,0.0787,0.0787,,,,,0,1.0000
2021100305,2023,43370,Austin Hooper,4,True,pass_block,inline,42431,LEO,0.1498,3.2000,False,3.2000,0,0.9995,0.9437,0.6338,0.2361,0.2361,,,,,0,0.0000
2021100305,2052,43370,Austin Hooper,4,True,pass_block,inline,52525,REO,0.0850,3.8000,False,3.8000,0,0.9993,0.9921,0.9818,0.0228,0.0228,,,,,0,0.0000
2021100305,2538,44841,David Njoku,4,True,pass_block,inline,42431,REO,0.1498,3.9000,False,3.3000,1,0.9997,0.9498,0.7048,0.3276,-0.6724,3.3000,3.3000,3.3000,3.2000,0,1.0000
2021100305,2579,46226,Tyler Conklin,4,True,pass_block,inline,44813,REO,0.1814,4.5000,False,4.3000,1,0.9960,0.9519,0.8156,0.3667,-0.6333,,,4.3000,3.9000,0,1.0000
2021100305,2655,46226,Tyler Conklin,4,True,pass_block,detached,44813,REO,0.1814,2.8000,False,2.7000,1,0.9988,0.7719,0.4322,0.4895,-0.5105,,2.8000,2.7000,2.5000,1,1.0000
2021100305,2929,46226,Tyler Conklin,4,True,pass_block,inline,44838,LOLB,0.1320,4.7000,False,2.5000,1,0.9988,0.9751,0.7709,0.0250,-0.9750,2.5000,2.5000,2.5000,2.5000,0,1.0000
2021100305,2967,46176,Christopher Herndon,4,True,chip_release,inline,44838,REO,0.1320,2.0000,False,2.0000,0,0.9994,0.9267,0.7159,0.0081,0.0081,,,,,0,1.0000
2021100305,3091,46226,Tyler Conklin,4,True,chip_release,inline,44813,REO,0.1814,1.8000,False,1.8000,0,0.9994,0.9315,0.7787,0.0104,0.0104,,,3.2000,2.9000,0,1.0000
2021100305,3335,43370,Austin Hooper,4,True,pass_block,inline,42431,LEO,0.1498,3.3000,False,3.3000,0,0.9990,0.9899,0.8980,0.1050,0.1050,,,,,0,0.0000
2021100305,3497,46226,Tyler Conklin,4,True,pass_block,inline,41227,LE,0.1436,4.2000,False,3.0000,1,0.9942,0.9847,0.9619,0.0260,-0.9740,3.2000,3.2000,3.0000,2.1000,0,0.0000
2021100305,3611,43370,Austin Hooper,4,True,pass_block,inline,52525,REO,0.0850,3.0000,False,3.0000,0,0.9996,0.9729,0.8082,0.1132,0.1132,,,,,0,1.0000
2021100305,3958,43370,Austin Hooper,4,True,pass_block,inline,52525,REO,0.0850,3.4000,False,3.4000,0,0.9995,0.9960,0.9888,0.0112,0.0112,,,,,0,0.0000
2021100305,4125,46226,Tyler Conklin,4,True,chip_release,inline,44838,LOLB,0.1320,2.4000,False,2.4000,0,0.9994,0.9210,0.6987,0.0794,0.0794,,,,,0,1.0000
2021100305,4164,46226,Tyler Conklin,4,True,chip_release,inline,44838,LEO,0.1320,1.8000,False,1.8000,0,0.9994,0.9092,0.5691,0.0061,0.0061,,,,,0,0.0000
2021100305,4227,46226,Tyler Conklin,4,True,chip_release,detached,44838,LOLB,0.1320,1.9000,False,1.9000,0,0.9944,0.9142,0.7375,0.0156,0.0156,,,,,0,0.0000
2021100306,104,37118,Kyle Rudolph,4,True,pass_block,detached,34465,ROLB,0.0999,3.0000,False,3.0000,0,0.9990,0.9197,0.6277,0.2528,0.2528,,,,,0,1.0000
2021100306,679,37118,Kyle Rudolph,4,True,pass_block,inline,53457,LEO,0.1113,3.4000,False,3.4000,0,0.9938,0.9748,0.8157,0.1954,0.1954,,,,,0,0.0000
2021100306,679,44835,Evan Engram,4,True,chip_release,wing,53457,LEO,0.1113,2.3000,False,2.3000,0,0.9875,0.9452,0.7174,0.0556,0.0556,,,,,0,0.0000
2021100306,876,37118,Kyle Rudolph,4,True,pass_block,inline,37097,LEO,0.1248,3.5000,False,3.5000,0,0.9971,0.9727,0.7722,0.2446,0.2446,,,,,0,0.0000
2021100306,876,44835,Evan Engram,4,True,chip_release,wing,37097,LEO,0.1248,2.1000,False,2.1000,0,0.9970,0.9709,0.7740,0.0063,0.0063,,,,,0,0.0000
2021100306,956,47959,Kaden Smith,4,True,chip_release,inline,37097,LE,0.1248,1.9000,False,1.9000,0,0.9950,0.9874,0.9699,0.0075,0.0075,4.4000,4.4000,4.4000,4.3000,0,0.0000
2021100306,1192,37118,Kyle Rudolph,4,True,pass_block,inline,53457,LEO,0.1113,3.1000,False,3.1000,0,0.9943,0.9721,0.7901,0.1052,0.1052,,,,,0,0.0000
2021100306,1910,44075,Garrett Griffin,4,True,pass_block,wing,46135,LOLB,0.0869,3.8000,False,3.8000,0,0.9987,0.9897,0.9095,0.1504,0.1504,,,,,0,0.0000
2021100306,2033,37118,Kyle Rudolph,4,True,pass_block,inline,37097,LEO,0.1248,3.3000,False,3.3000,0,0.9962,0.9656,0.7841,0.2313,0.2313,,,,,0,0.0000
2021100306,2033,44835,Evan Engram,4,True,pass_block,wing,47888,LOLB,0.1296,3.3000,False,3.3000,0,0.9967,0.9234,0.6237,0.4330,0.4330,,,,,0,0.0000
2021100306,2139,37118,Kyle Rudolph,4,True,pass_block,inline,37097,LEO,0.1248,3.2000,False,3.2000,0,0.9959,0.9709,0.7764,0.1083,0.1083,,,,,0,0.0000
2021100306,2139,44835,Evan Engram,4,True,chip_release,wing,37097,LEO,0.1248,2.1000,False,2.1000,0,0.9933,0.9482,0.7434,0.0125,0.0125,,,,,0,0.0000
2021100306,2384,44075,Garrett Griffin,4,True,pass_block,inline,47878,ROLB,0.0950,3.9000,False,3.9000,0,0.9961,0.9815,0.8852,0.2217,0.2217,,,,,0,0.0000
2021100306,2384,52513,Adam Trautman,4,True,pass_block,inline,42349,LEO,0.0971,3.9000,False,3.6000,1,0.9954,0.9758,0.8407,0.2595,-0.7405,3.8000,3.8000,3.6000,3.5000,0,0.0000
2021100306,2968,37118,Kyle Rudolph,4,True,pass_block,inline,37097,REO,0.1248,3.4000,False,3.4000,0,0.9985,0.9604,0.7614,0.2590,0.2590,,,,,0,1.0000
2021100306,2968,44835,Evan Engram,4,True,chip_release,wing,37097,REO,0.1248,2.1000,False,2.1000,0,0.9983,0.9675,0.8087,0.0054,0.0054,,,,,0,1.0000
2021100306,3067,44835,Evan Engram,4,True,chip_release,detached,48537,ROLB,0.1410,1.7000,False,1.7000,0,0.9996,0.9599,0.7809,0.0004,0.0004,,,,,0,1.0000
2021100306,3324,44075,Garrett Griffin,4,True,pass_block,inline,47878,ROLB,0.0950,3.1000,False,3.1000,0,0.9908,0.8477,0.5524,0.3171,0.3171,,,,,0,0.0000
2021100306,3324,52513,Adam Trautman,4,True,pass_block,inline,47878,ROLB,0.0950,3.1000,False,3.1000,0,0.9960,0.9759,0.8027,0.0943,0.0943,,,,,0,0.0000
2021100306,3602,37118,Kyle Rudolph,4,True,chip_release,detached,53457,ROLB,0.1113,1.8000,False,1.8000,0,0.9995,0.9776,0.8850,0.0040,0.0040,,,,,0,0.0000
2021100306,3870,52942,Juwan Johnson,4,True,chip_release,inline,53479,LOLB,0.1042,1.3000,False,1.3000,0,0.9997,0.9826,0.8744,0.0003,0.0003,,,,,0,0.0000
2021100306,3947,37118,Kyle Rudolph,4,True,chip_release,wing,44871,LEO,0.1319,2.7000,False,2.7000,0,0.9996,0.9698,0.8014,0.0303,0.0303,,,,,0,0.0000
2021100306,3947,47959,Kaden Smith,4,True,pass_block,inline,44871,LEO,0.1319,3.3000,False,3.3000,0,0.9995,0.9560,0.7625,0.2577,0.2577,,,,,0,0.0000
2021100306,4025,44835,Evan Engram,4,True,chip_release,wing,53457,LEO,0.1113,1.1000,False,1.1000,0,0.9852,0.9544,0.8912,0.0093,0.0093,,,,,0,0.0000
2021100306,4114,37118,Kyle Rudolph,4,True,chip_release,detached,48537,REO,0.1410,3.1000,False,3.1000,0,0.9992,0.9646,0.8314,0.0991,0.0991,,,,,0,0.0000
2021100307,109,42428,Tyler Kroft,4,True,pass_block,detached,46457,ROLB,0.1355,2.6000,False,2.6000,0,0.9990,0.8582,0.4340,0.1437,0.1437,,,,,0,0.0000
2021100307,156,42486,MyCole Pruitt,4,True,pass_block,inline,53053,REO,0.1179,5.2000,False,5.2000,0,0.9974,0.9818,0.9523,0.1591,0.1591,,,,,0,0.0000
2021100307,203,42589,Geoff Swaim,4,True,pass_block,inline,53053,REO,0.1179,4.4000,False,3.0000,1,0.9983,0.9763,0.7925,0.0911,-0.9089,3.2000,3.1000,3.0000,2.9000,1,1.0000
2021100307,725,45355,Anthony Firkser,4,True,chip_release,detached,46204,LOLB,0.1283,2.4000,True,2.4000,0,0.9996,0.9701,0.8256,0.0300,0.0300,,,,,0,0.0000
2021100307,818,42486,MyCole Pruitt,4,True,pass_block,inline,43308,REO,0.1075,3.6000,False,3.6000,0,0.9937,0.7658,0.4210,0.7565,0.7565,,,,,0,1.0000
2021100307,984,40149,Ryan Griffin,4,True,pass_block,inline,46110,LOLB,0.1729,3.4000,False,3.4000,0,0.9961,0.8343,0.5470,0.5488,0.5488,,,,,0,0.0000
2021100307,1088,45355,Anthony Firkser,4,True,chip_release,detached,46204,LEO,0.1283,2.7000,False,2.7000,0,0.9990,0.9377,0.7357,0.0628,0.0628,3.5000,3.3000,3.2000,3.1000,0,1.0000
2021100307,1214,42428,Tyler Kroft,4,True,pass_block,detached,46457,ROLB,0.1355,2.4000,False,2.4000,0,0.9996,0.8973,0.6613,0.1032,0.1032,,,,,0,0.0000
2021100307,1254,40149,Ryan Griffin,4,True,pass_block,inline,46110,LEO,0.1729,2.7000,False,2.4000,1,0.9949,0.8403,0.5341,0.1624,-0.8376,2.4000,2.4000,2.4000,2.4000,0,0.0000
2021100307,1254,42428,Tyler Kroft,4,True,chip_release,inline,42031,ROLB,0.1554,1.1000,False,1.1000,0,0.9978,0.9376,0.7263,0.0014,0.0014,,,,,0,0.0000
2021100307,1283,42428,Tyler Kroft,4,True,chip_release,wing,48663,LEO,0.1044,0.9000,False,0.9000,0,0.9958,0.9877,0.9673,0.0027,0.0027,,,,,0,0.0000
2021100307,1779,45355,Anthony Firkser,4,True,chip_release,detached,46204,LEO,0.1283,2.5000,False,2.5000,0,0.9994,0.9632,0.7924,0.0369,0.0369,,,,,0,0.0000
2021100307,2005,45355,Anthony Firkser,4,True,chip_release,detached,53053,REO,0.1179,2.1000,False,2.1000,0,0.9985,0.8527,0.6248,0.0256,0.0256,,,,,0,0.0000
2021100307,2106,45355,Anthony Firkser,4,True,chip_release,inline,53053,REO,0.1179,2.3000,False,2.3000,0,0.9997,0.9673,0.8199,0.0328,0.0328,,,,,0,0.0000
2021100307,2333,42486,MyCole Pruitt,4,True,pass_block,wing,46204,LEO,0.1283,2.5000,False,2.5000,0,0.9970,0.9764,0.8224,0.0237,0.0237,,,,,0,0.0000
2021100307,2412,42589,Geoff Swaim,4,True,chip_release,inline,43301,LEO,0.0976,0.8000,False,0.8000,0,0.9962,0.9907,0.9742,0.0024,0.0024,,,,,0,1.0000
2021100307,2529,42428,Tyler Kroft,4,True,pass_block,inline,42031,LEO,0.1554,2.6000,False,2.2000,1,0.9994,0.9478,0.7382,0.0524,-0.9476,2.2000,2.2000,2.2000,2.1000,0,0.0000
2021100307,2553,42428,Tyler Kroft,4,True,chip_release,inline,42031,LEO,0.1554,1.3000,False,1.3000,0,0.9963,0.9536,0.7782,0.0037,0.0037,,,,,0,0.0000
2021100307,2598,42428,Tyler Kroft,4,True,pass_block,detached,46110,LEO,0.1729,5.9000,False,5.9000,0,0.9995,0.9264,0.7036,0.6814,0.6814,,,,,0,1.0000
2021100307,2724,42486,MyCole Pruitt,4,True,chip_release,wing,43308,REO,0.1075,1.5000,False,1.5000,0,0.9987,0.9885,0.8675,0.0013,0.0013,,,,,0,0.0000
2021100307,2942,40149,Ryan Griffin,4,True,chip_release,inline,48663,LE,0.1044,0.8000,False,0.8000,0,0.9929,0.9859,0.9157,0.0057,0.0057,,,,,0,1.0000
2021100307,2975,40149,Ryan Griffin,4,True,pass_block,inline,48663,LEO,0.1044,2.6000,False,2.6000,0,0.9948,0.8966,0.5823,0.1047,0.1047,,,,,0,1.0000
2021100307,2975,42428,Tyler Kroft,4,True,chip_release,inline,42031,REO,0.1554,1.0000,False,1.0000,0,0.9973,0.8963,0.6497,0.0016,0.0016,,,,,0,1.0000
2021100307,2997,42428,Tyler Kroft,4,True,pass_block,inline,46110,ROLB,0.1729,3.8000,False,3.8000,0,0.9978,0.9839,0.9632,0.0523,0.0523,,,,,0,0.0000
2021100307,3049,42428,Tyler Kroft,4,True,pass_block,inline,48663,RE,0.1044,2.6000,False,2.6000,0,0.9997,0.9966,0.9840,0.0034,0.0034,,,,,0,0.0000
2021100307,3156,45355,Anthony Firkser,4,True,chip_release,detached,46204,LEO,0.1283,3.3000,False,3.3000,0,0.9996,0.9546,0.7637,0.2567,0.2567,4.0000,4.0000,4.0000,4.0000,0,1.0000
2021100307,3205,42428,Tyler Kroft,4,True,chip_release,inline,42031,LEO,0.1554,1.0000,False,1.0000,0,0.9909,0.9527,0.9021,0.0059,0.0059,,,,5.9000,0,1.0000
2021100307,3261,42589,Geoff Swaim,4,True,chip_release,inline,46204,LEO,0.1283,1.7000,False,1.7000,0,0.9939,0.9814,0.9571,0.0061,0.0061,,,,,0,0.0000
2021100307,3308,45355,Anthony Firkser,4,True,chip_release,inline,46204,LEO,0.1283,1.5000,False,1.5000,0,0.9995,0.9396,0.7172,0.0005,0.0005,,,,,0,0.0000
2021100307,3349,40149,Ryan Griffin,4,True,pass_block,inline,46110,ROLB,0.1729,4.4000,False,2.1000,1,0.9968,0.8492,0.5947,0.1531,-0.8469,,2.2000,2.1000,1.9000,1,1.0000
2021100307,3395,42428,Tyler Kroft,4,True,chip_release,detached,46457,ROLB,0.1355,1.3000,False,1.3000,0,0.9995,0.9721,0.8922,0.0005,0.0005,6.4000,6.4000,6.0000,3.2000,0,1.0000
2021100307,3510,42486,MyCole Pruitt,4,True,pass_block,inline,53053,LEO,0.1179,3.8000,False,3.8000,0,0.9916,0.8538,0.5907,0.6939,0.6939,,,,,0,1.0000
2021100307,3510,42589,Geoff Swaim,4,True,pass_block,inline,53053,LEO,0.1179,3.8000,False,3.8000,0,0.9970,0.9699,0.8288,0.2701,0.2701,,,,,0,1.0000
2021100307,3714,42486,MyCole Pruitt,4,True,pass_block,wing,43308,REO,0.1075,2.4000,False,2.4000,0,0.9969,0.9542,0.7399,0.0461,0.0461,,,,,0,0.0000
2021100307,3714,42589,Geoff Swaim,4,True,pass_block,inline,53053,LEO,0.1179,2.4000,False,2.4000,0,0.9933,0.9816,0.9076,0.0185,0.0185,,,,,0,0.0000
2021100307,3794,40149,Ryan Griffin,4,True,chip_release,inline,47802,REO,0.1228,0.9000,False,0.9000,0,0.9949,0.9792,0.9563,0.0030,0.0030,,,,,0,1.0000
2021100307,3920,45355,Anthony Firkser,4,True,chip_release,detached,46204,LEO,0.1283,2.1000,False,2.1000,0,0.9994,0.9094,0.5552,0.0060,0.0060,,,,,0,0.0000
2021100307,4352,42428,Tyler Kroft,4,True,pass_block,inline,46110,ROLB,0.1729,3.0000,False,3.0000,0,0.9986,0.9491,0.7401,0.1648,0.1648,,,,3.0000,0,0.0000
2021100307,4480,40149,Ryan Griffin,4,True,pass_block,inline,48663,LEO,0.1044,4.8000,False,4.8000,0,0.9913,0.9492,0.7486,0.5765,0.5765,,,,,0,1.0000
2021100307,4953,45355,Anthony Firkser,4,True,chip_release,detached,43308,REO,0.1075,2.5000,True,2.5000,0,0.9996,0.9674,0.7422,0.0327,0.0327,,,,,0,0.0000
2021100307,5051,45355,Anthony Firkser,4,True,chip_release,detached,43308,REO,0.1075,2.3000,False,2.3000,0,0.9994,0.9524,0.6696,0.0478,0.0478,2.8000,2.8000,2.8000,2.8000,0,1.0000
2021100308,78,47840,J.J. Arcega-Whiteside,4,True,chip_release,detached,43326,LEO,0.1270,1.0000,False,1.0000,0,0.9996,0.9894,0.9612,0.0003,0.0003,,,,,0,0.0000
2021100308,198,46118,Dallas Goedert,4,True,pass_block,detached,40051,LEO,0.0974,2.8000,False,2.8000,1,0.9993,0.9415,0.7633,0.1586,-0.8414,2.8000,2.8000,2.8000,2.8000,0,1.0000
2021100308,465,48683,Joe Fortson,4,True,pass_block,inline,37089,LOLB,0.1229,2.9000,False,2.9000,0,0.9974,0.9353,0.6440,0.2144,0.2144,,,,,0,0.0000
2021100308,465,53591,Noah Gray,4,True,pass_block,detached,37089,LOLB,0.1229,2.9000,False,2.9000,0,0.9966,0.9613,0.7735,0.1132,0.1132,,,,,0,0.0000
2021100308,800,39983,Zach Ertz,4,True,chip_release,detached,52585,REO,0.1005,1.1000,False,1.1000,0,0.9996,0.9827,0.9086,0.0002,0.0002,,,,,0,0.0000
2021100308,1258,42460,Blake Bell,4,True,pass_block,inline,37089,LEO,0.1229,6.5000,False,6.5000,0,0.9972,0.9667,0.7668,0.7811,0.7811,,,,,0,1.0000
2021100308,1258,53591,Noah Gray,4,True,pass_block,wing,37089,LEO,0.1229,6.5000,False,6.5000,0,0.9966,0.9668,0.7746,0.6988,0.6988,,,,,0,1.0000
2021100308,1586,47840,J.J. Arcega-Whiteside,4,True,chip_release,detached,53573,REO,0.1008,1.1000,False,1.1000,0,0.9996,0.9957,0.9870,0.0002,0.0002,,,,,0,1.0000
2021100308,1788,46118,Dallas Goedert,4,True,pass_block,inline,52546,LOLB,0.1028,2.0000,False,2.0000,0,0.9995,0.9852,0.9363,0.0025,0.0025,,,,1.9000,0,0.0000
2021100308,2217,39983,Zach Ertz,4,True,chip_release,detached,43326,LEO,0.1270,1.7000,False,1.7000,0,0.9996,0.9607,0.7651,0.0004,0.0004,,,,,0,0.0000
2021100308,2274,46118,Dallas Goedert,4,True,chip_release,inline,43326,LEO,0.1270,1.6000,False,1.6000,0,0.9996,0.9602,0.7610,0.0004,0.0004,,,,,0,0.0000
2021100308,2550,46118,Dallas Goedert,4,True,chip_release,detached,43326,LEO,0.1270,2.1000,False,2.1000,0,0.9992,0.9673,0.7779,0.0066,0.0066,3.5000,3.3000,3.1000,2.9000,0,0.0000
2021100308,2550,53946,Jack Stoll,4,True,chip_release,inline,52585,REO,0.1005,1.4000,False,1.4000,0,0.9994,0.9651,0.7707,0.0006,0.0006,,,,,0,0.0000
2021100308,2759,46118,Dallas Goedert,4,True,pass_block,detached,40051,LEO,0.0974,6.2000,False,3.0000,1,0.9993,0.9509,0.7508,0.1661,-0.8339,3.0000,3.0000,3.0000,3.0000,1,1.0000
2021100308,3017,48683,Joe Fortson,4,True,pass_block,inline,37089,LEO,0.1229,4.0000,False,2.9000,1,0.9960,0.9418,0.6446,0.2062,-0.7938,2.9000,2.9000,2.9000,2.9000,0,0.0000
2021100308,3062,42460,Blake Bell,4,True,pass_block,inline,53620,REO,0.1124,1.8000,False,1.8000,0,0.9993,0.9721,0.7867,0.0044,0.0044,,,,,0,0.0000
2021100308,3206,46118,Dallas Goedert,4,True,chip_release,inline,52585,LEO,0.1005,2.5000,False,2.5000,0,0.9995,0.9861,0.8255,0.0139,0.0139,,,,,0,1.0000
2021100308,3901,46118,Dallas Goedert,4,True,chip_release,detached,52585,REO,0.1005,2.3000,False,2.3000,0,0.9995,0.9684,0.7864,0.0316,0.0316,4.1000,4.1000,3.9000,3.8000,0,1.0000
2021100309,76,43399,Tyler Higbee,4,True,pass_block,inline,42401,LOLB,0.1205,2.8000,False,2.8000,0,0.9964,0.9542,0.6987,0.1580,0.1580,,,,,0,1.0000
2021100309,311,42398,Maxx Williams,4,True,pass_block,detached,43298,LOLB,0.1447,3.0000,False,3.0000,0,0.9989,0.9836,0.9638,0.0247,0.0247,,,,,0,0.0000
2021100309,427,43399,Tyler Higbee,4,True,pass_block,inline,38551,LOLB,0.1292,4.0000,False,4.0000,0,0.9977,0.9919,0.9752,0.0388,0.0388,,,,,0,0.0000
2021100309,427,45094,Johnny Mundt,4,True,pass_block,inline,38551,LOLB,0.1292,4.0000,False,4.0000,0,0.9960,0.9826,0.9624,0.0550,0.0550,,,,,0,0.0000
2021100309,541,42398,Maxx Williams,4,True,pass_block,inline,41239,LE,0.1504,3.3000,False,3.3000,0,0.9989,0.9834,0.8581,0.1473,0.1473,,,,,0,0.0000
2021100309,703,43399,Tyler Higbee,4,True,chip_release,detached,42401,LOLB,0.1205,2.1000,False,2.1000,0,0.9996,0.9769,0.8705,0.0035,0.0035,,,,,0,0.0000
2021100309,1520,43399,Tyler Higbee,4,True,chip_release,inline,38551,ROLB,0.1292,2.0000,False,2.0000,0,0.9995,0.9647,0.8483,0.0078,0.0078,,,,,0,0.0000
2021100309,1689,42398,Maxx Williams,4,True,pass_block,detached,43298,LOLB,0.1447,3.5000,False,2.1000,1,0.9989,0.9830,0.9617,0.0171,-0.9829,2.8000,2.2000,2.1000,1.9000,1,1.0000
2021100309,1861,43399,Tyler Higbee,4,True,chip_release,inline,42401,LOLB,0.1205,1.6000,False,1.6000,0,0.9995,0.9521,0.7263,0.0005,0.0005,,,,3.5000,0,0.0000
2021100309,1908,43399,Tyler Higbee,4,True,chip_release,inline,42401,ROLB,0.1205,1.0000,False,1.0000,0,0.9993,0.9628,0.7817,0.0004,0.0004,,,,,0,0.0000
2021100309,1975,43399,Tyler Higbee,4,True,chip_release,inline,38551,LOLB,0.1292,1.9000,True,1.9000,0,0.9996,0.9620,0.6883,0.0043,0.0043,,,,,0,0.0000
2021100309,2720,42398,Maxx Williams,4,True,chip_release,inline,43298,ROLB,0.1447,1.2000,False,1.2000,0,0.9994,0.9379,0.5787,0.0004,0.0004,,,,,0,0.0000
2021100309,2927,43399,Tyler Higbee,4,True,pass_block,inline,42401,LOLB,0.1205,3.1000,False,3.1000,0,0.9960,0.9699,0.8622,0.0764,0.0764,,,,,0,1.0000
2021100309,3658,43399,Tyler Higbee,4,True,chip_release,detached,42401,LOLB,0.1205,1.4000,False,1.4000,0,0.9997,0.9800,0.8930,0.0003,0.0003,,,,,0,1.0000
2021100310,359,44959,George Kittle,4,True,pass_block,inline,52556,LOLB,0.1468,3.0000,False,3.0000,0,0.9963,0.7738,0.2911,0.5816,0.5816,,,,,0,1.0000
2021100310,581,44959,George Kittle,4,True,chip_release,inline,35493,LEO,0.1005,1.4000,False,1.4000,0,0.9974,0.9502,0.6546,0.0026,0.0026,,,,,0,0.0000
2021100310,865,44959,George Kittle,4,True,pass_block,wing,52556,LOLB,0.1468,3.5000,False,3.5000,0,0.9979,0.9732,0.7790,0.2372,0.2372,,,,,0,0.0000
2021100310,1522,52962,Tyler Mabry,4,True,pass_block,inline,44938,LOLB,0.0912,3.2000,False,3.2000,0,0.9989,0.9880,0.8542,0.0732,0.0732,,,,,0,0.0000
2021100310,1592,52541,Colby Parkinson,4,True,chip_release,inline,47785,LEO,0.1406,1.2000,False,1.2000,0,0.9977,0.9701,0.7814,0.0014,0.0014,,,,,0,0.0000
2021100310,2086,52541,Colby Parkinson,4,True,pass_block,detached,42360,LEO,0.1421,4.0000,False,2.8000,1,0.9725,0.8879,0.7991,0.1600,-0.8400,3.2000,3.2000,2.8000,2.7000,0,0.0000
2021100310,2328,46189,Will Dissly,4,True,pass_block,inline,47785,REO,0.1406,3.2000,False,3.2000,0,0.9963,0.8012,0.2885,0.5646,0.5646,,,,,0,0.0000
2021100310,2328,52541,Colby Parkinson,4,True,pass_block,inline,47785,REO,0.1406,3.2000,False,3.2000,0,0.9981,0.9644,0.7580,0.1355,0.1355,,,,,0,0.0000
2021100310,2803,46189,Will Dissly,4,True,pass_block,inline,44938,LEO,0.0912,3.7000,False,3.7000,0,0.9987,0.9881,0.8731,0.1317,0.1317,,,,,0,0.0000
2021100310,2803,52541,Colby Parkinson,4,True,pass_block,wing,44938,LEO,0.0912,3.7000,False,3.7000,0,0.9991,0.9902,0.8706,0.1344,0.1344,,,,,0,0.0000
2021100310,3013,46189,Will Dissly,4,True,chip_release,inline,42360,LEO,0.1421,1.2000,False,1.2000,0,0.9978,0.9853,0.9454,0.0013,0.0013,,,,,0,1.0000
2021100310,3230,44959,George Kittle,4,True,chip_release,inline,35493,LEO,0.1005,3.7000,True,3.7000,0,0.9995,0.9524,0.6219,0.4316,0.4316,,,,,0,1.0000
2021100310,3268,52541,Colby Parkinson,4,True,pass_block,wing,42360,LEO,0.1421,3.5000,False,3.5000,0,0.9987,0.9810,0.8229,0.1871,0.1871,,,,,0,1.0000
2021100310,3268,52962,Tyler Mabry,4,True,pass_block,inline,42360,LEO,0.1421,3.5000,False,3.5000,0,0.9989,0.9855,0.8563,0.1501,0.1501,,,,,0,1.0000
2021100310,3407,44959,George Kittle,4,True,pass_block,inline,41786,LE,0.0956,3.0000,False,3.0000,0,0.9997,0.9919,0.9549,0.0239,0.0239,,,,,0,0.0000
2021100310,3478,44959,George Kittle,4,True,chip_release,inline,46487,RE,0.1036,0.9000,False,0.9000,0,0.9973,0.9946,0.9882,0.0018,0.0018,,,,,0,1.0000
2021100310,3915,44959,George Kittle,4,True,chip_release,inline,52556,LEO,0.1468,1.3000,False,1.3000,0,0.9995,0.9338,0.7030,0.0005,0.0005,,,,,0,0.0000
2021100311,121,44987,Eric Saubert,4,True,pass_block,inline,33131,LE,0.0964,3.1000,False,3.1000,0,0.9978,0.9945,0.9373,0.0198,0.0198,,,,,0,1.0000
2021100311,121,48096,Andrew Beck,4,True,pass_block,backfield,33131,LE,0.0964,3.1000,False,3.1000,0,0.9933,0.9829,0.8746,0.0586,0.0586,,,,,0,1.0000
2021100311,165,47803,Noah Fant,4,True,chip_release,inline,37145,ROLB,0.1324,2.3000,False,2.3000,0,0.9997,0.9642,0.8092,0.0359,0.0359,3.5000,3.0000,2.8000,2.7000,0,1.0000
2021100311,405,44987,Eric Saubert,4,True,pass_block,inline,37240,ROLB,0.0999,2.3000,False,2.3000,0,0.9964,0.9446,0.6570,0.0558,0.0558,,,,,0,0.0000
2021100311,466,42721,Eric Tomlinson,4,True,chip_release,inline,37075,LOLB,0.1718,2.3000,False,2.3000,0,0.9979,0.9491,0.7106,0.0512,0.0512,,,,,0,0.0000
2021100311,686,44987,Eric Saubert,4,True,pass_block,wing,53460,LEO,0.1128,2.3000,False,2.3000,0,0.9994,0.9644,0.8520,0.0357,0.0357,,,,,0,0.0000
2021100311,842,47803,Noah Fant,4,True,chip_release,inline,33131,LEO,0.0964,3.7000,False,3.7000,0,0.9958,0.9892,0.9635,0.0370,0.0370,4.3000,4.2000,4.1000,3.9000,0,1.0000
2021100311,1401,42721,Eric Tomlinson,4,True,pass_block,inline,37075,LOLB,0.1718,3.9000,False,3.0000,1,0.9994,0.9296,0.5889,0.2757,-0.7243,3.0000,3.0000,3.0000,3.0000,0,0.0000
2021100311,1842,47803,Noah Fant,4,True,chip_release,inline,37145,REO,0.1324,1.9000,False,1.9000,0,0.9994,0.8458,0.4931,0.0119,0.0119,3.1000,3.1000,3.1000,3.1000,0,1.0000
2021100311,2174,47852,Josh Oliver,4,True,chip_release,detached,37075,LOLB,0.1718,2.9000,False,2.9000,0,0.9994,0.9469,0.6046,0.2417,0.2417,,3.3000,3.1000,3.0000,0,1.0000
2021100311,2279,52526,Albert Okwuegbunam,4,True,chip_release,detached,37145,LOLB,0.1324,1.1000,False,1.1000,0,0.9955,0.9808,0.9474,0.0027,0.0027,,,,,0,1.0000
2021100311,2325,44987,Eric Saubert,4,True,pass_block,inline,52578,LEO,0.0875,4.5000,False,4.5000,1,0.9957,0.9891,0.9244,0.1661,-0.8339,,,4.5000,4.4000,0,1.0000
2021100311,2569,47803,Noah Fant,4,True,pass_block,wing,52578,REO,0.0875,3.9000,False,3.9000,0,0.9976,0.9841,0.8573,0.2423,0.2423,,,,,0,0.0000
2021100311,2569,52526,Albert Okwuegbunam,4,True,pass_block,inline,52578,REO,0.0875,3.9000,False,3.9000,0,0.9961,0.9899,0.9145,0.1543,0.1543,,,,,0,0.0000
2021100311,2695,47803,Noah Fant,4,True,chip_release,inline,37145,ROLB,0.1324,2.0000,False,2.0000,0,0.9997,0.9524,0.7444,0.0047,0.0047,3.3000,3.3000,3.3000,3.3000,0,1.0000
2021100311,2964,42721,Eric Tomlinson,4,True,pass_block,detached,52503,LEO,0.1175,3.3000,False,3.3000,0,0.9998,0.9965,0.9607,0.0397,0.0397,,,,,0,0.0000
2021100311,3419,47803,Noah Fant,4,True,pass_block,inline,37145,LOLB,0.1324,3.3000,False,2.8000,1,0.9997,0.9616,0.8038,0.1334,-0.8666,2.8000,2.8000,2.8000,2.8000,0,1.0000
2021100311,3906,47803,Noah Fant,4,True,chip_release,inline,53460,LOLB,0.1128,2.7000,False,2.7000,0,0.9997,0.9814,0.8599,0.0186,0.0186,,,,,0,0.0000
2021100311,3951,47803,Noah Fant,4,True,chip_release,inline,37240,LOLB,0.0999,2.8000,True,2.3000,1,0.9997,0.9618,0.7567,0.0382,-0.9618,2.3000,2.3000,2.3000,2.3000,0,1.0000
2021100312,997,47924,Zach Gentry,4,True,pass_block,inline,42381,LOLB,0.1160,2.6000,False,2.6000,0,0.9995,0.9805,0.8406,0.0196,0.0196,,,,,0,0.0000
2021100312,1395,53484,Pat Freiermuth,4,True,pass_block,inline,52979,LOLB,0.1093,3.0000,False,2.8000,1,0.9996,0.9843,0.8631,0.0586,-0.9414,2.8000,2.8000,2.8000,2.8000,0,0.0000
2021100312,1438,41236,Eric Ebron,4,True,chip_release,inline,42381,LOLB,0.1160,2.1000,True,2.1000,0,0.9997,0.9836,0.8754,0.0016,0.0016,,,,,0,0.0000
2021100312,1522,30842,Marcedes Lewis,4,True,chip_release,inline,44842,LOLB,0.1349,3.2000,True,3.2000,0,0.9992,0.8855,0.6578,0.2539,0.2539,,,,,0,0.0000
2021100312,2091,30842,Marcedes Lewis,4,True,chip_release,inline,52510,ROLB,0.1083,1.7000,False,1.7000,0,0.9970,0.9270,0.6774,0.0031,0.0031,,,,,0,1.0000
2021100312,2619,41236,Eric Ebron,4,True,pass_block,inline,52979,LOLB,0.1093,3.0000,False,3.0000,0,0.9996,0.9786,0.8012,0.0969,0.0969,,,,,0,0.0000
2021100312,2708,52502,Josiah Deguara,4,True,pass_block,inline,44842,LOLB,0.1349,2.3000,False,2.3000,0,0.9919,0.9250,0.7554,0.0764,0.0764,,,,,0,0.0000
2021100312,3301,30842,Marcedes Lewis,4,True,pass_block,inline,37104,LEO,0.1349,2.6000,False,2.6000,0,0.9958,0.9769,0.8959,0.0232,0.0232,,,,,0,0.0000
2021100312,3301,52502,Josiah Deguara,4,True,pass_block,inline,37104,LEO,0.1349,2.6000,False,2.6000,0,0.9971,0.9804,0.9155,0.0197,0.0197,,,,,0,0.0000
2021100312,3362,45635,Robert Tonyan,4,True,chip_release,detached,44842,LOLB,0.1349,1.5000,False,1.5000,0,0.9980,0.8530,0.6616,0.0020,0.0020,,,,,0,0.0000
2021100312,3384,41236,Eric Ebron,4,True,chip_release,inline,42381,LOLB,0.1160,2.0000,False,2.0000,0,0.9995,0.9114,0.5729,0.0034,0.0034,,,,,0,0.0000
2021100313,109,43324,Hunter Henry,4,True,chip_release,detached,41915,LOLB,0.1640,2.5000,False,2.5000,0,0.9980,0.9516,0.7088,0.0486,0.0486,,,,,0,1.0000
2021100313,133,43324,Hunter Henry,4,True,pass_block,inline,41915,LOLB,0.1640,3.8000,False,3.8000,0,0.9992,0.9627,0.7466,0.4308,0.4308,,,,,0,1.0000
2021100313,161,43324,Hunter Henry,4,True,chip_release,detached,41915,LOLB,0.1640,1.8000,False,1.8000,0,0.9995,0.8973,0.5796,0.0077,0.0077,,,,,0,0.0000
2021100313,303,44831,O.J. Howard,4,True,pass_block,inline,52468,ROLB,0.1246,2.3000,False,2.3000,0,0.9995,0.9753,0.7945,0.0248,0.0248,,,,,0,0.0000
2021100313,494,43324,Hunter Henry,4,True,chip_release,detached,41915,LOLB,0.1640,2.2000,False,2.2000,0,0.9996,0.9518,0.7308,0.0056,0.0056,,,,,0,0.0000
2021100313,678,44831,O.J. Howard,4,True,pass_block,inline,41269,LOLB,0.1305,3.2000,False,3.2000,0,0.9978,0.9602,0.7155,0.1586,0.1586,,,,,0,0.0000
2021100313,907,43324,Hunter Henry,4,True,chip_release,detached,53461,ROLB,0.1222,1.6000,False,1.6000,0,0.9996,0.9571,0.7695,0.0004,0.0004,,,,,0,1.0000
2021100313,970,44831,O.J. Howard,4,True,pass_block,inline,44944,LOLB,0.0768,2.7000,False,2.7000,0,0.9984,0.9856,0.8365,0.0144,0.0144,,,,,0,1.0000
2021100313,1475,44912,Jonnu Smith,4,True,chip_release,detached,53461,LOLB,0.1222,2.5000,False,2.5000,0,0.9997,0.9493,0.7903,0.0509,0.0509,,,,,0,0.0000
2021100313,1511,43324,Hunter Henry,4,True,chip_release,detached,47890,LEO,0.1040,2.4000,True,2.4000,0,0.9996,0.9703,0.8114,0.0298,0.0298,,,,,0,0.0000
2021100313,1561,43324,Hunter Henry,4,True,pass_block,detached,52453,RLB,0.1150,2.0000,False,2.0000,1,0.9954,0.7039,0.2944,0.0169,-0.9831,2.0000,2.0000,2.0000,2.0000,0,1.0000
2021100313,2401,44831,O.J. Howard,4,True,chip_release,detached,47860,LOLB,0.1171,2.1000,False,2.1000,0,0.9997,0.9759,0.8439,0.0028,0.0028,,,,,0,1.0000
2021100313,2721,43324,Hunter Henry,4,True,chip_release,detached,41915,LOLB,0.1640,1.3000,False,1.3000,0,0.9996,0.9063,0.6929,0.0004,0.0004,2.6000,2.6000,2.6000,2.6000,0,1.0000
2021100313,2948,44831,O.J. Howard,4,True,pass_block,inline,44944,REO,0.0768,6.3000,False,6.3000,0,0.9985,0.9913,0.9350,0.2379,0.2379,,,,,1,1.0000
2021100313,3110,43324,Hunter Henry,4,True,pass_block,inline,47788,LLB,0.1516,2.8000,False,2.8000,0,0.9994,0.9843,0.9300,0.0358,0.0358,,,,,0,0.0000
2021100313,3110,44912,Jonnu Smith,4,True,pass_block,wing,41915,LOLB,0.1640,2.8000,False,2.8000,0,0.9957,0.9525,0.7162,0.1673,0.1673,,,,,0,0.0000
2021100313,3182,43324,Hunter Henry,4,True,pass_block,detached,40074,LEO,0.1410,2.3000,False,2.3000,0,0.9991,0.9407,0.6589,0.0596,0.0596,,,,,0,0.0000
2021100313,3617,44831,O.J. Howard,4,True,pass_block,inline,43435,ROLB,0.1964,2.3000,False,2.3000,0,0.9994,0.9347,0.7426,0.0658,0.0658,,,,,0,0.0000
2021100313,4325,43324,Hunter Henry,4,True,pass_block,detached,53461,LOLB,0.1222,2.2000,False,2.2000,0,0.9997,0.9593,0.8229,0.0033,0.0033,,,,,0,1.0000
2021100400,532,43845,Stephen Anderson,4,True,pass_block,inline,47889,LEO,0.1982,3.4000,False,3.4000,0,0.9782,0.9054,0.8487,0.1613,0.1613,,,,,0,1.0000
2021100400,532,48456,Donald Parham,4,True,pass_block,inline,47889,LEO,0.1982,3.4000,False,3.4000,0,0.9757,0.9444,0.9226,0.0800,0.0800,,,,,0,1.0000
2021100400,644,42547,Darren Waller,4,True,pass_block,inline,46117,ROLB,0.1218,2.4000,False,2.4000,0,0.9924,0.8128,0.4698,0.1906,0.1906,,,,,0,0.0000
2021100400,841,34540,Jared Cook,4,True,chip_release,detached,47889,LEO,0.1982,1.2000,False,1.2000,0,0.9991,0.9720,0.8849,0.0005,0.0005,,,,,0,0.0000
2021100400,921,47920,Foster Moreau,4,True,chip_release,inline,53547,LOLB,0.1093,1.8000,False,1.8000,0,0.9993,0.8892,0.4348,0.0070,0.0070,,,,,0,1.0000
2021100400,1362,42547,Darren Waller,4,True,chip_release,inline,46117,ROLB,0.1218,1.0000,False,1.0000,0,0.9970,0.9797,0.8581,0.0018,0.0018,,3.4000,3.3000,3.1000,0,1.0000
2021100400,1362,47920,Foster Moreau,4,True,pass_block,inline,46117,ROLB,0.1218,3.5000,False,3.3000,1,0.9921,0.8211,0.5238,0.5844,-0.4156,,3.4000,3.3000,3.1000,1,1.0000
2021100400,2023,48456,Donald Parham,4,True,chip_release,inline,47889,LEO,0.1982,1.8000,False,1.8000,0,0.9981,0.9462,0.8247,0.0163,0.0163,,,,,0,0.0000
2021100400,2858,42547,Darren Waller,4,True,chip_release,inline,46117,LOLB,0.1218,2.0000,False,2.0000,0,0.9993,0.9082,0.7017,0.0091,0.0091,,,,,0,0.0000
2021100400,2957,47920,Foster Moreau,4,True,pass_block,inline,43292,ROLB,0.1510,4.4000,False,4.4000,0,0.9986,0.8266,0.4634,1.0520,1.0520,,,,,0,1.0000
2021100400,3838,42547,Darren Waller,4,True,chip_release,inline,46117,LOLB,0.1218,2.2000,False,2.2000,0,0.9993,0.8719,0.6679,0.0081,0.0081,3.4000,3.4000,3.4000,3.4000,0,1.0000
2021100400,4096,42547,Darren Waller,4,True,chip_release,inline,43292,LOLB,0.1510,1.7000,False,1.7000,0,0.9995,0.9359,0.6366,0.0005,0.0005,,,,,0,0.0000
2021100400,4118,42547,Darren Waller,4,True,chip_release,inline,43292,LOLB,0.1510,2.0000,False,2.0000,0,0.9995,0.9467,0.7312,0.0051,0.0051,3.3000,3.3000,3.2000,3.1000,0,1.0000
2021100400,4139,42547,Darren Waller,4,True,chip_release,detached,43292,LOLB,0.1510,2.0000,False,2.0000,0,0.9996,0.9711,0.8394,0.0049,0.0049,3.2000,3.2000,3.2000,3.2000,0,1.0000
2021100700,227,46189,Will Dissly,5,True,pass_block,inline,46264,RE,0.0953,3.7000,False,3.7000,0,0.9987,0.9774,0.8438,0.1641,0.1641,,,,,0,0.0000
2021100700,545,46189,Will Dissly,5,True,chip_release,inline,52492,ROLB,0.1143,1.1000,False,1.1000,0,0.9997,0.9815,0.8793,0.0002,0.0002,,,,,0,1.0000
2021100700,545,52541,Colby Parkinson,5,True,pass_block,detached,43298,LEO,0.1512,3.1000,False,1.8000,1,0.9969,0.7713,0.3966,0.0298,-0.9702,1.8000,1.8000,1.8000,1.7000,1,1.0000
2021100700,734,43399,Tyler Higbee,5,True,pass_block,inline,46148,RE,0.1065,3.5000,False,3.5000,0,0.9985,0.9851,0.8992,0.1037,0.1037,,,,,0,1.0000
2021100700,780,43399,Tyler Higbee,5,True,pass_block,inline,52456,LOLB,0.1172,5.1000,False,3.5000,1,0.9987,0.9828,0.8388,0.1696,-0.8304,4.1000,3.7000,3.5000,3.4000,1,1.0000
2021100700,920,46189,Will Dissly,5,True,pass_block,inline,52835,LEO,0.0885,3.2000,False,3.2000,0,0.9991,0.9762,0.8340,0.0930,0.0930,,,,,0,1.0000
2021100700,988,46189,Will Dissly,5,True,chip_release,detached,43298,LOLB,0.1512,1.4000,False,1.4000,0,0.9995,0.9246,0.7093,0.0005,0.0005,,,,,0,0.0000
2021100700,988,52541,Colby Parkinson,5,True,chip_release,detached,46229,ROLB,0.1171,1.7000,False,1.7000,0,0.9997,0.9804,0.8648,0.0003,0.0003,,,,,0,0.0000
2021100700,1014,43399,Tyler Higbee,5,True,pass_block,inline,46148,LEO,0.1065,3.2000,False,3.2000,0,0.9993,0.9944,0.9409,0.0276,0.0276,,,,,0,1.0000
2021100700,1143,46189,Will Dissly,5,True,pass_block,inline,46264,RE,0.0953,4.0000,False,4.0000,0,0.9992,0.9883,0.9182,0.1445,0.1445,,,,,0,0.0000
2021100700,1694,46189,Will Dissly,5,True,pass_block,detached,47844,LOLB,0.1371,2.6000,False,2.6000,0,0.9995,0.9195,0.7269,0.0810,0.0810,,,,,0,1.0000
2021100700,1939,52541,Colby Parkinson,5,True,pass_block,inline,43335,LE,0.0947,3.9000,False,3.9000,0,0.9993,0.9935,0.9597,0.0664,0.0664,,,,,0,1.0000
2021100700,1984,52541,Colby Parkinson,5,True,pass_block,detached,52492,ROLB,0.1143,2.6000,False,2.6000,0,0.9988,0.9800,0.9663,0.0201,0.0201,,,,,0,1.0000
2021100700,2229,43399,Tyler Higbee,5,True,chip_release,inline,46148,REO,0.1065,1.5000,False,1.5000,0,0.9995,0.9125,0.5205,0.0005,0.0005,3.4000,3.4000,3.4000,3.3000,0,1.0000
2021100700,2490,43399,Tyler Higbee,5,True,chip_release,inline,52456,ROLB,0.1172,1.4000,False,1.4000,0,0.9998,0.9749,0.8163,0.0002,0.0002,3.4000,3.4000,3.4000,3.4000,0,0.0000
2021100700,2748,43399,Tyler Higbee,5,True,pass_block,inline,41786,LEO,0.1090,3.0000,False,2.7000,1,0.9993,0.9240,0.6190,0.2413,-0.7587,2.7000,2.7000,2.7000,2.6000,0,0.0000
2021100700,3230,43399,Tyler Higbee,5,True,chip_release,inline,52456,LOLB,0.1172,1.3000,False,1.3000,0,0.9997,0.9820,0.8797,0.0003,0.0003,,,,,0,0.0000
2021100700,3425,46189,Will Dissly,5,True,chip_release,detached,41239,LILB,0.1291,3.2000,False,3.2000,0,0.9996,0.9751,0.8984,0.0601,0.0601,,,,,0,0.0000
2021101000,121,37234,Lee Smith,5,True,pass_block,inline,53053,REO,0.1404,3.5000,False,3.2000,1,0.9990,0.9475,0.7051,0.3275,-0.6725,3.2000,3.2000,3.2000,3.1000,0,1.0000
2021101000,197,37234,Lee Smith,5,True,pass_block,wing,43308,REO,0.0860,2.4000,False,2.4000,0,0.9968,0.9813,0.9003,0.0188,0.0188,,,,,0,0.0000
2021101000,197,46094,Hayden Hurst,5,True,pass_block,inline,46141,DRT,0.1080,2.4000,False,2.4000,0,0.9770,0.9697,0.9233,0.0306,0.0306,,,,,0,0.0000
2021101000,465,40149,Ryan Griffin,5,True,pass_block,inline,43361,REO,0.0947,5.1000,False,5.1000,0,0.9985,0.9905,0.9304,0.1738,0.1738,,,,,0,1.0000
2021101000,670,37234,Lee Smith,5,True,chip_release,wing,53053,REO,0.1404,2.5000,True,2.5000,0,0.9977,0.9762,0.8683,0.0239,0.0239,,,,,0,0.0000
2021101000,828,40149,Ryan Griffin,5,True,pass_block,inline,40463,LOLB,0.1102,2.9000,False,2.9000,0,0.9968,0.9733,0.8066,0.0964,0.0964,,,,2.9000,0,0.0000
2021101000,828,47904,Trevon Wesco,5,True,pass_block,backfield,46269,LLB,0.1165,2.9000,False,2.9000,0,0.9981,0.7874,0.5384,0.3727,0.3727,,,,,0,0.0000
2021101000,982,46094,Hayden Hurst,5,True,pass_block,inline,53053,REO,0.1404,2.3000,False,2.1000,1,0.9961,0.8413,0.4299,0.1609,-0.8391,,2.3000,2.1000,1.9000,0,0.0000
2021101000,1190,47904,Trevon Wesco,5,True,pass_block,backfield,40095,ROLB,0.0879,3.6000,False,3.6000,0,0.9962,0.9862,0.9692,0.0312,0.0312,,,,,0,0.0000
2021101000,1212,40149,Ryan Griffin,5,True,pass_block,inline,40463,LOLB,0.1102,3.6000,False,3.6000,0,0.9975,0.9728,0.7904,0.2244,0.2244,,,,,0,0.0000
2021101000,1212,47904,Trevon Wesco,5,True,chip_release,wing,40463,LOLB,0.1102,3.3000,False,3.3000,0,0.9974,0.9653,0.7820,0.2345,0.2345,,,,,0,0.0000
2021101000,1374,40149,Ryan Griffin,5,True,pass_block,inline,40095,LOLB,0.0879,4.8000,False,4.8000,0,0.9982,0.9874,0.9143,0.2316,0.2316,,,,,0,1.0000
2021101000,1374,47904,Trevon Wesco,5,True,pass_block,inline,43341,LLB,0.1562,4.8000,False,2.5000,1,0.9976,0.8066,0.4467,0.1994,-0.8006,2.6000,2.6000,2.5000,2.4000,1,1.0000
2021101000,2283,46094,Hayden Hurst,5,True,pass_block,inline,46204,LEO,0.1531,2.6000,False,2.6000,0,0.9909,0.8088,0.4323,0.1963,0.1963,,,,,0,0.0000
2021101000,2402,40149,Ryan Griffin,5,True,chip_release,inline,40463,ROLB,0.1102,3.3000,False,3.3000,0,0.9967,0.9794,0.8155,0.1948,0.1948,,,,,0,0.0000
2021101000,2402,47904,Trevon Wesco,5,True,pass_block,inline,40463,ROLB,0.1102,3.5000,False,3.5000,0,0.9889,0.7953,0.4065,0.7770,0.7770,,,,,0,0.0000
2021101000,2576,37234,Lee Smith,5,True,pass_block,inline,43308,LEO,0.0860,3.4000,False,3.4000,0,0.9978,0.9798,0.8394,0.1691,0.1691,,,,,0,0.0000
2021101000,3080,37234,Lee Smith,5,True,chip_release,wing,43308,REO,0.0860,1.8000,False,1.8000,0,0.9969,0.9639,0.7420,0.0061,0.0061,,,,,0,1.0000
2021101000,3235,40149,Ryan Griffin,5,True,chip_release,inline,40095,LOLB,0.0879,1.8000,False,1.8000,0,0.9995,0.9644,0.8585,0.0036,0.0036,,,,,0,0.0000
2021101000,3397,37234,Lee Smith,5,True,pass_block,inline,43308,REO,0.0860,3.4000,False,3.4000,0,0.9988,0.9575,0.7021,0.3298,0.3298,,,,,0,1.0000
2021101000,3397,53433,Kyle Pitts,5,True,chip_release,detached,43308,REO,0.0860,1.0000,False,1.0000,0,0.9992,0.9811,0.8791,0.0005,0.0005,,,,,0,1.0000
2021101000,3729,40149,Ryan Griffin,5,True,chip_release,inline,53611,REO,0.1141,1.3000,False,1.3000,0,0.9993,0.9717,0.7878,0.0007,0.0007,3.8000,3.8000,3.8000,3.8000,0,1.0000
2021101000,3836,40149,Ryan Griffin,5,True,pass_block,detached,40095,ROLB,0.0879,3.1000,False,3.0000,1,0.9995,0.9794,0.7874,0.1100,-0.8900,3.0000,3.0000,3.0000,2.9000,0,0.0000
2021101000,3889,43079,Daniel Brown,5,True,chip_release,inline,46416,LOLB,0.1154,1.5000,False,1.5000,0,0.9994,0.9149,0.6499,0.0006,0.0006,7.0000,7.0000,7.0000,7.0000,0,0.0000
2021101001,345,46170,Ian Thomas,5,True,chip_release,detached,46199,LEO,0.1125,2.1000,False,2.1000,0,0.9996,0.9728,0.7640,0.0027,0.0027,3.2000,3.2000,3.0000,2.8000,0,1.0000
2021101001,1184,46170,Ian Thomas,5,True,pass_block,inline,46199,RE,0.1125,2.4000,False,2.4000,0,0.9985,0.9918,0.9167,0.0082,0.0082,,,,,0,0.0000
2021101001,1251,53512,Tommy Tremble,5,True,chip_release,inline,46199,LEO,0.1125,1.2000,False,1.2000,0,0.9994,0.9727,0.8125,0.0004,0.0004,,,,,0,1.0000
2021101001,1556,46118,Dallas Goedert,5,True,pass_block,wing,52446,REO,0.1366,7.2000,False,7.2000,0,0.9972,0.9578,0.7918,0.8116,0.8116,,,,,0,1.0000
2021101001,1556,53946,Jack Stoll,5,True,pass_block,inline,52446,REO,0.1366,7.2000,False,7.2000,0,0.9980,0.9764,0.8654,0.5169,0.5169,,,,,0,1.0000
2021101001,1602,46118,Dallas Goedert,5,True,chip_release,inline,44825,LOLB,0.1140,1.9000,False,1.9000,0,0.9995,0.9719,0.8242,0.0044,0.0044,7.1000,7.1000,6.5000,5.7000,0,1.0000
2021101001,2391,46170,Ian Thomas,5,True,pass_block,inline,44826,LOLB,0.1027,3.7000,False,3.4000,1,0.9978,0.9699,0.7440,0.2783,-0.7217,3.4000,3.4000,3.4000,3.4000,0,0.0000
2021101001,2391,53512,Tommy Tremble,5,True,pass_block,inline,44826,LOLB,0.1027,3.7000,False,3.4000,1,0.9933,0.8410,0.5172,0.5929,-0.4071,3.4000,3.4000,3.4000,3.4000,0,0.0000
2021101001,2437,46170,Ian Thomas,5,True,chip_release,inline,37089,LOLB,0.1212,1.6000,False,1.6000,0,0.9997,0.9805,0.8781,0.0003,0.0003,3.3000,3.2000,3.1000,3.0000,0,0.0000
2021101001,2514,47840,J.J. Arcega-Whiteside,5,True,pass_block,detached,47799,LOLB,0.1259,3.9000,False,3.9000,0,0.9980,0.9342,0.8654,0.1916,0.1916,,,,,0,0.0000
2021101001,3389,53512,Tommy Tremble,5,True,chip_release,detached,46219,ROLB,0.1165,0.3000,False,0.3000,0,0.9920,0.9713,0.9483,0.0024,0.0024,,,,,0,1.0000
2021101001,3479,45594,Colin Thompson,5,True,pass_block,inline,44826,REO,0.1027,3.6000,False,3.0000,1,0.9982,0.9817,0.8295,0.0825,-0.9175,3.4000,3.1000,3.0000,2.8000,1,1.0000
2021101001,3836,46170,Ian Thomas,5,True,pass_block,inline,44826,ROLB,0.1027,2.1000,False,2.1000,0,0.9993,0.9829,0.9527,0.0067,0.0067,,,,,0,0.0000
2021101001,4116,46170,Ian Thomas,5,True,chip_release,detached,46199,LEO,0.1125,2.1000,False,2.1000,0,0.9996,0.9786,0.8397,0.0033,0.0033,,,,,0,0.0000
2021101002,154,52502,Josiah Deguara,5,True,chip_release,inline,46146,LOLB,0.1055,0.9000,False,0.9000,0,0.9930,0.9664,0.9227,0.0044,0.0044,,5.5000,5.3000,5.1000,0,1.0000
2021101002,176,52502,Josiah Deguara,5,True,chip_release,detached,44915,REO,0.1729,3.1000,False,3.1000,0,0.9990,0.9566,0.8275,0.1111,0.1111,,,,5.1000,0,1.0000
2021101002,317,30842,Marcedes Lewis,5,True,pass_block,inline,48145,REO,0.1037,2.9000,False,2.9000,0,0.9971,0.9854,0.8889,0.0510,0.0510,,,,,0,1.0000
2021101002,422,42500,C.J. Uzomah,5,True,chip_release,inline,42381,LOLB,0.1070,2.3000,False,2.3000,0,0.9995,0.9705,0.8213,0.0296,0.0296,,,,,0,1.0000
2021101002,680,42500,C.J. Uzomah,5,True,chip_release,inline,47795,LOLB,0.1741,0.8000,False,0.8000,0,0.9979,0.9660,0.9370,0.0014,0.0014,,,,,0,0.0000
2021101002,752,42500,C.J. Uzomah,5,True,chip_release,inline,47795,ROLB,0.1741,2.0000,True,2.0000,0,0.9989,0.9463,0.7963,0.0095,0.0095,,,,,0,0.0000
2021101002,808,30842,Marcedes Lewis,5,True,chip_release,inline,44915,REO,0.1729,1.9000,False,1.9000,0,0.9994,0.9531,0.7797,0.0048,0.0048,,,,,0,0.0000
2021101002,896,45635,Robert Tonyan,5,True,chip_release,detached,44915,REO,0.1729,2.7000,False,2.7000,0,0.9993,0.9567,0.8175,0.0436,0.0436,,,,,0,0.0000
2021101002,1337,42500,C.J. Uzomah,5,True,chip_release,inline,47933,LEO,0.0829,1.6000,False,1.6000,0,0.9995,0.9805,0.8866,0.0005,0.0005,,,,,0,0.0000
2021101002,1437,45635,Robert Tonyan,5,True,chip_release,detached,53540,LOLB,0.0768,2.6000,False,2.6000,0,0.9997,0.9873,0.8961,0.0127,0.0127,,,,,0,0.0000
2021101002,1482,30842,Marcedes Lewis,5,True,pass_block,inline,46138,LE,0.1022,3.4000,False,3.4000,0,0.9975,0.9854,0.8853,0.1188,0.1188,,,,,0,0.0000
2021101002,1482,52614,Tyler Davis,5,True,pass_block,inline,46146,LOLB,0.1055,3.4000,False,3.4000,0,0.9978,0.9848,0.8240,0.1858,0.1858,,,,,0,0.0000
2021101002,1575,30842,Marcedes Lewis,5,True,pass_block,wing,46146,LOLB,0.1055,2.8000,False,2.8000,0,0.9979,0.9878,0.8650,0.0720,0.0720,,,,,0,0.0000
2021101002,1575,52614,Tyler Davis,5,True,pass_block,inline,46138,LE,0.1022,2.8000,False,2.8000,0,0.9972,0.9884,0.9168,0.0421,0.0421,,,,,0,0.0000
2021101002,1929,47835,Drew Sample,5,True,chip_release,inline,47795,LOLB,0.1741,1.0000,False,1.0000,0,0.9970,0.9894,0.9768,0.0019,0.0019,,,,,0,1.0000
2021101002,1957,30842,Marcedes Lewis,5,True,chip_release,inline,44877,DLT,0.0741,3.9000,True,3.9000,0,0.9854,0.9771,0.8969,0.1665,0.1665,,,,,0,0.0000
2021101002,2452,42500,C.J. Uzomah,5,True,pass_block,inline,42381,LOLB,0.1070,4.6000,False,4.6000,0,0.9951,0.9180,0.8674,0.2032,0.2032,,,,,0,0.0000
2021101002,2641,30842,Marcedes Lewis,5,True,pass_block,inline,44915,REO,0.1729,3.5000,False,3.5000,0,0.9991,0.9642,0.8080,0.2049,0.2049,,,,,0,0.0000
2021101002,2728,45635,Robert Tonyan,5,True,pass_block,inline,47855,ROLB,0.1126,2.5000,False,2.5000,0,0.9991,0.9758,0.9378,0.0244,0.0244,,,,,0,0.0000
2021101002,2866,42500,C.J. Uzomah,5,True,chip_release,inline,42381,ROLB,0.1070,2.2000,False,2.2000,0,0.9993,0.9696,0.8227,0.0044,0.0044,,,3.1000,3.0000,0,0.0000
2021101002,3522,45635,Robert Tonyan,5,True,chip_release,detached,44915,REO,0.1729,1.5000,False,1.5000,0,0.9991,0.9404,0.7307,0.0009,0.0009,,,,3.2000,0,0.0000
2021101002,4007,30842,Marcedes Lewis,5,True,pass_block,inline,46146,LEO,0.1055,4.4000,False,4.0000,1,0.9958,0.9860,0.8207,0.2819,-0.7181,4.0000,4.0000,4.0000,4.0000,0,1.0000
2021101003,318,45339,Pharaoh Brown,5,True,pass_block,inline,41269,LOLB,0.1373,3.3000,False,3.3000,0,0.9980,0.9252,0.5717,0.5029,0.5029,,,,,0,1.0000
2021101003,703,43324,Hunter Henry,5,True,pass_block,inline,43372,REO,0.1132,2.2000,False,2.2000,0,0.9997,0.9829,0.8865,0.0027,0.0027,,,,,0,0.0000
2021101003,1075,43324,Hunter Henry,5,True,pass_block,inline,46255,REO,0.1005,2.2000,False,2.2000,0,0.9989,0.9858,0.8620,0.0021,0.0021,,,,,0,0.0000
2021101003,1110,43324,Hunter Henry,5,True,pass_block,detached,43372,REO,0.1132,2.3000,False,2.3000,0,0.9981,0.9743,0.8036,0.0258,0.0258,,,,,0,0.0000
2021101003,1307,46167,Jordan Akins,5,True,chip_release,inline,52468,ROLB,0.1255,2.7000,False,2.7000,0,0.9995,0.9728,0.8739,0.0274,0.0274,,,,,0,1.0000
2021101003,1414,45321,Antony Auclair,5,True,pass_block,inline,44944,LEO,0.0781,5.5000,False,5.5000,0,0.9990,0.9763,0.8406,0.3626,0.3626,,,,,0,1.0000
2021101003,1414,45339,Pharaoh Brown,5,True,chip_release,inline,47860,ROLB,0.1053,1.6000,False,1.6000,0,0.9969,0.9188,0.6315,0.0031,0.0031,5.5000,5.1000,5.0000,4.9000,0,1.0000
2021101003,1459,45339,Pharaoh Brown,5,True,pass_block,inline,43435,LOLB,0.1842,2.5000,False,2.5000,0,0.9992,0.8761,0.5834,0.1248,0.1248,,,,,0,0.0000
2021101003,1546,45339,Pharaoh Brown,5,True,pass_block,inline,44991,DRT,0.0890,3.2000,False,3.2000,0,0.9996,0.9870,0.9366,0.0358,0.0358,,,,,0,0.0000
2021101003,1966,43324,Hunter Henry,5,True,pass_block,detached,46255,LEO,0.1005,3.3000,False,3.2000,1,0.9993,0.9890,0.9653,0.0351,-0.9649,,3.3000,3.2000,3.1000,1,1.0000
2021101003,2523,45321,Antony Auclair,5,True,pass_block,wing,43435,LOLB,0.1842,2.3000,False,2.3000,0,0.9985,0.9841,0.8927,0.0159,0.0159,,,,,0,0.0000
2021101003,2725,44912,Jonnu Smith,5,True,pass_block,inline,43372,LEO,0.1132,2.3000,False,2.3000,0,0.9992,0.9935,0.9246,0.0065,0.0065,,,,,0,0.0000
2021101003,3280,46167,Jordan Akins,5,True,chip_release,inline,43435,ROLB,0.1842,2.6000,False,2.6000,0,0.9997,0.9462,0.8205,0.0541,0.0541,,,,,0,0.0000
2021101003,3332,44912,Jonnu Smith,5,True,pass_block,inline,46255,LEO,0.1005,2.3000,False,2.3000,0,0.9994,0.9975,0.9685,0.0025,0.0025,,,,,0,0.0000
2021101003,3397,44912,Jonnu Smith,5,True,pass_block,detached,46255,REO,0.1005,3.6000,False,3.0000,1,0.9987,0.9859,0.8521,0.0632,-0.9368,3.0000,3.0000,3.0000,3.0000,0,1.0000
2021101003,3549,44912,Jonnu Smith,5,True,pass_block,inline,46255,LEO,0.1005,3.1000,False,3.1000,0,0.9989,0.9944,0.9222,0.0275,0.0275,,,,,0,0.0000
2021101004,99,45785,Dan Arnold,5,True,chip_release,detached,46110,LEO,0.1790,2.6000,False,2.6000,0,0.9993,0.9057,0.7217,0.0948,0.0948,3.7000,3.7000,3.7000,3.7000,0,0.0000
2021101004,391,42486,MyCole Pruitt,5,True,pass_block,wing,42375,DRT,0.0876,2.5000,False,2.5000,0,0.9729,0.9635,0.8858,0.0369,0.0369,,,,,0,0.0000
2021101004,391,42589,Geoff Swaim,5,True,pass_block,inline,52428,LOLB,0.1283,2.5000,False,2.5000,0,0.9970,0.9285,0.6808,0.0719,0.0719,,,,,0,0.0000
2021101004,479,42302,Chris Manhertz,5,True,pass_block,inline,42031,LOLB,0.1561,4.0000,False,3.4000,1,0.9963,0.9781,0.9304,0.0714,-0.9286,3.5000,3.5000,3.4000,3.2000,1,1.0000
2021101004,503,42302,Chris Manhertz,5,True,pass_block,inline,48663,LEO,0.1073,4.3000,False,4.3000,0,0.9926,0.9767,0.7849,0.4624,0.4624,,,,,0,0.0000
2021101004,503,45785,Dan Arnold,5,True,pass_block,wing,48663,LEO,0.1073,4.3000,False,4.3000,0,0.9908,0.9676,0.7743,0.4584,0.4584,,,,,0,0.0000
2021101004,609,45785,Dan Arnold,5,True,chip_release,detached,46457,ROLB,0.1362,3.0000,False,3.0000,0,0.9994,0.9654,0.8547,0.0888,0.0888,,,,,0,1.0000
2021101004,727,42589,Geoff Swaim,5,True,pass_block,inline,44880,LOLB,0.1408,3.2000,False,3.2000,0,0.9952,0.9484,0.6616,0.2042,0.2042,,,,,0,0.0000
2021101004,770,45355,Anthony Firkser,5,True,pass_block,detached,47790,REO,0.1206,2.7000,False,2.4000,1,0.9994,0.8967,0.5813,0.1039,-0.8961,,2.5000,2.4000,2.3000,1,1.0000
2021101004,845,45355,Anthony Firkser,5,True,chip_release,inline,44880,LEO,0.1408,2.3000,False,2.3000,0,0.9992,0.9689,0.8450,0.0312,0.0312,,,,,0,0.0000
2021101004,1182,42302,Chris Manhertz,5,True,pass_block,inline,40077,LOLB,0.1175,1.8000,False,1.8000,0,0.9987,0.8503,0.5637,0.0117,0.0117,,,,,0,0.0000
2021101004,1233,42486,MyCole Pruitt,5,True,pass_block,wing,52428,LOLB,0.1283,3.5000,False,3.3000,1,0.9982,0.9722,0.8074,0.2052,-0.7948,3.3000,3.3000,3.3000,3.3000,1,1.0000
2021101004,1233,42589,Geoff Swaim,5,True,pass_block,inline,46098,LE,0.1057,3.5000,False,3.5000,0,0.9966,0.9887,0.9366,0.0647,0.0647,,,,,0,1.0000
2021101004,1708,45355,Anthony Firkser,5,True,chip_release,detached,47790,REO,0.1206,2.3000,False,2.3000,0,0.9994,0.9603,0.7023,0.0398,0.0398,,,,,0,0.0000
2021101004,1794,45355,Anthony Firkser,5,True,chip_release,detached,47790,REO,0.1206,2.8000,True,2.8000,0,0.9995,0.9338,0.6868,0.2031,0.2031,,,,,0,1.0000
2021101004,1857,45785,Dan Arnold,5,True,chip_release,detached,46110,LEO,0.1790,2.3000,False,2.3000,0,0.9989,0.9541,0.8200,0.0463,0.0463,3.4000,3.4000,3.4000,3.2000,0,0.0000
2021101004,1917,45785,Dan Arnold,5,True,chip_release,detached,42031,LEO,0.1561,2.5000,False,2.5000,0,0.9994,0.9672,0.8496,0.0330,0.0330,,,,,0,0.0000
2021101004,2176,45355,Anthony Firkser,5,True,pass_block,detached,52428,REO,0.1283,2.4000,False,2.4000,0,0.9988,0.8254,0.4513,0.1761,0.1761,,,,,0,0.0000
2021101004,2231,42486,MyCole Pruitt,5,True,pass_block,inline,47790,LOLB,0.1206,3.5000,False,3.5000,0,0.9958,0.9516,0.7171,0.3120,0.3120,,,,,0,1.0000
2021101004,2574,45355,Anthony Firkser,5,True,chip_release,detached,47790,LEO,0.1206,3.1000,False,3.1000,0,0.9992,0.9354,0.6684,0.2197,0.2197,3.3000,3.3000,3.3000,3.3000,0,1.0000
2021101004,2784,42302,Chris Manhertz,5,True,pass_block,inline,42031,LEO,0.1561,3.9000,False,3.9000,0,0.9931,0.9491,0.7360,0.4075,0.4075,,,,,0,1.0000
2021101004,2784,45785,Dan Arnold,5,True,pass_block,wing,42031,LEO,0.1561,3.9000,False,3.9000,0,0.9955,0.9684,0.8284,0.2514,0.2514,,,,,0,1.0000
2021101004,3129,42302,Chris Manhertz,5,True,pass_block,inline,42031,LEO,0.1561,4.5000,False,4.5000,0,0.9987,0.9560,0.7079,0.5243,0.5243,,,,,0,0.0000
2021101004,3157,53574,Luke Farrell,5,True,chip_release,inline,47802,DLT,0.1044,1.1000,False,1.1000,0,0.9682,0.9538,0.8884,0.0269,0.0269,,,,0.4000,0,0.0000
2021101004,3239,42302,Chris Manhertz,5,True,pass_block,inline,48663,LE,0.1073,2.8000,False,2.8000,0,0.9944,0.9824,0.8866,0.0514,0.0514,,,,,0,0.0000
2021101004,3515,45281,Jacob Hollister,5,True,pass_block,inline,46110,ROLB,0.1790,3.9000,False,3.9000,0,0.9992,0.9213,0.6530,0.5237,0.5237,,,,,0,0.0000
2021101005,445,46226,Tyler Conklin,5,True,pass_block,inline,44834,REO,0.1370,2.4000,False,2.4000,0,0.9986,0.8285,0.3840,0.1738,0.1738,,,,,0,1.0000
2021101005,575,39907,Darren Fells,5,True,pass_block,inline,52525,REO,0.0746,3.5000,False,3.5000,0,0.9987,0.9927,0.9204,0.0814,0.0814,,,,,0,1.0000
2021101005,716,39907,Darren Fells,5,True,pass_block,inline,52525,RE,0.0746,4.3000,False,4.3000,0,0.9997,0.9969,0.9807,0.0434,0.0434,,,,,0,0.0000
2021101005,857,46226,Tyler Conklin,5,True,pass_block,inline,44834,REO,0.1370,4.9000,False,2.8000,1,0.9979,0.9714,0.8637,0.0804,-0.9196,2.8000,2.8000,2.8000,2.8000,0,0.0000
2021101005,1420,46226,Tyler Conklin,5,True,pass_block,inline,44834,ROLB,0.1370,3.4000,False,3.2000,1,0.9944,0.8661,0.4654,0.6694,-0.3306,3.2000,3.2000,3.2000,3.2000,1,1.0000
2021101005,1904,46226,Tyler Conklin,5,True,pass_block,inline,44888,LOLB,0.1269,3.8000,False,3.1000,1,0.9926,0.8540,0.5349,0.5669,-0.4331,3.1000,3.1000,3.1000,3.1000,0,1.0000
2021101005,2321,47791,T.J. Hockenson,5,True,pass_block,inline,42431,REO,0.1662,4.5000,False,4.5000,0,0.9980,0.9846,0.9619,0.0875,0.0875,,,,,0,0.0000
2021101005,2384,46226,Tyler Conklin,5,True,pass_block,inline,47900,LEO,0.1166,2.4000,False,2.4000,0,0.9957,0.9759,0.9087,0.0243,0.0243,,,,,0,0.0000
2021101005,2612,47791,T.J. Hockenson,5,True,chip_release,inline,39959,DLT,0.1011,1.1000,False,1.1000,0,0.8940,0.8859,0.8714,0.1034,0.1034,,,,,0,1.0000
2021101005,2746,39907,Darren Fells,5,True,pass_block,inline,52525,REO,0.0746,3.9000,False,3.9000,0,0.9978,0.9867,0.8499,0.2427,0.2427,,,,,0,0.0000
2021101005,2746,47791,T.J. Hockenson,5,True,chip_release,wing,52525,REO,0.0746,3.9000,True,3.9000,0,0.9975,0.9885,0.9087,0.1416,0.1416,,,,,0,0.0000
2021101005,2779,47791,T.J. Hockenson,5,True,pass_block,inline,43516,LEO,0.1320,2.8000,False,2.8000,0,0.9959,0.9801,0.8556,0.0777,0.0777,,,,,0,0.0000
2021101005,2910,46226,Tyler Conklin,5,True,pass_block,inline,40171,LE,0.0891,3.0000,False,3.0000,0,0.9983,0.9949,0.9392,0.0221,0.0221,,,,,0,0.0000
2021101005,2968,46226,Tyler Conklin,5,True,pass_block,inline,42444,LEO,0.0964,3.7000,False,3.1000,1,0.9971,0.9853,0.8535,0.1531,-0.8469,3.1000,3.1000,3.1000,3.1000,0,0.0000
2021101005,3095,52725,Ben Ellefson,5,True,pass_block,inline,44834,REO,0.1370,3.8000,False,2.4000,1,0.9974,0.9380,0.6027,0.0625,-0.9375,2.6000,2.5000,2.4000,2.3000,1,1.0000
2021101005,3136,46226,Tyler Conklin,5,True,pass_block,backfield,44888,RILB,0.1269,1.7000,False,1.7000,0,0.9974,0.6989,0.3911,0.0026,0.0026,,,,1.6000,0,0.0000
2021101005,3310,47791,T.J. Hockenson,5,True,pass_block,detached,35539,ROLB,0.1413,6.2000,False,6.1000,1,0.9993,0.9368,0.6749,0.8728,-0.1272,,,6.1000,5.8000,0,1.0000
2021101006,653,47803,Noah Fant,5,True,chip_release,inline,44842,LEO,0.1307,1.5000,False,1.5000,0,0.9993,0.9120,0.7048,0.0007,0.0007,,,,,0,0.0000
2021101006,900,41236,Eric Ebron,5,True,chip_release,detached,37075,ROLB,0.1646,1.9000,False,1.9000,0,0.9994,0.9698,0.8516,0.0043,0.0043,,,,,0,0.0000
2021101006,1188,44987,Eric Saubert,5,True,chip_release,inline,38548,SCBL,0.1713,1.6000,False,1.6000,0,0.9982,0.7690,0.4238,0.0018,0.0018,2.6000,2.6000,2.6000,2.6000,0,0.0000
2021101006,1609,47803,Noah Fant,5,True,chip_release,inline,44842,LOLB,0.1307,1.4000,False,1.4000,0,0.9989,0.8462,0.5739,0.0011,0.0011,,,,,0,0.0000
2021101006,1729,47803,Noah Fant,5,True,chip_release,inline,52510,REO,0.1192,2.0000,True,2.0000,0,0.9993,0.9240,0.6791,0.0073,0.0073,,,,,0,0.0000
2021101006,1774,47803,Noah Fant,5,True,chip_release,inline,44842,LEO,0.1307,2.1000,False,2.1000,0,0.9992,0.8419,0.5300,0.0121,0.0121,4.8000,4.8000,4.8000,4.8000,0,1.0000
2021101006,2026,44987,Eric Saubert,5,True,chip_release,inline,52510,ROLB,0.1192,1.6000,False,1.6000,0,0.9988,0.7889,0.4419,0.0012,0.0012,,,,,0,1.0000
2021101006,2026,47803,Noah Fant,5,True,pass_block,inline,45395,LOLB,0.1102,3.0000,False,3.0000,0,0.9993,0.8876,0.6250,0.2733,0.2733,,,,,1,1.0000
2021101006,2076,44987,Eric Saubert,5,True,chip_release,inline,44842,LOLB,0.1307,1.3000,False,1.3000,0,0.9994,0.9139,0.7138,0.0006,0.0006,,,,,0,1.0000
2021101006,2121,47803,Noah Fant,5,True,chip_release,inline,44842,LEO,0.1307,1.5000,False,1.5000,0,0.9992,0.8339,0.5631,0.0008,0.0008,,,,,0,1.0000
2021101006,2192,47803,Noah Fant,5,True,chip_release,inline,44842,ROLB,0.1307,2.3000,True,2.3000,0,0.9995,0.9185,0.6680,0.0818,0.0818,,,,,0,0.0000
2021101006,2397,47924,Zach Gentry,5,True,pass_block,inline,53315,ROLB,0.1175,3.4000,False,3.4000,1,0.9982,0.9475,0.7522,0.2705,-0.7295,,,3.4000,3.2000,0,0.0000
2021101006,2687,44987,Eric Saubert,5,True,chip_release,inline,44842,LOLB,0.1307,1.2000,False,1.2000,0,0.9983,0.8267,0.6067,0.0010,0.0010,2.7000,2.7000,2.7000,2.7000,0,0.0000
2021101006,2687,47803,Noah Fant,5,True,chip_release,inline,38548,ROLB,0.1713,2.6000,False,2.6000,0,0.9987,0.7896,0.4892,0.2136,0.2136,,,,,0,0.0000
2021101006,2898,47803,Noah Fant,5,True,chip_release,inline,52510,REO,0.1192,2.3000,False,2.3000,0,0.9994,0.9523,0.7289,0.0480,0.0480,2.9000,2.9000,2.8000,2.7000,0,1.0000
2021101006,2922,47803,Noah Fant,5,True,chip_release,inline,45395,LOLB,0.1102,2.4000,True,2.4000,0,0.9992,0.9427,0.6690,0.0577,0.0577,,,,,0,0.0000
2021101006,2946,44987,Eric Saubert,5,True,pass_block,inline,52510,ROLB,0.1192,2.3000,False,2.3000,0,0.9968,0.9155,0.5415,0.0852,0.0852,,,,,0,1.0000
2021101006,3013,47803,Noah Fant,5,True,chip_release,inline,38548,LOLB,0.1713,1.8000,False,1.8000,0,0.9995,0.9688,0.8536,0.0055,0.0055,,,,,0,0.0000
2021101006,3342,47803,Noah Fant,5,True,chip_release,inline,44842,LEO,0.1307,1.4000,False,1.4000,0,0.9993,0.8524,0.5419,0.0007,0.0007,2.7000,2.7000,2.7000,2.7000,0,0.0000
2021101006,3704,47803,Noah Fant,5,True,chip_release,inline,44842,LEO,0.1307,1.5000,False,1.5000,0,0.9993,0.9107,0.7158,0.0007,0.0007,2.8000,2.8000,2.8000,2.8000,0,1.0000
2021101006,3774,47803,Noah Fant,5,True,chip_release,inline,44842,LEO,0.1307,2.5000,False,2.5000,0,0.9995,0.9313,0.7422,0.0690,0.0690,,,,,0,0.0000
2021101006,3825,47803,Noah Fant,5,True,chip_release,inline,44842,LEO,0.1307,1.5000,False,1.5000,0,0.9995,0.9255,0.6932,0.0005,0.0005,,,,,0,0.0000
2021101007,77,44857,Adam Shaheen,5,True,pass_block,inline,35454,LOLB,0.0812,5.5000,False,5.5000,0,0.9997,0.9872,0.8870,0.2801,0.2801,,,,,0,1.0000
2021101007,295,44857,Adam Shaheen,5,True,pass_block,detached,35454,LOLB,0.0812,9.9000,False,9.9000,0,0.9959,0.9732,0.9003,0.5789,0.5789,,,,,0,1.0000
2021101007,470,44831,O.J. Howard,5,True,pass_block,inline,43321,REO,0.1386,3.0000,False,3.0000,1,0.9978,0.9721,0.7963,0.1045,-0.8955,3.0000,3.0000,3.0000,3.0000,0,0.0000
2021101007,522,44831,O.J. Howard,5,True,pass_block,inline,53447,ROLB,0.1273,3.2000,False,3.2000,1,0.9980,0.9787,0.8587,0.1480,-0.8520,,,3.2000,3.1000,0,0.0000
2021101007,1359,44857,Adam Shaheen,5,True,pass_block,inline,35454,LEO,0.0812,4.1000,False,3.0000,1,0.9996,0.9780,0.8107,0.1216,-0.8784,,,3.0000,2.7000,0,0.0000
2021101007,1434,44857,Adam Shaheen,5,True,pass_block,inline,35454,LEO,0.0812,2.3000,False,2.3000,0,0.9996,0.9836,0.8908,0.0165,0.0165,,,,,0,0.0000
2021101007,1681,44831,O.J. Howard,5,True,pass_block,inline,46307,RE,0.1191,4.2000,False,3.7000,1,0.9989,0.9950,0.9549,0.0754,-0.9246,3.7000,3.7000,3.7000,3.7000,0,0.0000
2021101007,2395,45217,Cethan Carter,5,True,pass_block,inline,41915,ROLB,0.1641,2.8000,False,2.8000,0,0.9993,0.9414,0.6742,0.2026,0.2026,,,,,0,0.0000
2021101007,2395,46192,Durham Smythe,5,True,pass_block,inline,41915,ROLB,0.1641,2.8000,False,2.8000,0,0.9994,0.9691,0.7255,0.1524,0.1524,,,,,0,0.0000
2021101007,2474,46192,Durham Smythe,5,True,pass_block,inline,41915,ROLB,0.1641,3.5000,False,2.2000,1,0.9984,0.8899,0.4948,0.1128,-0.8872,2.6000,2.4000,2.2000,2.0000,0,1.0000
2021101007,2551,46192,Durham Smythe,5,True,pass_block,detached,53461,ROLB,0.1132,3.5000,False,3.5000,0,0.9994,0.9566,0.7351,0.2905,0.2905,,,,,0,1.0000
2021101007,2849,44831,O.J. Howard,5,True,pass_block,inline,53447,LOLB,0.1273,3.8000,False,3.0000,1,0.9979,0.9785,0.8624,0.0806,-0.9194,3.2000,3.1000,3.0000,2.9000,1,1.0000
2021101007,3096,46192,Durham Smythe,5,True,chip_release,inline,47890,LOLB,0.0950,1.7000,False,1.7000,0,0.9998,0.9848,0.8706,0.0002,0.0002,,,,,0,0.0000
2021101007,3263,42033,Cameron Brate,5,True,pass_block,inline,52478,ROLB,0.1482,2.5000,False,2.3000,1,0.9972,0.8654,0.5971,0.1360,-0.8640,,2.4000,2.3000,2.1000,0,0.0000
2021101008,133,44075,Garrett Griffin,5,True,pass_block,inline,52410,LEO,0.0904,3.6000,False,3.6000,0,0.9898,0.9710,0.8383,0.1709,0.1709,,,,,0,1.0000
2021101008,133,52513,Adam Trautman,5,True,pass_block,detached,52410,LEO,0.0904,3.6000,False,3.6000,0,0.9864,0.9681,0.8402,0.1688,0.1688,,,,,0,1.0000
2021101008,186,45481,Ricky Seals-Jones,5,True,pass_block,inline,44871,LEO,0.1164,3.6000,False,3.0000,1,0.9958,0.9602,0.7184,0.1510,-0.8490,3.2000,3.2000,3.0000,2.8000,1,1.0000
2021101008,229,45481,Ricky Seals-Jones,5,True,pass_block,detached,47888,SCBoR,0.1310,4.6000,False,4.6000,0,0.9995,0.8895,0.6634,0.5138,0.5138,,,,,0,0.0000
2021101008,552,53553,John Bates,5,True,chip_release,detached,37097,RE,0.1281,2.1000,False,2.1000,0,0.9988,0.9804,0.8494,0.0031,0.0031,,,,,0,0.0000
2021101008,800,45481,Ricky Seals-Jones,5,True,chip_release,inline,53457,LOLB,0.1302,1.6000,False,1.6000,0,0.9990,0.9403,0.7507,0.0010,0.0010,3.1000,3.1000,3.1000,3.1000,0,1.0000
2021101008,899,45481,Ricky Seals-Jones,5,True,chip_release,detached,37097,LEO,0.1281,2.4000,False,2.4000,0,0.9981,0.9333,0.7404,0.0676,0.0676,,,,,0,0.0000
2021101008,1301,45481,Ricky Seals-Jones,5,True,pass_block,wing,53457,LEO,0.1302,3.1000,False,3.1000,0,0.9944,0.9703,0.8206,0.0913,0.0913,,,,,0,0.0000
2021101008,1301,53553,John Bates,5,True,pass_block,inline,53457,LEO,0.1302,3.1000,False,3.1000,0,0.9916,0.9578,0.7404,0.1404,0.1404,,,,,0,0.0000
2021101008,1330,45481,Ricky Seals-Jones,5,True,pass_block,detached,37097,REO,0.1281,3.1000,False,3.1000,0,0.9973,0.9072,0.6254,0.2273,0.2273,,,,,0,0.0000
2021101008,1512,45481,Ricky Seals-Jones,5,True,pass_block,detached,44871,REO,0.1164,3.2000,False,3.0000,1,0.9988,0.9407,0.6998,0.1652,-0.8348,,3.1000,3.0000,2.8000,1,1.0000
2021101008,1617,52513,Adam Trautman,5,True,pass_block,inline,47809,REO,0.1019,3.4000,False,3.4000,0,0.9987,0.9926,0.9495,0.0513,0.0513,,,,,0,1.0000
2021101008,1840,45481,Ricky Seals-Jones,5,True,chip_release,detached,53489,ROLB,0.1206,1.8000,False,1.8000,0,0.9984,0.9316,0.7938,0.0274,0.0274,,,,,0,1.0000
2021101008,1862,45481,Ricky Seals-Jones,5,True,chip_release,detached,47888,SCBL,0.1310,1.7000,False,1.7000,0,0.9992,0.8040,0.4694,0.0008,0.0008,,,,,0,0.0000
2021101008,2261,45481,Ricky Seals-Jones,5,True,chip_release,detached,44871,LEO,0.1164,1.8000,False,1.8000,0,0.9993,0.9700,0.7884,0.0047,0.0047,4.5000,4.5000,4.5000,4.5000,0,1.0000
2021101008,2304,45481,Ricky Seals-Jones,5,True,chip_release,detached,53457,REO,0.1302,1.9000,False,1.9000,0,0.9996,0.9146,0.6507,0.0038,0.0038,,,,,0,1.0000
2021101008,2647,44075,Garrett Griffin,5,True,chip_release,inline,52641,REO,0.1223,1.7000,False,1.7000,0,0.9997,0.9737,0.8844,0.0003,0.0003,,,,,0,1.0000
2021101008,2669,44075,Garrett Griffin,5,True,pass_block,wing,52410,LEO,0.0904,3.3000,False,3.3000,0,0.9955,0.9786,0.8690,0.1366,0.1366,,,,,0,1.0000
2021101008,2669,52513,Adam Trautman,5,True,pass_block,inline,52410,LEO,0.0904,3.3000,False,3.3000,0,0.9971,0.9801,0.7987,0.2144,0.2144,,,,,0,1.0000
2021101008,2743,45481,Ricky Seals-Jones,5,True,chip_release,detached,53457,LOLB,0.1302,2.6000,False,2.6000,0,0.9979,0.9887,0.9601,0.0113,0.0113,,,,,0,0.0000
2021101008,2809,45481,Ricky Seals-Jones,5,True,chip_release,wing,37097,LEO,0.1281,0.9000,False,0.9000,0,0.9865,0.9594,0.9146,0.0092,0.0092,,,,,0,0.0000
2021101008,3105,52513,Adam Trautman,5,True,chip_release,wing,47809,LEO,0.1019,3.2000,True,3.2000,0,0.9969,0.9800,0.7930,0.0975,0.0975,,,,,0,0.0000
2021101008,3196,52513,Adam Trautman,5,True,chip_release,inline,52410,LEO,0.0904,2.8000,False,2.8000,0,0.9997,0.9865,0.9037,0.0540,0.0540,,,,,0,1.0000
2021101008,3305,45481,Ricky Seals-Jones,5,True,chip_release,detached,37097,LOLB,0.1281,1.1000,False,1.1000,0,0.9993,0.9186,0.6578,0.0004,0.0004,,,,,0,0.0000
2021101008,3487,45481,Ricky Seals-Jones,5,True,pass_block,detached,48537,REO,0.1164,3.3000,False,3.3000,1,0.9975,0.9205,0.5991,0.4664,-0.5336,,,3.3000,3.2000,1,1.0000
2021101008,3597,45481,Ricky Seals-Jones,5,True,chip_release,detached,44871,REO,0.1164,1.3000,False,1.3000,0,0.9996,0.9764,0.8792,0.0004,0.0004,,,,,0,0.0000
2021101008,3618,45481,Ricky Seals-Jones,5,True,chip_release,wing,37097,LEO,0.1281,2.2000,False,2.2000,0,0.9843,0.9559,0.8977,0.0240,0.0240,5.5000,5.3000,5.2000,5.0000,0,0.0000
2021101008,3644,45481,Ricky Seals-Jones,5,True,pass_block,wing,44871,REO,0.1164,5.6000,False,5.6000,0,0.9996,0.9898,0.9401,0.1771,0.1771,,,,,0,1.0000
2021101008,3644,53553,John Bates,5,True,pass_block,inline,44871,REO,0.1164,5.6000,False,5.6000,0,0.9997,0.9928,0.9493,0.1597,0.1597,,,,,0,1.0000
2021101008,3853,44075,Garrett Griffin,5,True,pass_block,wing,52410,LEO,0.0904,3.4000,False,3.4000,1,0.9965,0.9822,0.8624,0.1436,-0.8564,,,3.4000,3.2000,1,1.0000
2021101008,4008,45481,Ricky Seals-Jones,5,True,chip_release,detached,34465,LOLB,0.1018,2.5000,False,2.5000,0,0.9995,0.9537,0.7364,0.0464,0.0464,,,,,0,1.0000
2021101008,4074,45481,Ricky Seals-Jones,5,True,chip_release,detached,48537,ROLB,0.1164,3.0000,True,3.0000,0,0.9994,0.9462,0.6846,0.2020,0.2020,,,,,0,0.0000
2021101009,83,34540,Jared Cook,5,True,chip_release,inline,44813,REO,0.2024,2.3000,True,2.3000,0,0.9992,0.9517,0.8238,0.0487,0.0487,,,,,0,0.0000
2021101009,311,44841,David Njoku,5,True,pass_block,inline,46086,ROLB,0.1194,2.7000,False,2.4000,1,0.9931,0.9062,0.6216,0.0954,-0.9046,2.4000,2.4000,2.4000,2.3000,1,1.0000
2021101009,519,43845,Stephen Anderson,5,True,chip_release,backfield,44847,DRT,0.1137,1.0000,False,1.0000,0,0.7201,0.6263,0.3730,0.2841,0.2841,,,,,0,0.0000
2021101009,543,48456,Donald Parham,5,True,chip_release,inline,47948,REO,0.1103,1.6000,False,1.6000,0,0.9994,0.9718,0.8235,0.0006,0.0006,,,,,0,1.0000
2021101009,569,34540,Jared Cook,5,True,pass_block,wing,44813,LEO,0.2024,2.7000,False,2.7000,0,0.9984,0.9129,0.7023,0.0881,0.0881,,,,,0,0.0000
2021101009,569,48456,Donald Parham,5,True,pass_block,inline,44813,LEO,0.2024,2.7000,False,2.7000,0,0.9991,0.9364,0.7483,0.0642,0.0642,,,,,0,0.0000
2021101009,666,48456,Donald Parham,5,True,chip_release,inline,47948,LEO,0.1103,2.3000,False,2.3000,0,0.9948,0.9785,0.9399,0.0216,0.0216,,,,,0,0.0000
2021101009,965,43370,Austin Hooper,5,True,pass_block,inline,43292,LOLB,0.1747,2.2000,False,2.2000,0,0.9990,0.9767,0.9201,0.0050,0.0050,,,,,0,0.0000
2021101009,1117,34540,Jared Cook,5,True,chip_release,detached,44813,LEO,0.2024,1.8000,False,1.8000,0,0.9996,0.9748,0.8598,0.0036,0.0036,,3.0000,2.8000,2.7000,0,0.0000
2021101009,1180,44841,David Njoku,5,True,pass_block,inline,53547,ROLB,0.1083,3.7000,False,3.7000,0,0.9974,0.9686,0.7081,0.3209,0.3209,,,,,0,0.0000
2021101009,1301,44841,David Njoku,5,True,chip_release,detached,46117,ROLB,0.1176,2.3000,False,2.3000,0,0.9995,0.9602,0.8462,0.0400,0.0400,,,,,0,0.0000
2021101009,1391,34540,Jared Cook,5,True,pass_block,wing,47948,LEO,0.1103,3.2000,False,3.2000,0,0.9955,0.9681,0.7901,0.1072,0.1072,,,,,0,0.0000
2021101009,1391,48456,Donald Parham,5,True,pass_block,inline,47948,LEO,0.1103,3.2000,False,3.2000,0,0.9961,0.9590,0.6827,0.1803,0.1803,,,,,0,0.0000
2021101009,1568,43370,Austin Hooper,5,True,chip_release,inline,43292,ROLB,0.1747,1.5000,False,1.5000,0,0.9995,0.9313,0.7624,0.0005,0.0005,,3.9000,3.8000,3.7000,0,1.0000
2021101009,1937,44841,David Njoku,5,True,chip_release,detached,46117,LOLB,0.1176,2.3000,False,2.3000,0,0.9993,0.9364,0.7593,0.0642,0.0642,,,,,0,0.0000
2021101009,2058,43370,Austin Hooper,5,True,pass_block,inline,46117,LOLB,0.1176,2.9000,False,2.9000,0,0.9993,0.9785,0.9300,0.0444,0.0444,,,,,0,0.0000
2021101009,2253,34540,Jared Cook,5,True,chip_release,detached,44838,LOLB,0.1312,1.6000,False,1.6000,0,0.9993,0.9525,0.7971,0.0007,0.0007,,,,,0,0.0000
2021101009,2309,34540,Jared Cook,5,True,pass_block,wing,45033,REO,0.1175,5.8000,False,5.7000,1,0.9968,0.9732,0.8560,0.4186,-0.5814,,,5.7000,5.4000,0,1.0000
2021101009,2431,34540,Jared Cook,5,True,chip_release,detached,44813,LEO,0.2024,1.6000,False,1.6000,0,0.9987,0.9189,0.7626,0.0013,0.0013,,,,,0,0.0000
2021101009,2457,34540,Jared Cook,5,True,chip_release,detached,44813,LEO,0.2024,2.1000,False,2.1000,0,0.9991,0.9542,0.8112,0.0098,0.0098,,,,,0,0.0000
2021101009,2668,44841,David Njoku,5,True,pass_block,inline,43292,ROLB,0.1747,5.9000,False,5.9000,0,0.9987,0.9020,0.6528,0.9331,0.9331,,,,,0,0.0000
2021101009,2804,34540,Jared Cook,5,True,chip_release,detached,47948,LEO,0.1103,1.5000,False,1.5000,0,0.9996,0.9745,0.8182,0.0004,0.0004,2.9000,2.9000,2.8000,2.8000,0,1.0000
2021101009,2845,34540,Jared Cook,5,True,chip_release,detached,44838,LOLB,0.1312,1.6000,False,1.6000,0,0.9994,0.9734,0.8632,0.0006,0.0006,,,,,0,0.0000
2021101009,3000,43370,Austin Hooper,5,True,chip_release,inline,43292,ROLB,0.1747,1.2000,False,1.2000,0,0.9996,0.9605,0.8321,0.0002,0.0002,,,,,0,0.0000
2021101009,3120,48456,Donald Parham,5,True,pass_block,detached,44838,LOLB,0.1312,4.2000,False,2.0000,1,0.9992,0.9813,0.9264,0.0060,-0.9940,,,2.0000,1.8000,0,0.0000
2021101009,3277,43845,Stephen Anderson,5,True,chip_release,inline,47948,LEO,0.1103,1.0000,False,1.0000,0,0.9956,0.9867,0.9649,0.0027,0.0027,,,,,0,1.0000
2021101009,3525,48456,Donald Parham,5,True,pass_block,inline,47948,LEO,0.1103,2.7000,False,2.7000,0,0.9994,0.9020,0.6300,0.0986,0.0986,,,,,0,0.0000
2021101009,4115,43370,Austin Hooper,5,True,pass_block,inline,46117,LOLB,0.1176,4.2000,False,4.2000,0,0.9992,0.9248,0.6481,0.5277,0.5277,,,,,0,0.0000
2021101009,4403,44841,David Njoku,5,True,chip_release,detached,47811,LEO,0.1031,2.6000,True,2.6000,0,0.9991,0.9658,0.8376,0.0344,0.0344,,,,,0,0.0000
2021101009,4553,44841,David Njoku,5,True,chip_release,inline,43292,ROLB,0.1747,1.1000,False,1.1000,0,0.9996,0.9559,0.8032,0.0002,0.0002,3.2000,3.2000,3.2000,3.2000,0,0.0000
2021101010,1120,35534,Jimmy Graham,5,True,pass_block,inline,47889,LEO,0.2036,3.0000,False,3.0000,0,0.9990,0.9956,0.9870,0.0084,0.0084,,,,,0,1.0000
2021101010,1120,52451,Cole Kmet,5,True,pass_block,wing,47889,LEO,0.2036,3.0000,False,3.0000,0,0.9978,0.9916,0.9795,0.0141,0.0141,,,,,0,1.0000
2021101010,1436,52451,Cole Kmet,5,True,pass_block,inline,47889,LEO,0.2036,2.7000,False,2.4000,1,0.9985,0.9514,0.8056,0.0487,-0.9513,2.4000,2.4000,2.4000,2.3000,0,0.0000
2021101010,2262,42547,Darren Waller,5,True,chip_release,inline,41279,LOLB,0.1129,2.3000,False,2.3000,0,0.9978,0.9477,0.5706,0.0526,0.0526,3.5000,3.5000,3.5000,3.5000,0,0.0000
2021101010,2377,52451,Cole Kmet,5,True,pass_block,inline,47889,LEO,0.2036,5.5000,False,5.5000,0,0.9995,0.8061,0.4712,0.9752,0.9752,,,,,0,1.0000
2021101010,2484,42547,Darren Waller,5,True,chip_release,inline,41231,ROLB,0.1413,1.2000,False,1.2000,0,0.9996,0.9607,0.7906,0.0002,0.0002,,,,,0,0.0000
2021101010,2513,47920,Foster Moreau,5,True,pass_block,inline,52563,LOLB,0.1392,2.9000,False,2.7000,1,0.9995,0.9591,0.6978,0.1810,-0.8190,2.7000,2.7000,2.7000,2.7000,1,1.0000
2021101010,2558,47920,Foster Moreau,5,True,pass_block,inline,52563,LEO,0.1392,4.6000,False,2.8000,1,0.9976,0.9814,0.8579,0.0608,-0.9392,3.2000,2.9000,2.8000,2.7000,1,1.0000
2021101010,2599,42547,Darren Waller,5,True,chip_release,inline,41231,LEO,0.1413,1.1000,False,1.1000,0,0.9993,0.8987,0.5760,0.0004,0.0004,,,,,0,0.0000
2021101010,3121,42547,Darren Waller,5,True,chip_release,inline,41231,LOLB,0.1413,1.2000,False,1.2000,0,0.9970,0.9793,0.9417,0.0019,0.0019,,,,,0,0.0000
2021101010,3298,52451,Cole Kmet,5,True,pass_block,inline,43354,LEO,0.1238,2.2000,False,2.2000,0,0.9997,0.9741,0.8231,0.0028,0.0028,,,,,0,0.0000
2021101010,3621,42547,Darren Waller,5,True,chip_release,inline,37087,ROLB,0.1540,2.2000,False,2.2000,0,0.9994,0.9314,0.6714,0.0058,0.0058,,,,,0,1.0000
2021101010,3909,42547,Darren Waller,5,True,chip_release,inline,41231,LOLB,0.1413,1.3000,False,1.3000,0,0.9997,0.9722,0.8074,0.0003,0.0003,,,,2.6000,0,0.0000
2021101010,3933,42547,Darren Waller,5,True,chip_release,inline,37087,REO,0.1540,1.6000,False,1.6000,0,0.9995,0.9504,0.7748,0.0005,0.0005,,,,,0,1.0000
2021101010,3957,42547,Darren Waller,5,True,chip_release,inline,46214,LEO,0.0902,1.9000,False,1.9000,0,0.9995,0.9515,0.7710,0.0062,0.0062,,,,5.7000,0,1.0000
2021101010,3990,42547,Darren Waller,5,True,chip_release,inline,37087,REO,0.1540,1.8000,False,1.8000,0,0.9994,0.9457,0.8216,0.0106,0.0106,,,,,0,1.0000
2021101011,85,46331,Ross Dwelley,5,True,pass_block,inline,52539,NLT,0.1095,3.5000,False,3.5000,1,0.9984,0.9594,0.7585,0.2617,-0.7383,,,3.5000,3.4000,0,0.0000
2021101011,408,46331,Ross Dwelley,5,True,chip_release,inline,38551,LOLB,0.1128,1.9000,False,1.9000,0,0.9997,0.9724,0.8238,0.0028,0.0028,,,,,0,0.0000
2021101011,441,46331,Ross Dwelley,5,True,pass_block,inline,38551,ROLB,0.1128,3.0000,False,2.6000,1,0.9997,0.9735,0.7090,0.1540,-0.8460,2.6000,2.6000,2.6000,2.6000,1,1.0000
2021101011,719,46331,Ross Dwelley,5,True,pass_block,backfield,42401,ROLB,0.1323,5.4000,False,2.4000,1,0.9989,0.8483,0.6562,0.1574,-0.8426,,,2.4000,2.2000,0,0.0000
2021101011,794,52598,Charlie Woerner,5,True,chip_release,inline,37084,LEO,0.1275,1.5000,False,1.5000,0,0.9996,0.9632,0.7988,0.0004,0.0004,,,,,0,1.0000
2021101011,1017,46797,Tanner Hudson,5,True,pass_block,inline,38551,LEO,0.1128,4.0000,False,4.0000,0,0.9992,0.9936,0.9435,0.1097,0.1097,,,,,0,1.0000
2021101011,1017,52598,Charlie Woerner,5,True,chip_release,inline,42401,ROLB,0.1323,3.1000,False,3.1000,0,0.9973,0.9766,0.8174,0.0931,0.0931,,,,,0,1.0000
2021101011,1039,46331,Ross Dwelley,5,True,chip_release,wing,38551,LEO,0.1128,1.1000,False,1.1000,0,0.9939,0.9719,0.9133,0.0038,0.0038,,,,3.5000,1,1.0000
2021101011,1289,42398,Maxx Williams,5,True,pass_block,inline,46354,LLB,0.1175,4.1000,False,4.1000,0,0.9996,0.9257,0.7413,0.3629,0.3629,,,,,0,1.0000
2021101011,1402,42398,Maxx Williams,5,True,pass_block,detached,42360,LEO,0.1325,5.1000,False,5.1000,0,0.9956,0.9240,0.8780,0.2582,0.2582,,,,,0,0.0000
2021101011,1525,46331,Ross Dwelley,5,True,pass_block,inline,42401,LOLB,0.1323,2.9000,False,2.9000,0,0.9995,0.9609,0.8042,0.1161,0.1161,,,,,0,0.0000
2021101011,1647,42398,Maxx Williams,5,True,chip_release,backfield,46156,LOLB,0.1037,1.2000,False,1.2000,0,0.9996,0.9285,0.5769,0.0002,0.0002,,,,,0,0.0000
2021101011,2069,46331,Ross Dwelley,5,True,chip_release,inline,37084,LEO,0.1275,1.7000,False,1.7000,0,0.9997,0.9810,0.8923,0.0003,0.0003,5.8000,3.8000,3.6000,3.4000,0,1.0000
2021101011,2398,46331,Ross Dwelley,5,True,chip_release,inline,42401,LOLB,0.1323,4.1000,False,4.1000,0,0.9998,0.9571,0.7204,0.4288,0.4288,,,,,0,1.0000
2021101011,2996,46331,Ross Dwelley,5,True,pass_block,inline,46657,LOLB,0.1165,4.3000,False,3.1000,1,0.9997,0.9577,0.7959,0.2192,-0.7808,3.1000,3.1000,3.1000,3.1000,0,1.0000
2021101011,3503,46331,Ross Dwelley,5,True,chip_release,inline,42401,ROLB,0.1323,2.0000,False,2.0000,0,0.9995,0.9719,0.8729,0.0094,0.0094,,,3.5000,3.2000,0,0.0000
2021101011,3686,43206,Ross Travis,5,True,chip_release,inline,46156,LEO,0.1037,2.7000,False,2.7000,0,0.9998,0.9893,0.8735,0.0107,0.0107,,,,,0,0.0000
2021101012,130,45532,Blake Jarwin,5,True,chip_release,wing,42349,REO,0.1046,1.0000,False,1.0000,0,0.9985,0.9665,0.7765,0.0009,0.0009,,,,,0,1.0000
2021101012,271,44835,Evan Engram,5,True,chip_release,inline,44892,LOLB,0.0902,4.3000,False,4.3000,0,0.9997,0.9733,0.8360,0.3253,0.3253,,,,,0,0.0000
2021101012,318,47959,Kaden Smith,5,True,chip_release,backfield,42403,ROLB,0.1397,2.1000,False,2.1000,0,0.9991,0.8972,0.5941,0.0355,0.0355,,,,,0,0.0000
2021101012,1322,44835,Evan Engram,5,True,pass_block,detached,53513,LOLB,0.1075,2.6000,False,2.6000,0,0.9996,0.9861,0.8774,0.0139,0.0139,,,,,0,0.0000
2021101012,2236,47959,Kaden Smith,5,True,pass_block,inline,53513,LE,0.1075,3.9000,False,3.9000,0,0.9970,0.9930,0.9787,0.0310,0.0310,,,,,0,0.0000
2021101012,2492,44967,Jeremy Sprinkle,5,True,pass_block,inline,47800,LE,0.1185,3.4000,False,3.4000,0,0.9988,0.9843,0.8992,0.1041,0.1041,,,,,0,0.0000
2021101012,2492,45532,Blake Jarwin,5,True,pass_block,wing,47800,LE,0.1185,3.4000,False,3.4000,0,0.9990,0.9845,0.9397,0.0616,0.0616,,,,,0,0.0000
2021101012,2563,45532,Blake Jarwin,5,True,pass_block,inline,53876,REO,0.1028,2.4000,False,2.4000,0,0.9992,0.9570,0.7742,0.0432,0.0432,,,,,0,0.0000
2021101012,2611,46206,Dalton Schultz,5,True,chip_release,inline,47878,LEO,0.0999,3.6000,True,3.6000,0,0.9965,0.9817,0.8805,0.1240,0.1240,,,,,0,1.0000
2021101012,2687,46206,Dalton Schultz,5,True,pass_block,inline,53479,REO,0.1131,2.7000,False,2.7000,0,0.9960,0.9719,0.8428,0.0283,0.0283,,,,,0,0.0000
2021101012,2743,37118,Kyle Rudolph,5,True,pass_block,inline,53513,LEO,0.1075,4.1000,False,4.1000,0,0.9987,0.9863,0.8573,0.2876,0.2876,,,,,0,0.0000
2021101012,3205,37118,Kyle Rudolph,5,True,pass_block,inline,42403,REO,0.1397,2.6000,False,2.6000,0,0.9970,0.9709,0.8584,0.0293,0.0293,,,,,0,0.0000
2021101012,3205,47959,Kaden Smith,5,True,pass_block,wing,42403,REO,0.1397,2.6000,False,2.6000,0,0.9986,0.9738,0.8677,0.0262,0.0262,,,,,0,0.0000
2021101012,3484,45532,Blake Jarwin,5,True,pass_block,wing,47878,LOLB,0.0999,2.8000,False,2.8000,0,0.9986,0.9917,0.9146,0.0405,0.0405,,,,,0,0.0000
2021101012,4089,44967,Jeremy Sprinkle,5,True,pass_block,wing,47878,LEO,0.0999,4.2000,False,4.2000,0,0.9983,0.9931,0.9761,0.0360,0.0360,,,,,0,0.0000
2021101012,4089,46206,Dalton Schultz,5,True,chip_release,inline,47878,LEO,0.0999,1.2000,False,1.2000,0,0.9973,0.9922,0.9748,0.0018,0.0018,,,,,0,0.0000
2021101012,4221,44967,Jeremy Sprinkle,5,True,chip_release,inline,42349,REO,0.1046,1.8000,False,1.8000,0,0.9982,0.9739,0.7123,0.0035,0.0035,,,,,0,0.0000
2021101013,137,42460,Blake Bell,5,True,pass_block,inline,35470,REO,0.1385,4.0000,False,4.0000,0,0.9972,0.9637,0.6901,0.5561,0.5561,,,,,0,0.0000
2021101013,310,42460,Blake Bell,5,True,pass_block,inline,52462,LEO,0.1625,5.6000,False,5.6000,0,0.9990,0.9362,0.5966,1.0505,1.0505,,,,,0,0.0000
2021101013,535,42460,Blake Bell,5,True,chip_release,detached,52462,REO,0.1625,1.9000,False,1.9000,0,0.9988,0.9228,0.7431,0.0145,0.0145,,,,,0,0.0000
2021101013,1445,48011,Tommy Sweeney,5,True,chip_release,inline,46796,LEO,0.1138,1.7000,False,1.7000,0,0.9950,0.9826,0.8843,0.0050,0.0050,,,,,0,0.0000
2021101013,1536,47879,Dawson Knox,5,True,chip_release,detached,40051,LEO,0.1044,1.8000,False,1.8000,0,0.9995,0.9816,0.8945,0.0032,0.0032,,,,,0,0.0000
2021101013,1620,42460,Blake Bell,5,True,pass_block,inline,53459,LEO,0.1327,2.7000,False,2.7000,0,0.9994,0.9785,0.9432,0.0216,0.0216,,,,,0,0.0000
2021101013,1695,47879,Dawson Knox,5,True,pass_block,inline,42406,LEO,0.1255,5.8000,False,5.8000,0,0.9939,0.9710,0.8434,0.5060,0.5060,,,,,0,1.0000
2021101013,1695,48011,Tommy Sweeney,5,True,pass_block,wing,42406,LEO,0.1255,5.8000,False,5.8000,0,0.9939,0.9658,0.8452,0.4181,0.4181,,,,,0,1.0000
2021101013,1738,47879,Dawson Knox,5,True,chip_release,detached,52585,REO,0.1043,1.8000,False,1.8000,0,0.9998,0.9901,0.9060,0.0013,0.0013,,,,,0,1.0000
2021101013,2024,42460,Blake Bell,5,True,chip_release,detached,35470,LEO,0.1385,2.0000,False,2.0000,0,0.9993,0.9431,0.7279,0.0058,0.0058,,,,,0,0.0000
2021101013,2150,40011,Travis Kelce,5,True,chip_release,inline,35470,LOLB,0.1385,1.1000,False,1.1000,0,0.9995,0.9350,0.7273,0.0003,0.0003,3.4000,3.4000,3.4000,3.4000,0,0.0000
2021101013,2318,40011,Travis Kelce,5,True,chip_release,inline,37841,ROLB,0.1120,2.0000,False,2.0000,0,0.9995,0.9599,0.7630,0.0081,0.0081,,,,,0,0.0000
2021101013,2818,48011,Tommy Sweeney,5,True,chip_release,inline,40051,LEO,0.1044,1.6000,False,1.6000,0,0.9967,0.9861,0.8838,0.0033,0.0033,,,,,0,0.0000
2021101013,2903,42460,Blake Bell,5,True,pass_block,inline,53490,LEO,0.1209,3.2000,False,3.2000,0,0.9983,0.9300,0.6869,0.1945,0.1945,,,,,0,1.0000
2021101013,3067,40011,Travis Kelce,5,True,pass_block,inline,53459,LEO,0.1327,5.7000,False,5.7000,0,0.9993,0.9830,0.9479,0.1599,0.1599,,,,,0,0.0000
2021101013,3175,42460,Blake Bell,5,True,chip_release,detached,53490,LEO,0.1209,1.0000,False,1.0000,0,0.9987,0.9621,0.9168,0.0008,0.0008,,4.8000,4.3000,4.0000,0,1.0000
2021101013,3771,47879,Dawson Knox,5,True,chip_release,detached,41502,ROLB,0.1374,1.6000,False,1.6000,0,0.9994,0.9596,0.8117,0.0006,0.0006,2.7000,2.7000,2.7000,2.6000,0,1.0000
2021101013,3808,47879,Dawson Knox,5,True,chip_release,detached,40051,REO,0.1044,2.2000,False,2.2000,0,0.9997,0.9845,0.8894,0.0022,0.0022,3.3000,3.0000,2.9000,2.9000,0,1.0000
2021101013,3937,47879,Dawson Knox,5,True,chip_release,detached,40051,LOLB,0.1044,1.3000,False,1.3000,0,0.9997,0.9827,0.8701,0.0003,0.0003,,,,,0,0.0000
2021101013,4133,40011,Travis Kelce,5,True,chip_release,detached,52462,REO,0.1625,1.4000,False,1.4000,0,0.9995,0.9714,0.8708,0.0005,0.0005,,,,,0,1.0000
2021101013,4291,40011,Travis Kelce,5,True,chip_release,detached,53490,REO,0.1209,1.8000,False,1.8000,0,0.9995,0.9855,0.9114,0.0042,0.0042,,,,,0,0.0000
2021101100,484,44792,Mo Alie-Cox,5,True,chip_release,inline,33131,LEO,0.1161,2.3000,False,2.3000,0,0.9995,0.9834,0.8732,0.0167,0.0167,,,,,0,1.0000
2021101100,937,44792,Mo Alie-Cox,5,True,pass_block,detached,33131,LE,0.1161,3.0000,False,3.0000,0,0.9996,0.9891,0.9271,0.0415,0.0415,,,,,0,0.0000
2021101100,965,44792,Mo Alie-Cox,5,True,chip_release,inline,53460,ROLB,0.1179,1.4000,False,1.4000,0,0.9981,0.9669,0.7859,0.0019,0.0019,,,,,0,1.0000
2021101100,1540,46155,Mark Andrews,5,True,chip_release,inline,46133,LEO,0.1107,1.9000,False,1.9000,0,0.9995,0.9696,0.7681,0.0037,0.0037,,,,,0,0.0000
2021101100,1625,46155,Mark Andrews,5,True,chip_release,inline,46133,LEO,0.1107,1.2000,False,1.2000,0,0.9993,0.9699,0.7692,0.0005,0.0005,,,,,0,0.0000
2021101100,1795,40641,Jack Doyle,5,True,pass_block,detached,37145,LEO,0.1154,2.6000,False,2.6000,0,0.9992,0.9653,0.7878,0.0349,0.0349,,,,,0,0.0000
2021101100,1887,40641,Jack Doyle,5,True,pass_block,detached,33131,RE,0.1161,2.5000,False,2.5000,0,0.9985,0.9402,0.6617,0.0602,0.0602,,,,,0,1.0000
2021101100,2018,44792,Mo Alie-Cox,5,True,pass_block,inline,33131,RE,0.1161,3.1000,False,3.1000,0,0.9981,0.9892,0.9181,0.0366,0.0366,,,,,0,0.0000
2021101100,2042,40641,Jack Doyle,5,True,chip_release,inline,44999,LOLB,0.1362,2.0000,False,2.0000,0,0.9971,0.9270,0.7053,0.0078,0.0078,3.1000,3.1000,3.1000,3.1000,0,1.0000
2021101100,2127,46155,Mark Andrews,5,True,chip_release,inline,46133,LEO,0.1107,1.5000,False,1.5000,0,0.9995,0.9630,0.7271,0.0005,0.0005,,,,,0,1.0000
2021101100,2686,40641,Jack Doyle,5,True,pass_block,inline,46958,ROLB,0.1198,3.2000,False,3.2000,0,0.9971,0.7424,0.4724,0.5004,0.5004,,,,,0,0.0000
2021101100,3148,46155,Mark Andrews,5,True,chip_release,inline,46121,LEO,0.1148,1.2000,False,1.2000,0,0.9996,0.9723,0.8288,0.0002,0.0002,,,,,0,0.0000
2021101100,3336,44792,Mo Alie-Cox,5,True,pass_block,wing,52479,LE,0.0929,4.3000,False,4.3000,0,0.9983,0.9927,0.9593,0.0817,0.0817,,,,,0,0.0000
2021101100,3598,46155,Mark Andrews,5,True,chip_release,inline,47832,LEO,0.1151,1.5000,False,1.5000,0,0.9996,0.9767,0.8407,0.0004,0.0004,,,,,0,1.0000
2021101100,3896,40641,Jack Doyle,5,True,pass_block,detached,37145,ROLB,0.1154,3.6000,False,3.6000,0,0.9993,0.9649,0.7438,0.2793,0.2793,,,,,0,0.0000
2021101100,4016,40641,Jack Doyle,5,True,pass_block,detached,44859,LOLB,0.1352,3.0000,False,3.0000,0,0.9991,0.9390,0.6711,0.2027,0.2027,,,,,0,0.0000
2021101100,4161,47852,Josh Oliver,5,True,chip_release,inline,46133,LEO,0.1107,1.4000,False,1.4000,0,0.9995,0.9505,0.7532,0.0005,0.0005,,,3.6000,3.5000,0,0.0000
2021101100,4269,47852,Josh Oliver,5,True,chip_release,inline,46121,LEO,0.1148,1.5000,False,1.5000,0,0.9992,0.9719,0.8092,0.0008,0.0008,,,,,0,0.0000
2021101400,500,39983,Zach Ertz,6,True,chip_release,detached,47890,REO,0.1032,1.5000,False,1.5000,0,0.9993,0.9689,0.8226,0.0007,0.0007,,,,,0,1.0000
2021101400,627,44831,O.J. Howard,6,True,pass_block,inline,46199,LEO,0.1261,2.5000,False,2.5000,0,0.9993,0.8741,0.4924,0.1271,0.1271,,,,,1,1.0000
2021101400,1143,53946,Jack Stoll,6,True,pass_block,inline,35454,LOLB,0.0907,5.3000,False,5.3000,0,0.9997,0.9951,0.9759,0.0976,0.0976,,,,,0,1.0000
2021101400,1923,42033,Cameron Brate,6,True,chip_release,detached,44826,ROLB,0.1173,1.9000,False,1.9000,0,0.9997,0.9804,0.8826,0.0049,0.0049,,,,,0,1.0000
2021101400,2016,39983,Zach Ertz,6,True,chip_release,detached,35454,LOLB,0.0907,1.4000,False,1.4000,0,0.9999,0.9962,0.9662,0.0001,0.0001,,,,4.4000,0,1.0000
2021101400,2578,39983,Zach Ertz,6,True,pass_block,detached,53461,REO,0.1189,4.4000,False,4.4000,0,0.9992,0.9829,0.9162,0.1708,0.1708,,,,,0,1.0000
2021101400,2578,53946,Jack Stoll,6,True,pass_block,inline,53461,REO,0.1189,4.4000,False,4.4000,0,0.9989,0.9562,0.7861,0.4498,0.4498,,,,,0,1.0000
2021101400,2722,39983,Zach Ertz,6,True,pass_block,detached,41915,ROLB,0.1471,3.5000,False,3.5000,0,0.9996,0.9404,0.7501,0.2737,0.2737,,,,,0,1.0000
2021101400,3023,47840,J.J. Arcega-Whiteside,6,True,pass_block,detached,46186,SCBL,0.1194,4.8000,False,2.0000,1,0.9994,0.9684,0.7477,0.0076,-0.9924,2.0000,2.0000,2.0000,2.0000,1,1.0000
2021101400,3023,53946,Jack Stoll,6,True,pass_block,inline,35454,LOLB,0.0907,4.8000,False,4.8000,0,0.9996,0.9884,0.9282,0.1736,0.1736,,,,,0,1.0000
2021101400,3045,39983,Zach Ertz,6,True,pass_block,wing,47788,LOLB,0.1597,3.6000,False,3.6000,0,0.9997,0.9832,0.7819,0.2332,0.2332,,,,,0,1.0000
2021101400,3045,53946,Jack Stoll,6,True,pass_block,inline,35454,LOLB,0.0907,3.6000,False,3.6000,0,0.9996,0.9885,0.9196,0.0824,0.0824,,,,,0,1.0000
2021101400,3390,39983,Zach Ertz,6,True,pass_block,inline,35454,LEO,0.0907,2.7000,False,2.7000,0,0.9997,0.9894,0.9537,0.0107,0.0107,,,,,0,0.0000
2021101400,3509,39983,Zach Ertz,6,True,chip_release,inline,53461,LOLB,0.1189,1.1000,False,1.1000,0,0.9988,0.9529,0.7612,0.0007,0.0007,,2.8000,2.7000,2.6000,0,1.0000
2021101400,3585,39983,Zach Ertz,6,True,pass_block,inline,47890,REO,0.1032,2.1000,False,2.1000,0,0.9995,0.9830,0.8457,0.0032,0.0032,,,,,0,0.0000
2021101700,213,46192,Durham Smythe,6,True,pass_block,inline,44880,LOLB,0.1356,4.9000,False,4.2000,1,0.9978,0.9514,0.5983,0.7864,-0.2136,4.3000,4.3000,4.2000,3.2000,1,1.0000
2021101700,386,46192,Durham Smythe,6,True,pass_block,inline,43333,ROLB,0.1255,5.1000,False,4.2000,1,0.9974,0.9842,0.9656,0.0560,-0.9440,4.2000,4.2000,4.2000,4.1000,0,1.0000
2021101700,768,45217,Cethan Carter,6,True,pass_block,detached,48034,LOLB,0.1175,4.1000,False,4.1000,0,0.9942,0.9808,0.9618,0.0497,0.0497,,,,,0,1.0000
2021101700,768,53510,Hunter Long,6,True,pass_block,inline,48034,LOLB,0.1175,4.1000,False,4.1000,0,0.9985,0.9926,0.9776,0.0307,0.0307,,,,,0,1.0000
2021101700,802,46192,Durham Smythe,6,True,pass_block,inline,47790,ROLB,0.1254,3.0000,False,3.0000,0,0.9970,0.9767,0.8245,0.0914,0.0914,,,,,0,1.0000
2021101700,994,42302,Chris Manhertz,6,True,pass_block,inline,53447,ROLB,0.1158,3.8000,False,3.8000,0,0.9978,0.9704,0.8409,0.2253,0.2253,,,,,0,0.0000
2021101700,1077,45785,Dan Arnold,6,True,chip_release,detached,53447,ROLB,0.1158,2.3000,False,2.3000,0,0.9996,0.9762,0.8656,0.0239,0.0239,,,,,0,1.0000
2021101700,1166,46192,Durham Smythe,6,True,pass_block,inline,47790,ROLB,0.1254,2.4000,False,2.4000,0,0.9956,0.9877,0.9767,0.0124,0.0124,,,,,0,1.0000
2021101700,1337,46192,Durham Smythe,6,True,pass_block,inline,43352,LEO,0.1070,2.8000,False,2.8000,0,0.9997,0.9888,0.8866,0.0427,0.0427,,,,,0,0.0000
2021101700,1337,53510,Hunter Long,6,True,pass_block,wing,40253,LOLB,0.1114,2.8000,False,2.8000,0,0.9996,0.9866,0.8531,0.0635,0.0635,,,,,0,0.0000
2021101700,1438,46192,Durham Smythe,6,True,pass_block,inline,44880,LOLB,0.1356,3.4000,False,3.4000,0,0.9995,0.9597,0.7058,0.3252,0.3252,,,,,0,0.0000
2021101700,1462,46192,Durham Smythe,6,True,chip_release,inline,43352,REO,0.1070,2.8000,True,2.8000,0,0.9996,0.9963,0.9900,0.0068,0.0068,,,,,0,1.0000
2021101700,1621,42302,Chris Manhertz,6,True,chip_release,inline,47796,DLT,0.0961,0.8000,False,0.8000,0,0.9977,0.9947,0.9870,0.0015,0.0015,,,,0.6000,0,0.0000
2021101700,1693,45785,Dan Arnold,6,True,pass_block,detached,47934,LOLB,0.1305,1.7000,False,1.7000,0,0.9996,0.9797,0.9071,0.0004,0.0004,,,,,0,0.0000
2021101700,1765,42302,Chris Manhertz,6,True,chip_release,inline,46307,REO,0.1084,3.0000,False,3.0000,0,0.9995,0.9537,0.8030,0.1256,0.1256,,,,,0,1.0000
2021101700,1853,45785,Dan Arnold,6,True,chip_release,detached,53465,ROLB,0.1323,2.4000,False,2.4000,0,0.9992,0.9165,0.7472,0.0846,0.0846,2.6000,2.6000,2.6000,2.6000,0,1.0000
2021101700,2085,45785,Dan Arnold,6,True,pass_block,detached,47934,LOLB,0.1305,4.3000,False,4.3000,0,0.9972,0.9557,0.9112,0.1489,0.1489,,,,,0,0.0000
2021101700,2536,45785,Dan Arnold,6,True,pass_block,detached,47934,ROLB,0.1305,2.5000,False,2.4000,1,0.9996,0.9537,0.7608,0.0465,-0.9535,2.4000,2.4000,2.4000,2.4000,1,1.0000
2021101700,2904,46192,Durham Smythe,6,True,pass_block,detached,44880,LOLB,0.1356,2.2000,False,2.2000,0,0.9995,0.9418,0.6673,0.0050,0.0050,,,,,0,0.0000
2021101700,3056,42302,Chris Manhertz,6,True,pass_block,inline,47934,ROLB,0.1305,2.3000,False,2.3000,0,0.9970,0.9762,0.8436,0.0239,0.0239,,,,,0,0.0000
2021101700,3056,53574,Luke Farrell,6,True,pass_block,wing,52478,ROLB,0.1349,2.3000,False,2.3000,0,0.9970,0.8870,0.6983,0.1139,0.1139,,,,,0,0.0000
2021101700,3080,42302,Chris Manhertz,6,True,chip_release,inline,47796,LE,0.0961,2.7000,False,2.7000,0,0.9919,0.9826,0.9455,0.0175,0.0175,,,,,0,0.0000
2021101700,3106,42302,Chris Manhertz,6,True,pass_block,inline,47796,LEO,0.0961,3.6000,False,3.6000,0,0.9985,0.9947,0.9817,0.0184,0.0184,,,,,0,1.0000
2021101700,3106,53574,Luke Farrell,6,True,pass_block,inline,47796,LEO,0.0961,3.6000,False,3.6000,0,0.9992,0.9966,0.9870,0.0131,0.0131,,,,,0,1.0000
2021101700,3180,46192,Durham Smythe,6,True,pass_block,inline,47790,LEO,0.1254,3.9000,False,3.7000,1,0.9994,0.9783,0.8168,0.3219,-0.6781,3.7000,3.7000,3.7000,3.7000,0,1.0000
2021101700,3180,53510,Hunter Long,6,True,pass_block,wing,47790,LEO,0.1254,3.9000,False,3.7000,1,0.9997,0.9882,0.8917,0.1716,-0.8284,3.7000,3.7000,3.7000,3.7000,0,1.0000
2021101700,3206,42302,Chris Manhertz,6,True,pass_block,inline,47796,LE,0.0961,5.8000,False,5.8000,0,0.9998,0.9935,0.9535,0.2049,0.2049,,,,,0,0.0000
2021101700,3309,53574,Luke Farrell,6,True,chip_release,inline,43854,LOLB,0.1025,1.0000,False,1.0000,0,0.9976,0.9899,0.9630,0.0014,0.0014,,,,,0,0.0000
2021101700,3503,46192,Durham Smythe,6,True,chip_release,inline,48034,ROLB,0.1175,1.9000,True,1.9000,0,0.9965,0.9902,0.9789,0.0060,0.0060,,,,,0,0.0000
2021101700,3631,45785,Dan Arnold,6,True,pass_block,detached,43321,LEO,0.1297,6.7000,False,2.7000,1,0.9995,0.9739,0.8863,0.0656,-0.9344,2.8000,2.8000,2.7000,2.6000,0,0.0000
2021101700,3951,42302,Chris Manhertz,6,True,pass_block,inline,47934,LOLB,0.1305,1.8000,False,1.8000,0,0.9997,0.9505,0.6465,0.0026,0.0026,,,,,0,0.0000
2021101700,3980,45785,Dan Arnold,6,True,pass_block,inline,53447,LOLB,0.1158,3.4000,False,3.4000,0,0.9987,0.9839,0.8939,0.1098,0.1098,,,,,1,1.0000
2021101700,4025,42302,Chris Manhertz,6,True,pass_block,inline,46307,RE,0.1084,3.3000,False,3.3000,0,0.9991,0.9929,0.9363,0.0648,0.0648,,,,,0,0.0000
2021101700,4025,53574,Luke Farrell,6,True,pass_block,wing,46307,RE,0.1084,3.3000,False,3.3000,0,0.9994,0.9926,0.9566,0.0440,0.0440,,,,,0,0.0000
2021101700,4176,46192,Durham Smythe,6,True,chip_release,detached,47790,ROLB,0.1254,1.0000,False,1.0000,0,0.9994,0.9887,0.9779,0.0004,0.0004,,,,,0,0.0000
2021101701,206,34540,Jared Cook,6,True,chip_release,wing,44859,LOLB,0.1270,2.1000,False,2.1000,0,0.9941,0.9753,0.9308,0.0126,0.0126,,,,,0,0.0000
2021101701,206,48456,Donald Parham,6,True,pass_block,inline,44859,LOLB,0.1270,4.5000,False,4.5000,0,0.9946,0.9753,0.9343,0.1404,0.1404,,,,,0,0.0000
2021101701,228,43845,Stephen Anderson,6,True,pass_block,inline,37145,ROLB,0.1113,2.8000,False,2.8000,0,0.9915,0.8621,0.5159,0.3377,0.3377,,,,,0,0.0000
2021101701,403,42721,Eric Tomlinson,6,True,pass_block,inline,53547,LOLB,0.1073,4.1000,False,4.1000,0,0.9993,0.9500,0.5532,0.8228,0.8228,,,,,0,1.0000
2021101701,459,47852,Josh Oliver,6,True,chip_release,inline,46086,ROLB,0.1337,1.6000,False,1.6000,0,0.9983,0.8766,0.4266,0.0017,0.0017,,,,,0,0.0000
2021101701,1126,47852,Josh Oliver,6,True,chip_release,detached,46117,ROLB,0.1240,2.8000,False,2.8000,0,0.9994,0.9439,0.7622,0.1460,0.1460,,,,,0,0.0000
2021101701,1276,34540,Jared Cook,6,True,chip_release,detached,37100,LOLB,0.1175,2.2000,True,2.2000,0,0.9996,0.9409,0.6998,0.0056,0.0056,,,,,0,0.0000
2021101701,1427,43845,Stephen Anderson,6,True,chip_release,backfield,53460,ROLB,0.1295,0.7000,False,0.7000,0,0.9936,0.8448,0.5188,0.0016,0.0016,,3.0000,2.8000,2.7000,0,1.0000
2021101701,1557,42721,Eric Tomlinson,6,True,pass_block,inline,46117,LOLB,0.1240,4.1000,False,4.1000,0,0.9994,0.9624,0.6709,0.5724,0.5724,,,,,0,0.0000
2021101701,1630,48456,Donald Parham,6,True,pass_block,inline,37240,LEO,0.1019,2.5000,False,2.5000,0,0.9966,0.9853,0.9377,0.0148,0.0148,,,,,0,0.0000
2021101701,1844,46155,Mark Andrews,6,True,chip_release,detached,43292,LEO,0.1685,2.0000,False,2.0000,0,0.9996,0.9693,0.8322,0.0030,0.0030,3.5000,3.2000,3.1000,2.9000,0,1.0000
2021101701,2392,48456,Donald Parham,6,True,chip_release,inline,46259,LOLB,0.1357,9.0000,True,9.0000,0,0.9995,0.9273,0.7757,0.6897,0.6897,,,,,0,1.0000
2021101701,2702,42721,Eric Tomlinson,6,True,chip_release,inline,43292,LEO,0.1685,1.1000,True,1.1000,0,0.9995,0.9452,0.6482,0.0003,0.0003,,,,,0,0.0000
2021101701,2947,34540,Jared Cook,6,True,pass_block,wing,46187,LOLB,0.1175,3.1000,False,2.7000,1,0.9974,0.9353,0.6862,0.1973,-0.8027,2.7000,2.7000,2.7000,2.7000,0,0.0000
2021101701,2947,48456,Donald Parham,6,True,chip_release,inline,37240,LOLB,0.1019,3.1000,True,3.1000,0,0.9968,0.9891,0.9362,0.0263,0.0263,,,,,0,0.0000
2021101701,3113,48456,Donald Parham,6,True,chip_release,inline,37145,LOLB,0.1113,1.4000,False,1.4000,0,0.9996,0.9444,0.7081,0.0004,0.0004,,,3.6000,3.5000,0,1.0000
2021101701,3172,34540,Jared Cook,6,True,chip_release,detached,44859,LOLB,0.1270,2.4000,False,2.4000,0,0.9997,0.9615,0.7975,0.0386,0.0386,,,,,0,0.0000
2021101701,3476,34540,Jared Cook,6,True,pass_block,wing,53460,ROLB,0.1295,3.2000,False,3.2000,0,0.9966,0.9748,0.8083,0.0937,0.0937,,,,,0,0.0000
2021101701,3476,48456,Donald Parham,6,True,chip_release,inline,53460,ROLB,0.1295,3.2000,True,3.2000,0,0.9962,0.9757,0.8429,0.0819,0.0819,,,,,0,0.0000
2021101702,55,46170,Ian Thomas,6,True,pass_block,inline,42431,LEO,0.1731,7.3000,False,7.3000,0,0.9905,0.9393,0.7839,0.8592,0.8592,,,,,0,0.0000
2021101702,55,53512,Tommy Tremble,6,True,pass_block,detached,42431,LEO,0.1731,7.3000,False,7.3000,0,0.9706,0.8014,0.5652,1.4573,1.4573,,,,,0,0.0000
2021101702,354,46170,Ian Thomas,6,True,pass_block,inline,35539,REO,0.1484,4.8000,False,4.8000,0,0.9979,0.9727,0.7976,0.4912,0.4912,,,,,0,1.0000
2021101702,354,53512,Tommy Tremble,6,True,pass_block,detached,35539,REO,0.1484,4.8000,False,4.8000,0,0.9954,0.8593,0.5273,1.1757,1.1757,,,,,0,1.0000
2021101702,428,46226,Tyler Conklin,6,True,chip_release,inline,47799,ROLB,0.1351,1.4000,False,1.4000,0,0.9985,0.9754,0.8753,0.0015,0.0015,,,,,0,1.0000
2021101702,606,46226,Tyler Conklin,6,True,pass_block,inline,44825,LOLB,0.1384,4.3000,False,4.3000,0,0.9978,0.9599,0.9134,0.1713,0.1713,,,,,0,1.0000
2021101702,1126,37179,Luke Stocker,6,True,pass_block,inline,46230,MLB,0.1245,3.5000,False,3.5000,0,0.9976,0.9702,0.8516,0.1557,0.1557,,,,,0,0.0000
2021101702,2251,46170,Ian Thomas,6,True,chip_release,inline,35539,REO,0.1484,2.2000,False,2.2000,0,0.9985,0.9413,0.7278,0.0100,0.0100,,,,,0,1.0000
2021101702,2415,46226,Tyler Conklin,6,True,chip_release,inline,44825,LOLB,0.1384,1.8000,False,1.8000,0,0.9985,0.9437,0.8000,0.0179,0.0179,,,,,0,1.0000
2021101702,2601,46226,Tyler Conklin,6,True,chip_release,inline,43791,LEO,0.1199,1.8000,False,1.8000,0,0.9992,0.9624,0.8269,0.0072,0.0072,,,,,0,0.0000
2021101702,2697,46170,Ian Thomas,6,True,chip_release,detached,42431,LEO,0.1731,1.7000,False,1.7000,0,0.9995,0.9504,0.7636,0.0005,0.0005,,,,,0,0.0000
2021101702,2774,46170,Ian Thomas,6,True,chip_release,detached,35539,REO,0.1484,1.8000,False,1.8000,0,0.9988,0.8889,0.7230,0.0177,0.0177,,,,,0,1.0000
2021101702,2793,46170,Ian Thomas,6,True,chip_release,inline,35539,REO,0.1484,1.2000,False,1.2000,0,0.9983,0.8315,0.5621,0.0010,0.0010,,,,,0,0.0000
2021101702,3255,46170,Ian Thomas,6,True,pass_block,inline,52525,REO,0.0933,2.3000,False,2.3000,0,0.9981,0.9806,0.8504,0.0194,0.0194,,,,,0,0.0000
2021101702,3295,46226,Tyler Conklin,6,True,pass_block,inline,44825,LOLB,0.1384,4.2000,False,4.2000,0,0.9974,0.9414,0.8944,0.1479,0.1479,,,,,0,0.0000
2021101702,3345,46226,Tyler Conklin,6,True,pass_block,inline,47799,REO,0.1351,3.0000,False,3.0000,0,0.9988,0.8998,0.6398,0.2551,0.2551,,,,,0,0.0000
2021101702,3367,46226,Tyler Conklin,6,True,pass_block,inline,44825,LOLB,0.1384,2.6000,False,2.6000,0,0.9987,0.9635,0.8873,0.0368,0.0368,,,,,0,0.0000
2021101702,3489,46170,Ian Thomas,6,True,chip_release,inline,42431,LEO,0.1731,1.1000,False,1.1000,0,0.9804,0.9309,0.8749,0.0115,0.0115,,,,,0,0.0000
2021101702,3680,46226,Tyler Conklin,6,True,pass_block,inline,52446,LEO,0.1342,2.2000,False,2.2000,0,0.9935,0.9456,0.7704,0.0103,0.0103,,,,,0,0.0000
2021101702,4089,46170,Ian Thomas,6,True,chip_release,detached,35539,REO,0.1484,2.1000,False,2.1000,0,0.9994,0.9715,0.8713,0.0053,0.0053,,,,,0,0.0000
2021101702,4412,46170,Ian Thomas,6,True,pass_block,inline,35539,REO,0.1484,3.0000,False,3.0000,0,0.9989,0.9283,0.6830,0.2085,0.2085,,,,,0,0.0000
2021101702,5036,37179,Luke Stocker,6,True,pass_block,inline,43791,RE,0.1199,2.3000,False,2.3000,0,0.9987,0.9495,0.7657,0.0508,0.0508,,,,,0,0.0000
2021101702,5087,37179,Luke Stocker,6,True,pass_block,inline,44825,ROLB,0.1384,4.1000,False,4.1000,0,0.9887,0.9625,0.7970,0.3026,0.3026,,,,,0,0.0000
2021101702,5133,46226,Tyler Conklin,6,True,pass_block,inline,44825,LOLB,0.1384,4.1000,False,4.1000,0,0.9975,0.9420,0.8626,0.1929,0.1929,,,,,0,0.0000
2021101703,343,35534,Jimmy Graham,6,True,pass_block,inline,46438,DLT,0.0999,2.7000,False,2.7000,0,0.9276,0.9152,0.9016,0.0868,0.0868,,,,,0,0.0000
2021101703,343,52451,Cole Kmet,6,True,chip_release,wing,47795,LOLB,0.1503,1.9000,False,1.9000,0,0.9963,0.9707,0.9104,0.0121,0.0121,,,,,0,0.0000
2021101703,627,45635,Robert Tonyan,6,True,chip_release,detached,37087,REO,0.1421,2.7000,False,2.7000,0,0.9996,0.9701,0.8709,0.0300,0.0300,,,2.8000,2.6000,0,1.0000
2021101703,993,30842,Marcedes Lewis,6,True,pass_block,inline,42378,DRT,0.1141,4.9000,False,3.8000,1,0.9368,0.9201,0.8980,0.1195,-0.8805,4.6000,4.1000,3.8000,3.6000,0,1.0000
2021101703,1437,52451,Cole Kmet,6,True,chip_release,detached,47795,LOLB,0.1503,2.2000,False,2.2000,0,0.9984,0.9113,0.7943,0.0247,0.0247,,,,,0,1.0000
2021101703,1779,35534,Jimmy Graham,6,True,chip_release,wing,47933,LE,0.0789,1.4000,False,1.4000,0,0.9970,0.9846,0.9175,0.0030,0.0030,,,,,0,1.0000
2021101703,2221,42503,Jesse James,6,True,pass_block,inline,52650,ROLB,0.1237,2.6000,False,2.6000,0,0.9970,0.9251,0.5283,0.0755,0.0755,,,,,0,1.0000
2021101703,2243,52451,Cole Kmet,6,True,chip_release,inline,52650,ROLB,0.1237,1.0000,False,1.0000,0,0.9992,0.8962,0.5700,0.0004,0.0004,,,,,0,1.0000
2021101703,2306,30842,Marcedes Lewis,6,True,pass_block,wing,41231,LOLB,0.1511,2.2000,False,2.2000,0,0.9982,0.9755,0.8191,0.0040,0.0040,,,,,0,0.0000
2021101703,2431,52502,Josiah Deguara,6,True,pass_block,detached,52563,ROLB,0.1586,3.1000,False,3.1000,0,0.9957,0.9802,0.9674,0.0262,0.0262,,,,,0,0.0000
2021101703,2564,30842,Marcedes Lewis,6,True,pass_block,inline,37087,ROLB,0.1421,4.1000,False,4.1000,0,0.9979,0.9753,0.8547,0.2432,0.2432,,,,,0,0.0000
2021101703,2656,52451,Cole Kmet,6,True,pass_block,inline,47795,LOLB,0.1503,3.3000,False,3.3000,0,0.9990,0.9670,0.8279,0.1823,0.1823,,,,,0,0.0000
2021101703,2810,52451,Cole Kmet,6,True,pass_block,inline,47795,LOLB,0.1503,3.7000,False,3.7000,0,0.9994,0.9774,0.9160,0.0865,0.0865,,,,3.6000,0,1.0000
2021101703,2962,52502,Josiah Deguara,6,True,chip_release,detached,37087,ROLB,0.1421,2.6000,False,2.6000,0,0.9994,0.9584,0.8610,0.0419,0.0419,,,,,0,1.0000
2021101703,3381,30842,Marcedes Lewis,6,True,pass_block,inline,52563,LOLB,0.1586,3.6000,False,3.6000,0,0.9979,0.9656,0.7354,0.2886,0.2886,,,,,0,1.0000
2021101703,3449,30842,Marcedes Lewis,6,True,chip_release,wing,37087,ROLB,0.1421,2.0000,False,2.0000,0,0.9965,0.9870,0.9745,0.0087,0.0087,,,,,0,0.0000
2021101704,210,42500,C.J. Uzomah,6,True,pass_block,inline,38544,LEO,0.0829,3.5000,False,3.5000,0,0.9977,0.9721,0.7499,0.2714,0.2714,,,,,0,1.0000
2021101704,210,47835,Drew Sample,6,True,pass_block,wing,38544,LEO,0.0829,3.5000,False,3.5000,0,0.9974,0.9844,0.8497,0.1575,0.1575,,,,,0,1.0000
2021101704,318,42500,C.J. Uzomah,6,True,chip_release,inline,47900,LEO,0.1141,1.1000,False,1.1000,0,0.9965,0.9732,0.7822,0.0020,0.0020,,,,,0,0.0000
2021101704,318,47835,Drew Sample,6,True,pass_block,inline,38544,REO,0.0829,3.7000,False,3.7000,0,0.9982,0.9889,0.9168,0.0851,0.0851,,,,,0,0.0000
2021101704,521,42500,C.J. Uzomah,6,True,pass_block,wing,38544,LEO,0.0829,3.4000,False,3.4000,0,0.9979,0.9906,0.9079,0.0946,0.0946,,,,,0,0.0000
2021101704,521,47835,Drew Sample,6,True,pass_block,inline,38544,LEO,0.0829,3.4000,False,3.4000,0,0.9974,0.9875,0.8841,0.1200,0.1200,,,,,0,0.0000
2021101704,566,47835,Drew Sample,6,True,pass_block,inline,42444,LEO,0.0978,4.6000,False,4.6000,0,0.9989,0.9780,0.9242,0.1619,0.1619,,,,,0,0.0000
2021101704,704,42500,C.J. Uzomah,6,True,chip_release,inline,44834,ROLB,0.1437,1.9000,False,1.9000,0,0.9997,0.9575,0.7911,0.0045,0.0045,,,,,0,0.0000
2021101704,746,47791,T.J. Hockenson,6,True,pass_block,inline,44915,REO,0.1654,4.9000,False,3.2000,1,0.9952,0.8085,0.4307,0.7341,-0.2659,3.3000,3.3000,3.2000,3.1000,1,1.0000
2021101704,903,42500,C.J. Uzomah,6,True,chip_release,detached,52475,LOLB,0.1342,1.8000,False,1.8000,0,0.9992,0.9621,0.8468,0.0098,0.0098,,,,,0,0.0000
2021101704,1264,47835,Drew Sample,6,True,pass_block,wing,52475,LOLB,0.1342,3.2000,False,3.2000,0,0.9964,0.9527,0.7016,0.1747,0.1747,,,,,0,0.0000
2021101704,1867,42500,C.J. Uzomah,6,True,chip_release,inline,42901,LOLB,0.1366,2.1000,False,2.1000,0,0.9995,0.9329,0.6986,0.0055,0.0055,,,,,0,0.0000
2021101704,1889,42500,C.J. Uzomah,6,True,chip_release,detached,44834,REO,0.1437,2.5000,False,2.5000,0,0.9996,0.9279,0.6895,0.0724,0.0724,,,,,0,0.0000
2021101704,1913,42500,C.J. Uzomah,6,True,chip_release,inline,52475,LOLB,0.1342,2.1000,False,2.1000,0,0.9996,0.9750,0.8497,0.0031,0.0031,,,,,0,0.0000
2021101704,2191,42500,C.J. Uzomah,6,True,chip_release,inline,42444,REO,0.0978,1.5000,False,1.5000,0,0.9995,0.9322,0.7003,0.0005,0.0005,,,3.5000,3.3000,0,0.0000
2021101704,2631,47835,Drew Sample,6,True,chip_release,inline,44888,ROLB,0.1293,1.1000,False,1.1000,0,0.9986,0.9202,0.6958,0.0009,0.0009,,,,,0,0.0000
2021101704,2809,47791,T.J. Hockenson,6,True,chip_release,inline,46146,LEO,0.1042,1.7000,False,1.7000,0,0.9992,0.9565,0.8101,0.0008,0.0008,,,,,0,1.0000
2021101704,2948,47835,Drew Sample,6,True,pass_block,inline,44888,ROLB,0.1293,3.3000,False,3.3000,0,0.9976,0.9398,0.7311,0.2965,0.2965,,,,,0,0.0000
2021101704,3012,42500,C.J. Uzomah,6,True,chip_release,inline,44834,REO,0.1437,1.6000,False,1.6000,0,0.9993,0.9489,0.7836,0.0007,0.0007,,,,,0,1.0000
2021101705,206,44792,Mo Alie-Cox,6,True,pass_block,inline,52498,LEO,0.1180,4.4000,False,3.3000,1,0.9933,0.9639,0.8338,0.1764,-0.8236,3.5000,3.4000,3.3000,3.1000,1,1.0000
2021101705,585,46167,Jordan Akins,6,True,chip_release,inline,53450,REO,0.0983,1.1000,False,1.1000,0,0.9996,0.9701,0.8572,0.0003,0.0003,,3.1000,2.9000,2.8000,0,1.0000
2021101705,861,45321,Antony Auclair,6,True,pass_block,backfield,46133,LEO,0.1070,3.2000,False,3.2000,0,0.9934,0.9701,0.8681,0.0745,0.0745,,,,,0,0.0000
2021101705,861,45339,Pharaoh Brown,6,True,pass_block,inline,46133,LEO,0.1070,3.2000,False,3.2000,0,0.9986,0.9959,0.9684,0.0152,0.0152,,,,,0,0.0000
2021101705,988,40641,Jack Doyle,6,True,pass_block,inline,46255,LEO,0.1038,3.9000,False,3.9000,0,0.9944,0.9618,0.6626,0.5765,0.5765,,,,,0,0.0000
2021101705,1135,45321,Antony Auclair,6,True,pass_block,inline,45009,LEO,0.1045,2.3000,False,2.3000,0,0.9974,0.9901,0.9177,0.0100,0.0100,,,,,0,0.0000
2021101705,1180,45321,Antony Auclair,6,True,pass_block,backfield,45009,LEO,0.1045,4.1000,False,4.1000,0,0.9866,0.9707,0.9438,0.0944,0.0944,,,,,0,0.0000
2021101705,1204,45339,Pharaoh Brown,6,True,pass_block,inline,46133,LEO,0.1070,3.6000,False,3.6000,0,0.9995,0.9863,0.8823,0.1221,0.1221,,,,,0,1.0000
2021101705,1228,45321,Antony Auclair,6,True,pass_block,inline,53450,REO,0.0983,2.9000,False,2.9000,0,0.9996,0.9862,0.8617,0.0683,0.0683,,,,,0,1.0000
2021101705,1228,45339,Pharaoh Brown,6,True,pass_block,wing,47892,ROLB,0.1245,2.9000,False,2.9000,0,0.9994,0.9283,0.6673,0.2160,0.2160,,,,,0,1.0000
2021101705,1674,44792,Mo Alie-Cox,6,True,chip_release,detached,52498,LEO,0.1180,1.4000,False,1.4000,0,0.9995,0.9764,0.8789,0.0005,0.0005,,,,,0,0.0000
2021101705,2194,44792,Mo Alie-Cox,6,True,chip_release,detached,52498,LEO,0.1180,1.7000,False,1.7000,0,0.9991,0.9493,0.8351,0.0009,0.0009,5.9000,4.9000,4.7000,4.6000,0,1.0000
2021101705,2243,45339,Pharaoh Brown,6,True,pass_block,inline,43296,DLT,0.1259,3.3000,False,3.3000,0,0.9930,0.9760,0.8684,0.1372,0.1372,,,,0.4000,0,0.0000
2021101705,2374,45321,Antony Auclair,6,True,pass_block,inline,45009,LEO,0.1045,4.2000,False,4.2000,0,0.9956,0.9889,0.9661,0.0632,0.0632,,,,,0,0.0000
2021101705,2673,45339,Pharaoh Brown,6,True,pass_block,inline,45009,REO,0.1045,2.7000,False,2.7000,0,0.9985,0.9926,0.9140,0.0074,0.0074,,,,,0,0.0000
2021101705,2863,45321,Antony Auclair,6,True,chip_release,backfield,44957,DLT,0.1033,1.1000,False,1.1000,0,0.9576,0.9320,0.6951,0.0379,0.0379,,,,,0,1.0000
2021101705,2947,46167,Jordan Akins,6,True,chip_release,inline,45009,LEO,0.1045,1.2000,False,1.2000,0,0.9993,0.9621,0.8242,0.0004,0.0004,,,,,0,1.0000
2021101705,3233,45321,Antony Auclair,6,True,pass_block,wing,45009,LEO,0.1045,3.8000,False,3.8000,0,0.9985,0.9785,0.9404,0.0873,0.0873,,,,,0,0.0000
2021101705,3233,46167,Jordan Akins,6,True,pass_block,inline,53450,REO,0.0983,3.8000,False,3.8000,0,0.9995,0.9932,0.9729,0.0410,0.0410,,,,,0,0.0000
2021101706,73,37118,Kyle Rudolph,6,True,pass_block,inline,52835,REO,0.0982,3.5000,False,3.5000,0,0.9982,0.9869,0.8955,0.1078,0.1078,,,,,0,1.0000
2021101706,123,44835,Evan Engram,6,True,chip_release,detached,52492,ROLB,0.1226,2.1000,False,2.1000,0,0.9993,0.9578,0.8558,0.0095,0.0095,,,,,0,1.0000
2021101706,512,43399,Tyler Higbee,6,True,chip_release,inline,53479,LOLB,0.1212,1.8000,False,1.8000,0,0.9994,0.9585,0.8125,0.0054,0.0054,,,,,0,0.0000
2021101706,562,43399,Tyler Higbee,6,True,chip_release,inline,53479,LOLB,0.1212,2.0000,False,2.0000,0,0.9997,0.9834,0.8937,0.0016,0.0016,,,,,0,0.0000
2021101706,586,43399,Tyler Higbee,6,True,pass_block,inline,53479,LOLB,0.1212,3.4000,False,3.4000,0,0.9973,0.9743,0.8103,0.2013,0.2013,,,,,0,0.0000
2021101706,629,43399,Tyler Higbee,6,True,chip_release,detached,47878,LEO,0.1006,1.7000,False,1.7000,0,0.9984,0.9401,0.7876,0.0016,0.0016,,,,,0,1.0000
2021101706,667,47959,Kaden Smith,6,True,chip_release,inline,43335,RE,0.0885,1.0000,False,1.0000,0,0.9986,0.9335,0.6292,0.0009,0.0009,4.6000,4.4000,4.3000,4.1000,0,1.0000
2021101706,819,37118,Kyle Rudolph,6,True,pass_block,wing,43298,LOLB,0.1553,5.4000,False,4.6000,1,0.9906,0.9073,0.8193,0.3855,-0.6145,5.4000,5.0000,4.6000,3.1000,1,1.0000
2021101706,819,47959,Kaden Smith,6,True,pass_block,inline,43335,LEO,0.0885,5.4000,False,5.4000,0,0.9908,0.9783,0.9411,0.2006,0.2006,,,,,0,1.0000
2021101706,936,43399,Tyler Higbee,6,True,pass_block,inline,47878,LOLB,0.1006,2.1000,False,2.1000,0,0.9997,0.9867,0.8606,0.0016,0.0016,,,,,0,0.0000
2021101706,1492,45094,Johnny Mundt,6,True,pass_block,inline,53479,LOLB,0.1212,4.8000,False,4.8000,0,0.9991,0.9649,0.9045,0.2050,0.2050,,,,,0,1.0000
2021101706,1589,43399,Tyler Higbee,6,True,pass_block,inline,42349,RE,0.0949,2.3000,False,2.3000,0,0.9995,0.9954,0.9880,0.0046,0.0046,,,,,0,0.0000
2021101706,1778,43399,Tyler Higbee,6,True,pass_block,inline,53479,LEO,0.1212,3.7000,False,3.7000,0,0.9974,0.9701,0.7842,0.2314,0.2314,,,,,0,1.0000
2021101706,2436,44835,Evan Engram,6,True,chip_release,detached,43298,LOLB,0.1553,2.3000,False,2.3000,0,0.9993,0.9597,0.8347,0.0405,0.0405,,,,,0,0.0000
2021101706,2472,43399,Tyler Higbee,6,True,chip_release,inline,53479,LEO,0.1212,1.7000,False,1.7000,0,0.9993,0.9718,0.8039,0.0007,0.0007,,,,,0,0.0000
2021101706,2513,43399,Tyler Higbee,6,True,chip_release,inline,53479,LEO,0.1212,1.6000,False,1.6000,0,0.9994,0.9618,0.8246,0.0006,0.0006,,,,,0,0.0000
2021101706,3308,43399,Tyler Higbee,6,True,chip_release,inline,46135,ROLB,0.1005,1.6000,False,1.6000,0,0.9997,0.9793,0.8352,0.0003,0.0003,,,,,0,0.0000
2021101706,3371,37118,Kyle Rudolph,6,True,pass_block,inline,43335,REO,0.0885,2.9000,False,2.9000,0,0.9995,0.9798,0.8669,0.0706,0.0706,,,,,0,0.0000
2021101706,3633,37118,Kyle Rudolph,6,True,chip_release,wing,52492,LOLB,0.1226,1.7000,False,1.7000,0,0.9978,0.9707,0.7904,0.0022,0.0022,,,,,0,1.0000
2021101706,3633,47959,Kaden Smith,6,True,pass_block,inline,52492,LOLB,0.1226,3.8000,False,3.8000,0,0.9975,0.9574,0.7162,0.4908,0.4908,,,,,0,1.0000
2021101707,306,40011,Travis Kelce,6,True,chip_release,inline,52641,REO,0.1144,1.8000,False,1.8000,0,0.9992,0.9642,0.7317,0.0066,0.0066,,,,,0,0.0000
2021101707,306,53591,Noah Gray,6,True,pass_block,inline,47809,LEO,0.1164,3.1000,False,3.1000,0,0.9994,0.9702,0.7954,0.1257,0.1257,,,,,0,0.0000
2021101707,661,45481,Ricky Seals-Jones,6,True,pass_block,backfield,41502,RILB,0.1548,2.6000,False,2.6000,0,0.9971,0.7641,0.5213,0.2500,0.2500,,,,,0,0.0000
2021101707,881,40011,Travis Kelce,6,True,pass_block,inline,52410,LEO,0.1160,2.8000,False,2.8000,0,0.9986,0.9656,0.9045,0.0647,0.0647,,,,,0,0.0000
2021101707,1019,40011,Travis Kelce,6,True,chip_release,detached,52410,LEO,0.1160,2.9000,False,2.9000,0,0.9877,0.9643,0.7877,0.1138,0.1138,,,,,0,1.0000
2021101707,1019,53591,Noah Gray,6,True,pass_block,inline,52410,LEO,0.1160,3.5000,False,3.5000,0,0.9942,0.9743,0.8100,0.2021,0.2021,,,,,0,1.0000
2021101707,1041,53591,Noah Gray,6,True,pass_block,inline,53675,REO,0.1175,2.2000,False,2.2000,0,0.9993,0.9543,0.6485,0.0050,0.0050,,,,,0,0.0000
2021101707,1536,45481,Ricky Seals-Jones,6,True,chip_release,inline,52585,LEO,0.1058,1.5000,False,1.5000,0,0.9995,0.9820,0.8419,0.0005,0.0005,3.3000,3.3000,3.3000,3.3000,0,0.0000
2021101707,1789,45481,Ricky Seals-Jones,6,True,chip_release,detached,40051,LEO,0.1087,1.8000,False,1.8000,0,0.9995,0.9752,0.8153,0.0050,0.0050,,,3.3000,3.1000,0,0.0000
2021101707,2130,48683,Joe Fortson,6,True,pass_block,inline,47809,REO,0.1164,2.7000,False,2.7000,0,0.9991,0.9735,0.9151,0.0267,0.0267,,,,,0,0.0000
2021101707,2152,40011,Travis Kelce,6,True,chip_release,detached,47809,REO,0.1164,1.6000,False,1.6000,0,0.9995,0.9753,0.8478,0.0005,0.0005,,,,,0,0.0000
2021101707,2535,45481,Ricky Seals-Jones,6,True,chip_release,wing,52585,LEO,0.1058,2.4000,True,2.4000,0,0.9901,0.9639,0.9201,0.0365,0.0365,,,,,0,0.0000
2021101707,2714,40011,Travis Kelce,6,True,chip_release,inline,43441,LE,0.1131,2.2000,True,2.2000,0,0.9966,0.9770,0.9419,0.0082,0.0082,,,,,0,0.0000
2021101707,3555,45481,Ricky Seals-Jones,6,True,pass_block,detached,52585,DRT,0.1058,2.9000,False,2.9000,0,0.9893,0.9726,0.8332,0.0798,0.0798,,,,,0,0.0000
2021101707,3770,40011,Travis Kelce,6,True,chip_release,detached,53675,REO,0.1175,1.7000,False,1.7000,0,0.9996,0.9666,0.8278,0.0004,0.0004,,,,,0,1.0000
2021101707,3837,53591,Noah Gray,6,True,chip_release,detached,52637,ROLB,0.0868,2.9000,False,2.9000,0,0.9997,0.9844,0.8843,0.0667,0.0667,,,,,0,1.0000
2021101708,198,45142,Darrell Daniels,6,True,chip_release,detached,44813,REO,0.1877,1.9000,False,1.9000,0,0.9990,0.9341,0.7434,0.0096,0.0096,,5.6000,5.3000,5.0000,0,1.0000
2021101708,631,43370,Austin Hooper,6,True,chip_release,inline,37084,REO,0.1367,1.9000,False,1.9000,0,0.9996,0.9759,0.8803,0.0040,0.0040,,,,,0,0.0000
2021101708,824,45142,Darrell Daniels,6,True,chip_release,inline,42816,ROLB,0.1091,1.3000,False,1.3000,0,0.9991,0.9182,0.6285,0.0009,0.0009,,,,,0,1.0000
2021101708,902,45142,Darrell Daniels,6,True,chip_release,inline,44838,LOLB,0.1367,1.4000,False,1.4000,0,0.9997,0.9801,0.8032,0.0003,0.0003,,,,,0,1.0000
2021101708,1545,44841,David Njoku,6,True,chip_release,inline,42401,LOLB,0.1048,1.8000,False,1.8000,0,0.9998,0.9828,0.8884,0.0016,0.0016,,,,,0,0.0000
2021101708,1703,43370,Austin Hooper,6,True,pass_block,inline,42401,LOLB,0.1048,2.2000,False,2.2000,0,0.9994,0.9639,0.7400,0.0039,0.0039,,,,,0,0.0000
2021101708,2038,40615,Demetrius Harris,6,True,pass_block,inline,41227,LEO,0.1443,4.4000,False,4.4000,0,0.9996,0.9789,0.7523,0.5406,0.5406,,,,,0,1.0000
2021101708,2319,44841,David Njoku,6,True,chip_release,inline,42401,LOLB,0.1048,1.7000,False,1.7000,0,0.9997,0.9620,0.7996,0.0003,0.0003,,,,,0,0.0000
2021101708,2341,44841,David Njoku,6,True,pass_block,inline,46657,ROLB,0.1080,2.7000,False,2.7000,0,0.9995,0.9578,0.7216,0.0424,0.0424,,,,,0,0.0000
2021101708,2500,45142,Darrell Daniels,6,True,pass_block,inline,44813,REO,0.1877,4.5000,False,4.0000,1,0.9993,0.9668,0.7928,0.3261,-0.6739,4.3000,4.1000,4.0000,3.9000,1,1.0000
2021101708,2737,40615,Demetrius Harris,6,True,pass_block,inline,44813,ROLB,0.1877,3.8000,False,3.8000,0,0.9991,0.9553,0.6804,0.5217,0.5217,,,,,0,0.0000
2021101708,2894,44841,David Njoku,6,True,pass_block,inline,42401,ROLB,0.1048,4.9000,False,4.9000,0,0.9995,0.9815,0.8786,0.2502,0.2502,,,,,1,1.0000
2021101708,3260,43370,Austin Hooper,6,True,chip_release,backfield,42401,LOLB,0.1048,1.2000,False,1.2000,0,0.9959,0.9526,0.6373,0.0025,0.0025,3.5000,3.5000,3.4000,3.3000,0,1.0000
2021101708,3284,43370,Austin Hooper,6,True,pass_block,inline,42401,RLB,0.1048,4.2000,False,3.4000,1,0.9985,0.9285,0.6370,0.4149,-0.5851,3.4000,3.4000,3.4000,3.4000,1,1.0000
2021101708,3308,43370,Austin Hooper,6,True,chip_release,inline,52416,ROLB,0.1290,1.4000,False,1.4000,0,0.9940,0.9463,0.7582,0.0060,0.0060,,,,,0,0.0000
2021101708,3308,52523,Harrison Bryant,6,True,pass_block,backfield,41403,LOLB,0.1154,2.8000,False,2.8000,0,0.9889,0.8371,0.5707,0.3293,0.3293,,,,,0,0.0000
2021101708,3379,43370,Austin Hooper,6,True,chip_release,inline,46250,ROLB,0.1283,1.0000,False,1.0000,0,0.9947,0.9723,0.9407,0.0035,0.0035,,,,,0,0.0000
2021101708,3656,40615,Demetrius Harris,6,True,pass_block,inline,41227,LEO,0.1443,3.5000,False,3.5000,0,0.9989,0.9568,0.7696,0.2499,0.2499,,,,,0,0.0000
2021101709,126,42547,Darren Waller,6,True,pass_block,inline,53668,ROLB,0.1015,3.9000,False,3.6000,1,0.9961,0.9618,0.8244,0.2544,-0.7456,3.6000,3.6000,3.6000,3.6000,0,1.0000
2021101709,278,44987,Eric Saubert,6,True,pass_block,inline,47889,LEO,0.1739,5.4000,False,5.4000,0,0.9661,0.9080,0.7434,0.7668,0.7668,,,,4.3000,0,1.0000
2021101709,278,47803,Noah Fant,6,True,pass_block,inline,47889,LEO,0.1739,5.4000,False,5.4000,0,0.9815,0.8299,0.5896,1.2046,1.2046,,,,4.3000,0,1.0000
2021101709,374,47803,Noah Fant,6,True,chip_release,inline,43358,REO,0.1409,2.1000,False,2.1000,0,0.9992,0.8714,0.5361,0.0093,0.0093,,,,,0,1.0000
2021101709,398,47803,Noah Fant,6,True,pass_block,inline,43354,REO,0.1273,3.7000,False,2.4000,1,0.9974,0.9395,0.7368,0.0610,-0.9390,2.8000,2.6000,2.4000,2.2000,1,1.0000
2021101709,703,42547,Darren Waller,6,True,pass_block,inline,42935,SCBL,0.1231,3.2000,False,3.2000,0,0.9992,0.9784,0.9439,0.0342,0.0342,,,,,0,1.0000
2021101709,813,47803,Noah Fant,6,True,pass_block,inline,47889,LEO,0.1739,3.3000,False,3.3000,0,0.9853,0.9168,0.7559,0.2682,0.2682,,,,,0,1.0000
2021101709,1113,47803,Noah Fant,6,True,chip_release,inline,47889,LEO,0.1739,2.0000,False,2.0000,0,0.9989,0.9039,0.7043,0.0090,0.0090,,,,,0,0.0000
2021101709,1153,47920,Foster Moreau,6,True,pass_block,inline,37075,LOLB,0.1475,2.4000,False,2.4000,0,0.9960,0.9486,0.8212,0.0519,0.0519,,,,,0,0.0000
2021101709,1332,44987,Eric Saubert,6,True,pass_block,inline,43354,LE,0.1273,3.3000,False,3.3000,0,0.9975,0.9916,0.9694,0.0309,0.0309,,,,,0,0.0000
2021101709,1422,44987,Eric Saubert,6,True,pass_block,inline,47889,LE,0.1739,6.3000,False,3.2000,1,0.9818,0.8963,0.7828,0.2380,-0.7620,3.2000,3.2000,3.2000,3.2000,1,1.0000
2021101709,1422,47803,Noah Fant,6,True,pass_block,inline,47889,LE,0.1739,6.3000,False,3.2000,1,0.9876,0.8448,0.6671,0.3823,-0.6177,3.2000,3.2000,3.2000,3.2000,1,1.0000
2021101709,1444,47803,Noah Fant,6,True,chip_release,inline,47889,LEO,0.1739,3.1000,False,3.1000,0,0.9993,0.9270,0.7461,0.1641,0.1641,,4.2000,4.1000,4.0000,0,1.0000
2021101709,1544,47920,Foster Moreau,6,True,pass_block,inline,37075,LOLB,0.1475,1.5000,False,1.5000,0,0.9969,0.8986,0.5983,0.0031,0.0031,,,,,0,0.0000
2021101709,1568,47920,Foster Moreau,6,True,pass_block,inline,41464,DRT,0.0983,5.3000,False,5.3000,0,0.9907,0.9838,0.9437,0.1582,0.1582,,,,,0,1.0000
2021101709,1826,47803,Noah Fant,6,True,chip_release,inline,43358,REO,0.1409,1.7000,False,1.7000,0,0.9994,0.9257,0.6869,0.0006,0.0006,,,,,0,0.0000
2021101709,2581,47803,Noah Fant,6,True,chip_release,inline,47889,LEO,0.1739,2.1000,False,2.1000,0,0.9849,0.9509,0.9203,0.0343,0.0343,5.4000,5.4000,5.3000,5.2000,0,1.0000
2021101709,2715,42547,Darren Waller,6,True,chip_release,inline,37075,LOLB,0.1475,1.2000,False,1.2000,0,0.9995,0.9194,0.7075,0.0002,0.0002,,,3.4000,3.3000,0,1.0000
2021101709,2778,47803,Noah Fant,6,True,chip_release,inline,43354,LEO,0.1273,1.2000,False,1.2000,0,0.9986,0.9680,0.8297,0.0008,0.0008,,,,,0,0.0000
2021101709,3305,47803,Noah Fant,6,True,chip_release,inline,47889,LEO,0.1739,1.7000,False,1.7000,0,0.9991,0.9121,0.7370,0.0009,0.0009,,,,,0,0.0000
2021101709,3689,47803,Noah Fant,6,True,chip_release,inline,47889,LEO,0.1739,1.5000,False,1.5000,0,0.9949,0.7888,0.4305,0.0051,0.0051,,,,,0,0.0000
2021101709,4233,47803,Noah Fant,6,True,chip_release,inline,47889,LEO,0.1739,1.3000,False,1.3000,0,0.9993,0.9380,0.7706,0.0007,0.0007,,,3.1000,2.9000,0,1.0000
2021101709,4257,47803,Noah Fant,6,True,chip_release,inline,43358,REO,0.1409,1.4000,False,1.4000,0,0.9995,0.9446,0.7605,0.0005,0.0005,,,,,0,0.0000
2021101710,373,44967,Jeremy Sprinkle,6,True,pass_block,inline,41269,ROLB,0.1225,2.3000,False,2.3000,0,0.9984,0.9769,0.7405,0.0232,0.0232,,,,,0,0.0000
2021101710,607,43324,Hunter Henry,6,True,chip_release,detached,42403,ROLB,0.1687,1.5000,False,1.5000,0,0.9996,0.9784,0.8350,0.0004,0.0004,,,,,0,0.0000
2021101710,719,46206,Dalton Schultz,6,True,pass_block,inline,43435,LOLB,0.1997,3.4000,False,3.4000,0,0.9977,0.9610,0.7625,0.2573,0.2573,,,,,0,0.0000
2021101710,799,46206,Dalton Schultz,6,True,chip_release,inline,52468,REO,0.1273,5.1000,True,5.1000,0,0.9977,0.9176,0.6841,0.5603,0.5603,,,,,0,1.0000
2021101710,971,45532,Blake Jarwin,6,True,pass_block,inline,43435,LOLB,0.1997,3.6000,False,3.6000,0,0.9978,0.9794,0.8582,0.1484,0.1484,,,,,0,0.0000
2021101710,1146,43324,Hunter Henry,6,True,chip_release,detached,42403,LOLB,0.1687,2.5000,False,2.5000,0,0.9970,0.9534,0.7312,0.0469,0.0469,,,,,0,0.0000
2021101710,1202,44912,Jonnu Smith,6,True,chip_release,detached,42403,ROLB,0.1687,1.9000,False,1.9000,0,0.9995,0.9184,0.7247,0.0081,0.0081,,,,,0,1.0000
2021101710,1247,43324,Hunter Henry,6,True,pass_block,detached,42403,ROLB,0.1687,3.8000,False,3.8000,0,0.9989,0.9423,0.7846,0.3077,0.3077,,,,,0,0.0000
2021101710,1312,46206,Dalton Schultz,6,True,pass_block,inline,43435,ROLB,0.1997,3.5000,False,3.5000,0,0.9982,0.9774,0.8669,0.1390,0.1390,,,,,0,0.0000
2021101710,1604,44912,Jonnu Smith,6,True,pass_block,inline,44892,LOLB,0.0953,2.1000,False,2.1000,0,0.9997,0.9830,0.8391,0.0018,0.0018,,,,,0,1.0000
2021101710,2400,45532,Blake Jarwin,6,True,pass_block,wing,41269,LOLB,0.1225,6.2000,False,6.0000,1,0.9978,0.9688,0.8324,0.4099,-0.5901,6.0000,6.0000,6.0000,6.0000,0,0.0000
2021101710,2400,46206,Dalton Schultz,6,True,chip_release,inline,41269,LOLB,0.1225,3.9000,False,3.9000,0,0.9976,0.9739,0.8496,0.2267,0.2267,6.0000,6.0000,6.0000,6.0000,0,0.0000
2021101710,2540,46206,Dalton Schultz,6,True,chip_release,inline,43435,ROLB,0.1997,1.9000,False,1.9000,0,0.9970,0.9918,0.9836,0.0055,0.0055,,,,,0,0.0000
2021101710,2630,45532,Blake Jarwin,6,True,pass_block,wing,43435,LOLB,0.1997,3.8000,False,3.5000,1,0.9965,0.9692,0.8568,0.1506,-0.8494,3.6000,3.6000,3.5000,3.3000,1,1.0000
2021101710,2630,46206,Dalton Schultz,6,True,pass_block,inline,43435,LOLB,0.1997,3.8000,False,3.5000,1,0.9973,0.9610,0.8264,0.1846,-0.8154,3.6000,3.6000,3.5000,3.3000,1,1.0000
2021101710,3276,43324,Hunter Henry,6,True,pass_block,detached,42403,ROLB,0.1687,2.6000,False,2.6000,0,0.9990,0.9531,0.7342,0.0474,0.0474,,,,,1,1.0000
2021101710,3276,44912,Jonnu Smith,6,True,chip_release,detached,53513,LEO,0.1142,1.5000,False,1.5000,0,0.9994,0.9635,0.6942,0.0006,0.0006,,,,,0,1.0000
2021101710,3319,43324,Hunter Henry,6,True,chip_release,detached,44892,LOLB,0.0953,2.6000,False,2.6000,0,0.9997,0.9837,0.8459,0.0163,0.0163,,,,,0,0.0000
2021101710,3549,46206,Dalton Schultz,6,True,chip_release,inline,44944,REO,0.0839,2.2000,False,2.2000,0,0.9991,0.9810,0.8579,0.0019,0.0019,,,,,0,0.0000
2021101710,3695,46206,Dalton Schultz,6,True,chip_release,detached,52468,REO,0.1273,2.4000,False,2.4000,0,0.9990,0.9134,0.8086,0.0875,0.0875,,,,,0,1.0000
2021101710,3874,43324,Hunter Henry,6,True,chip_release,detached,42403,ROLB,0.1687,1.5000,False,1.5000,0,0.9994,0.9474,0.7337,0.0006,0.0006,,,,,0,0.0000
2021101710,4293,43324,Hunter Henry,6,True,chip_release,detached,43533,LOLB,0.1511,2.1000,False,2.1000,0,0.9994,0.8885,0.4355,0.0052,0.0052,2.4000,2.4000,2.4000,2.4000,1,1.0000
2021101710,4563,46206,Dalton Schultz,6,True,chip_release,inline,43435,LOLB,0.1997,1.4000,False,1.4000,0,0.9951,0.9653,0.9171,0.0050,0.0050,,,,,0,0.0000
2021101711,328,47924,Zach Gentry,6,True,pass_block,inline,35493,LEO,0.0966,3.3000,False,3.3000,0,0.9999,0.9948,0.9322,0.0690,0.0690,,,,,0,0.0000
2021101711,493,44856,Gerald Everett,6,True,chip_release,inline,52510,REO,0.0943,2.8000,False,2.8000,0,0.9998,0.9772,0.8390,0.0878,0.0878,,,,,0,0.0000
2021101711,594,44856,Gerald Everett,6,True,chip_release,detached,44842,LEO,0.1260,2.7000,True,2.7000,0,0.9995,0.9655,0.8346,0.0347,0.0347,,,,,0,0.0000
2021101711,747,47924,Zach Gentry,6,True,chip_release,inline,52456,LEO,0.1348,1.0000,False,1.0000,0,0.9994,0.8008,0.2865,0.0003,0.0003,,,,,0,0.0000
2021101711,1229,46189,Will Dissly,6,True,pass_block,inline,52510,ROLB,0.0943,2.6000,False,2.6000,0,0.9971,0.9432,0.7414,0.0571,0.0571,,,,2.6000,0,0.0000
2021101711,1275,46189,Will Dissly,6,True,pass_block,inline,44886,LEO,0.0779,4.4000,False,4.4000,0,0.9982,0.9909,0.8814,0.3914,0.3914,,,,,0,1.0000
2021101711,1428,47924,Zach Gentry,6,True,pass_block,inline,35562,LEO,0.1011,3.9000,False,3.9000,0,0.9986,0.9907,0.8725,0.2629,0.2629,,,,,0,0.0000
2021101711,1529,41236,Eric Ebron,6,True,chip_release,inline,52456,LEO,0.1348,0.9000,False,0.9000,0,0.9970,0.9868,0.9630,0.0019,0.0019,,,,,0,0.0000
2021101711,1574,53484,Pat Freiermuth,6,True,pass_block,inline,35493,REO,0.0966,2.8000,False,2.5000,1,0.9997,0.9649,0.7115,0.0351,-0.9649,2.5000,2.5000,2.5000,2.4000,0,1.0000
2021101711,1894,44856,Gerald Everett,6,True,chip_release,inline,44842,LOLB,0.1260,1.4000,False,1.4000,0,0.9994,0.9541,0.8110,0.0006,0.0006,3.3000,3.3000,3.3000,3.3000,0,1.0000
2021101711,2464,53484,Pat Freiermuth,6,True,pass_block,inline,35493,LEO,0.0966,3.6000,False,3.6000,0,0.9996,0.9813,0.7764,0.2395,0.2395,,,,,0,0.0000
2021101711,2739,46189,Will Dissly,6,True,pass_block,inline,44842,LOLB,0.1260,3.4000,False,3.4000,0,0.9982,0.9811,0.8752,0.1298,0.1298,,,,,0,0.0000
2021101711,3494,41236,Eric Ebron,6,True,chip_release,inline,52456,LEO,0.1348,2.1000,False,2.1000,0,0.9998,0.9717,0.8479,0.0019,0.0019,,,,,0,0.0000
2021101711,3781,47924,Zach Gentry,6,True,pass_block,inline,35493,LEO,0.0966,3.5000,False,2.5000,1,0.9998,0.9919,0.9189,0.0081,-0.9919,,,2.5000,2.3000,0,1.0000
2021101711,3836,47924,Zach Gentry,6,True,chip_release,inline,35493,LEO,0.0966,2.0000,False,2.0000,0,0.9998,0.9723,0.7042,0.0015,0.0015,,,,,0,0.0000
2021101711,4396,44856,Gerald Everett,6,True,chip_release,inline,52510,ROLB,0.0943,1.8000,False,1.8000,0,0.9997,0.9852,0.9249,0.0023,0.0023,,,,,0,1.0000
2021101711,4533,44856,Gerald Everett,6,True,pass_block,wing,44842,LOLB,0.1260,4.9000,False,4.2000,1,0.9981,0.9859,0.8869,0.3021,-0.6979,4.3000,4.3000,4.2000,4.1000,0,1.0000
2021101711,4533,46189,Will Dissly,6,True,pass_block,inline,52510,ROLB,0.0943,4.9000,False,3.4000,1,0.9972,0.9590,0.7571,0.2637,-0.7363,3.4000,3.4000,3.4000,3.4000,1,1.0000
2021101800,161,42486,MyCole Pruitt,6,True,pass_block,inline,35470,REO,0.1482,3.0000,False,2.7000,1,0.9928,0.7718,0.3113,0.5486,-0.4514,2.8000,2.8000,2.7000,2.6000,1,1.0000
2021101800,183,45355,Anthony Firkser,6,True,chip_release,detached,37841,ROLB,0.1066,2.9000,True,2.9000,0,0.9995,0.9534,0.7528,0.1536,0.1536,,,,,0,0.0000
2021101800,462,47879,Dawson Knox,6,True,chip_release,detached,42365,ROLB,0.0992,0.9000,False,0.9000,0,0.9929,0.9693,0.9373,0.0043,0.0043,,,,,0,0.0000
2021101800,628,45355,Anthony Firkser,6,True,chip_release,inline,35470,LOLB,0.1482,2.4000,False,2.4000,0,0.9997,0.9754,0.8658,0.0246,0.0246,,,,,0,1.0000
2021101800,807,42589,Geoff Swaim,6,True,pass_block,inline,42331,LEO,0.1256,3.4000,False,3.4000,0,0.9958,0.9780,0.8444,0.1637,0.1637,,,,,0,0.0000
2021101800,873,42589,Geoff Swaim,6,True,chip_release,inline,42331,LEO,0.1256,1.2000,False,1.2000,0,0.9993,0.9395,0.7908,0.0004,0.0004,,,,,0,0.0000
2021101800,1557,42589,Geoff Swaim,6,True,pass_block,inline,53459,LEO,0.1336,4.2000,False,4.2000,0,0.9992,0.9752,0.9202,0.1106,0.1106,,,,,0,1.0000
2021101800,1590,45355,Anthony Firkser,6,True,chip_release,detached,35470,ROLB,0.1482,2.3000,False,2.3000,0,0.9980,0.8977,0.7894,0.1052,0.1052,,,,,0,1.0000
2021101800,2072,47879,Dawson Knox,6,True,chip_release,backfield,46110,ROLB,0.1931,1.2000,False,1.2000,0,0.9994,0.8993,0.6061,0.0004,0.0004,,,,,0,0.0000
2021101800,2346,47879,Dawson Knox,6,True,pass_block,backfield,47971,RILB,0.1349,4.3000,False,4.3000,0,0.9984,0.9520,0.8033,0.4366,0.4366,,,,,0,0.0000
2021101800,2412,47879,Dawson Knox,6,True,pass_block,backfield,46221,RLB,0.1272,2.9000,False,2.9000,0,0.9979,0.8913,0.6723,0.2164,0.2164,,,,,0,0.0000
2021101800,2486,42589,Geoff Swaim,6,True,chip_release,inline,35470,REO,0.1482,2.6000,False,2.6000,0,0.9967,0.9569,0.7215,0.0435,0.0435,,,,,0,0.0000
2021101800,2620,42486,MyCole Pruitt,6,True,pass_block,inline,37841,REO,0.1066,3.3000,False,3.3000,0,0.9954,0.9564,0.7283,0.2965,0.2965,,,,,0,1.0000
2021101800,2620,42589,Geoff Swaim,6,True,pass_block,inline,37841,REO,0.1066,3.3000,False,3.3000,0,0.9949,0.9848,0.8621,0.1437,0.1437,,,,,0,1.0000
2021101800,2761,42589,Geoff Swaim,6,True,pass_block,inline,37841,REO,0.1066,2.3000,False,2.3000,0,0.9985,0.9789,0.8543,0.0212,0.0212,,,,2.3000,0,0.0000
2021101800,2901,47879,Dawson Knox,6,True,chip_release,backfield,42365,ROLB,0.0992,1.1000,False,1.1000,0,0.9994,0.9331,0.6534,0.0004,0.0004,,,,,0,0.0000
2021101800,2925,47879,Dawson Knox,6,True,chip_release,backfield,42365,LOLB,0.0992,1.1000,False,1.1000,0,0.9994,0.9409,0.6868,0.0004,0.0004,,,,,0,0.0000
2021101800,3000,47879,Dawson Knox,6,True,chip_release,backfield,46110,LEO,0.1931,1.2000,False,1.2000,0,0.9991,0.8236,0.5014,0.0006,0.0006,,,,,0,0.0000
2021101800,3252,42589,Geoff Swaim,6,True,pass_block,inline,53459,LEO,0.1336,2.5000,False,2.5000,0,0.9968,0.9703,0.7654,0.0299,0.0299,,,,,0,0.0000
2021101800,3636,42589,Geoff Swaim,6,True,pass_block,inline,35470,LEO,0.1482,3.1000,False,3.1000,0,0.9918,0.9663,0.8496,0.0880,0.0880,,,,,0,0.0000
2021101800,3705,45355,Anthony Firkser,6,True,chip_release,inline,53459,LEO,0.1336,2.3000,False,2.3000,0,0.9997,0.9717,0.8114,0.0284,0.0284,,,,,0,0.0000
2021102100,486,44841,David Njoku,7,False,pass_block,detached,48089,ROLB,0.0943,3.9000,False,3.9000,0,0.9997,0.9909,0.9161,0.1962,0.1962,,,,,0,0.0000
2021102100,486,52523,Harrison Bryant,7,False,chip_release,inline,37075,LOLB,0.1585,0.8000,False,0.8000,0,0.9992,0.9265,0.5610,0.0004,0.0004,,,,,0,0.0000
2021102100,535,43370,Austin Hooper,7,False,pass_block,inline,48089,ROLB,0.0943,4.3000,False,4.3000,0,0.9969,0.9755,0.8048,0.5809,0.5809,,,,,0,0.0000
2021102100,655,44841,David Njoku,7,False,chip_release,inline,37075,LOLB,0.1585,1.3000,False,1.3000,0,0.9998,0.9567,0.7680,0.0002,0.0002,3.2000,3.2000,3.2000,3.2000,0,1.0000
2021102100,890,47803,Noah Fant,7,False,chip_release,inline,44813,REO,0.1982,1.9000,False,1.9000,0,0.9997,0.9590,0.7991,0.0031,0.0031,2.8000,2.8000,2.7000,2.5000,0,0.0000
2021102100,1070,43370,Austin Hooper,7,False,chip_release,inline,37075,LOLB,0.1585,1.1000,False,1.1000,0,0.9995,0.9343,0.7528,0.0002,0.0002,,,,,0,0.0000
2021102100,1205,47803,Noah Fant,7,False,chip_release,inline,44813,LEO,0.1982,1.8000,False,1.8000,0,0.9998,0.9842,0.8570,0.0019,0.0019,,,,,0,0.0000
2021102100,1337,44841,David Njoku,7,False,pass_block,inline,37075,LOLB,0.1585,3.1000,False,3.0000,1,0.9981,0.9792,0.8876,0.0652,-0.9348,3.0000,3.0000,3.0000,3.0000,0,1.0000
2021102100,1337,52523,Harrison Bryant,7,False,pass_block,wing,37075,LOLB,0.1585,3.1000,False,3.0000,1,0.9989,0.9854,0.8945,0.0576,-0.9424,3.0000,3.0000,3.0000,3.0000,1,1.0000
2021102100,1695,47803,Noah Fant,7,False,chip_release,inline,44813,LEO,0.1982,2.1000,False,2.1000,0,0.9996,0.9391,0.7402,0.0042,0.0042,,,,,0,1.0000
2021102100,1753,43370,Austin Hooper,7,False,chip_release,inline,48089,ROLB,0.0943,1.6000,False,1.6000,0,0.9999,0.9919,0.9361,0.0001,0.0001,,,,,0,1.0000
2021102100,1820,43370,Austin Hooper,7,False,chip_release,inline,53668,LOLB,0.0983,1.1000,False,1.1000,0,0.9996,0.9800,0.8280,0.0002,0.0002,3.7000,3.7000,3.7000,3.7000,0,1.0000
2021102100,1871,47803,Noah Fant,7,False,chip_release,inline,41227,LEO,0.1461,2.0000,False,2.0000,0,0.9994,0.9631,0.7728,0.0053,0.0053,,,,,0,0.0000
2021102100,1966,47803,Noah Fant,7,False,chip_release,inline,41227,LEO,0.1461,1.6000,False,1.6000,0,0.9969,0.9886,0.9665,0.0031,0.0031,,,,,0,1.0000
2021102100,2035,44987,Eric Saubert,7,False,pass_block,inline,44813,REO,0.1982,3.4000,False,3.4000,0,0.9983,0.9650,0.7768,0.2406,0.2406,,,,,0,1.0000
2021102100,2035,48096,Andrew Beck,7,False,pass_block,wing,44813,REO,0.1982,3.4000,False,3.4000,0,0.9986,0.9660,0.7983,0.2158,0.2158,,,,,0,1.0000
2021102100,2130,47803,Noah Fant,7,False,pass_block,inline,44838,LEO,0.1298,2.0000,False,2.0000,0,0.9996,0.9079,0.6845,0.0055,0.0055,,,,,0,0.0000
2021102100,2381,43370,Austin Hooper,7,False,chip_release,inline,48089,LOLB,0.0943,1.6000,False,1.6000,0,0.9993,0.9888,0.8850,0.0007,0.0007,,,,,0,0.0000
2021102100,2381,52523,Harrison Bryant,7,False,chip_release,inline,53668,ROLB,0.0983,1.3000,False,1.3000,0,0.9984,0.9764,0.8126,0.0016,0.0016,,,,,0,0.0000
2021102100,2405,43370,Austin Hooper,7,False,pass_block,inline,47854,RE,0.0873,3.5000,False,3.5000,0,0.9979,0.9920,0.9339,0.0673,0.0673,,,,,0,0.0000
2021102100,2405,52523,Harrison Bryant,7,False,chip_release,backfield,48089,LOLB,0.0943,1.1000,False,1.1000,0,0.9986,0.9717,0.8084,0.0007,0.0007,,,,,0,0.0000
2021102100,2655,43370,Austin Hooper,7,False,chip_release,inline,53668,REO,0.0983,2.1000,True,2.1000,0,0.9993,0.9954,0.9854,0.0018,0.0018,,,,,0,0.0000
2021102100,2990,44841,David Njoku,7,False,pass_block,inline,48089,LOLB,0.0943,2.8000,False,2.8000,0,0.9996,0.9389,0.7045,0.1982,0.1982,,,,,0,0.0000
2021102100,3103,44987,Eric Saubert,7,False,pass_block,inline,44838,LEO,0.1298,4.2000,False,4.2000,0,0.9964,0.9761,0.8311,0.2904,0.2904,,,,,0,0.0000
2021102100,3103,47803,Noah Fant,7,False,pass_block,wing,44838,LEO,0.1298,4.2000,False,4.2000,0,0.9986,0.9850,0.8450,0.2651,0.2651,,,,,0,0.0000
2021102100,3233,44987,Eric Saubert,7,False,pass_block,inline,44838,LEO,0.1298,4.3000,False,4.3000,0,0.9926,0.9658,0.8941,0.2568,0.2568,,,,,0,0.0000
2021102100,3233,47803,Noah Fant,7,False,pass_block,wing,44838,LEO,0.1298,4.3000,False,4.3000,0,0.9882,0.9386,0.8659,0.2619,0.2619,,,,,0,0.0000
2021102100,3304,44987,Eric Saubert,7,False,chip_release,inline,41227,LEO,0.1461,2.7000,False,2.7000,0,0.9958,0.9818,0.9415,0.0183,0.0183,,,,,0,0.0000
2021102100,3394,44987,Eric Saubert,7,False,chip_release,inline,44813,REO,0.1982,2.3000,False,2.3000,0,0.9989,0.8559,0.6398,0.1457,0.1457,,,2.9000,2.7000,0,0.0000
2021102100,3673,43370,Austin Hooper,7,False,chip_release,wing,48089,ROLB,0.0943,2.1000,False,2.1000,0,0.9962,0.9770,0.8631,0.0078,0.0078,,,,,0,0.0000
2021102100,3673,52523,Harrison Bryant,7,False,pass_block,inline,41464,RE,0.0903,3.3000,False,3.3000,0,0.9981,0.9675,0.7614,0.2573,0.2573,,,,,0,0.0000
2021102100,3756,43370,Austin Hooper,7,False,pass_block,inline,53668,LOLB,0.0983,2.5000,False,2.5000,0,0.9989,0.9910,0.9072,0.0091,0.0091,,,,,0,0.0000
2021102100,3756,44841,David Njoku,7,False,pass_block,inline,41449,LEO,0.0887,2.5000,False,2.5000,0,0.9948,0.9789,0.8715,0.0213,0.0213,,,,,0,0.0000
2021102400,56,42500,C.J. Uzomah,7,False,pass_block,inline,44859,LOLB,0.1275,5.2000,False,5.2000,0,0.9978,0.9713,0.8146,0.3803,0.3803,,,,,0,1.0000
2021102400,385,46155,Mark Andrews,7,False,chip_release,inline,46146,LEO,0.1069,2.0000,False,2.0000,0,0.9998,0.9874,0.8744,0.0016,0.0016,,,,,0,1.0000
2021102400,641,42721,Eric Tomlinson,7,False,pass_block,inline,44915,REO,0.1744,3.0000,False,3.0000,0,0.9994,0.9700,0.7446,0.1184,0.1184,,,,,0,0.0000
2021102400,755,42500,C.J. Uzomah,7,False,pass_block,backfield,46958,RILB,0.1176,3.0000,False,1.5000,1,0.9915,0.6125,0.4070,0.0085,-0.9915,2.3000,1.7000,1.5000,1.4000,1,1.0000
2021102400,1340,47835,Drew Sample,7,False,pass_block,inline,33131,LE,0.1125,4.1000,False,3.2000,1,0.9956,0.9851,0.9592,0.0414,-0.9586,3.6000,3.4000,3.2000,3.0000,1,1.0000
2021102400,1420,42721,Eric Tomlinson,7,False,pass_block,inline,48145,ROLB,0.0985,3.3000,False,3.3000,0,0.9972,0.9555,0.7501,0.2724,0.2724,,,,,0,0.0000
2021102400,1825,42500,C.J. Uzomah,7,False,pass_block,backfield,53533,LILB,0.1158,2.5000,False,2.5000,0,0.9975,0.8406,0.5947,0.1665,0.1665,,,,,0,0.0000
2021102400,2134,47835,Drew Sample,7,False,pass_block,inline,37145,ROLB,0.1248,2.3000,False,2.3000,1,0.9952,0.9142,0.6587,0.0867,-0.9133,,,2.3000,2.1000,0,0.0000
2021102400,2760,42500,C.J. Uzomah,7,False,pass_block,backfield,43393,SCBL,0.1572,3.2000,False,2.3000,1,0.9997,0.8804,0.5330,0.1211,-0.8789,2.3000,2.3000,2.3000,2.3000,0,0.0000
2021102400,2832,42500,C.J. Uzomah,7,False,pass_block,backfield,53533,LILB,0.1158,2.8000,False,2.8000,0,0.9978,0.8834,0.6173,0.2788,0.2788,,,,,0,0.0000
2021102400,2872,42500,C.J. Uzomah,7,False,pass_block,inline,37240,LOLB,0.0962,2.8000,False,2.8000,0,0.9997,0.9890,0.9042,0.0542,0.0542,,,,,0,0.0000
2021102400,2901,47835,Drew Sample,7,False,pass_block,wing,37240,LOLB,0.0962,4.1000,False,4.1000,0,0.9983,0.9905,0.9324,0.1283,0.1283,,,,,0,1.0000
2021102400,3070,42721,Eric Tomlinson,7,False,pass_block,inline,44915,ROLB,0.1744,3.7000,False,3.3000,1,0.9980,0.9860,0.9032,0.0999,-0.9001,3.3000,3.3000,3.3000,3.3000,0,0.0000
2021102400,3070,46155,Mark Andrews,7,False,pass_block,wing,44915,ROLB,0.1744,3.7000,False,3.3000,1,0.9989,0.9886,0.9164,0.0859,-0.9141,3.3000,3.3000,3.3000,3.3000,0,0.0000
2021102400,3152,47852,Josh Oliver,7,False,chip_release,detached,44915,REO,0.1744,1.1000,False,1.1000,0,0.9996,0.9649,0.8059,0.0002,0.0002,,,,,0,0.0000
2021102400,3392,46155,Mark Andrews,7,False,chip_release,inline,44915,REO,0.1744,2.6000,False,2.6000,0,0.9998,0.9759,0.8649,0.0242,0.0242,,,,,0,1.0000
2021102400,3971,47852,Josh Oliver,7,False,chip_release,inline,53540,LEO,0.0931,1.8000,False,1.8000,0,0.9997,0.9761,0.8675,0.0020,0.0020,,3.7000,3.5000,3.3000,0,1.0000
2021102401,55,30842,Marcedes Lewis,7,False,pass_block,inline,52410,LEO,0.1071,2.1000,False,2.1000,0,0.9994,0.9973,0.9652,0.0011,0.0011,,,,,0,0.0000
2021102401,55,45635,Robert Tonyan,7,False,pass_block,wing,52410,LEO,0.1071,2.1000,False,2.1000,0,0.9986,0.9940,0.9391,0.0023,0.0023,,,,,0,0.0000
2021102401,215,45635,Robert Tonyan,7,False,pass_block,inline,52637,REO,0.0866,4.2000,False,4.2000,0,0.9923,0.9795,0.8613,0.2461,0.2461,,,,,0,1.0000
2021102401,215,52502,Josiah Deguara,7,False,pass_block,detached,42376,RLB,0.1114,4.2000,False,4.2000,0,0.9779,0.7113,0.2924,1.3580,1.3580,,,,,0,1.0000
2021102401,234,45635,Robert Tonyan,7,False,chip_release,detached,52637,REO,0.0866,2.2000,False,2.2000,0,0.9996,0.9829,0.8956,0.0024,0.0024,3.4000,3.4000,3.4000,3.2000,0,1.0000
2021102401,300,45635,Robert Tonyan,7,False,chip_release,inline,52410,LEO,0.1071,1.9000,False,1.9000,0,0.9995,0.9695,0.7617,0.0040,0.0040,,,,,0,0.0000
2021102401,661,45635,Robert Tonyan,7,False,chip_release,detached,47809,REO,0.1120,2.2000,False,2.2000,0,0.9994,0.9366,0.7614,0.0071,0.0071,,,,,0,1.0000
2021102401,893,45481,Ricky Seals-Jones,7,False,pass_block,wing,52650,LOLB,0.1271,4.4000,False,4.4000,0,0.9987,0.9854,0.9322,0.1528,0.1528,,,,,0,0.0000
2021102401,893,53553,John Bates,7,False,chip_release,inline,43426,LE,0.0995,1.0000,False,1.0000,0,0.9963,0.9859,0.9596,0.0022,0.0022,,,,,0,0.0000
2021102401,1007,30842,Marcedes Lewis,7,False,chip_release,inline,47809,REO,0.1120,1.7000,False,1.7000,0,0.9998,0.9712,0.8111,0.0002,0.0002,,,,,0,0.0000
2021102401,1055,45635,Robert Tonyan,7,False,pass_block,inline,53448,LOLB,0.1069,2.3000,False,2.3000,0,0.9987,0.8999,0.6664,0.1012,0.1012,,,,,0,0.0000
2021102401,1312,30842,Marcedes Lewis,7,False,pass_block,inline,47809,LEO,0.1120,2.4000,False,2.4000,0,0.9992,0.9762,0.8782,0.0239,0.0239,,,,,0,0.0000
2021102401,1899,45481,Ricky Seals-Jones,7,False,chip_release,wing,47795,LOLB,0.1613,0.9000,False,0.9000,0,0.9884,0.9020,0.8411,0.0057,0.0057,,,,,0,0.0000
2021102401,1984,45481,Ricky Seals-Jones,7,False,chip_release,detached,52932,ROLB,0.1221,2.2000,False,2.2000,0,0.9998,0.9819,0.8630,0.0026,0.0026,,,,,0,1.0000
2021102401,2098,45481,Ricky Seals-Jones,7,False,pass_block,detached,47795,SCBL,0.1613,6.6000,False,6.6000,0,0.9991,0.9504,0.7463,0.7928,0.7928,,,,,0,1.0000
2021102401,2381,30842,Marcedes Lewis,7,False,pass_block,inline,52637,REO,0.0866,4.2000,False,4.2000,0,0.9989,0.9880,0.9001,0.1787,0.1787,,,,,0,1.0000
2021102401,2861,52502,Josiah Deguara,7,False,chip_release,inline,52641,REO,0.1181,1.8000,False,1.8000,0,0.9997,0.9670,0.7805,0.0040,0.0040,,,,,0,0.0000
2021102401,3743,45481,Ricky Seals-Jones,7,False,chip_release,detached,47795,LOLB,0.1613,1.8000,False,1.8000,0,0.9997,0.9702,0.7998,0.0029,0.0029,,,,,0,0.0000
2021102401,3788,45481,Ricky Seals-Jones,7,False,pass_block,detached,38556,ROLB,0.0871,2.8000,False,2.8000,0,0.9995,0.9602,0.7531,0.1528,0.1528,,,,,0,1.0000
2021102401,3861,45481,Ricky Seals-Jones,7,False,chip_release,detached,52650,LOLB,0.1271,1.6000,False,1.6000,0,0.9997,0.9708,0.7760,0.0003,0.0003,,,,,0,0.0000
2021102401,3951,45481,Ricky Seals-Jones,7,False,pass_block,detached,52650,ROLB,0.1271,2.9000,False,2.9000,0,0.9996,0.9544,0.7068,0.1887,0.1887,,,,,0,0.0000
2021102402,287,44857,Adam Shaheen,7,False,pass_block,wing,53611,LOLB,0.1210,4.1000,False,3.3000,1,0.9985,0.9909,0.9719,0.0284,-0.9716,3.5000,3.5000,3.3000,3.3000,0,1.0000
2021102402,483,46094,Hayden Hurst,7,False,chip_release,inline,43321,LEO,0.1253,2.5000,False,2.5000,0,0.9997,0.9780,0.8450,0.0221,0.0221,3.6000,3.6000,3.4000,3.2000,0,1.0000
2021102402,535,44857,Adam Shaheen,7,False,pass_block,inline,46416,LOLB,0.1278,3.4000,False,3.4000,0,0.9980,0.9899,0.9713,0.0290,0.0290,,,,,0,0.0000
2021102402,557,44857,Adam Shaheen,7,False,pass_block,inline,53611,ROLB,0.1210,3.0000,False,3.0000,0,0.9982,0.9791,0.8375,0.0872,0.0872,,,,,0,0.0000
2021102402,557,46192,Durham Smythe,7,False,pass_block,wing,53611,ROLB,0.1210,3.0000,False,3.0000,0,0.9987,0.9879,0.8885,0.0561,0.0561,,,,,0,0.0000
2021102402,648,37234,Lee Smith,7,False,pass_block,inline,52464,LEO,0.0861,3.1000,False,3.1000,0,0.9951,0.9812,0.9576,0.0304,0.0304,,,,,0,0.0000
2021102402,786,37234,Lee Smith,7,False,pass_block,inline,52464,REO,0.0861,4.0000,False,4.0000,0,0.9988,0.9860,0.9209,0.1183,0.1183,,,,,0,1.0000
2021102402,1000,44857,Adam Shaheen,7,False,pass_block,inline,40463,ROLB,0.1028,3.4000,False,3.4000,0,0.9978,0.9882,0.8666,0.1386,0.1386,,,,,0,0.0000
2021102402,1000,46192,Durham Smythe,7,False,pass_block,inline,40463,ROLB,0.1028,3.4000,False,3.4000,0,0.9936,0.8847,0.5495,0.5404,0.5404,,,,,0,0.0000
2021102402,1191,37234,Lee Smith,7,False,pass_block,inline,47934,LOLB,0.1294,2.2000,False,2.2000,0,0.9980,0.9777,0.8346,0.0043,0.0043,,,,2.2000,1,1.0000
2021102402,1327,53433,Kyle Pitts,7,False,chip_release,inline,43854,LE,0.1075,1.0000,False,1.0000,0,0.9921,0.9832,0.9675,0.0045,0.0045,,,3.4000,3.2000,0,0.0000
2021102402,2002,37234,Lee Smith,7,False,pass_block,inline,43321,LEO,0.1253,3.5000,False,3.5000,0,0.9962,0.9736,0.7482,0.2732,0.2732,,,,,0,1.0000
2021102402,2002,46094,Hayden Hurst,7,False,pass_block,inline,43321,LEO,0.1253,3.5000,False,3.5000,0,0.9913,0.8169,0.4083,0.7730,0.7730,,,,,0,1.0000
2021102402,2707,37234,Lee Smith,7,False,pass_block,inline,44174,ROLB,0.1623,2.7000,False,2.7000,0,0.9973,0.9403,0.6576,0.0602,0.0602,,,,,0,0.0000
2021102402,2755,46094,Hayden Hurst,7,False,chip_release,inline,44174,LOLB,0.1623,1.4000,False,1.4000,0,0.9997,0.9656,0.8171,0.0003,0.0003,,,,,0,1.0000
2021102402,2986,46094,Hayden Hurst,7,False,pass_block,inline,47934,ROLB,0.1294,2.7000,False,2.6000,1,0.9996,0.9382,0.5923,0.2577,-0.7423,2.6000,2.6000,2.6000,2.6000,1,1.0000
2021102403,94,43324,Hunter Henry,7,False,chip_release,inline,46204,LEO,0.1496,1.7000,False,1.7000,0,0.9973,0.9737,0.8712,0.0027,0.0027,,,,,0,0.0000
2021102403,515,40149,Ryan Griffin,7,False,pass_block,inline,43435,LOLB,0.1931,4.4000,False,3.2000,1,0.9987,0.9662,0.9087,0.0946,-0.9054,,3.8000,3.2000,2.9000,0,0.0000
2021102403,559,40149,Ryan Griffin,7,False,chip_release,detached,52468,ROLB,0.1183,2.5000,False,2.5000,0,0.9993,0.9175,0.6237,0.0836,0.0836,,,,,0,1.0000
2021102403,1090,40149,Ryan Griffin,7,False,pass_block,inline,44944,LEO,0.0726,7.0000,False,3.1000,1,0.9998,0.9842,0.8853,0.1190,-0.8810,3.1000,3.1000,3.1000,3.1000,0,1.0000
2021102403,1141,40149,Ryan Griffin,7,False,pass_block,inline,43435,LOLB,0.1931,4.2000,False,3.6000,1,0.9970,0.9608,0.7152,0.4443,-0.5557,3.6000,3.6000,3.6000,3.6000,0,1.0000
2021102403,1268,40149,Ryan Griffin,7,False,pass_block,inline,52468,ROLB,0.1183,2.7000,False,2.7000,0,0.9995,0.9807,0.9595,0.0194,0.0194,,,,,0,0.0000
2021102403,1369,43324,Hunter Henry,7,False,chip_release,detached,46204,LEO,0.1496,1.4000,False,1.4000,0,0.9998,0.9843,0.8914,0.0002,0.0002,,,,,0,1.0000
2021102403,1391,43324,Hunter Henry,7,False,pass_block,detached,46204,LEO,0.1496,2.7000,False,2.7000,0,0.9994,0.9000,0.6276,0.1006,0.1006,,,,,0,0.0000
2021102403,1481,43324,Hunter Henry,7,False,chip_release,detached,53053,LEO,0.1345,2.7000,True,2.7000,0,0.9998,0.9807,0.8688,0.0194,0.0194,,,,2.7000,0,0.0000
2021102403,1712,47904,Trevon Wesco,7,False,pass_block,inline,43435,ROLB,0.1931,3.7000,False,3.7000,0,0.9947,0.9600,0.7998,0.2148,0.2148,,,,,0,0.0000
2021102403,1741,47904,Trevon Wesco,7,False,chip_release,inline,44944,LOLB,0.0726,2.1000,False,2.1000,0,0.9991,0.9857,0.8505,0.0022,0.0022,,,,3.4000,0,0.0000
2021102403,2357,47904,Trevon Wesco,7,False,chip_release,inline,44991,DLT,0.0839,0.9000,False,0.9000,0,0.9996,0.9877,0.8578,0.0003,0.0003,,,,,0,0.0000
2021102403,2885,40149,Ryan Griffin,7,False,pass_block,detached,52468,ROLB,0.1183,2.3000,False,2.3000,0,0.9997,0.9611,0.7553,0.0392,0.0392,,,,,0,0.0000
2021102403,3308,43324,Hunter Henry,7,False,pass_block,inline,46204,LEO,0.1496,1.8000,False,1.8000,0,0.9992,0.9093,0.5537,0.0078,0.0078,,,,,0,0.0000
2021102403,3474,40149,Ryan Griffin,7,False,pass_block,detached,43435,LOLB,0.1931,3.3000,False,3.2000,1,0.9996,0.9504,0.7295,0.2976,-0.7024,3.2000,3.2000,3.2000,3.2000,0,0.0000
2021102403,3682,43324,Hunter Henry,7,False,chip_release,detached,48247,LEO,0.0990,2.4000,False,2.4000,0,0.9996,0.9760,0.7734,0.0241,0.0241,,,,,0,0.0000
2021102403,3971,43324,Hunter Henry,7,False,chip_release,detached,43301,LEO,0.1038,2.2000,False,2.2000,0,0.9998,0.9889,0.8992,0.0019,0.0019,,,,,0,0.0000
2021102404,108,53512,Tommy Tremble,7,False,chip_release,inline,46135,LOLB,0.0911,1.2000,False,1.2000,0,0.9999,0.9836,0.8928,0.0001,0.0001,,,,6.2000,0,1.0000
2021102404,650,44835,Evan Engram,7,False,chip_release,wing,47799,LOLB,0.1248,2.9000,True,2.9000,0,0.9977,0.9874,0.9640,0.0241,0.0241,,,,,0,0.0000
2021102404,742,37118,Kyle Rudolph,7,False,chip_release,wing,47799,LOLB,0.1248,1.9000,False,1.9000,0,0.9965,0.9822,0.9509,0.0072,0.0072,,,,,0,0.0000
2021102404,782,37118,Kyle Rudolph,7,False,chip_release,inline,52446,LEO,0.1266,2.2000,False,2.2000,0,0.9969,0.9892,0.9676,0.0057,0.0057,,,,,0,0.0000
2021102404,858,37118,Kyle Rudolph,7,False,pass_block,inline,52446,REO,0.1266,3.8000,False,3.8000,0,0.9984,0.9956,0.9888,0.0174,0.0174,,,,,0,1.0000
2021102404,858,44835,Evan Engram,7,False,chip_release,inline,47799,LEO,0.1248,1.5000,False,1.5000,0,0.9968,0.9944,0.9911,0.0032,0.0032,,3.6000,3.4000,3.1000,0,1.0000
2021102404,858,47959,Kaden Smith,7,False,pass_block,wing,44825,ROLB,0.1197,3.8000,False,3.8000,0,0.9983,0.9929,0.9773,0.0381,0.0381,,,,,0,1.0000
2021102404,1325,47959,Kaden Smith,7,False,pass_block,inline,43791,REO,0.1096,2.4000,False,2.4000,0,0.9981,0.9808,0.8092,0.0193,0.0193,,,,,0,0.0000
2021102404,1370,37118,Kyle Rudolph,7,False,pass_block,inline,44825,LOLB,0.1197,3.7000,False,2.1000,1,0.9997,0.9851,0.8372,0.0149,-0.9851,,,2.1000,1.9000,0,0.0000
2021102404,1415,37118,Kyle Rudolph,7,False,pass_block,inline,47799,LOLB,0.1248,2.3000,False,2.3000,0,0.9998,0.9935,0.9753,0.0065,0.0065,,,,,0,0.0000
2021102404,1439,44835,Evan Engram,7,False,chip_release,detached,44825,ROLB,0.1197,2.1000,False,2.1000,0,0.9994,0.9701,0.8362,0.0114,0.0114,,,,,0,1.0000
2021102404,1560,46170,Ian Thomas,7,False,chip_release,inline,42349,REO,0.0969,1.1000,False,1.1000,0,0.9989,0.9901,0.9719,0.0006,0.0006,,,4.5000,4.3000,0,0.0000
2021102404,1584,53512,Tommy Tremble,7,False,pass_block,inline,53645,REO,0.1091,2.9000,False,2.9000,0,0.9961,0.8299,0.4874,0.3656,0.3656,,,,,0,0.0000
2021102404,1698,46170,Ian Thomas,7,False,pass_block,inline,53479,LEO,0.1096,6.7000,False,6.3000,1,0.9966,0.9820,0.9013,0.3391,-0.6609,,6.5000,6.3000,6.2000,0,1.0000
2021102404,1698,53512,Tommy Tremble,7,False,chip_release,wing,53479,LEO,0.1096,2.0000,False,2.0000,0,0.9978,0.9826,0.8467,0.0046,0.0046,,6.5000,6.3000,6.2000,0,1.0000
2021102404,1856,47959,Kaden Smith,7,False,pass_block,inline,52415,DRT,0.0946,2.3000,False,2.3000,0,0.9997,0.9894,0.8805,0.0106,0.0106,,,,,0,0.0000
2021102404,1897,37118,Kyle Rudolph,7,False,pass_block,inline,47799,LOLB,0.1248,2.0000,False,2.0000,0,0.9975,0.9877,0.9669,0.0051,0.0051,,,,,0,0.0000
2021102404,1921,37118,Kyle Rudolph,7,False,pass_block,backfield,46230,LILB,0.1293,2.5000,False,2.5000,0,0.9983,0.9396,0.7783,0.0613,0.0613,,,,,0,1.0000
2021102404,2208,47959,Kaden Smith,7,False,pass_block,inline,43791,REO,0.1096,2.4000,False,2.4000,0,0.9988,0.9845,0.8341,0.0155,0.0155,,,,,0,0.0000
2021102404,2263,44835,Evan Engram,7,False,chip_release,detached,47799,ROLB,0.1248,1.9000,False,1.9000,0,0.9998,0.9873,0.8907,0.0030,0.0030,,,,,0,1.0000
2021102404,2345,46170,Ian Thomas,7,False,pass_block,inline,42349,REO,0.0969,3.6000,False,3.5000,1,0.9987,0.9883,0.8802,0.1239,-0.8761,,3.6000,3.5000,3.4000,0,1.0000
2021102404,2652,37118,Kyle Rudolph,7,False,pass_block,inline,47799,LOLB,0.1248,5.1000,False,2.9000,1,0.9973,0.9795,0.9427,0.0389,-0.9611,,3.0000,2.9000,2.8000,1,1.0000
2021102404,3102,44835,Evan Engram,7,False,chip_release,wing,52446,REO,0.1266,1.1000,False,1.1000,0,0.9974,0.9770,0.9521,0.0013,0.0013,,,,,0,0.0000
2021102404,3147,37118,Kyle Rudolph,7,False,pass_block,inline,47799,LOLB,0.1248,3.8000,False,3.8000,0,0.9998,0.9950,0.9802,0.0311,0.0311,,,,,0,0.0000
2021102404,3173,47959,Kaden Smith,7,False,pass_block,inline,44825,LOLB,0.1197,3.0000,False,3.0000,0,0.9996,0.9116,0.6332,0.2520,0.2520,,,,,0,1.0000
2021102404,3212,37118,Kyle Rudolph,7,False,pass_block,detached,44825,LOLB,0.1197,2.8000,False,2.8000,0,0.9998,0.9952,0.9829,0.0110,0.0110,,,,,0,0.0000
2021102404,3529,37118,Kyle Rudolph,7,False,pass_block,inline,52446,LEO,0.1266,3.9000,False,3.9000,0,0.9975,0.9923,0.9760,0.0418,0.0418,,,,,0,0.0000
2021102404,3572,37118,Kyle Rudolph,7,False,pass_block,detached,44825,ROLB,0.1197,2.5000,False,2.5000,0,0.9994,0.9777,0.9604,0.0224,0.0224,,,,,0,0.0000
2021102404,3617,47959,Kaden Smith,7,False,pass_block,inline,47799,REO,0.1248,2.4000,False,2.3000,1,0.9996,0.9872,0.9572,0.0129,-0.9871,,,2.3000,2.2000,0,1.0000
2021102404,3694,46170,Ian Thomas,7,False,pass_block,detached,53479,REO,0.1096,2.8000,False,2.8000,0,0.9995,0.9371,0.7382,0.1726,0.1726,,,,,0,0.0000
2021102404,3880,46170,Ian Thomas,7,False,chip_release,detached,53645,ROLB,0.1091,1.3000,False,1.3000,0,0.9997,0.9880,0.9210,0.0003,0.0003,,,,,0,0.0000
2021102404,3946,53512,Tommy Tremble,7,False,chip_release,detached,53479,REO,0.1096,1.7000,False,1.7000,0,0.9989,0.9442,0.8746,0.0011,0.0011,3.7000,3.7000,3.7000,3.7000,0,0.0000
2021102405,64,42589,Geoff Swaim,7,False,pass_block,inline,42406,RE,0.1428,2.8000,False,2.8000,0,0.9985,0.9369,0.7332,0.1516,0.1516,,,,2.8000,0,0.0000
2021102405,159,42589,Geoff Swaim,7,False,pass_block,inline,42406,REO,0.1428,3.6000,False,3.6000,0,0.9977,0.9654,0.8540,0.1536,0.1536,,,,3.5000,0,0.0000
2021102405,481,40011,Travis Kelce,7,False,chip_release,inline,42365,LOLB,0.0999,1.6000,False,1.6000,0,0.9999,0.9931,0.9355,0.0001,0.0001,4.2000,4.2000,4.2000,3.8000,0,1.0000
2021102405,661,42589,Geoff Swaim,7,False,pass_block,inline,52585,REO,0.1017,3.3000,False,3.3000,0,0.9985,0.9800,0.7924,0.2212,0.2212,,,,,0,0.0000
2021102405,903,42460,Blake Bell,7,False,pass_block,inline,47802,DRT,0.1212,2.8000,False,2.8000,0,0.9997,0.9722,0.8110,0.1015,0.1015,,,,,0,0.0000
2021102405,1074,45355,Anthony Firkser,7,False,chip_release,detached,40051,REO,0.1042,2.2000,False,2.2000,0,0.9996,0.9507,0.7440,0.0038,0.0038,2.9000,2.9000,2.9000,2.9000,0,0.0000
2021102405,1404,42589,Geoff Swaim,7,False,pass_block,inline,42406,ROLB,0.1428,3.4000,False,2.8000,1,0.9994,0.9476,0.7061,0.1932,-0.8068,2.8000,2.8000,2.8000,2.8000,1,1.0000
2021102405,1479,42486,MyCole Pruitt,7,False,pass_block,inline,46521,SCBL,0.1141,1.7000,False,1.7000,0,0.9989,0.8804,0.5416,0.0011,0.0011,,,,,0,0.0000
2021102405,1801,42589,Geoff Swaim,7,False,pass_block,inline,52546,SCBL,0.1187,2.9000,False,2.9000,0,0.9916,0.8876,0.3644,0.4642,0.4642,,,,,0,0.0000
2021102405,2215,42460,Blake Bell,7,False,pass_block,inline,52582,LEO,0.0954,4.5000,False,4.5000,0,0.9974,0.9858,0.7775,0.7819,0.7819,,,,,0,0.0000
2021102405,2580,42486,MyCole Pruitt,7,False,pass_block,inline,40051,LEO,0.1042,2.8000,False,2.8000,0,0.9903,0.9229,0.6456,0.2024,0.2024,,,,,0,0.0000
2021102405,2625,42486,MyCole Pruitt,7,False,pass_block,inline,42406,LEO,0.1428,3.1000,False,3.1000,0,0.9924,0.9311,0.6986,0.1844,0.1844,,,,,0,0.0000
2021102405,2647,42486,MyCole Pruitt,7,False,chip_release,inline,42406,LOLB,0.1428,2.4000,False,2.4000,0,0.9982,0.9815,0.8880,0.0185,0.0185,,,,,0,1.0000
2021102405,2881,40011,Travis Kelce,7,False,chip_release,inline,46110,ROLB,0.1811,1.4000,False,1.4000,0,0.9997,0.9820,0.8773,0.0003,0.0003,5.5000,5.5000,5.5000,5.5000,0,1.0000
2021102405,3714,53591,Noah Gray,7,False,chip_release,detached,46457,ROLB,0.1255,1.7000,False,1.7000,0,0.9995,0.9690,0.7984,0.0005,0.0005,,,,,0,0.0000
2021102405,4123,53591,Noah Gray,7,False,chip_release,detached,45533,LOLB,0.1163,2.1000,False,2.1000,0,0.9998,0.9915,0.9294,0.0017,0.0017,,,,,0,0.0000
2021102406,896,39907,Darren Fells,7,False,pass_block,inline,43335,LE,0.0912,4.6000,False,4.6000,0,0.9997,0.9812,0.8907,0.1906,0.1906,,,,,0,1.0000
2021102406,1433,53959,Brock Wright,7,False,pass_block,detached,43298,ROLB,0.1576,2.6000,False,2.6000,0,0.9931,0.7368,0.4139,0.2728,0.2728,,,,,0,1.0000
2021102406,1848,43399,Tyler Higbee,7,False,chip_release,inline,44834,REO,0.1421,2.7000,False,2.7000,0,0.9997,0.9917,0.9731,0.0083,0.0083,,,2.8000,2.5000,0,1.0000
2021102406,2304,43399,Tyler Higbee,7,False,chip_release,inline,44834,REO,0.1421,2.0000,False,2.0000,0,0.9997,0.9706,0.8239,0.0037,0.0037,,,,,0,1.0000
2021102406,2383,43399,Tyler Higbee,7,False,pass_block,inline,42444,LEO,0.0968,4.0000,False,4.0000,0,0.9977,0.9877,0.8588,0.2747,0.2747,,,,,0,0.0000
2021102406,2412,43399,Tyler Higbee,7,False,chip_release,inline,52475,LEO,0.1428,2.6000,False,2.6000,0,0.9998,0.9832,0.8827,0.0168,0.0168,,,,,0,0.0000
2021102406,2537,39907,Darren Fells,7,False,pass_block,inline,52492,ROLB,0.1236,3.9000,False,2.8000,1,0.9952,0.9737,0.8276,0.0929,-0.9071,2.9000,2.9000,2.8000,2.7000,0,1.0000
2021102406,3350,43399,Tyler Higbee,7,False,chip_release,inline,44834,LEO,0.1421,0.9000,False,0.9000,0,0.9996,0.9837,0.9378,0.0002,0.0002,,,,,0,0.0000
2021102407,136,53946,Jack Stoll,7,False,pass_block,inline,47889,LEO,0.1977,3.4000,False,3.4000,0,0.9929,0.9577,0.8118,0.2008,0.2008,,,,,0,0.0000
2021102407,319,47920,Foster Moreau,7,False,pass_block,inline,44826,REO,0.1081,1.8000,False,1.8000,0,0.9990,0.9828,0.8566,0.0025,0.0025,,,,,0,0.0000
2021102407,462,47920,Foster Moreau,7,False,chip_release,inline,37089,REO,0.1288,2.0000,False,2.0000,0,0.9998,0.9695,0.8024,0.0032,0.0032,,,,,0,0.0000
2021102407,510,47920,Foster Moreau,7,False,chip_release,inline,37089,ROLB,0.1288,2.3000,False,2.3000,0,0.9996,0.9785,0.8731,0.0216,0.0216,,,,,0,1.0000
2021102407,801,47920,Foster Moreau,7,False,pass_block,inline,46199,LEO,0.1242,1.9000,False,1.9000,0,0.9949,0.9652,0.7481,0.0088,0.0088,,,,,0,0.0000
2021102407,979,47920,Foster Moreau,7,False,pass_block,inline,44826,REO,0.1081,2.5000,False,2.5000,0,0.9933,0.9658,0.8552,0.0345,0.0345,,,,,0,0.0000
2021102407,1177,46118,Dallas Goedert,7,False,chip_release,detached,43358,REO,0.1253,2.1000,False,2.1000,0,0.9999,0.9897,0.9446,0.0020,0.0020,,3.9000,3.6000,3.4000,0,1.0000
2021102407,1177,53946,Jack Stoll,7,False,chip_release,inline,47889,LEO,0.1977,1.7000,False,1.7000,0,0.9996,0.9626,0.6812,0.0004,0.0004,,,,,0,1.0000
2021102407,1448,47920,Foster Moreau,7,False,chip_release,inline,46199,LEO,0.1242,1.1000,False,1.1000,0,0.9994,0.9053,0.6561,0.0003,0.0003,,,,,0,0.0000
2021102407,2169,47840,J.J. Arcega-Whiteside,7,False,chip_release,detached,47889,LEO,0.1977,2.2000,False,2.2000,0,0.9994,0.9478,0.7531,0.0079,0.0079,,,,,0,0.0000
2021102407,2169,53946,Jack Stoll,7,False,chip_release,inline,43358,REO,0.1253,2.1000,False,2.1000,0,0.9996,0.9643,0.8379,0.0062,0.0062,,,,,0,0.0000
2021102407,2869,46118,Dallas Goedert,7,False,pass_block,inline,43354,LEO,0.1199,4.8000,False,4.8000,0,0.9996,0.9841,0.9287,0.2386,0.2386,,,,,0,0.0000
2021102407,3830,46118,Dallas Goedert,7,False,chip_release,detached,43354,LEO,0.1199,1.5000,False,1.5000,0,0.9997,0.9762,0.8629,0.0003,0.0003,,,,,0,1.0000
2021102407,3881,53946,Jack Stoll,7,False,chip_release,inline,47889,LEO,0.1977,1.1000,False,1.1000,0,0.9991,0.8273,0.5628,0.0004,0.0004,2.2000,2.2000,2.2000,2.2000,0,1.0000
2021102408,85,39983,Zach Ertz,7,False,chip_release,inline,52498,LEO,0.1368,2.1000,False,2.1000,0,0.9995,0.9809,0.8586,0.0050,0.0050,,,,,0,0.0000
2021102408,85,40615,Demetrius Harris,7,False,pass_block,inline,46255,REO,0.1031,2.7000,False,2.7000,0,0.9996,0.9877,0.8932,0.0124,0.0124,,,,,0,0.0000
2021102408,439,45339,Pharaoh Brown,7,False,pass_block,inline,37084,DLT,0.1358,2.3000,False,2.3000,0,0.9884,0.9782,0.9599,0.0219,0.0219,,,,,0,0.0000
2021102408,679,45339,Pharaoh Brown,7,False,pass_block,inline,41403,ROLB,0.1122,2.2000,False,2.2000,0,0.9977,0.9777,0.8157,0.0044,0.0044,,,,,0,0.0000
2021102408,922,39983,Zach Ertz,7,False,chip_release,detached,43372,LEO,0.1180,1.4000,False,1.4000,0,0.9998,0.9870,0.8957,0.0002,0.0002,,,,,0,0.0000
2021102408,1385,45339,Pharaoh Brown,7,False,pass_block,inline,52522,RE,0.0954,3.2000,False,3.2000,0,0.9995,0.9948,0.9482,0.0204,0.0204,,,,,0,1.0000
2021102408,1414,45321,Antony Auclair,7,False,pass_block,inline,42401,ROLB,0.1221,3.2000,False,2.9000,1,0.9917,0.7778,0.3872,0.5185,-0.4815,3.2000,3.0000,2.9000,2.8000,1,1.0000
2021102408,1616,39983,Zach Ertz,7,False,pass_block,wing,52498,REO,0.1368,4.0000,False,4.0000,0,0.9995,0.9803,0.9013,0.1476,0.1476,,,,,0,1.0000
2021102408,1616,40615,Demetrius Harris,7,False,pass_block,inline,52498,REO,0.1368,4.0000,False,4.0000,0,0.9992,0.9738,0.8840,0.1722,0.1722,,,,,0,1.0000
2021102408,2260,45339,Pharaoh Brown,7,False,pass_block,inline,42401,LOLB,0.1221,4.6000,False,4.6000,0,0.9981,0.9674,0.7058,0.6176,0.6176,,,,,0,1.0000
2021102408,2317,46167,Jordan Akins,7,False,chip_release,inline,53445,ROLB,0.1102,2.4000,False,2.4000,0,0.9997,0.9792,0.8537,0.0209,0.0209,,,,,0,0.0000
2021102408,2406,40615,Demetrius Harris,7,False,pass_block,inline,52498,LEO,0.1368,3.7000,False,3.7000,0,0.9993,0.9722,0.7862,0.2290,0.2290,,,,,0,0.0000
2021102408,2451,39983,Zach Ertz,7,False,chip_release,inline,52498,REO,0.1368,1.2000,False,1.2000,0,0.9997,0.9799,0.8533,0.0001,0.0001,,,,,0,0.0000
2021102408,2520,40615,Demetrius Harris,7,False,chip_release,inline,47944,LEO,0.1410,1.4000,False,1.4000,0,0.9997,0.9777,0.8155,0.0003,0.0003,,,,,0,0.0000
2021102408,3101,46167,Jordan Akins,7,False,pass_block,inline,37084,DLT,0.1358,1.8000,False,1.8000,0,0.9994,0.9828,0.9417,0.0046,0.0046,,,,,0,0.0000
2021102408,3698,45339,Pharaoh Brown,7,False,pass_block,inline,41403,LOLB,0.1122,3.3000,False,3.1000,1,0.9986,0.9776,0.7669,0.2510,-0.7490,3.1000,3.1000,3.1000,3.1000,0,0.0000
2021102408,3698,46167,Jordan Akins,7,False,pass_block,inline,41403,LOLB,0.1122,3.3000,False,3.1000,1,0.9942,0.7596,0.3844,0.8224,-0.1776,3.1000,3.1000,3.1000,3.1000,0,0.0000
2021102408,3766,46167,Jordan Akins,7,False,pass_block,inline,46657,ROLB,0.1123,2.2000,False,2.1000,1,0.9998,0.9867,0.9065,0.0133,-0.9867,,2.2000,2.1000,2.0000,1,1.0000
2021102409,75,42503,Jesse James,7,False,pass_block,inline,35454,LEO,0.0807,3.2000,False,3.2000,0,0.9992,0.9961,0.9617,0.0163,0.0163,,,,,0,1.0000
2021102409,75,52451,Cole Kmet,7,False,pass_block,wing,41338,LOLB,0.1135,3.2000,False,3.2000,0,0.9926,0.7942,0.4577,0.4497,0.4497,,,,,0,1.0000
2021102409,104,42503,Jesse James,7,False,chip_release,inline,41915,ROLB,0.1695,1.2000,False,1.2000,0,0.9998,0.9863,0.8947,0.0001,0.0001,,,,,0,0.0000
2021102409,104,52451,Cole Kmet,7,False,chip_release,detached,35454,LOLB,0.0807,2.4000,False,2.4000,0,0.9999,0.9942,0.9305,0.0058,0.0058,,,,,0,0.0000
2021102409,158,44831,O.J. Howard,7,False,chip_release,inline,52563,ROLB,0.1497,1.2000,False,1.2000,0,0.9963,0.9774,0.8712,0.0021,0.0021,,,,,0,0.0000
2021102409,498,52451,Cole Kmet,7,False,pass_block,inline,35454,LOLB,0.0807,1.7000,False,1.7000,0,0.9997,0.9911,0.9036,0.0003,0.0003,,,,,0,0.0000
2021102409,604,44831,O.J. Howard,7,False,chip_release,inline,53910,ROLB,0.1175,2.0000,False,2.0000,0,0.9972,0.9719,0.7439,0.0073,0.0073,,,,,0,0.0000
2021102409,769,52451,Cole Kmet,7,False,pass_block,inline,53461,REO,0.1186,3.0000,False,3.0000,0,0.9987,0.9610,0.7309,0.1481,0.1481,,,,2.9000,0,0.0000
2021102409,1266,52451,Cole Kmet,7,False,pass_block,inline,40074,LEO,0.1380,3.1000,False,3.1000,0,0.9953,0.9864,0.9619,0.0255,0.0255,,,,,0,0.0000
2021102409,1451,42503,Jesse James,7,False,chip_release,inline,53461,LEO,0.1186,1.6000,False,1.6000,0,0.9995,0.9562,0.7530,0.0005,0.0005,,,,,0,0.0000
2021102409,1451,52451,Cole Kmet,7,False,chip_release,detached,47890,ROLB,0.0976,2.3000,False,2.3000,0,0.9995,0.9736,0.8989,0.0265,0.0265,,,,,0,0.0000
2021102409,1625,42503,Jesse James,7,False,pass_block,inline,41338,SCBL,0.1135,5.4000,False,3.6000,1,0.9997,0.9789,0.9504,0.0672,-0.9328,,3.7000,3.6000,3.5000,1,1.0000
2021102409,1781,44831,O.J. Howard,7,False,chip_release,inline,53910,LOLB,0.1175,2.7000,False,2.7000,0,0.9986,0.9820,0.7910,0.0181,0.0181,,,,,0,0.0000
2021102409,2016,42033,Cameron Brate,7,False,chip_release,detached,52563,LOLB,0.1497,2.8000,False,2.8000,0,0.9996,0.9509,0.7633,0.1510,0.1510,3.5000,3.5000,3.5000,3.5000,0,0.0000
2021102409,2656,42503,Jesse James,7,False,chip_release,inline,35454,LOLB,0.0807,2.8000,False,2.8000,0,0.9989,0.9895,0.8793,0.0623,0.0623,,,,,0,0.0000
2021102409,2656,52451,Cole Kmet,7,False,pass_block,inline,45063,DLT,0.1272,3.7000,False,3.7000,0,0.9419,0.9067,0.7096,0.3260,0.3260,,,,3.6000,0,0.0000
2021102409,3507,42503,Jesse James,7,False,chip_release,inline,47890,REO,0.0976,2.6000,False,2.6000,0,0.9996,0.9811,0.8871,0.0189,0.0189,,,,,0,1.0000
2021102409,3507,52451,Cole Kmet,7,False,chip_release,detached,53461,LOLB,0.1186,3.1000,False,3.1000,0,0.9995,0.9735,0.9020,0.0594,0.0594,,,,,0,1.0000
2021102409,3701,44831,O.J. Howard,7,False,pass_block,inline,52563,LOLB,0.1497,3.4000,False,3.4000,0,0.9963,0.9387,0.6875,0.3501,0.3501,,,,,0,1.0000
2021102409,3701,46544,Deon Yelder,7,False,chip_release,inline,41231,ROLB,0.1510,3.4000,True,2.6000,1,0.9947,0.9422,0.7062,0.1808,-0.8192,3.1000,2.7000,2.6000,2.5000,1,1.0000
2021102409,3725,46544,Deon Yelder,7,False,chip_release,inline,52563,LOLB,0.1497,2.8000,False,2.8000,0,0.9997,0.9754,0.8338,0.0960,0.0960,,,,,0,0.0000
2021102409,3766,42503,Jesse James,7,False,chip_release,inline,45063,LE,0.1272,1.0000,False,1.0000,0,0.9948,0.9809,0.9499,0.0029,0.0029,5.9000,5.9000,5.9000,5.9000,0,1.0000
2021102409,3956,42503,Jesse James,7,False,chip_release,inline,53461,LOLB,0.1186,1.8000,False,1.8000,0,0.9997,0.9752,0.8302,0.0039,0.0039,,,,,0,0.0000
2021102410,62,52598,Charlie Woerner,7,False,chip_release,inline,53450,REO,0.0888,1.1000,False,1.1000,0,0.9992,0.9935,0.9808,0.0004,0.0004,,,,,0,0.0000
2021102410,141,52598,Charlie Woerner,7,False,chip_release,inline,43296,DRT,0.1233,1.4000,False,1.4000,0,0.9774,0.9692,0.9543,0.0228,0.0228,,,,,0,0.0000
2021102410,503,44792,Mo Alie-Cox,7,False,chip_release,detached,41249,LOLB,0.1194,1.6000,False,1.6000,0,0.9998,0.9783,0.8737,0.0002,0.0002,,,,,0,1.0000
2021102410,679,52598,Charlie Woerner,7,False,pass_block,inline,44957,NLT,0.0939,3.4000,False,3.4000,0,0.9920,0.9872,0.8818,0.1216,0.1216,,0.3000,,,0,0.0000
2021102410,754,46331,Ross Dwelley,7,False,pass_block,backfield,47872,MLB,0.1293,10.0000,False,10.0000,0,0.9994,0.9682,0.8239,0.6415,0.6415,,,,,0,0.0000
2021102410,810,40641,Jack Doyle,7,False,pass_block,wing,44938,REO,0.0877,3.5000,False,3.5000,0,0.9985,0.9872,0.8982,0.1051,0.1051,,,,,0,0.0000
2021102410,810,44792,Mo Alie-Cox,7,False,pass_block,inline,44938,REO,0.0877,3.5000,False,3.5000,0,0.9991,0.9936,0.9485,0.0523,0.0523,,,,,0,0.0000
2021102410,995,52598,Charlie Woerner,7,False,pass_block,inline,45038,REO,0.1103,3.3000,False,3.3000,0,0.9974,0.8839,0.6465,0.4061,0.4061,,,,,0,0.0000
2021102410,1635,46331,Ross Dwelley,7,False,pass_block,inline,45009,LEO,0.1072,2.1000,False,2.1000,0,0.9998,0.9780,0.8319,0.0019,0.0019,,,,,0,0.0000
2021102410,2368,46331,Ross Dwelley,7,False,pass_block,inline,45009,LEO,0.1072,2.3000,False,2.3000,0,0.9991,0.9496,0.7108,0.0507,0.0507,,,,,0,0.0000
2021102410,2461,52598,Charlie Woerner,7,False,pass_block,inline,45009,LEO,0.1072,3.1000,False,3.1000,0,0.9988,0.9876,0.8807,0.0678,0.0678,,,,,0,0.0000
2021102410,2719,52598,Charlie Woerner,7,False,pass_block,inline,53450,REO,0.0888,2.6000,False,2.6000,0,0.9988,0.9767,0.8368,0.0234,0.0234,,,,,0,0.0000
2021102410,2754,46331,Ross Dwelley,7,False,pass_block,inline,45009,LEO,0.1072,4.4000,False,3.6000,1,0.9997,0.9819,0.8270,0.3035,-0.6965,3.9000,3.8000,3.6000,3.5000,1,1.0000
2021102410,3041,52598,Charlie Woerner,7,False,pass_block,inline,45038,REO,0.1103,3.9000,False,3.9000,0,0.9987,0.9930,0.9746,0.0426,0.0426,,,,,0,0.0000
2021102410,3137,46331,Ross Dwelley,7,False,pass_block,inline,53450,REO,0.0888,3.0000,False,2.9000,1,0.9991,0.9276,0.6720,0.2232,-0.7768,,,2.9000,2.8000,1,1.0000
2021102410,3287,44792,Mo Alie-Cox,7,False,chip_release,detached,44938,REO,0.0877,2.3000,False,2.3000,0,0.9998,0.9859,0.8475,0.0141,0.0141,,,,,0,0.0000
2021102410,3434,40641,Jack Doyle,7,False,chip_release,detached,44938,REO,0.0877,1.9000,False,1.9000,0,0.9997,0.9834,0.8366,0.0025,0.0025,,,,,0,1.0000
2021102410,3600,44792,Mo Alie-Cox,7,False,chip_release,inline,42360,LEO,0.1313,1.8000,False,1.8000,0,0.9898,0.9458,0.7945,0.0155,0.0155,,,,,0,0.0000
2021102410,3692,40641,Jack Doyle,7,False,pass_block,wing,47785,LEO,0.1517,3.4000,False,3.4000,0,0.9921,0.8937,0.4989,0.6136,0.6136,,,,,0,0.0000
2021102410,3692,44792,Mo Alie-Cox,7,False,pass_block,inline,47785,LEO,0.1517,3.4000,False,3.4000,0,0.9961,0.9701,0.8095,0.2030,0.2030,,,,,0,0.0000
2021102410,3714,40641,Jack Doyle,7,False,pass_block,detached,47785,ROLB,0.1517,3.2000,False,3.2000,0,0.9998,0.9817,0.8636,0.0763,0.0763,,,,,0,0.0000
2021102410,3781,46331,Ross Dwelley,7,False,chip_release,inline,53450,REO,0.0888,1.4000,False,1.4000,0,0.9998,0.9819,0.8525,0.0002,0.0002,2.8000,2.8000,2.8000,2.8000,0,0.0000
2021102410,3882,52598,Charlie Woerner,7,False,chip_release,inline,45009,LEO,0.1072,2.2000,False,2.2000,0,0.9997,0.9839,0.8369,0.0029,0.0029,,,,,0,0.0000
2021102500,326,46189,Will Dissly,7,False,pass_block,inline,37097,REO,0.1201,3.1000,False,3.1000,0,0.9986,0.9795,0.8618,0.0659,0.0659,,,,,0,0.0000
2021102500,474,52513,Adam Trautman,7,False,pass_block,inline,46148,LEO,0.1004,4.0000,False,4.0000,1,0.9965,0.9829,0.8121,0.3474,-0.6526,,,4.0000,3.8000,1,1.0000
2021102500,786,52513,Adam Trautman,7,False,chip_release,inline,35493,LEO,0.1019,1.8000,False,1.8000,0,0.9997,0.9836,0.8490,0.0032,0.0032,,5.7000,5.5000,4.4000,0,1.0000
2021102500,833,44856,Gerald Everett,7,False,pass_block,wing,48537,REO,0.1312,4.7000,False,4.7000,0,0.9990,0.9823,0.9326,0.1232,0.1232,,,,,0,1.0000
2021102500,833,46189,Will Dissly,7,False,pass_block,inline,48537,REO,0.1312,4.7000,False,4.7000,0,0.9981,0.9758,0.8810,0.2754,0.2754,,,,,0,1.0000
2021102500,894,52541,Colby Parkinson,7,False,chip_release,wing,46083,LEO,0.1198,0.9000,False,0.9000,0,0.9888,0.9644,0.9382,0.0056,0.0056,,,,,0,0.0000
2021102500,1104,44075,Garrett Griffin,7,False,chip_release,wing,52556,LOLB,0.1464,2.6000,False,2.6000,0,0.9981,0.9720,0.8190,0.0281,0.0281,,,,,0,0.0000
2021102500,1104,52513,Adam Trautman,7,False,pass_block,inline,52556,LOLB,0.1464,3.3000,False,3.3000,0,0.9980,0.9753,0.8500,0.1576,0.1576,,,,,0,0.0000
2021102500,1240,52513,Adam Trautman,7,False,chip_release,inline,52556,REO,0.1464,1.9000,False,1.9000,0,0.9990,0.9648,0.7911,0.0034,0.0034,,,,,0,0.0000
2021102500,1347,52513,Adam Trautman,7,False,pass_block,inline,52556,REO,0.1464,3.2000,False,3.2000,0,0.9970,0.7952,0.4914,0.3866,0.3866,,,,,0,0.0000
2021102500,1597,46189,Will Dissly,7,False,pass_block,inline,48537,REO,0.1312,2.9000,False,2.9000,0,0.9989,0.9801,0.8878,0.0542,0.0542,,,,,0,0.0000
2021102500,1751,44856,Gerald Everett,7,False,chip_release,inline,37097,LOLB,0.1201,2.0000,False,2.0000,0,0.9998,0.9855,0.9122,0.0021,0.0021,,,,,0,1.0000
2021102500,1792,52942,Juwan Johnson,7,False,chip_release,inline,40825,REO,0.1305,1.3000,False,1.3000,0,0.9997,0.9660,0.8253,0.0003,0.0003,,,,,0,0.0000
2021102500,2293,46189,Will Dissly,7,False,pass_block,inline,46083,LEO,0.1198,5.3000,False,3.3000,1,0.9974,0.9826,0.8504,0.1566,-0.8434,3.6000,3.5000,3.3000,3.2000,1,1.0000
2021102500,2436,46189,Will Dissly,7,False,pass_block,inline,37097,LOLB,0.1201,5.1000,False,4.0000,1,0.9978,0.9778,0.8050,0.3564,-0.6436,4.0000,4.0000,4.0000,4.0000,1,1.0000
2021102500,2553,44075,Garrett Griffin,7,False,pass_block,wing,40825,LEO,0.1305,3.4000,False,3.4000,0,0.9982,0.9865,0.8944,0.1092,0.1092,,,,,0,0.0000
2021102500,2553,52513,Adam Trautman,7,False,pass_block,inline,40825,LEO,0.1305,3.4000,False,3.4000,0,0.9960,0.9790,0.8291,0.1804,0.1804,,,,,0,0.0000
2021102500,2625,52513,Adam Trautman,7,False,chip_release,inline,35493,LEO,0.1019,1.2000,False,1.2000,0,0.9999,0.9902,0.9101,0.0001,0.0001,,,,,0,0.0000
2021102500,2835,52513,Adam Trautman,7,False,chip_release,inline,46487,DRT,0.0980,3.8000,False,3.8000,0,0.9869,0.9550,0.6905,0.4909,0.4909,,,,,0,0.0000
2021102500,3238,46189,Will Dissly,7,False,chip_release,inline,44871,LEO,0.1262,1.0000,False,1.0000,0,0.9970,0.9848,0.9568,0.0015,0.0015,,,,,0,0.0000
2021102500,3305,46189,Will Dissly,7,False,pass_block,inline,46083,LEO,0.1198,3.6000,False,3.6000,0,0.9964,0.9835,0.8725,0.1327,0.1327,,,,,0,0.0000
2021102500,3424,44856,Gerald Everett,7,False,chip_release,inline,34465,LCB,0.0980,1.7000,False,1.7000,0,0.9997,0.9768,0.8761,0.0003,0.0003,,,,,0,1.0000
2021102500,3484,44075,Garrett Griffin,7,False,pass_block,inline,44818,ROLB,0.1313,3.6000,False,3.5000,1,0.9952,0.7315,0.4231,0.7522,-0.2478,3.5000,3.5000,3.5000,3.3000,0,0.0000
2021102500,3484,52513,Adam Trautman,7,False,pass_block,inline,52556,REO,0.1464,3.6000,False,3.6000,0,0.9935,0.9596,0.8585,0.1489,0.1489,,,,,0,0.0000
2021102500,3536,52513,Adam Trautman,7,False,pass_block,inline,41786,LEO,0.1046,5.2000,False,5.2000,0,0.9999,0.9954,0.9216,0.2343,0.2343,,,,,0,0.0000
2021102500,3998,44856,Gerald Everett,7,False,chip_release,inline,37097,LOLB,0.1201,1.6000,False,1.6000,0,0.9999,0.9805,0.8699,0.0001,0.0001,3.2000,3.2000,3.2000,3.2000,0,1.0000
2021102800,368,30842,Marcedes Lewis,8,False,chip_release,inline,52522,DRT,0.0954,2.5000,False,2.5000,0,0.9981,0.9920,0.9391,0.0080,0.0080,,,,,0,1.0000
2021102800,471,39983,Zach Ertz,8,False,chip_release,detached,38556,ROLB,0.0871,1.6000,False,1.6000,0,0.9996,0.9840,0.8834,0.0004,0.0004,4.2000,4.2000,4.1000,4.0000,0,1.0000
2021102800,874,30842,Marcedes Lewis,8,False,pass_block,wing,47848,LEO,0.0843,2.3000,False,2.3000,0,0.9948,0.9780,0.9340,0.0222,0.0222,,,,,0,0.0000
2021102800,1155,39983,Zach Ertz,8,False,chip_release,detached,42381,ROLB,0.1043,1.4000,False,1.4000,0,0.9996,0.9832,0.9090,0.0004,0.0004,4.6000,4.6000,4.6000,4.6000,0,1.0000
2021102800,1454,53172,Dominique Dafney,8,False,pass_block,wing,42395,DRT,0.1209,2.8000,False,0.1000,1,0.9145,0.9017,0.8196,0.0744,-0.9256,,,0.1000,2.3000,0,1.0000
2021102800,1489,30842,Marcedes Lewis,8,False,chip_release,inline,42401,ROLB,0.1221,3.3000,False,3.3000,0,0.9971,0.9877,0.9705,0.0298,0.0298,,,,,0,1.0000
2021102800,1511,30842,Marcedes Lewis,8,False,chip_release,inline,52416,LOLB,0.1320,1.6000,False,1.6000,0,0.9996,0.9586,0.7437,0.0004,0.0004,,,,,0,0.0000
2021102800,1651,40615,Demetrius Harris,8,False,pass_block,inline,38556,ROLB,0.0871,5.2000,False,5.2000,0,0.9990,0.9091,0.6750,0.6226,0.6226,,,,,0,1.0000
2021102800,2897,52502,Josiah Deguara,8,False,pass_block,detached,42401,LOLB,0.1221,2.4000,False,2.4000,0,0.9997,0.9689,0.8459,0.0312,0.0312,,,,,0,1.0000
2021102800,3007,40615,Demetrius Harris,8,False,pass_block,wing,47795,LOLB,0.1613,2.7000,False,2.7000,0,0.9994,0.9771,0.9049,0.0230,0.0230,,,,,0,0.0000
2021102800,3052,39983,Zach Ertz,8,False,chip_release,inline,38556,ROLB,0.0871,1.5000,False,1.5000,0,0.9991,0.9659,0.8800,0.0009,0.0009,,,,,0,1.0000
2021102800,3279,53172,Dominique Dafney,8,False,chip_release,wing,47848,LOLB,0.0843,1.1000,False,1.1000,0,0.9956,0.9743,0.9497,0.0024,0.0024,5.2000,4.8000,4.6000,4.4000,0,1.0000
2021102800,3797,39983,Zach Ertz,8,False,chip_release,detached,42381,ROLB,0.1043,1.8000,False,1.8000,0,0.9997,0.9734,0.7996,0.0042,0.0042,3.5000,3.5000,3.5000,3.5000,0,0.0000
2021103100,113,37234,Lee Smith,8,False,pass_block,inline,44825,ROLB,0.1197,3.3000,False,2.4000,1,0.9973,0.9806,0.8148,0.0195,-0.9805,2.4000,2.4000,2.4000,2.4000,1,1.0000
2021103100,843,37234,Lee Smith,8,False,pass_block,inline,47799,ROLB,0.1248,2.5000,False,2.5000,0,0.9919,0.8477,0.5834,0.1556,0.1556,,,,,0,0.0000
2021103100,843,46094,Hayden Hurst,8,False,pass_block,backfield,47799,ROLB,0.1248,2.5000,False,2.5000,0,0.9932,0.8801,0.6005,0.1228,0.1228,,,,,0,0.0000
2021103100,1151,46170,Ian Thomas,8,False,pass_block,inline,43361,REO,0.0893,2.3000,False,2.3000,0,0.9974,0.9808,0.8179,0.0193,0.0193,,,,,0,0.0000
2021103100,1252,53512,Tommy Tremble,8,False,chip_release,detached,40095,ROLB,0.0921,1.9000,False,1.9000,0,0.9998,0.9886,0.9370,0.0019,0.0019,3.4000,3.4000,3.4000,3.3000,0,0.0000
2021103100,1307,37234,Lee Smith,8,False,pass_block,inline,42368,LLB,0.1267,2.3000,False,2.3000,0,0.9996,0.9921,0.9607,0.0079,0.0079,,,,,0,0.0000
2021103100,1307,46094,Hayden Hurst,8,False,pass_block,wing,46205,LOLB,0.1205,2.3000,False,2.3000,0,0.9954,0.9589,0.7965,0.0414,0.0414,,,,,0,0.0000
2021103100,1352,37234,Lee Smith,8,False,pass_block,inline,44825,ROLB,0.1197,3.4000,False,2.9000,1,0.9965,0.9439,0.6674,0.2011,-0.7989,2.9000,2.9000,2.9000,2.9000,0,0.0000
2021103100,1352,46094,Hayden Hurst,8,False,pass_block,backfield,44825,ROLB,0.1197,3.4000,False,2.9000,1,0.9950,0.8239,0.3769,0.4761,-0.5239,2.9000,2.9000,2.9000,2.9000,0,0.0000
2021103100,1602,46170,Ian Thomas,8,False,pass_block,inline,42480,REO,0.1025,3.2000,False,3.2000,0,0.9990,0.9913,0.8919,0.0397,0.0397,,,,,0,0.0000
2021103100,1602,53512,Tommy Tremble,8,False,pass_block,wing,42480,REO,0.1025,3.2000,False,3.2000,0,0.9994,0.9932,0.9264,0.0274,0.0274,,,,,0,0.0000
2021103100,1624,46170,Ian Thomas,8,False,chip_release,inline,42480,REO,0.1025,1.4000,False,1.4000,0,0.9997,0.9800,0.8654,0.0003,0.0003,,,,3.4000,0,1.0000
2021103100,1879,46170,Ian Thomas,8,False,chip_release,detached,40095,ROLB,0.0921,2.0000,False,2.0000,0,0.9998,0.9855,0.8795,0.0027,0.0027,,,,,0,0.0000
2021103100,1908,46170,Ian Thomas,8,False,chip_release,detached,40095,ROLB,0.0921,2.3000,False,2.3000,0,0.9999,0.9972,0.9679,0.0028,0.0028,,,,,0,0.0000
2021103100,2051,37234,Lee Smith,8,False,pass_block,inline,47799,LOLB,0.1248,2.6000,False,2.6000,0,0.9982,0.9715,0.7331,0.0286,0.0286,,,,,0,0.0000
2021103100,2242,46170,Ian Thomas,8,False,pass_block,inline,43361,REO,0.0893,4.8000,False,4.8000,0,0.9983,0.9893,0.9600,0.1416,0.1416,,,,,0,0.0000
2021103100,2263,45594,Colin Thompson,8,False,pass_block,inline,43361,LEO,0.0893,3.5000,False,3.5000,0,0.9964,0.9851,0.8446,0.1627,0.1627,,,,,0,0.0000
2021103100,3261,46094,Hayden Hurst,8,False,chip_release,detached,44825,LOLB,0.1197,1.3000,False,1.3000,0,0.9998,0.9832,0.8848,0.0002,0.0002,2.8000,2.8000,2.8000,2.8000,0,1.0000
2021103101,184,44857,Adam Shaheen,8,False,chip_release,inline,53459,LEO,0.1332,3.8000,False,3.8000,0,0.9995,0.9617,0.7561,0.3935,0.3935,,,,,0,1.0000
2021103101,210,46192,Durham Smythe,8,False,chip_release,detached,53459,LEO,0.1332,2.2000,True,2.2000,0,0.9998,0.9820,0.8965,0.0023,0.0023,,,,,0,0.0000
2021103101,338,44857,Adam Shaheen,8,False,pass_block,inline,37841,REO,0.1088,2.6000,False,2.6000,0,0.9997,0.9819,0.8592,0.0182,0.0182,,,,,0,0.0000
2021103101,383,46192,Durham Smythe,8,False,pass_block,inline,35470,REO,0.1464,2.3000,False,2.3000,0,0.9984,0.9235,0.6828,0.0773,0.0773,,,,,0,1.0000
2021103101,799,46192,Durham Smythe,8,False,chip_release,inline,37841,ROLB,0.1088,1.9000,True,1.9000,0,0.9996,0.9750,0.7630,0.0084,0.0084,,,,,0,0.0000
2021103101,1321,48011,Tommy Sweeney,8,False,pass_block,backfield,52478,LLB,0.1390,3.4000,False,2.4000,1,0.9991,0.7595,0.3903,0.2520,-0.7480,2.4000,2.4000,2.4000,2.4000,1,1.0000
2021103101,1368,44857,Adam Shaheen,8,False,chip_release,inline,53459,LEO,0.1332,1.7000,False,1.7000,0,0.9998,0.9828,0.8287,0.0002,0.0002,,,,,0,0.0000
2021103101,1485,44857,Adam Shaheen,8,False,pass_block,inline,35470,LEO,0.1464,2.3000,False,2.3000,0,0.9995,0.9767,0.7853,0.0234,0.0234,,,,,0,0.0000
2021103101,1582,46111,Mike Gesicki,8,False,chip_release,detached,43319,LE,0.1021,2.2000,False,2.2000,0,0.9999,0.9919,0.9337,0.0011,0.0011,,,,,0,0.0000
2021103101,1582,46192,Durham Smythe,8,False,chip_release,detached,47792,RE,0.1187,2.2000,False,2.2000,0,0.9996,0.9452,0.7743,0.0043,0.0043,,,,,0,0.0000
2021103101,2120,46192,Durham Smythe,8,False,pass_block,inline,53459,LEO,0.1332,2.4000,False,2.4000,0,0.9991,0.9691,0.9172,0.0311,0.0311,,,,,0,1.0000
2021103101,2352,46111,Mike Gesicki,8,False,pass_block,detached,40166,ROLB,0.1219,2.7000,False,2.7000,1,0.9997,0.9826,0.8947,0.0609,-0.9391,2.7000,2.7000,2.7000,2.6000,1,1.0000
2021103101,2352,46192,Durham Smythe,8,False,pass_block,detached,46085,ROLB,0.1233,2.7000,False,2.7000,0,0.9997,0.9831,0.9002,0.0169,0.0169,,,,,0,1.0000
2021103101,2527,48011,Tommy Sweeney,8,False,chip_release,detached,43321,REO,0.1253,2.0000,False,2.0000,0,0.9998,0.9769,0.8518,0.0035,0.0035,,,,,0,0.0000
2021103101,2813,48011,Tommy Sweeney,8,False,chip_release,inline,53447,LOLB,0.1137,1.5000,False,1.5000,0,0.9998,0.9881,0.9080,0.0002,0.0002,2.9000,2.8000,2.6000,2.4000,0,1.0000
2021103101,2908,44857,Adam Shaheen,8,False,pass_block,inline,53459,LEO,0.1332,3.2000,False,3.2000,0,0.9864,0.9687,0.9420,0.0444,0.0444,,,,,0,0.0000
2021103101,3290,48011,Tommy Sweeney,8,False,chip_release,inline,47796,RE,0.0942,1.1000,False,1.1000,0,0.9997,0.9918,0.9260,0.0002,0.0002,,,,,0,1.0000
2021103101,3350,44857,Adam Shaheen,8,False,chip_release,inline,37841,REO,0.1088,2.9000,False,2.9000,0,0.9997,0.9779,0.8694,0.0634,0.0634,,,,,0,1.0000
2021103101,3401,44857,Adam Shaheen,8,False,pass_block,inline,37841,REO,0.1088,2.4000,False,2.4000,0,0.9995,0.9800,0.8759,0.0201,0.0201,,,,,0,1.0000
2021103101,3496,46192,Durham Smythe,8,False,pass_block,detached,37841,ROLB,0.1088,2.7000,False,2.7000,0,0.9997,0.9785,0.8695,0.0215,0.0215,,,,,0,0.0000
2021103101,3808,48011,Tommy Sweeney,8,False,pass_block,inline,44887,ROLB,0.1175,3.3000,False,2.8000,1,0.9998,0.9712,0.8080,0.1163,-0.8837,2.8000,2.8000,2.8000,2.8000,0,0.0000
2021103101,3830,48011,Tommy Sweeney,8,False,pass_block,inline,44887,LOLB,0.1175,2.8000,False,2.8000,0,0.9997,0.9658,0.8267,0.1039,0.1039,,,,,0,0.0000
2021103102,295,52598,Charlie Woerner,8,False,chip_release,inline,53910,LOLB,0.1175,1.4000,False,1.4000,0,0.9997,0.9709,0.8018,0.0003,0.0003,,,,,0,1.0000
2021103102,377,42503,Jesse James,8,False,chip_release,inline,44938,REO,0.0877,1.1000,False,1.1000,0,0.9991,0.9931,0.9788,0.0005,0.0005,,,,,0,0.0000
2021103102,398,52451,Cole Kmet,8,False,pass_block,backfield,42030,SCBL,0.1231,2.8000,False,2.8000,0,0.9996,0.8822,0.5257,0.3671,0.3671,,,,,0,0.0000
2021103102,804,42503,Jesse James,8,False,chip_release,detached,44885,LOLB,0.1175,1.5000,False,1.5000,0,0.9999,0.9919,0.9368,0.0001,0.0001,,,,2.5000,0,1.0000
2021103102,894,42503,Jesse James,8,False,pass_block,inline,47785,LEO,0.1517,3.5000,False,3.2000,1,0.9873,0.7647,0.3367,0.9146,-0.0854,,3.3000,3.2000,3.0000,1,1.0000
2021103102,894,52451,Cole Kmet,8,False,chip_release,inline,47785,LEO,0.1517,2.4000,False,2.4000,0,0.9964,0.9716,0.8164,0.0285,0.0285,,3.3000,3.2000,3.0000,0,1.0000
2021103102,1083,52451,Cole Kmet,8,False,chip_release,wing,47785,REO,0.1517,1.1000,False,1.1000,0,0.9987,0.9878,0.9656,0.0007,0.0007,,,,2.5000,0,0.0000
2021103102,1383,42503,Jesse James,8,False,pass_block,inline,46156,LEO,0.0985,3.3000,False,3.3000,0,0.9959,0.9854,0.7980,0.2145,0.2145,,,,,0,0.0000
2021103102,1383,44009,J.P. Holtz,8,False,pass_block,wing,46156,LEO,0.0985,3.3000,False,3.3000,0,0.9989,0.9947,0.9107,0.0916,0.0916,,,,,0,0.0000
2021103102,1405,52451,Cole Kmet,8,False,pass_block,inline,47785,LEO,0.1517,2.5000,False,2.5000,0,0.9995,0.9063,0.6540,0.0941,0.0941,,,,2.5000,0,0.0000
2021103102,1646,42503,Jesse James,8,False,chip_release,detached,47785,LOLB,0.1517,2.3000,False,2.3000,0,0.9997,0.9814,0.8678,0.0186,0.0186,3.7000,3.5000,3.4000,3.2000,0,1.0000
2021103102,1716,52451,Cole Kmet,8,False,chip_release,detached,44938,REO,0.0877,1.4000,False,1.4000,0,0.9993,0.9724,0.8545,0.0007,0.0007,,,,,0,0.0000
2021103102,2077,42503,Jesse James,8,False,chip_release,inline,47785,LEO,0.1517,1.4000,False,1.4000,0,0.9902,0.9593,0.8990,0.0098,0.0098,,,,,0,1.0000
2021103102,2077,52451,Cole Kmet,8,False,chip_release,inline,48117,ROLB,0.1175,3.7000,True,3.7000,0,0.9985,0.9922,0.9802,0.0200,0.0200,,,,,0,1.0000
2021103102,2143,42503,Jesse James,8,False,pass_block,inline,47785,LEO,0.1517,2.3000,False,2.3000,0,0.9991,0.9615,0.7500,0.0387,0.0387,,,,,0,0.0000
2021103102,2954,52598,Charlie Woerner,8,False,pass_block,inline,37087,ROLB,0.1435,4.4000,False,4.4000,0,0.9989,0.9386,0.6093,0.7834,0.7834,,,,,0,0.0000
2021103102,3146,42503,Jesse James,8,False,pass_block,inline,47785,LEO,0.1517,4.0000,False,4.0000,0,0.9921,0.8642,0.5863,0.6831,0.6831,,,,,0,1.0000
2021103102,3146,52451,Cole Kmet,8,False,pass_block,inline,47785,LEO,0.1517,4.0000,False,4.0000,0,0.9917,0.9570,0.8104,0.3034,0.3034,,,,,0,1.0000
2021103102,3256,42503,Jesse James,8,False,chip_release,detached,47785,LEO,0.1517,1.7000,False,1.7000,0,0.9997,0.9766,0.8380,0.0003,0.0003,,,,,0,0.0000
2021103102,3347,42503,Jesse James,8,False,chip_release,inline,48123,DLT,0.1049,1.0000,False,0.8000,1,0.9740,0.9666,0.9453,0.0240,-0.9760,,,0.8000,,0,1.0000
2021103102,3651,42503,Jesse James,8,False,chip_release,inline,46156,REO,0.0985,1.7000,False,1.7000,0,0.9989,0.9792,0.8229,0.0011,0.0011,,,,,0,0.0000
2021103102,3651,52451,Cole Kmet,8,False,chip_release,inline,47785,LEO,0.1517,2.0000,False,2.0000,0,0.9950,0.9391,0.7109,0.0106,0.0106,,,,,0,0.0000
2021103102,3962,52451,Cole Kmet,8,False,chip_release,detached,47785,LEO,0.1517,1.6000,False,1.6000,0,0.9987,0.9208,0.7807,0.0013,0.0013,,,,,0,1.0000
2021103103,105,43370,Austin Hooper,8,False,pass_block,inline,44842,LOLB,0.1281,3.2000,False,3.2000,0,0.9976,0.9730,0.7521,0.1237,0.1237,,,,,0,0.0000
2021103103,148,43370,Austin Hooper,8,False,pass_block,inline,52510,ROLB,0.1063,3.5000,False,3.5000,0,0.9997,0.9792,0.8757,0.1295,0.1295,,,,,0,0.0000
2021103103,262,44841,David Njoku,8,False,pass_block,inline,44842,LOLB,0.1281,2.5000,False,2.5000,0,0.9981,0.9868,0.8709,0.0133,0.0133,,,,,0,0.0000
2021103103,712,44841,David Njoku,8,False,pass_block,inline,52510,REO,0.1063,2.7000,False,2.7000,0,0.9996,0.9528,0.7022,0.0475,0.0475,,,,,0,0.0000
2021103103,736,44841,David Njoku,8,False,chip_release,inline,52662,LOLB,0.1028,1.2000,False,1.2000,0,0.9982,0.9785,0.8639,0.0011,0.0011,,,,,0,0.0000
2021103103,765,44841,David Njoku,8,False,pass_block,inline,53585,RE,0.1032,7.5000,False,7.5000,0,0.9960,0.9595,0.7938,0.5937,0.5937,,,,,0,1.0000
2021103103,944,47924,Zach Gentry,8,False,pass_block,inline,41227,LEO,0.1461,3.7000,False,3.7000,0,0.9945,0.9824,0.9572,0.0435,0.0435,,,,1.1000,0,0.0000
2021103103,1233,43370,Austin Hooper,8,False,chip_release,inline,44840,LOLB,0.1175,1.4000,False,1.4000,0,0.9998,0.9902,0.9147,0.0002,0.0002,,,,,0,0.0000
2021103103,2353,43370,Austin Hooper,8,False,pass_block,inline,37104,LEO,0.1272,3.0000,False,3.0000,0,0.9976,0.9827,0.8738,0.0638,0.0638,,,,,0,0.0000
2021103103,2353,44841,David Njoku,8,False,pass_block,inline,37104,LEO,0.1272,3.0000,False,3.0000,0,0.9963,0.9706,0.8260,0.0929,0.0929,,,,,0,0.0000
2021103103,2955,44841,David Njoku,8,False,chip_release,inline,44842,LEO,0.1281,1.9000,False,1.9000,0,0.9998,0.9659,0.8586,0.0026,0.0026,,,,,0,0.0000
2021103103,3361,53484,Pat Freiermuth,8,False,pass_block,wing,38667,RE,0.1202,2.1000,False,2.1000,0,0.9997,0.9863,0.8712,0.0027,0.0027,,,,,0,0.0000
2021103103,3400,47924,Zach Gentry,8,False,pass_block,inline,47948,LEO,0.0958,2.7000,False,2.7000,0,0.9997,0.9781,0.8018,0.0220,0.0220,,,,,0,0.0000
2021103103,3476,43370,Austin Hooper,8,False,pass_block,inline,44842,LOLB,0.1281,3.3000,False,3.3000,0,0.9983,0.9819,0.8680,0.1377,0.1377,,,,,0,1.0000
2021103103,3476,52523,Harrison Bryant,8,False,chip_release,wing,52510,ROLB,0.1063,1.9000,False,1.9000,0,0.9979,0.9897,0.9406,0.0042,0.0042,,,,,0,1.0000
2021103103,3636,43370,Austin Hooper,8,False,pass_block,inline,44842,LOLB,0.1281,2.2000,False,2.2000,0,0.9989,0.9921,0.9325,0.0023,0.0023,,,,,0,0.0000
2021103103,3636,44841,David Njoku,8,False,pass_block,inline,44842,LOLB,0.1281,2.2000,False,2.2000,0,0.9938,0.9678,0.8366,0.0117,0.0117,,,,,0,0.0000
2021103103,3876,43370,Austin Hooper,8,False,chip_release,inline,52510,ROLB,0.1063,1.8000,False,1.8000,0,0.9980,0.9895,0.9037,0.0040,0.0040,,,,,0,0.0000
2021103103,3876,52523,Harrison Bryant,8,False,chip_release,inline,44886,LE,0.0812,1.7000,False,1.7000,0,0.9989,0.9951,0.9666,0.0011,0.0011,,,,,0,0.0000
2021103103,3915,44841,David Njoku,8,False,pass_block,inline,52510,REO,0.1063,3.2000,False,3.2000,0,0.9995,0.9794,0.8159,0.1117,0.1117,,,,,0,1.0000
2021103103,3948,44841,David Njoku,8,False,chip_release,inline,52510,ROLB,0.1063,1.8000,False,1.8000,0,0.9972,0.9883,0.9572,0.0049,0.0049,,,,,0,1.0000
2021103103,3948,52523,Harrison Bryant,8,False,pass_block,backfield,44842,LOLB,0.1281,5.2000,False,5.2000,0,0.9978,0.9669,0.9340,0.1486,0.1486,,,,,0,1.0000
2021103103,4014,43370,Austin Hooper,8,False,chip_release,inline,44842,LEO,0.1281,2.4000,False,2.4000,0,0.9998,0.9852,0.8956,0.0148,0.0148,,3.0000,2.9000,2.8000,0,1.0000
2021103103,4249,47924,Zach Gentry,8,False,pass_block,inline,47948,LEO,0.0958,3.6000,False,3.6000,0,0.9999,0.9879,0.9406,0.0606,0.0606,,,,,0,0.0000
2021103104,787,47791,T.J. Hockenson,8,False,chip_release,detached,46199,LEO,0.1242,3.4000,False,2.7000,1,0.9998,0.9826,0.8982,0.0595,-0.9405,3.3000,2.8000,2.7000,2.5000,0,1.0000
2021103104,1073,47791,T.J. Hockenson,8,False,chip_release,inline,46199,LEO,0.1242,2.1000,False,2.1000,0,0.9997,0.9794,0.8182,0.0032,0.0032,,,,,0,0.0000
2021103104,1167,53959,Brock Wright,8,False,pass_block,inline,37089,ROLB,0.1288,3.0000,False,3.0000,0,0.9973,0.9507,0.6981,0.1812,0.1812,,,,,0,0.0000
2021103104,2033,46118,Dallas Goedert,8,False,pass_block,inline,40171,LE,0.0838,8.0000,False,8.0000,0,0.9998,0.9961,0.9590,0.2527,0.2527,,,,,0,1.0000
2021103104,2108,41327,Richard Rodgers,8,False,chip_release,wing,38544,REO,0.0730,2.7000,False,2.7000,0,0.9994,0.9937,0.9618,0.0063,0.0063,,,,,0,0.0000
2021103104,2325,47791,T.J. Hockenson,8,False,pass_block,inline,46199,LEO,0.1242,3.0000,False,3.0000,0,0.9965,0.9579,0.7184,0.1667,0.1667,,,,,0,0.0000
2021103104,2755,53959,Brock Wright,8,False,chip_release,inline,53620,REO,0.1133,1.2000,False,1.2000,0,0.9992,0.9573,0.8044,0.0004,0.0004,,,,,0,1.0000
2021103104,3275,53959,Brock Wright,8,False,chip_release,inline,53620,REO,0.1133,1.3000,False,1.3000,0,0.9997,0.9829,0.8845,0.0003,0.0003,,,,,0,1.0000
2021103105,292,43399,Tyler Higbee,8,False,chip_release,inline,46255,LEO,0.1031,0.8000,False,0.8000,0,0.9965,0.9884,0.9615,0.0017,0.0017,,,,,0,0.0000
2021103105,391,53576,Brevin Jordan,8,False,pass_block,inline,52492,ROLB,0.1236,3.8000,False,3.8000,0,0.9977,0.9835,0.8734,0.2219,0.2219,,,,,0,1.0000
2021103105,1032,43399,Tyler Higbee,8,False,pass_block,inline,52498,LEO,0.1368,4.2000,False,4.2000,0,0.9949,0.9722,0.8614,0.2348,0.2348,,,,,0,0.0000
2021103105,1455,45321,Antony Auclair,8,False,pass_block,backfield,52492,ROLB,0.1236,3.4000,False,3.4000,0,0.9914,0.7966,0.4263,0.7472,0.7472,,,,,0,0.0000
2021103105,1455,46167,Jordan Akins,8,False,pass_block,inline,43335,RE,0.0912,3.4000,False,3.4000,0,0.9997,0.9967,0.9695,0.0307,0.0307,,,,3.3000,0,0.0000
2021103105,1842,46167,Jordan Akins,8,False,chip_release,inline,52492,ROLB,0.1236,2.2000,False,2.2000,0,0.9998,0.9853,0.9200,0.0038,0.0038,,,,,0,1.0000
2021103105,2077,46167,Jordan Akins,8,False,pass_block,inline,43298,LOLB,0.1576,2.0000,False,2.0000,0,0.9993,0.9758,0.9365,0.0071,0.0071,,,,,0,0.0000
2021103105,2120,46167,Jordan Akins,8,False,chip_release,inline,52492,ROLB,0.1236,2.1000,False,2.1000,0,0.9993,0.9434,0.7473,0.0104,0.0104,3.7000,3.5000,3.4000,3.3000,0,1.0000
2021103105,2206,43399,Tyler Higbee,8,False,chip_release,inline,46255,REO,0.1031,1.5000,False,1.5000,0,0.9996,0.9603,0.6856,0.0004,0.0004,,,,,0,0.0000
2021103105,2333,46167,Jordan Akins,8,False,chip_release,detached,46229,REO,0.1176,1.8000,False,1.8000,0,0.9996,0.9336,0.6917,0.0058,0.0058,3.6000,3.6000,3.6000,3.6000,0,1.0000
2021103105,2438,48766,Kendall Blanton,8,False,pass_block,inline,46255,LEO,0.1031,3.8000,False,3.8000,0,0.9970,0.9873,0.8672,0.2426,0.2426,,,,,0,0.0000
2021103105,2931,45321,Antony Auclair,8,False,pass_block,inline,43298,LOLB,0.1576,2.2000,False,2.2000,0,0.9977,0.9873,0.9705,0.0057,0.0057,,,,1.1000,0,0.0000
2021103105,3593,45321,Antony Auclair,8,False,pass_block,inline,52971,LOLB,0.1095,4.1000,False,4.1000,0,0.9985,0.9818,0.8086,0.2858,0.2858,,,,,0,1.0000
2021103105,4042,46167,Jordan Akins,8,False,chip_release,detached,52492,LOLB,0.1236,1.1000,False,1.1000,0,0.9997,0.9574,0.8043,0.0001,0.0001,,,,,0,0.0000
2021103106,357,40641,Jack Doyle,8,False,pass_block,inline,53900,DRT,0.1016,3.4000,False,3.4000,0,0.9998,0.9877,0.8907,0.1129,0.1129,,,,,0,1.0000
2021103106,434,42589,Geoff Swaim,8,False,chip_release,backfield,43296,DRT,0.1233,0.9000,False,0.9000,0,0.9776,0.9418,0.7254,0.0199,0.0199,,,,,0,0.0000
2021103106,697,44792,Mo Alie-Cox,8,False,pass_block,inline,42365,ROLB,0.0999,3.5000,False,3.4000,1,0.9964,0.9804,0.8180,0.1925,-0.8075,3.4000,3.4000,3.4000,3.4000,0,0.0000
2021103106,719,40641,Jack Doyle,8,False,chip_release,detached,47802,LE,0.1212,2.0000,False,2.0000,0,0.9999,0.9871,0.9397,0.0016,0.0016,,,,,0,0.0000
2021103106,808,42589,Geoff Swaim,8,False,chip_release,detached,53450,REO,0.0888,2.9000,True,2.9000,0,0.9997,0.9820,0.8228,0.0966,0.0966,,,,,0,0.0000
2021103106,950,42486,MyCole Pruitt,8,False,chip_release,inline,46121,REO,0.1039,2.1000,False,2.1000,0,0.9993,0.9774,0.8263,0.0058,0.0058,,3.1000,2.9000,2.8000,0,1.0000
2021103106,950,42589,Geoff Swaim,8,False,chip_release,inline,45009,LEO,0.1072,2.1000,False,2.1000,0,0.9997,0.9886,0.8346,0.0028,0.0028,,,,,0,1.0000
2021103106,1333,42589,Geoff Swaim,8,False,chip_release,inline,53483,LEO,0.1175,3.0000,False,3.0000,0,0.9952,0.9831,0.9633,0.0268,0.0268,,,,,0,0.0000
2021103106,1460,42589,Geoff Swaim,8,False,chip_release,detached,53450,REO,0.0888,2.0000,False,2.0000,0,0.9997,0.9864,0.8575,0.0019,0.0019,3.3000,3.2000,3.0000,2.9000,0,1.0000
2021103106,1524,42486,MyCole Pruitt,8,False,pass_block,inline,46105,ROLB,0.1492,3.3000,False,3.3000,0,0.9981,0.9869,0.9211,0.0809,0.0809,,,,,0,0.0000
2021103106,1524,42589,Geoff Swaim,8,False,pass_block,inline,53450,REO,0.0888,3.3000,False,3.3000,0,0.9990,0.9928,0.9521,0.0486,0.0486,,,,,0,0.0000
2021103106,2665,42486,MyCole Pruitt,8,False,chip_release,inline,45009,LEO,0.1072,2.7000,False,2.7000,0,0.9998,0.9810,0.8436,0.0191,0.0191,,,,,0,0.0000
2021103106,2665,45355,Anthony Firkser,8,False,chip_release,inline,53450,REO,0.0888,2.0000,False,2.0000,0,0.9996,0.9628,0.7882,0.0045,0.0045,,,,,0,0.0000
2021103106,3069,42486,MyCole Pruitt,8,False,pass_block,wing,53483,LEO,0.1175,3.8000,False,3.8000,0,0.9972,0.9834,0.8897,0.1786,0.1786,,,,,0,0.0000
2021103106,3069,42589,Geoff Swaim,8,False,pass_block,inline,53483,LEO,0.1175,3.8000,False,3.8000,0,0.9963,0.9868,0.8962,0.1880,0.1880,,,,,0,0.0000
2021103106,3163,45355,Anthony Firkser,8,False,chip_release,detached,46121,REO,0.1039,2.7000,True,2.7000,0,0.9995,0.9665,0.7758,0.0337,0.0337,,,,,0,0.0000
2021103106,3261,40641,Jack Doyle,8,False,chip_release,inline,48663,LE,0.1015,1.8000,False,1.8000,0,0.9988,0.9915,0.9392,0.0027,0.0027,,,,,0,1.0000
2021103106,3261,44792,Mo Alie-Cox,8,False,chip_release,inline,42031,ROLB,0.1482,1.6000,False,1.6000,0,0.9988,0.9844,0.8550,0.0012,0.0012,,,3.8000,3.6000,0,1.0000
2021103106,3445,40641,Jack Doyle,8,False,pass_block,inline,42365,ROLB,0.0999,3.7000,False,3.7000,0,0.9963,0.9555,0.7941,0.2213,0.2213,,,,,0,0.0000
2021103106,3445,44792,Mo Alie-Cox,8,False,pass_block,inline,42365,ROLB,0.0999,3.7000,False,3.7000,0,0.9982,0.9894,0.9055,0.0972,0.0972,,,,,0,0.0000
2021103106,3492,40641,Jack Doyle,8,False,pass_block,detached,46110,REO,0.1811,4.9000,False,2.7000,1,0.9985,0.6887,0.3218,0.6497,-0.3503,2.7000,2.7000,2.7000,2.7000,0,1.0000
2021103106,3784,45355,Anthony Firkser,8,False,chip_release,detached,45009,REO,0.1072,2.1000,False,2.1000,0,0.9997,0.9746,0.8596,0.0031,0.0031,,,,,0,1.0000
2021103106,4334,45355,Anthony Firkser,8,False,chip_release,detached,53450,LEO,0.0888,2.4000,False,2.4000,0,0.9997,0.9789,0.8083,0.0211,0.0211,,3.1000,3.0000,2.9000,0,1.0000
2021103106,4456,44792,Mo Alie-Cox,8,False,pass_block,inline,52582,LEO,0.0954,4.8000,False,4.8000,0,0.9976,0.9911,0.9428,0.2337,0.2337,,,,,0,1.0000
2021103106,4518,42589,Geoff Swaim,8,False,pass_block,inline,45009,LEO,0.1072,3.2000,False,3.2000,0,0.9985,0.9955,0.9857,0.0089,0.0089,,,,,0,0.0000
2021103106,4561,42486,MyCole Pruitt,8,False,chip_release,inline,46121,REO,0.1039,3.5000,True,3.5000,0,0.9998,0.9752,0.7982,0.2154,0.2154,,,,,0,0.0000
2021103106,4561,45355,Anthony Firkser,8,False,chip_release,inline,53450,LEO,0.0888,2.6000,False,2.6000,0,0.9998,0.9819,0.8383,0.0182,0.0182,,,,,0,0.0000
2021103106,4670,44792,Mo Alie-Cox,8,False,chip_release,inline,42365,ROLB,0.0999,1.9000,False,1.9000,0,0.9984,0.9820,0.8017,0.0041,0.0041,,,,,0,0.0000
2021103106,4728,42589,Geoff Swaim,8,False,pass_block,inline,45009,LEO,0.1072,1.9000,False,1.9000,0,0.9923,0.9269,0.6945,0.0159,0.0159,,,,,0,0.0000
2021103107,79,40149,Ryan Griffin,8,False,pass_block,inline,44915,REO,0.1744,3.2000,False,3.2000,0,0.9950,0.9540,0.8983,0.0753,0.0753,,,,,0,0.0000
2021103107,79,42428,Tyler Kroft,8,False,chip_release,inline,44877,LE,0.0803,1.3000,False,1.3000,0,0.9983,0.9956,0.9885,0.0017,0.0017,,,,,0,0.0000
2021103107,138,40149,Ryan Griffin,8,False,pass_block,inline,44877,REO,0.0803,3.7000,False,3.7000,0,0.9988,0.9895,0.8734,0.1309,0.1309,,,,,0,1.0000
2021103107,488,40149,Ryan Griffin,8,False,pass_block,inline,44877,RE,0.0803,5.3000,False,5.3000,0,0.9991,0.9933,0.9503,0.1299,0.1299,,,,,0,1.0000
2021103107,787,42428,Tyler Kroft,8,False,pass_block,backfield,52555,LOLB,0.1175,3.3000,False,3.3000,0,0.9957,0.7547,0.4865,0.6444,0.6444,,,,,0,1.0000
2021103107,866,42500,C.J. Uzomah,8,False,pass_block,inline,46204,LEO,0.1496,3.1000,False,3.1000,0,0.9923,0.9394,0.6716,0.2048,0.2048,,,,3.1000,1,1.0000
2021103107,899,47835,Drew Sample,8,False,pass_block,inline,46204,LEO,0.1496,2.0000,False,2.0000,0,0.9993,0.9804,0.9486,0.0062,0.0062,,,,,0,0.0000
2021103107,1101,42428,Tyler Kroft,8,False,chip_release,detached,46146,LOLB,0.1069,2.4000,False,2.4000,0,0.9975,0.9859,0.9577,0.0142,0.0142,,,,,0,1.0000
2021103107,1470,42500,C.J. Uzomah,8,False,pass_block,backfield,43308,LEO,0.0943,2.6000,False,2.6000,0,0.9959,0.9885,0.9784,0.0115,0.0115,,,,,0,1.0000
2021103107,1601,47835,Drew Sample,8,False,pass_block,inline,48364,LOLB,0.1138,4.6000,False,4.6000,0,0.9921,0.9738,0.9030,0.2335,0.2335,,,,,0,1.0000
2021103107,1758,42500,C.J. Uzomah,8,False,pass_block,inline,46204,LEO,0.1496,3.0000,False,3.0000,0,0.9993,0.9144,0.6176,0.2680,0.2680,,,,,0,0.0000
2021103107,2425,42500,C.J. Uzomah,8,False,chip_release,inline,43308,REO,0.0943,2.1000,False,2.1000,0,0.9998,0.9852,0.8989,0.0020,0.0020,,,,,0,0.0000
2021103107,2532,42428,Tyler Kroft,8,False,pass_block,wing,44915,REO,0.1744,7.0000,False,4.3000,1,0.9950,0.7970,0.5703,0.7920,-0.2080,4.3000,4.3000,4.3000,4.3000,0,1.0000
2021103107,2551,40149,Ryan Griffin,8,False,pass_block,detached,41376,LOLB,0.1150,2.1000,False,2.1000,0,0.9991,0.7870,0.4006,0.0120,0.0120,,,,,0,1.0000
2021103107,2575,40149,Ryan Griffin,8,False,pass_block,inline,52555,LOLB,0.1175,3.8000,False,3.8000,0,0.9962,0.9768,0.9343,0.1035,0.1035,,,,,0,0.0000
2021103107,2620,40149,Ryan Griffin,8,False,pass_block,inline,53540,ROLB,0.0931,3.6000,False,3.3000,1,0.9984,0.9867,0.8837,0.1206,-0.8794,3.3000,3.3000,3.3000,3.3000,0,1.0000
2021103107,2762,40149,Ryan Griffin,8,False,chip_release,inline,44915,REO,0.1744,1.5000,False,1.5000,0,0.9958,0.9257,0.7053,0.0042,0.0042,,,,3.6000,0,1.0000
2021103107,2865,42500,C.J. Uzomah,8,False,pass_block,inline,52487,LEO,0.1175,4.1000,False,4.1000,0,0.9929,0.8613,0.4124,1.0674,1.0674,,,,,0,0.0000
2021103107,2865,47835,Drew Sample,8,False,pass_block,inline,52487,LEO,0.1175,4.1000,False,4.1000,0,0.9985,0.9843,0.7737,0.3659,0.3659,,,,,0,0.0000
2021103107,3015,40149,Ryan Griffin,8,False,chip_release,inline,46146,LEO,0.1069,2.2000,False,2.2000,0,0.9976,0.9748,0.7205,0.0049,0.0049,,,,,0,0.0000
2021103107,4133,42428,Tyler Kroft,8,False,pass_block,detached,44915,REO,0.1744,2.3000,False,2.3000,0,0.9993,0.9367,0.7184,0.0637,0.0637,,,,,0,0.0000
2021103108,99,48456,Donald Parham,8,False,pass_block,inline,44944,LEO,0.0726,4.0000,False,4.0000,0,0.9852,0.9289,0.8667,0.2019,0.2019,,,,,0,0.0000
2021103108,128,34540,Jared Cook,8,False,chip_release,detached,41269,ROLB,0.1302,1.2000,False,1.2000,0,0.9996,0.9735,0.8942,0.0002,0.0002,,,,,0,0.0000
2021103108,341,44912,Jonnu Smith,8,False,chip_release,detached,43292,LEO,0.1613,1.3000,False,1.3000,0,0.9998,0.9715,0.8395,0.0002,0.0002,3.9000,3.9000,3.9000,3.9000,0,0.0000
2021103108,393,44912,Jonnu Smith,8,False,chip_release,inline,46117,ROLB,0.1176,2.1000,False,2.1000,0,0.9997,0.9775,0.8371,0.0035,0.0035,,,,,0,0.0000
2021103108,670,48456,Donald Parham,8,False,pass_block,detached,43435,LOLB,0.1931,4.5000,False,2.8000,1,0.9859,0.6687,0.3611,0.5965,-0.4035,3.1000,3.0000,2.8000,2.6000,1,1.0000
2021103108,1273,43324,Hunter Henry,8,False,pass_block,detached,43292,LOLB,0.1613,1.5000,False,1.5000,0,0.9995,0.9477,0.7169,0.0005,0.0005,,,,,0,0.0000
2021103108,1770,43324,Hunter Henry,8,False,chip_release,detached,46117,LOLB,0.1176,2.4000,True,2.4000,0,0.9997,0.9393,0.7642,0.0609,0.0609,,,,,0,0.0000
2021103108,1908,43324,Hunter Henry,8,False,chip_release,detached,43292,LOLB,0.1613,1.4000,False,1.4000,0,0.9997,0.9531,0.7322,0.0003,0.0003,3.4000,3.4000,3.4000,3.4000,0,0.0000
2021103108,1932,43324,Hunter Henry,8,False,chip_release,detached,43292,LOLB,0.1613,2.3000,False,2.3000,0,0.9998,0.9755,0.8388,0.0246,0.0246,,,,,0,0.0000
2021103108,2354,34540,Jared Cook,8,False,pass_block,detached,43435,ROLB,0.1931,3.4000,False,3.3000,1,0.9928,0.9260,0.7286,0.3009,-0.6991,,,3.3000,3.0000,1,1.0000
2021103108,2354,48456,Donald Parham,8,False,pass_block,inline,37308,RE,0.1019,3.4000,False,3.4000,0,0.9989,0.9935,0.9380,0.0631,0.0631,,,,,0,1.0000
2021103108,2404,48456,Donald Parham,8,False,pass_block,detached,43435,LOLB,0.1931,4.7000,False,4.7000,0,0.9994,0.9473,0.5877,0.8615,0.8615,,,,,0,1.0000
2021103108,3185,34540,Jared Cook,8,False,chip_release,detached,43435,LOLB,0.1931,1.6000,False,1.6000,0,0.9995,0.9678,0.8219,0.0005,0.0005,,,,3.3000,0,0.0000
2021103108,3252,34540,Jared Cook,8,False,chip_release,detached,43435,LOLB,0.1931,2.1000,False,2.1000,0,0.9997,0.9774,0.8655,0.0032,0.0032,,,,,0,0.0000
2021103108,3279,43324,Hunter Henry,8,False,pass_block,detached,43292,LOLB,0.1613,3.0000,False,3.0000,0,0.9935,0.9418,0.6908,0.1891,0.1891,,,,,0,0.0000
2021103108,3386,34540,Jared Cook,8,False,chip_release,detached,52468,ROLB,0.1183,1.7000,False,1.7000,0,0.9993,0.9722,0.8734,0.0007,0.0007,,,,,0,1.0000
2021103108,3671,44912,Jonnu Smith,8,False,pass_block,inline,43292,LOLB,0.1613,2.6000,False,2.6000,0,0.9992,0.9928,0.9518,0.0072,0.0072,,,,,0,1.0000
2021103108,3872,34540,Jared Cook,8,False,chip_release,detached,43435,LOLB,0.1931,1.3000,False,1.3000,0,0.9998,0.9819,0.8858,0.0002,0.0002,3.8000,3.3000,3.2000,3.2000,0,1.0000
2021103108,3919,34540,Jared Cook,8,False,chip_release,detached,43435,LOLB,0.1931,1.8000,False,1.8000,0,0.9998,0.9834,0.8940,0.0023,0.0023,,,,,0,0.0000
2021103108,3989,48456,Donald Parham,8,False,chip_release,inline,43435,LOLB,0.1931,1.3000,False,1.3000,0,0.9998,0.9782,0.8454,0.0002,0.0002,,,,,0,0.0000
2021103108,4065,34540,Jared Cook,8,False,chip_release,detached,43435,LOLB,0.1931,1.4000,False,1.4000,0,0.9998,0.9806,0.8635,0.0002,0.0002,,,,,0,0.0000
2021103109,414,46189,Will Dissly,8,False,pass_block,inline,47790,ROLB,0.1323,3.1000,False,3.1000,1,0.9959,0.8762,0.5823,0.4947,-0.5053,,,3.1000,3.0000,1,1.0000
2021103109,734,44856,Gerald Everett,8,False,chip_release,inline,47790,REO,0.1323,1.2000,False,1.2000,0,0.9996,0.9371,0.6946,0.0002,0.0002,,,,,0,0.0000
2021103109,903,42302,Chris Manhertz,8,False,pass_block,inline,35493,LEO,0.1019,4.1000,False,4.1000,0,0.9997,0.9821,0.7699,0.3887,0.3887,,,,,0,0.0000
2021103109,1144,44856,Gerald Everett,8,False,pass_block,inline,47790,ROLB,0.1323,2.7000,False,2.7000,0,0.9997,0.9825,0.8716,0.0175,0.0175,,,,,0,0.0000
2021103109,1609,46189,Will Dissly,8,False,pass_block,inline,44880,LOLB,0.1441,3.3000,False,3.3000,0,0.9995,0.9860,0.9513,0.0495,0.0495,,,,,0,0.0000
2021103109,1747,46189,Will Dissly,8,False,pass_block,inline,43352,LEO,0.0970,5.5000,False,5.5000,0,0.9987,0.9950,0.9570,0.1415,0.1415,,,,,0,1.0000
2021103109,1747,52541,Colby Parkinson,8,False,pass_block,inline,44926,LOLB,0.1181,5.5000,False,5.5000,0,0.9943,0.9349,0.5813,1.0216,1.0216,,,,,0,1.0000
2021103109,1944,46189,Will Dissly,8,False,pass_block,detached,47790,ROLB,0.1323,2.9000,False,2.9000,0,0.9996,0.9879,0.9341,0.0304,0.0304,,,,,0,1.0000
2021103109,2031,42302,Chris Manhertz,8,False,pass_block,inline,44818,SCBL,0.1313,2.8000,False,2.8000,0,0.9992,0.7808,0.4637,0.4538,0.4538,,,,,0,0.0000
2021103109,2167,46189,Will Dissly,8,False,pass_block,inline,47790,LEO,0.1323,5.3000,False,4.2000,1,0.9971,0.9727,0.8267,0.3441,-0.6559,,4.5000,4.2000,4.1000,0,1.0000
2021103109,2688,42302,Chris Manhertz,8,False,pass_block,inline,35493,LEO,0.1019,3.3000,False,3.3000,0,0.9964,0.9903,0.9716,0.0287,0.0287,,,,,0,1.0000
2021103109,2869,45785,Dan Arnold,8,False,chip_release,inline,35493,LEO,0.1019,2.5000,False,2.4000,1,0.9994,0.9486,0.7641,0.0517,-0.9483,2.4000,2.4000,2.4000,2.4000,0,1.0000
2021103109,2977,44856,Gerald Everett,8,False,chip_release,inline,47790,REO,0.1323,1.9000,False,1.9000,0,0.9995,0.9561,0.7725,0.0068,0.0068,,,,,0,0.0000
2021103109,3276,45785,Dan Arnold,8,False,chip_release,detached,35493,LEO,0.1019,2.3000,False,2.3000,0,0.9995,0.9820,0.9079,0.0181,0.0181,,,,,0,1.0000
2021103109,3473,45785,Dan Arnold,8,False,pass_block,inline,52556,LEO,0.1464,5.3000,False,3.2000,1,0.9991,0.9343,0.6017,0.4611,-0.5389,3.4000,3.3000,3.2000,3.0000,0,1.0000
2021103110,252,52526,Albert Okwuegbunam,8,False,chip_release,inline,52410,LEO,0.1071,2.7000,True,2.7000,0,0.9974,0.9922,0.9784,0.0078,0.0078,,,,,0,0.0000
2021103110,454,47803,Noah Fant,8,False,pass_block,inline,52637,LEO,0.0866,4.7000,False,2.6000,1,0.9994,0.9644,0.7062,0.1754,-0.8246,2.6000,2.6000,2.6000,2.6000,1,1.0000
2021103110,530,52526,Albert Okwuegbunam,8,False,chip_release,inline,52410,LOLB,0.1071,2.4000,False,2.4000,0,0.9995,0.9240,0.6447,0.0763,0.0763,,,,,0,0.0000
2021103110,599,45481,Ricky Seals-Jones,8,False,chip_release,detached,43516,ROLB,0.1287,2.0000,False,2.0000,0,0.9992,0.9535,0.7170,0.0067,0.0067,,,,,0,1.0000
2021103110,783,45481,Ricky Seals-Jones,8,False,pass_block,wing,41464,REO,0.0903,3.5000,False,3.5000,0,0.9992,0.9888,0.8970,0.1061,0.1061,,,,,0,0.0000
2021103110,783,53553,John Bates,8,False,pass_block,inline,41464,REO,0.0903,3.5000,False,3.5000,0,0.9971,0.9788,0.7699,0.2453,0.2453,,,,,0,0.0000
2021103110,894,45481,Ricky Seals-Jones,8,False,pass_block,detached,53668,ROLB,0.0983,2.7000,False,2.7000,1,0.9996,0.8919,0.6269,0.2680,-0.7320,,,2.7000,2.5000,0,1.0000
2021103110,986,47803,Noah Fant,8,False,pass_block,wing,52410,LEO,0.1071,3.1000,False,3.1000,0,0.9991,0.9961,0.9589,0.0200,0.0200,,,,,1,1.0000
2021103110,986,52526,Albert Okwuegbunam,8,False,pass_block,inline,52410,LEO,0.1071,3.1000,False,3.1000,0,0.9987,0.9957,0.9739,0.0136,0.0136,,,,,0,1.0000
2021103110,1111,45481,Ricky Seals-Jones,8,False,chip_release,inline,41449,LE,0.0887,0.9000,False,0.9000,0,0.9990,0.9955,0.9879,0.0006,0.0006,,,,,0,0.0000
2021103110,1227,45481,Ricky Seals-Jones,8,False,chip_release,inline,48089,LOLB,0.0943,2.1000,False,2.1000,0,0.9996,0.9740,0.7925,0.0059,0.0059,,,,,0,0.0000
2021103110,1372,47803,Noah Fant,8,False,chip_release,inline,46082,LE,0.1172,1.0000,False,1.0000,0,0.9791,0.9677,0.9508,0.0126,0.0126,,,,,0,0.0000
2021103110,1459,47803,Noah Fant,8,False,chip_release,inline,52637,REO,0.0866,1.6000,False,1.6000,0,0.9986,0.9760,0.8327,0.0014,0.0014,,,,,0,1.0000
2021103110,1742,45481,Ricky Seals-Jones,8,False,chip_release,detached,43516,LOLB,0.1287,1.0000,True,1.0000,0,0.9998,0.9419,0.7080,0.0001,0.0001,,,,,0,1.0000
2021103110,2325,53553,John Bates,8,False,chip_release,wing,43516,ROLB,0.1287,1.6000,False,1.6000,0,0.9997,0.9776,0.8637,0.0003,0.0003,,,3.8000,3.7000,0,0.0000
2021103110,2881,45481,Ricky Seals-Jones,8,False,chip_release,detached,53668,ROLB,0.0983,2.4000,True,2.4000,0,0.9996,0.9404,0.7445,0.0600,0.0600,,,,,0,0.0000
2021103110,2974,47803,Noah Fant,8,False,chip_release,inline,47809,ROLB,0.1120,2.0000,True,2.0000,0,0.9997,0.9697,0.8210,0.0066,0.0066,,,,,0,0.0000
2021103110,3017,47803,Noah Fant,8,False,chip_release,inline,52410,LOLB,0.1071,2.0000,False,2.0000,0,0.9996,0.9465,0.7147,0.0036,0.0036,,,,,0,1.0000
2021103110,3532,52526,Albert Okwuegbunam,8,False,pass_block,wing,52410,LEO,0.1071,3.6000,False,3.6000,0,0.9962,0.9860,0.9653,0.0352,0.0352,,,,,0,0.0000
2021103111,715,52513,Adam Trautman,8,False,chip_release,inline,53461,LEO,0.1186,1.3000,False,1.3000,0,0.9953,0.9804,0.9555,0.0047,0.0047,3.7000,3.4000,3.2000,3.0000,0,0.0000
2021103111,789,52513,Adam Trautman,8,False,chip_release,inline,41915,ROLB,0.1695,2.2000,True,2.2000,0,0.9998,0.9798,0.8333,0.0026,0.0026,,,,,0,0.0000
2021103111,1185,52513,Adam Trautman,8,False,pass_block,inline,35454,LOLB,0.0807,6.8000,False,3.2000,1,0.9990,0.9907,0.9174,0.0847,-0.9153,,3.4000,3.2000,3.1000,0,1.0000
2021103111,1220,44075,Garrett Griffin,8,False,pass_block,inline,40074,LEO,0.1380,3.5000,False,3.5000,0,0.9896,0.9468,0.8128,0.2003,0.2003,,,,,0,1.0000
2021103111,1293,52513,Adam Trautman,8,False,pass_block,inline,41915,ROLB,0.1695,2.1000,False,2.1000,0,0.9998,0.9677,0.7566,0.0030,0.0030,,,,,0,0.0000
2021103111,1448,44831,O.J. Howard,8,False,chip_release,detached,46083,ROLB,0.1198,1.4000,False,1.4000,0,0.9998,0.9783,0.8566,0.0002,0.0002,2.7000,2.7000,2.7000,2.7000,0,0.0000
2021103111,1477,44831,O.J. Howard,8,False,chip_release,inline,37097,ROLB,0.1201,1.4000,False,1.4000,0,0.9979,0.9819,0.8143,0.0021,0.0021,,,,,0,0.0000
2021103111,1615,52513,Adam Trautman,8,False,pass_block,inline,40074,LEO,0.1380,5.5000,False,5.5000,0,0.9975,0.9820,0.8748,0.3556,0.3556,,,,,0,1.0000
2021103111,1955,42033,Cameron Brate,8,False,chip_release,detached,37097,ROLB,0.1201,2.0000,False,2.0000,0,0.9998,0.9903,0.9176,0.0021,0.0021,,,,,0,1.0000
2021103111,2222,52513,Adam Trautman,8,False,pass_block,inline,47788,ROLB,0.1671,2.1000,False,2.1000,0,0.9994,0.9423,0.7320,0.0075,0.0075,,,,,0,0.0000
2021103111,2367,44075,Garrett Griffin,8,False,chip_release,inline,35454,LEO,0.0807,2.9000,True,2.9000,0,0.9983,0.9929,0.9304,0.0313,0.0313,,,,,0,0.0000
2021103111,2717,42033,Cameron Brate,8,False,chip_release,inline,37097,REO,0.1201,2.2000,False,2.2000,0,0.9998,0.9625,0.7590,0.0029,0.0029,,,,,0,0.0000
2021103111,2909,44075,Garrett Griffin,8,False,pass_block,inline,41915,LOLB,0.1695,4.6000,False,3.7000,1,0.9983,0.9680,0.7404,0.4335,-0.5665,3.7000,3.7000,3.7000,3.7000,0,1.0000
2021103111,3198,52513,Adam Trautman,8,False,pass_block,inline,41915,LOLB,0.1695,2.5000,False,2.5000,0,0.9997,0.9820,0.9362,0.0180,0.0180,,,,,0,0.0000
2021103111,3882,44831,O.J. Howard,8,False,chip_release,inline,37097,REO,0.1201,1.8000,False,1.8000,0,0.9997,0.9667,0.7599,0.0040,0.0040,,,,,0,0.0000
2021103111,3991,52513,Adam Trautman,8,False,pass_block,inline,35454,LEO,0.0807,2.0000,False,2.0000,0,0.9997,0.9681,0.7526,0.0026,0.0026,,,,,0,0.0000
2021103111,4251,52513,Adam Trautman,8,False,pass_block,inline,35441,LE,0.1011,2.0000,False,2.0000,0,0.9994,0.9690,0.8830,0.0040,0.0040,,,,,0,1.0000
2021103111,4342,42033,Cameron Brate,8,False,chip_release,detached,37097,LOLB,0.1201,1.9000,False,1.9000,0,0.9998,0.9581,0.7697,0.0029,0.0029,,,,,0,1.0000
2021103111,4364,42033,Cameron Brate,8,False,chip_release,detached,37097,LOLB,0.1201,2.0000,False,2.0000,0,0.9998,0.9752,0.8149,0.0019,0.0019,,,,,0,0.0000
2021103111,4429,42033,Cameron Brate,8,False,chip_release,detached,42467,LOLB,0.1206,2.3000,False,2.3000,0,0.9997,0.9179,0.6952,0.0824,0.0824,,,,,0,1.0000
2021103111,4489,42033,Cameron Brate,8,False,chip_release,inline,37097,LOLB,0.1201,1.2000,False,1.2000,0,0.9996,0.9473,0.6527,0.0002,0.0002,,,,,0,0.0000
2021103111,4515,42033,Cameron Brate,8,False,chip_release,detached,46083,ROLB,0.1198,1.6000,False,1.6000,0,0.9997,0.9724,0.8130,0.0003,0.0003,,,,,0,1.0000
2021103112,55,46226,Tyler Conklin,8,False,pass_block,inline,42403,ROLB,0.1669,4.8000,False,2.2000,1,0.9968,0.9794,0.9462,0.0208,-0.9792,2.9000,2.5000,2.2000,2.0000,0,0.0000
2021103112,184,46226,Tyler Conklin,8,False,pass_block,inline,42403,LOLB,0.1669,2.7000,False,2.7000,0,0.9988,0.8374,0.6127,0.1645,0.1645,,,,,0,1.0000
2021103112,646,37179,Luke Stocker,8,False,chip_release,inline,42403,ROLB,0.1669,2.1000,False,2.1000,0,0.9982,0.9776,0.8333,0.0044,0.0044,,,,,0,0.0000
2021103112,788,44967,Jeremy Sprinkle,8,False,pass_block,wing,42431,LEO,0.1639,3.2000,False,3.2000,0,0.9996,0.9903,0.9301,0.0327,0.0327,,,,,0,0.0000
2021103112,1045,46176,Christopher Herndon,8,False,pass_block,wing,42403,ROLB,0.1669,3.3000,False,3.3000,0,0.9994,0.9469,0.8120,0.2013,0.2013,,,,,0,0.0000
2021103112,1045,46226,Tyler Conklin,8,False,pass_block,inline,42403,ROLB,0.1669,3.3000,False,3.3000,0,0.9993,0.9326,0.6901,0.3475,0.3475,,,,,0,0.0000
2021103112,1113,46206,Dalton Schultz,8,False,chip_release,inline,42431,LOLB,0.1639,1.1000,False,1.1000,0,0.9994,0.8965,0.6183,0.0002,0.0002,,,,3.1000,0,1.0000
2021103112,1469,37179,Luke Stocker,8,False,chip_release,inline,46185,LEO,0.1228,0.9000,False,0.9000,0,0.9968,0.9895,0.9722,0.0019,0.0019,,,,,0,0.0000
2021103112,1535,37179,Luke Stocker,8,False,pass_block,wing,42403,LEO,0.1669,3.7000,False,1.4000,1,0.9900,0.9647,0.9247,0.0100,-0.9900,,,1.4000,1.1000,0,0.0000
2021103112,1831,46206,Dalton Schultz,8,False,chip_release,inline,35539,REO,0.1494,1.6000,False,1.6000,0,0.9993,0.8954,0.6322,0.0007,0.0007,,,,,0,1.0000
2021103112,2050,46206,Dalton Schultz,8,False,chip_release,inline,52525,LEO,0.0841,1.5000,False,1.5000,0,0.9955,0.9875,0.9719,0.0045,0.0045,,,,,0,0.0000
2021103112,2128,46226,Tyler Conklin,8,False,pass_block,inline,42403,LOLB,0.1669,4.6000,False,3.9000,1,0.9961,0.9581,0.7678,0.3710,-0.6290,3.9000,3.9000,3.9000,3.9000,0,0.0000
2021103112,2423,37179,Luke Stocker,8,False,pass_block,inline,53513,REO,0.1079,3.5000,False,3.5000,0,0.9985,0.9864,0.8986,0.1045,0.1045,,,,,0,0.0000
2021103112,2813,46226,Tyler Conklin,8,False,pass_block,inline,53504,RE,0.1285,4.0000,False,4.0000,0,0.9982,0.9435,0.7977,0.3047,0.3047,,,,,0,1.0000
2021103112,2860,46206,Dalton Schultz,8,False,chip_release,inline,52633,LEO,0.1175,1.8000,False,1.8000,0,0.9943,0.9708,0.8561,0.0093,0.0093,,,,,0,0.0000
2021103112,3145,45532,Blake Jarwin,8,False,pass_block,wing,52525,LEO,0.0841,3.4000,False,3.4000,0,0.9983,0.9930,0.9402,0.0608,0.0608,,,,,0,0.0000
2021103112,3145,46206,Dalton Schultz,8,False,pass_block,inline,52525,LEO,0.0841,3.4000,False,3.4000,0,0.9976,0.9908,0.9140,0.0881,0.0881,,,,,0,0.0000
2021103112,3169,45532,Blake Jarwin,8,False,pass_block,wing,52525,LEO,0.0841,2.9000,False,2.9000,0,0.9994,0.9973,0.9768,0.0098,0.0098,,,,,0,0.0000
2021103112,3169,46206,Dalton Schultz,8,False,pass_block,inline,52525,LEO,0.0841,2.9000,False,2.9000,0,0.9990,0.9970,0.9802,0.0088,0.0088,,,,,0,0.0000
2021103112,3193,45532,Blake Jarwin,8,False,pass_block,wing,52525,LEO,0.0841,3.5000,False,3.5000,0,0.9995,0.9871,0.8722,0.1327,0.1327,,,,,0,0.0000
2021103112,3193,46206,Dalton Schultz,8,False,pass_block,inline,52525,LEO,0.0841,3.5000,False,3.5000,0,0.9995,0.9821,0.8630,0.1429,0.1429,,,,,0,0.0000
2021103112,3363,46226,Tyler Conklin,8,False,pass_block,inline,53504,DLT,0.1285,3.6000,False,3.6000,0,0.9097,0.9000,0.8777,0.1283,0.1283,,,,,0,1.0000
2021103112,3507,46206,Dalton Schultz,8,False,chip_release,inline,35539,REO,0.1494,1.0000,False,1.0000,0,0.9988,0.8274,0.4737,0.0006,0.0006,,,,,0,0.0000
2021103112,3785,46226,Tyler Conklin,8,False,pass_block,inline,44892,LEO,0.0877,2.5000,False,2.4000,1,0.9961,0.9833,0.8645,0.0168,-0.9832,,,2.4000,1.8000,1,1.0000
2021103112,4288,46226,Tyler Conklin,8,False,chip_release,inline,44892,LOLB,0.0877,1.2000,False,1.2000,0,0.9995,0.9439,0.7647,0.0002,0.0002,,,,,0,1.0000
2021103112,4317,46226,Tyler Conklin,8,False,chip_release,inline,53504,REO,0.1285,8.2000,False,8.2000,0,0.9998,0.9669,0.8193,0.5759,0.5759,8.5000,8.5000,8.4000,8.3000,0,1.0000
2021103112,4409,46226,Tyler Conklin,8,False,chip_release,inline,44892,LOLB,0.0877,1.7000,False,1.7000,0,0.9996,0.9746,0.8230,0.0004,0.0004,3.3000,3.3000,3.3000,3.3000,0,1.0000
2021110100,183,42460,Blake Bell,8,False,pass_block,inline,53645,LOLB,0.1091,3.5000,False,3.5000,0,0.9979,0.9885,0.8562,0.1497,0.1497,,,,,0,0.0000
2021110100,775,42460,Blake Bell,8,False,chip_release,inline,53645,ROLB,0.1091,1.8000,False,1.8000,0,0.9998,0.9856,0.9069,0.0023,0.0023,,,,,0,1.0000
2021110100,847,37118,Kyle Rudolph,8,False,pass_block,inline,40051,REO,0.1042,4.4000,False,4.4000,0,0.9989,0.9936,0.9814,0.0402,0.0402,,,,,0,0.0000
2021110100,917,44835,Evan Engram,8,False,chip_release,detached,40051,LOLB,0.1042,2.3000,False,2.3000,0,0.9997,0.9530,0.6354,0.0471,0.0471,,,,,0,0.0000
2021110100,1037,37118,Kyle Rudolph,8,False,pass_block,inline,43326,REO,0.1378,2.2000,False,2.2000,0,0.9996,0.9738,0.8143,0.0032,0.0032,,,,,0,0.0000
2021110100,1083,37118,Kyle Rudolph,8,False,chip_release,inline,40051,REO,0.1042,2.1000,False,2.1000,0,0.9995,0.9976,0.9894,0.0011,0.0011,,,,,0,0.0000
2021110100,1267,44835,Evan Engram,8,False,pass_block,detached,40051,LEO,0.1042,2.2000,False,2.2000,0,0.9996,0.9706,0.8112,0.0035,0.0035,,,,,0,1.0000
2021110100,1396,40011,Travis Kelce,8,False,pass_block,wing,46772,REO,0.1175,4.1000,False,4.1000,0,0.9996,0.9894,0.9669,0.0515,0.0515,,,,,0,0.0000
2021110100,1396,42460,Blake Bell,8,False,chip_release,inline,46772,REO,0.1175,1.1000,False,1.1000,0,0.9997,0.9916,0.9761,0.0002,0.0002,,,,,0,0.0000
2021110100,1664,37118,Kyle Rudolph,8,False,chip_release,inline,42406,LOLB,0.1428,1.6000,False,1.6000,0,0.9985,0.9908,0.9702,0.0015,0.0015,,,,,0,0.0000
2021110100,1736,47959,Kaden Smith,8,False,pass_block,inline,52585,REO,0.1017,3.9000,False,3.9000,0,0.9987,0.9891,0.9275,0.1141,0.1141,,,,,0,1.0000
2021110100,1833,44835,Evan Engram,8,False,pass_block,detached,52585,REO,0.1017,2.0000,False,2.0000,0,0.9997,0.9909,0.9655,0.0025,0.0025,,,,,0,0.0000
2021110100,2032,40011,Travis Kelce,8,False,chip_release,detached,52591,RCB,0.1175,1.6000,False,1.6000,0,0.9996,0.9801,0.8863,0.0004,0.0004,,,,,0,1.0000
2021110100,2226,44835,Evan Engram,8,False,chip_release,detached,43326,LEO,0.1378,2.2000,False,2.2000,0,0.9997,0.9826,0.8759,0.0028,0.0028,,3.5000,3.3000,3.2000,0,1.0000
2021110100,2643,37118,Kyle Rudolph,8,False,chip_release,detached,40051,LEO,0.1042,2.0000,False,2.0000,0,0.9997,0.9888,0.8500,0.0024,0.0024,,,,,0,0.0000
2021110100,2643,44835,Evan Engram,8,False,chip_release,detached,42406,ROLB,0.1428,1.7000,False,1.7000,0,0.9997,0.9820,0.8780,0.0003,0.0003,,,,,0,0.0000
2021110100,2761,42460,Blake Bell,8,False,pass_block,inline,42349,REO,0.0969,3.9000,False,3.9000,0,0.9997,0.9933,0.9773,0.0364,0.0364,,,,3.9000,0,0.0000
2021110100,2783,40011,Travis Kelce,8,False,chip_release,inline,53479,REO,0.1096,1.7000,False,1.7000,0,0.9996,0.9532,0.7655,0.0004,0.0004,,,,,0,0.0000
2021110100,2881,42460,Blake Bell,8,False,pass_block,inline,53876,RE,0.1063,3.2000,False,3.2000,0,0.9997,0.9948,0.9471,0.0183,0.0183,,,,,0,0.0000
2021110100,2954,42460,Blake Bell,8,False,pass_block,inline,53479,REO,0.1096,5.3000,False,5.3000,0,0.9995,0.9670,0.8742,0.2468,0.2468,,,,5.1000,1,1.0000
2021110100,3016,47959,Kaden Smith,8,False,pass_block,inline,42406,LEO,0.1428,4.6000,False,3.0000,1,0.9969,0.9780,0.8849,0.0645,-0.9355,3.2000,3.1000,3.0000,2.9000,1,1.0000
2021110100,3089,47959,Kaden Smith,8,False,pass_block,inline,52585,LEO,0.1017,3.0000,False,3.0000,0,0.9997,0.9933,0.9629,0.0212,0.0212,,,,,0,0.0000
2021110100,3421,42460,Blake Bell,8,False,pass_block,inline,42349,LEO,0.0969,3.4000,False,3.4000,0,0.9961,0.9884,0.8750,0.1294,0.1294,,,,,0,0.0000
2021110100,3421,53591,Noah Gray,8,False,pass_block,wing,42349,LEO,0.0969,3.4000,False,3.4000,0,0.9989,0.9956,0.9503,0.0503,0.0503,,,,,0,0.0000
2021110100,3876,37118,Kyle Rudolph,8,False,pass_block,inline,40051,REO,0.1042,3.1000,False,3.1000,0,0.9992,0.9558,0.7338,0.1702,0.1702,,,,,0,0.0000
2021110100,3909,47959,Kaden Smith,8,False,pass_block,inline,43326,REO,0.1378,3.6000,False,3.6000,0,0.9985,0.9783,0.8818,0.1229,0.1229,,,,,0,0.0000
2021110100,4049,40011,Travis Kelce,8,False,pass_block,inline,52591,ROLB,0.1175,3.9000,False,3.9000,0,0.9996,0.9847,0.9516,0.0734,0.0734,,,,,0,1.0000
2021110100,4363,44835,Evan Engram,8,False,chip_release,detached,52585,REO,0.1017,1.6000,False,1.6000,0,0.9995,0.9740,0.8447,0.0005,0.0005,,,,,0,1.0000
2021110100,4433,44835,Evan Engram,8,False,chip_release,detached,42406,ROLB,0.1428,1.8000,False,1.8000,0,0.9998,0.9857,0.9048,0.0043,0.0043,3.0000,2.7000,2.6000,2.5000,0,1.0000
