gameId,playId,nflId,displayName,week,is_train,red_zone,goal_to_go,alignment,assignment,is_route,is_target,gravity,gravity_used,protector,inline,offenseFormation,defendersInBox,box_exp,box_resid,pff_playAction
2021090900,559,35481,Rob Gronkowski,1,True,True,False,inline,route,True,False,0.1937631767896747,0.1937631767896747,0.0,1.0,SHOTGUN,7.0,6.253411306042885,0.7465886939571149,0
2021090900,559,44831,O.J. Howard,1,True,True,False,wing,route,True,False,-0.0971695829302321,-0.0971695829302321,0.0,1.0,SHOTGUN,7.0,6.253411306042885,0.7465886939571149,0
2021090900,583,35481,Rob Gronkowski,1,True,True,False,inline,pass_block,False,False,,,1.0,1.0,SHOTGUN,7.0,6.253411306042885,0.7465886939571149,1
2021090900,1312,35481,Rob Gronkowski,1,True,True,False,inline,chip_release,True,True,-0.3739391362379436,,1.0,1.0,SINGLEBACK,7.0,7.303921568627451,-0.3039215686274508,1
2021090900,1563,46206,Dalton Schultz,1,True,True,False,detached,route,True,False,0.0825241246803931,0.0825241246803931,0.0,0.0,SHOTGUN,7.0,6.253411306042885,0.7465886939571149,0
2021090900,1587,46206,Dalton Schultz,1,True,True,False,detached,route,True,False,-0.0366092556177912,-0.0366092556177912,0.0,0.0,SHOTGUN,6.0,6.253411306042885,-0.2534113060428851,0
2021090900,1776,46206,Dalton Schultz,1,True,True,False,inline,pass_block,False,False,,,1.0,1.0,SHOTGUN,7.0,6.253411306042885,0.7465886939571149,0
2021090900,1918,46206,Dalton Schultz,1,True,True,False,detached,route,True,False,-0.2636902520260534,-0.2636902520260534,0.0,0.0,SHOTGUN,6.0,6.253411306042885,-0.2534113060428851,0
2021090900,1940,45532,Blake Jarwin,1,True,True,False,detached,route,True,False,0.1738672963289074,0.1738672963289074,0.0,0.0,EMPTY,5.0,5.508875739644971,-0.5088757396449708,0
2021090900,2735,46206,Dalton Schultz,1,True,True,False,detached,route,True,False,-0.3400103524885439,-0.3400103524885439,0.0,0.0,SHOTGUN,7.0,6.253411306042885,0.7465886939571149,0
2021090900,2780,45532,Blake Jarwin,1,True,True,False,wing,chip_release,True,False,-0.4696885236607337,-0.4696885236607337,1.0,1.0,SINGLEBACK,8.0,7.303921568627451,0.6960784313725492,1
2021090900,2780,46206,Dalton Schultz,1,True,True,False,inline,route,True,False,0.1103865792554275,0.1103865792554275,0.0,1.0,SINGLEBACK,8.0,7.303921568627451,0.6960784313725492,1
2021090900,3110,35481,Rob Gronkowski,1,True,True,False,inline,route,True,False,0.0428334311224651,0.0428334311224651,0.0,1.0,SHOTGUN,7.0,6.253411306042885,0.7465886939571149,0
2021090900,3110,42033,Cameron Brate,1,True,True,False,wing,route,True,False,-0.1642772201635713,-0.1642772201635713,0.0,1.0,SHOTGUN,7.0,6.253411306042885,0.7465886939571149,0
2021090900,3134,35481,Rob Gronkowski,1,True,True,False,inline,chip_release,True,True,0.3273006771000206,,1.0,1.0,EMPTY,6.0,5.508875739644971,0.4911242603550292,0
2021090900,4750,35481,Rob Gronkowski,1,True,True,False,detached,route,True,False,0.2001929631927057,0.2001929631927057,0.0,0.0,EMPTY,5.0,5.508875739644971,-0.5088757396449708,0
2021090900,4772,35481,Rob Gronkowski,1,True,True,False,detached,pass_block,False,False,,,1.0,0.0,EMPTY,7.0,5.508875739644971,1.4911242603550292,0
2021091200,303,46094,Hayden Hurst,1,True,True,False,inline,route,True,True,-0.5190411332321044,,0.0,1.0,SINGLEBACK,6.0,7.303921568627451,-1.3039215686274508,1
2021091200,348,46094,Hayden Hurst,1,True,True,False,inline,route,True,False,0.4368175333085093,0.4368175333085093,0.0,1.0,SINGLEBACK,7.0,7.303921568627451,-0.3039215686274508,1
2021091200,370,46094,Hayden Hurst,1,True,True,False,detached,route,True,False,-0.7413265336598072,-0.7413265336598072,0.0,0.0,SHOTGUN,6.0,6.253411306042885,-0.2534113060428851,0
2021091200,605,39983,Zach Ertz,1,True,True,False,detached,route,True,False,0.3658286517446416,0.3658286517446416,0.0,0.0,EMPTY,5.0,5.508875739644971,-0.5088757396449708,0
2021091200,966,37234,Lee Smith,1,True,True,True,inline,pass_block,False,False,,,1.0,1.0,JUMBO,8.0,10.214285714285714,-2.2142857142857135,1
2021091200,966,48723,Parker Hesse,1,True,True,True,inline,route,True,False,0.1701414109018828,0.1701414109018828,0.0,1.0,JUMBO,8.0,10.214285714285714,-2.2142857142857135,1
2021091200,966,53433,Kyle Pitts,1,True,True,True,wing,route,True,False,-0.2463256946389176,-0.2463256946389176,0.0,1.0,JUMBO,8.0,10.214285714285714,-2.2142857142857135,1
2021091200,1023,53433,Kyle Pitts,1,True,True,False,detached,route,True,True,0.0723704035210045,,0.0,0.0,SHOTGUN,6.0,6.253411306042885,-0.2534113060428851,0
2021091200,1085,53433,Kyle Pitts,1,True,True,True,detached,route,True,False,-0.2871403078682695,-0.2871403078682695,0.0,0.0,SHOTGUN,5.0,6.253411306042885,-1.253411306042885,0
2021091200,2321,46118,Dallas Goedert,1,True,True,False,detached,route,True,True,0.2425334020569683,,0.0,0.0,SHOTGUN,6.0,6.253411306042885,-0.2534113060428851,0
2021091200,2399,46118,Dallas Goedert,1,True,True,True,detached,route,True,True,-0.181369560420189,,0.0,0.0,SHOTGUN,6.0,6.253411306042885,-0.2534113060428851,0
2021091201,1808,47879,Dawson Knox,1,True,True,False,detached,route,True,False,0.0508176097410617,0.0508176097410617,0.0,0.0,SHOTGUN,6.0,6.253411306042885,-0.2534113060428851,0
2021091201,2302,53484,Pat Freiermuth,1,True,True,False,detached,route,True,False,0.2218884837560164,0.2218884837560164,0.0,0.0,SHOTGUN,6.0,6.253411306042885,-0.2534113060428851,0
2021091201,2828,41236,Eric Ebron,1,True,True,True,detached,route,True,True,0.0832653598955732,,0.0,0.0,EMPTY,6.0,5.508875739644971,0.4911242603550292,0
2021091201,2828,53484,Pat Freiermuth,1,True,True,True,inline,route,True,False,-0.157021557632345,-0.157021557632345,0.0,1.0,EMPTY,6.0,5.508875739644971,0.4911242603550292,0
2021091201,2850,41236,Eric Ebron,1,True,True,True,inline,route,True,False,0.0340518563785112,0.0340518563785112,0.0,1.0,EMPTY,7.0,5.508875739644971,1.4911242603550292,0
2021091201,2850,53484,Pat Freiermuth,1,True,True,True,detached,route,True,False,-0.1457511142731467,-0.1457511142731467,0.0,0.0,EMPTY,7.0,5.508875739644971,1.4911242603550292,0
2021091201,3219,53484,Pat Freiermuth,1,True,True,True,inline,route,True,False,0.0946260868409734,0.0946260868409734,0.0,1.0,SHOTGUN,7.0,6.253411306042885,0.7465886939571149,0
2021091201,3584,47879,Dawson Knox,1,True,True,True,detached,route,True,False,-0.5394284245466893,-0.5394284245466893,0.0,0.0,SHOTGUN,6.0,6.253411306042885,-0.2534113060428851,0
2021091202,1113,46170,Ian Thomas,1,True,True,False,inline,route,True,True,0.1720945738963119,,0.0,1.0,SINGLEBACK,7.0,7.303921568627451,-0.3039215686274508,0
2021091202,1113,53512,Tommy Tremble,1,True,True,False,wing,route,True,False,-0.0973194235265817,-0.0973194235265817,0.0,1.0,SINGLEBACK,7.0,7.303921568627451,-0.3039215686274508,0
2021091202,1419,45594,Colin Thompson,1,True,True,True,wing,route,True,False,0.1592372462060685,0.1592372462060685,0.0,1.0,SINGLEBACK,9.0,7.303921568627451,1.6960784313725492,1
2021091202,1419,46170,Ian Thomas,1,True,True,True,inline,route,True,False,0.7952426905047352,0.7952426905047352,0.0,1.0,SINGLEBACK,9.0,7.303921568627451,1.6960784313725492,1
2021091202,1441,45785,Dan Arnold,1,True,True,False,detached,route,True,False,0.472242595409249,0.472242595409249,0.0,0.0,SHOTGUN,6.0,6.253411306042885,-0.2534113060428851,0
2021091202,3820,42428,Tyler Kroft,1,True,True,True,detached,route,True,False,-0.3443866581827576,-0.3443866581827576,0.0,0.0,EMPTY,4.0,5.508875739644971,-1.5088757396449708,0
2021091202,3843,42428,Tyler Kroft,1,True,False,True,detached,route,True,False,-0.2380003124865943,-0.2380003124865943,0.0,0.0,EMPTY,4.0,5.508875739644971,-1.5088757396449708,0
2021091202,3889,42428,Tyler Kroft,1,True,True,True,inline,route,True,False,-0.2952193635914548,-0.2952193635914548,0.0,1.0,SHOTGUN,6.0,6.253411306042885,-0.2534113060428851,0
2021091202,3914,42428,Tyler Kroft,1,True,True,False,inline,pass_block,False,False,,,1.0,1.0,SHOTGUN,8.0,6.253411306042885,1.746588693957115,0
2021091203,1667,47835,Drew Sample,1,True,True,True,detached,route,True,False,0.1869715905750137,0.1869715905750137,0.0,0.0,EMPTY,7.0,5.508875739644971,1.4911242603550292,0
2021091203,2538,42500,C.J. Uzomah,1,True,True,False,inline,route,True,False,0.1564698820002988,0.1564698820002988,0.0,1.0,SHOTGUN,7.0,6.253411306042885,0.7465886939571149,0
2021091204,487,44959,George Kittle,1,True,True,False,detached,route,True,False,0.7177370263300638,0.7177370263300638,0.0,0.0,SHOTGUN,6.0,6.253411306042885,-0.2534113060428851,0
2021091204,516,44959,George Kittle,1,True,True,False,inline,pass_block,False,False,,,1.0,1.0,PISTOL,7.0,6.421052631578948,0.5789473684210522,1
2021091204,807,47791,T.J. Hockenson,1,True,True,False,inline,route,True,True,-0.2446490948714452,,0.0,1.0,SINGLEBACK,7.0,7.303921568627451,-0.3039215686274508,0
2021091204,831,39907,Darren Fells,1,True,True,False,detached,route,True,False,0.2287429869293058,0.2287429869293058,0.0,0.0,EMPTY,6.0,5.508875739644971,0.4911242603550292,0
2021091204,831,47791,T.J. Hockenson,1,True,True,False,detached,route,True,False,0.0766711221397857,0.0766711221397857,0.0,0.0,EMPTY,6.0,5.508875739644971,0.4911242603550292,0
2021091204,895,47791,T.J. Hockenson,1,True,True,True,detached,route,True,False,0.0871793376743581,0.0871793376743581,0.0,0.0,SHOTGUN,6.0,6.253411306042885,-0.2534113060428851,0
2021091204,919,47791,T.J. Hockenson,1,True,True,False,detached,route,True,True,-0.0570984079051375,,0.0,0.0,SHOTGUN,7.0,6.253411306042885,0.7465886939571149,0
2021091204,1488,44959,George Kittle,1,True,True,False,inline,route,True,False,0.0634328763692848,0.0634328763692848,0.0,1.0,SINGLEBACK,8.0,7.303921568627451,0.6960784313725492,1
2021091204,1488,46331,Ross Dwelley,1,True,True,False,wing,chip_release,True,False,-0.1034030760270314,-0.1034030760270314,1.0,1.0,SINGLEBACK,8.0,7.303921568627451,0.6960784313725492,1
2021091204,3973,47791,T.J. Hockenson,1,True,True,False,detached,route,True,False,0.0987205936020315,0.0987205936020315,0.0,0.0,SHOTGUN,5.0,6.253411306042885,-1.253411306042885,0
2021091204,4042,47791,T.J. Hockenson,1,True,True,False,inline,route,True,True,-0.2282018907747727,,0.0,1.0,SHOTGUN,8.0,6.253411306042885,1.746588693957115,0
2021091204,4253,47791,T.J. Hockenson,1,True,True,False,inline,pass_block,False,False,,,1.0,1.0,SHOTGUN,6.0,6.253411306042885,-0.2534113060428851,0
2021091205,856,45321,Antony Auclair,1,True,True,False,detached,route,True,False,0.8827770408437017,0.8827770408437017,0.0,0.0,EMPTY,8.0,5.508875739644971,2.491124260355029,0
2021091205,856,45339,Pharaoh Brown,1,True,True,False,inline,route,True,False,-0.1126961262531747,-0.1126961262531747,0.0,1.0,EMPTY,8.0,5.508875739644971,2.491124260355029,0
2021091205,856,46167,Jordan Akins,1,True,True,False,wing,route,True,False,0.0301821174326852,0.0301821174326852,0.0,1.0,EMPTY,8.0,5.508875739644971,2.491124260355029,0
2021091205,878,46167,Jordan Akins,1,True,True,False,inline,route,True,False,0.5014910125504906,0.5014910125504906,0.0,1.0,SHOTGUN,7.0,6.253411306042885,0.7465886939571149,0
2021091205,1988,45339,Pharaoh Brown,1,True,True,False,wing,chip_release,True,True,1.0823093507166002,,1.0,1.0,SINGLEBACK,7.0,7.303921568627451,-0.3039215686274508,1
2021091205,2042,45321,Antony Auclair,1,True,True,False,inline,route,True,False,0.3344211309351403,0.3344211309351403,0.0,1.0,SHOTGUN,9.0,6.253411306042885,2.746588693957115,0
2021091205,2042,45339,Pharaoh Brown,1,True,True,False,detached,route,True,False,-0.3413539581229421,-0.3413539581229421,0.0,0.0,SHOTGUN,9.0,6.253411306042885,2.746588693957115,0
2021091205,2042,46167,Jordan Akins,1,True,True,False,wing,route,True,False,-0.0614242623491301,-0.0614242623491301,0.0,1.0,SHOTGUN,9.0,6.253411306042885,2.746588693957115,0
2021091205,2075,45339,Pharaoh Brown,1,True,True,False,inline,route,True,False,0.1439669830540966,0.1439669830540966,0.0,1.0,EMPTY,6.0,5.508875739644971,0.4911242603550292,0
2021091205,2075,46167,Jordan Akins,1,True,True,False,detached,route,True,True,0.0700973543821421,,0.0,0.0,EMPTY,6.0,5.508875739644971,0.4911242603550292,0
2021091205,2097,46167,Jordan Akins,1,True,True,False,inline,route,True,False,-0.4029095469701539,-0.4029095469701539,0.0,1.0,SHOTGUN,5.0,6.253411306042885,-1.253411306042885,0
2021091205,2429,46167,Jordan Akins,1,True,True,True,inline,route,True,False,0.4004519592325002,0.4004519592325002,0.0,1.0,EMPTY,6.0,5.508875739644971,0.4911242603550292,0
2021091205,3631,46167,Jordan Akins,1,True,True,False,inline,route,True,True,0.1495925308829165,,0.0,1.0,SHOTGUN,7.0,6.253411306042885,0.7465886939571149,0
2021091205,4604,42516,James O'Shaughnessy,1,True,True,False,detached,route,True,False,-0.6131031739882719,-0.6131031739882719,0.0,0.0,SHOTGUN,6.0,6.253411306042885,-0.2534113060428851,0
2021091205,4673,42516,James O'Shaughnessy,1,True,True,True,inline,route,True,False,-0.0638925921441968,-0.0638925921441968,0.0,1.0,SINGLEBACK,7.0,7.303921568627451,-0.3039215686274508,1
2021091205,4695,42516,James O'Shaughnessy,1,True,True,True,detached,route,True,False,-0.0289111293872383,-0.0289111293872383,0.0,0.0,EMPTY,5.0,5.508875739644971,-0.5088757396449708,0
2021091206,948,44856,Gerald Everett,1,True,True,False,detached,route,True,True,-0.3781494030767047,,0.0,0.0,SHOTGUN,6.0,6.253411306042885,-0.2534113060428851,0
2021091206,948,46189,Will Dissly,1,True,True,False,detached,route,True,False,-0.2025313265914285,-0.2025313265914285,0.0,0.0,SHOTGUN,6.0,6.253411306042885,-0.2534113060428851,0
2021091206,1195,44792,Mo Alie-Cox,1,True,True,True,detached,route,True,False,-0.2627110528568889,-0.2627110528568889,0.0,0.0,SHOTGUN,6.0,6.253411306042885,-0.2534113060428851,0
2021091206,3060,40641,Jack Doyle,1,True,True,False,detached,route,True,False,0.0423917028258822,0.0423917028258822,0.0,0.0,SHOTGUN,6.0,6.253411306042885,-0.2534113060428851,0
2021091206,3236,44856,Gerald Everett,1,True,True,False,wing,route,True,False,0.0775903441983723,0.0775903441983723,0.0,1.0,SHOTGUN,7.0,6.253411306042885,0.7465886939571149,0
2021091206,3236,46189,Will Dissly,1,True,True,False,inline,route,True,False,0.0277349379564251,0.0277349379564251,0.0,1.0,SHOTGUN,7.0,6.253411306042885,0.7465886939571149,0
2021091206,3561,53556,Kylen Granson,1,True,True,False,detached,pass_block,False,False,,,1.0,0.0,SHOTGUN,8.0,6.253411306042885,1.746588693957115,0
2021091207,386,42398,Maxx Williams,1,True,False,True,detached,route,True,False,0.4889510336445973,0.4889510336445973,0.0,0.0,EMPTY,5.0,5.508875739644971,-0.5088757396449708,0
2021091207,621,40615,Demetrius Harris,1,True,True,False,detached,route,True,True,0.0520513809442024,,0.0,0.0,SHOTGUN,5.0,6.253411306042885,-1.253411306042885,0
2021091207,621,42398,Maxx Williams,1,True,True,False,detached,route,True,False,-0.0628067671111962,-0.0628067671111962,0.0,0.0,SHOTGUN,5.0,6.253411306042885,-1.253411306042885,0
2021091207,660,42398,Maxx Williams,1,True,True,True,inline,route,True,False,0.1942434443189562,0.1942434443189562,0.0,1.0,SHOTGUN,6.0,6.253411306042885,-0.2534113060428851,0
2021091207,1344,42398,Maxx Williams,1,True,True,False,detached,route,True,False,-0.2020486842267864,-0.2020486842267864,0.0,0.0,EMPTY,6.0,5.508875739644971,0.4911242603550292,0
2021091207,1540,45355,Anthony Firkser,1,True,True,False,inline,chip_release,True,False,-0.2136988536058677,-0.2136988536058677,1.0,1.0,SHOTGUN,6.0,6.253411306042885,-0.2534113060428851,0
2021091207,1562,42589,Geoff Swaim,1,True,True,False,inline,route,True,True,-0.1397079327137989,,0.0,1.0,SHOTGUN,7.0,6.253411306042885,0.7465886939571149,0
2021091207,1584,45355,Anthony Firkser,1,True,True,False,detached,chip_release,True,False,-0.2281243122682396,-0.2281243122682396,1.0,0.0,SHOTGUN,5.0,6.253411306042885,-1.253411306042885,0
2021091207,1650,42486,MyCole Pruitt,1,True,True,False,detached,route,True,False,-0.0364128747043153,-0.0364128747043153,0.0,0.0,I_FORM,10.0,7.633333333333334,2.3666666666666663,1
2021091207,1650,42589,Geoff Swaim,1,True,True,False,inline,route,True,False,-0.3812850759846438,-0.3812850759846438,0.0,1.0,I_FORM,10.0,7.633333333333334,2.3666666666666663,1
2021091207,2553,42589,Geoff Swaim,1,True,True,False,inline,route,True,False,-0.3432327791127852,-0.3432327791127852,0.0,1.0,SHOTGUN,7.0,6.253411306042885,0.7465886939571149,0
2021091208,225,34540,Jared Cook,1,True,True,False,wing,route,True,True,0.57983101344329,,0.0,1.0,SINGLEBACK,7.0,7.303921568627451,-0.3039215686274508,1
2021091208,225,48456,Donald Parham,1,True,True,False,inline,pass_block,False,False,,,1.0,1.0,SINGLEBACK,7.0,7.303921568627451,-0.3039215686274508,1
2021091208,272,34540,Jared Cook,1,True,True,False,detached,route,True,False,0.0007441371068004,0.0007441371068004,0.0,0.0,SHOTGUN,6.0,6.253411306042885,-0.2534113060428851,0
2021091208,620,41349,Logan Thomas,1,True,True,False,detached,route,True,False,0.4926573570287612,0.4926573570287612,0.0,0.0,EMPTY,4.0,5.508875739644971,-1.5088757396449708,0
2021091208,649,41349,Logan Thomas,1,True,True,False,detached,route,True,False,0.1467894718919814,0.1467894718919814,0.0,0.0,EMPTY,6.0,5.508875739644971,0.4911242603550292,0
2021091208,1304,34540,Jared Cook,1,True,True,False,detached,route,True,False,0.1232956108437883,0.1232956108437883,0.0,0.0,SHOTGUN,6.0,6.253411306042885,-0.2534113060428851,0
2021091208,1988,43845,Stephen Anderson,1,True,True,True,inline,route,True,False,0.0505310192847598,0.0505310192847598,0.0,1.0,SINGLEBACK,6.0,7.303921568627451,-1.3039215686274508,1
2021091208,2010,48456,Donald Parham,1,True,True,True,inline,pass_block,False,False,,,1.0,1.0,SINGLEBACK,7.0,7.303921568627451,-0.3039215686274508,1
2021091208,2046,34540,Jared Cook,1,True,True,True,detached,route,True,True,0.6211944829944017,,0.0,0.0,SHOTGUN,6.0,6.253411306042885,-0.2534113060428851,0
2021091208,2522,41349,Logan Thomas,1,True,True,False,inline,route,True,True,0.1664694722544912,,0.0,1.0,SHOTGUN,6.0,6.253411306042885,-0.2534113060428851,1
2021091208,2804,34540,Jared Cook,1,True,True,False,detached,route,True,False,0.1639801372806846,0.1639801372806846,0.0,0.0,SHOTGUN,5.0,6.253411306042885,-1.253411306042885,0
2021091208,2849,34540,Jared Cook,1,True,True,True,detached,route,True,False,-0.0586095800996342,-0.0586095800996342,0.0,0.0,SHOTGUN,7.0,6.253411306042885,0.7465886939571149,0
2021091208,2849,48456,Donald Parham,1,True,True,True,detached,route,True,False,-0.4302596408930301,-0.4302596408930301,0.0,0.0,SHOTGUN,7.0,6.253411306042885,0.7465886939571149,0
2021091208,3484,34540,Jared Cook,1,True,True,False,wing,pass_block,False,False,,,1.0,1.0,I_FORM,7.0,7.633333333333334,-0.6333333333333337,1
2021091208,3484,43845,Stephen Anderson,1,True,True,False,backfield,route,True,True,0.5289362319051494,,0.0,0.0,I_FORM,7.0,7.633333333333334,-0.6333333333333337,1
2021091208,3484,48456,Donald Parham,1,True,True,False,inline,pass_block,False,False,,,1.0,1.0,I_FORM,7.0,7.633333333333334,-0.6333333333333337,1
2021091208,3575,48456,Donald Parham,1,True,True,True,inline,route,True,True,0.6064425865478933,,0.0,1.0,I_FORM,8.0,7.633333333333334,0.36666666666666625,1
2021091208,3597,43845,Stephen Anderson,1,True,True,True,detached,route,True,False,1.028187250654625,1.028187250654625,0.0,0.0,EMPTY,6.0,5.508875739644971,0.4911242603550292,0
2021091208,4312,34540,Jared Cook,1,True,True,False,detached,route,True,False,0.1390687835784769,0.1390687835784769,0.0,0.0,SHOTGUN,5.0,6.253411306042885,-1.253411306042885,0
2021091209,289,43370,Austin Hooper,1,True,True,False,detached,route,True,True,0.5038806922913994,,0.0,0.0,EMPTY,6.0,5.508875739644971,0.4911242603550292,0
2021091209,289,44841,David Njoku,1,True,True,False,detached,route,True,False,0.285385243419117,0.285385243419117,0.0,0.0,EMPTY,6.0,5.508875739644971,0.4911242603550292,0
2021091209,620,40011,Travis Kelce,1,True,True,False,detached,route,True,False,-0.2037989793167786,-0.2037989793167786,0.0,0.0,SHOTGUN,6.0,6.253411306042885,-0.2534113060428851,1
2021091209,620,42460,Blake Bell,1,True,True,False,inline,route,True,False,-0.1899162720523096,-0.1899162720523096,0.0,1.0,SHOTGUN,6.0,6.253411306042885,-0.2534113060428851,1
2021091209,642,40011,Travis Kelce,1,True,True,False,inline,route,True,True,0.0343753774646318,,0.0,1.0,EMPTY,6.0,5.508875739644971,0.4911242603550292,1
2021091209,710,48683,Joe Fortson,1,True,True,False,inline,chip_release,True,False,-0.0379977316421697,-0.0379977316421697,1.0,1.0,SHOTGUN,5.0,6.253411306042885,-1.253411306042885,0
2021091209,866,44841,David Njoku,1,True,True,False,inline,route,True,True,-0.2524419927109569,,0.0,1.0,EMPTY,6.0,5.508875739644971,0.4911242603550292,0
2021091209,1295,40011,Travis Kelce,1,True,True,True,inline,route,True,False,0.07022832668099,0.07022832668099,0.0,1.0,SINGLEBACK,7.0,7.303921568627451,-0.3039215686274508,1
2021091209,1295,48683,Joe Fortson,1,True,True,True,inline,chip_release,True,False,0.641436924513354,0.641436924513354,1.0,1.0,SINGLEBACK,7.0,7.303921568627451,-0.3039215686274508,1
2021091209,1295,53591,Noah Gray,1,True,True,True,wing,route,True,False,0.4919210556845019,0.4919210556845019,0.0,1.0,SINGLEBACK,7.0,7.303921568627451,-0.3039215686274508,1
2021091209,2340,40011,Travis Kelce,1,True,True,False,detached,route,True,False,0.1732416579041752,0.1732416579041752,0.0,0.0,SINGLEBACK,6.0,7.303921568627451,-1.3039215686274508,1
2021091209,2340,42460,Blake Bell,1,True,True,False,inline,route,True,False,-0.3778896608486715,-0.3778896608486715,0.0,1.0,SINGLEBACK,6.0,7.303921568627451,-1.3039215686274508,1
2021091209,2364,40011,Travis Kelce,1,True,True,False,wing,route,True,False,0.1164370531220859,0.1164370531220859,0.0,1.0,EMPTY,6.0,5.508875739644971,0.4911242603550292,0
2021091209,2364,48683,Joe Fortson,1,True,True,False,inline,route,True,False,-0.163236439263213,-0.163236439263213,0.0,1.0,EMPTY,6.0,5.508875739644971,0.4911242603550292,0
2021091209,2364,53591,Noah Gray,1,True,True,False,detached,route,True,False,-0.1558693622231093,-0.1558693622231093,0.0,0.0,EMPTY,6.0,5.508875739644971,0.4911242603550292,0
2021091209,2425,40011,Travis Kelce,1,True,True,False,detached,route,True,True,-0.1500316455700112,,0.0,0.0,EMPTY,5.0,5.508875739644971,-0.5088757396449708,0
2021091209,2735,40011,Travis Kelce,1,True,True,False,detached,route,True,False,-0.0515120329441113,-0.0515120329441113,0.0,0.0,SHOTGUN,5.0,6.253411306042885,-1.253411306042885,0
2021091209,3286,40011,Travis Kelce,1,True,True,False,detached,route,True,True,-0.4530670568550742,,0.0,0.0,SHOTGUN,5.0,6.253411306042885,-1.253411306042885,0
2021091210,1020,44912,Jonnu Smith,1,True,True,False,detached,route,True,False,-0.0441797420442338,-0.0441797420442338,0.0,0.0,SINGLEBACK,6.0,7.303921568627451,-1.3039215686274508,0
2021091210,1657,44912,Jonnu Smith,1,True,True,False,inline,pass_block,False,False,,,1.0,1.0,I_FORM,8.0,7.633333333333334,0.36666666666666625,1
2021091210,1712,43324,Hunter Henry,1,True,True,True,inline,route,True,False,-0.091684035319253,-0.091684035319253,0.0,1.0,I_FORM,6.0,7.633333333333334,-1.6333333333333337,1
2021091210,2287,46111,Mike Gesicki,1,True,True,True,detached,route,True,False,0.5768409249934292,0.5768409249934292,0.0,0.0,SINGLEBACK,7.0,7.303921568627451,-0.3039215686274508,1
2021091210,2287,46192,Durham Smythe,1,True,True,True,inline,route,True,False,0.6244103581138134,0.6244103581138134,0.0,1.0,SINGLEBACK,7.0,7.303921568627451,-0.3039215686274508,1
2021091210,3239,43324,Hunter Henry,1,True,True,False,wing,route,True,False,-0.1955769475162869,-0.1955769475162869,0.0,1.0,SINGLEBACK,6.0,7.303921568627451,-1.3039215686274508,0
2021091210,3239,44912,Jonnu Smith,1,True,True,False,inline,pass_block,False,False,,,1.0,1.0,SINGLEBACK,6.0,7.303921568627451,-1.3039215686274508,0
2021091211,709,52513,Adam Trautman,1,True,True,False,detached,route,True,False,-0.639965381357654,-0.639965381357654,0.0,0.0,SHOTGUN,6.0,6.253411306042885,-0.2534113060428851,0
2021091211,1274,52513,Adam Trautman,1,True,True,True,inline,route,True,False,0.2820097391764444,0.2820097391764444,0.0,1.0,I_FORM,6.0,7.633333333333334,-1.6333333333333337,1
2021091211,1391,44075,Garrett Griffin,1,True,True,True,backfield,route,True,False,-0.1735396461480225,-0.1735396461480225,0.0,0.0,JUMBO,9.0,10.214285714285714,-1.2142857142857135,1
2021091211,1391,52513,Adam Trautman,1,True,True,True,detached,route,True,False,-0.2964513979680315,-0.2964513979680315,0.0,0.0,JUMBO,9.0,10.214285714285714,-1.2142857142857135,1
2021091211,1391,52942,Juwan Johnson,1,True,True,True,inline,route,True,True,-0.653838169021137,,0.0,1.0,JUMBO,9.0,10.214285714285714,-1.2142857142857135,1
2021091211,1979,30842,Marcedes Lewis,1,True,True,False,inline,route,True,False,0.033499974708699,0.033499974708699,0.0,1.0,SHOTGUN,8.0,6.253411306042885,1.746588693957115,0
2021091211,1979,53172,Dominique Dafney,1,True,True,False,wing,route,True,False,-0.4449196112349594,-0.4449196112349594,0.0,1.0,SHOTGUN,8.0,6.253411306042885,1.746588693957115,0
2021091211,2327,52513,Adam Trautman,1,True,True,False,detached,route,True,False,0.0217478344896264,0.0217478344896264,0.0,0.0,PISTOL,6.0,6.421052631578948,-0.4210526315789478,0
2021091211,2536,52942,Juwan Johnson,1,True,True,False,detached,route,True,True,0.0779842518818045,,0.0,0.0,SHOTGUN,6.0,6.253411306042885,-0.2534113060428851,0
2021091211,2617,52942,Juwan Johnson,1,True,True,True,detached,route,True,True,-0.1740722572010596,,0.0,0.0,SHOTGUN,6.0,6.253411306042885,-0.2534113060428851,0
2021091212,702,52526,Albert Okwuegbunam,1,True,True,False,detached,route,True,False,-0.1306434629555055,-0.1306434629555055,0.0,0.0,EMPTY,5.0,5.508875739644971,-0.5088757396449708,0
2021091212,745,47803,Noah Fant,1,True,True,False,inline,chip_release,True,True,-0.1673397640082676,,1.0,1.0,SINGLEBACK,6.0,7.303921568627451,-1.3039215686274508,1
2021091212,788,47803,Noah Fant,1,True,True,False,detached,route,True,False,0.6613999014819869,0.6613999014819869,0.0,0.0,EMPTY,3.0,5.508875739644971,-2.508875739644971,0
2021091212,1239,44987,Eric Saubert,1,True,True,False,inline,route,True,False,-0.3507993744248423,-0.3507993744248423,0.0,1.0,SINGLEBACK,7.0,7.303921568627451,-0.3039215686274508,0
2021091212,1239,47803,Noah Fant,1,True,True,False,inline,route,True,False,-0.5773106902074369,-0.5773106902074369,0.0,1.0,SINGLEBACK,7.0,7.303921568627451,-0.3039215686274508,0
2021091212,1239,52526,Albert Okwuegbunam,1,True,True,False,wing,route,True,False,0.0685915025066202,0.0685915025066202,0.0,1.0,SINGLEBACK,7.0,7.303921568627451,-0.3039215686274508,0
2021091212,1260,47803,Noah Fant,1,True,True,False,wing,route,True,False,0.6352995452306927,0.6352995452306927,0.0,1.0,SINGLEBACK,6.0,7.303921568627451,-1.3039215686274508,1
2021091212,1260,52526,Albert Okwuegbunam,1,True,True,False,inline,chip_release,True,True,-0.1748908926080243,,1.0,1.0,SINGLEBACK,6.0,7.303921568627451,-1.3039215686274508,1
2021091212,1593,47803,Noah Fant,1,True,True,False,detached,route,True,False,0.4214103107734017,0.4214103107734017,0.0,0.0,SHOTGUN,6.0,6.253411306042885,-0.2534113060428851,0
2021091212,2129,47803,Noah Fant,1,True,True,False,detached,route,True,False,0.1842742605226945,0.1842742605226945,0.0,0.0,EMPTY,6.0,5.508875739644971,0.4911242603550292,0
2021091212,2151,47803,Noah Fant,1,True,True,False,detached,route,True,True,0.05352972885573,,0.0,0.0,EMPTY,5.0,5.508875739644971,-0.5088757396449708,0
2021091212,2971,37118,Kyle Rudolph,1,True,True,False,detached,route,True,False,-0.4613134931768462,-0.4613134931768462,0.0,0.0,SHOTGUN,6.0,6.253411306042885,-0.2534113060428851,0
2021091212,3014,37118,Kyle Rudolph,1,True,True,False,inline,pass_block,False,False,,,1.0,1.0,SHOTGUN,6.0,6.253411306042885,-0.2534113060428851,0
2021091212,3047,37118,Kyle Rudolph,1,True,True,True,inline,route,True,False,-0.2769018644406129,-0.2769018644406129,0.0,1.0,SHOTGUN,6.0,6.253411306042885,-0.2534113060428851,0
2021091212,3095,37118,Kyle Rudolph,1,True,True,True,detached,route,True,True,0.0747537223722105,,0.0,0.0,SHOTGUN,6.0,6.253411306042885,-0.2534113060428851,0
2021091212,3117,37118,Kyle Rudolph,1,True,True,False,detached,route,True,False,-0.2141606410569672,-0.2141606410569672,0.0,0.0,EMPTY,5.0,5.508875739644971,-0.5088757396449708,0
2021091212,3366,37118,Kyle Rudolph,1,True,True,False,detached,route,True,True,-0.1846881077961647,,0.0,0.0,SHOTGUN,5.0,6.253411306042885,-1.253411306042885,1
2021091212,3388,47959,Kaden Smith,1,True,True,False,backfield,route,True,False,0.0463417994616536,0.0463417994616536,0.0,0.0,SHOTGUN,6.0,6.253411306042885,-0.2534113060428851,0
2021091212,3410,47959,Kaden Smith,1,True,True,False,inline,route,True,False,-0.2277717751376812,-0.2277717751376812,0.0,1.0,SHOTGUN,6.0,6.253411306042885,-0.2534113060428851,0
2021091212,3719,37118,Kyle Rudolph,1,True,True,False,detached,route,True,False,-0.3163926188378665,-0.3163926188378665,0.0,0.0,SHOTGUN,6.0,6.253411306042885,-0.2534113060428851,0
2021091212,3743,37118,Kyle Rudolph,1,True,True,False,detached,route,True,False,-0.1294867585825034,-0.1294867585825034,0.0,0.0,SHOTGUN,6.0,6.253411306042885,-0.2534113060428851,0
2021091213,217,35534,Jimmy Graham,1,True,True,False,detached,route,True,False,-0.1278856880656669,-0.1278856880656669,0.0,0.0,EMPTY,5.0,5.508875739644971,-0.5088757396449708,0
2021091213,217,52451,Cole Kmet,1,True,True,False,detached,route,True,False,-0.0747087415283709,-0.0747087415283709,0.0,0.0,EMPTY,5.0,5.508875739644971,-0.5088757396449708,0
2021091213,991,43399,Tyler Higbee,1,True,True,False,inline,route,True,False,-0.1692606044608934,-0.1692606044608934,0.0,1.0,SINGLEBACK,6.0,7.303921568627451,-1.3039215686274508,0
2021091213,991,45094,Johnny Mundt,1,True,True,False,inline,route,True,False,0.3368362524018868,0.3368362524018868,0.0,1.0,SINGLEBACK,6.0,7.303921568627451,-1.3039215686274508,0
2021091213,1042,43399,Tyler Higbee,1,True,True,True,detached,route,True,False,0.2670792906659586,0.2670792906659586,0.0,0.0,PISTOL,7.0,6.421052631578948,0.5789473684210522,0
2021091213,1064,43399,Tyler Higbee,1,True,True,True,inline,route,True,False,-0.3201693367042755,-0.3201693367042755,0.0,1.0,SHOTGUN,8.0,6.253411306042885,1.746588693957115,0
2021091213,1616,52451,Cole Kmet,1,True,True,False,detached,route,True,False,-0.2408712882898729,-0.2408712882898729,0.0,0.0,SHOTGUN,6.0,6.253411306042885,-0.2534113060428851,0
2021091213,2243,35534,Jimmy Graham,1,True,True,False,detached,route,True,True,0.1028836165476068,,0.0,0.0,SHOTGUN,6.0,6.253411306042885,-0.2534113060428851,0
2021091213,2469,43399,Tyler Higbee,1,True,True,False,inline,route,True,False,-0.5789739679862277,-0.5789739679862277,0.0,1.0,SHOTGUN,7.0,6.253411306042885,0.7465886939571149,0
2021091213,3224,43399,Tyler Higbee,1,True,True,False,detached,route,True,True,0.0354583994314192,,0.0,0.0,EMPTY,6.0,5.508875739644971,0.4911242603550292,0
2021091213,3284,43399,Tyler Higbee,1,True,True,False,inline,route,True,False,-0.3705440345060435,-0.3705440345060435,0.0,1.0,SINGLEBACK,9.0,7.303921568627451,1.6960784313725492,1
2021091300,1250,46155,Mark Andrews,1,True,True,False,inline,route,True,False,-0.1874596376911875,-0.1874596376911875,0.0,1.0,SHOTGUN,7.0,6.253411306042885,0.7465886939571149,0
2021091300,1250,47852,Josh Oliver,1,True,True,False,inline,route,True,True,0.2943763402444668,,0.0,1.0,SHOTGUN,7.0,6.253411306042885,0.7465886939571149,0
2021091300,1293,46155,Mark Andrews,1,True,True,False,detached,route,True,False,-0.0925374963763887,-0.0925374963763887,0.0,0.0,SHOTGUN,6.0,6.253411306042885,-0.2534113060428851,0
2021091300,1485,39109,Derek Carrier,1,True,True,False,detached,route,True,False,-0.2144092919761138,-0.2144092919761138,0.0,0.0,SHOTGUN,7.0,6.253411306042885,0.7465886939571149,0
2021091300,1485,42547,Darren Waller,1,True,True,False,inline,route,True,False,0.381239559582156,0.381239559582156,0.0,1.0,SHOTGUN,7.0,6.253411306042885,0.7465886939571149,0
2021091300,1485,47920,Foster Moreau,1,True,True,False,detached,route,True,False,-0.1782717037916263,-0.1782717037916263,0.0,0.0,SHOTGUN,7.0,6.253411306042885,0.7465886939571149,0
2021091300,1553,42547,Darren Waller,1,True,True,False,inline,pass_block,False,False,,,1.0,1.0,SHOTGUN,7.0,6.253411306042885,0.7465886939571149,0
2021091300,2063,42547,Darren Waller,1,True,True,False,inline,route,True,False,-0.033455051910282,-0.033455051910282,0.0,1.0,SHOTGUN,5.0,6.253411306042885,-1.253411306042885,0
2021091300,2879,42547,Darren Waller,1,True,True,False,inline,route,True,False,0.0557625688816281,0.0557625688816281,0.0,1.0,SHOTGUN,6.0,6.253411306042885,-0.2534113060428851,0
2021091300,3812,42547,Darren Waller,1,True,False,True,detached,route,True,True,-0.1854504697120561,,0.0,0.0,SHOTGUN,6.0,6.253411306042885,-0.2534113060428851,0
2021091300,3836,42547,Darren Waller,1,True,True,False,inline,route,True,True,-0.328302559637695,,0.0,1.0,EMPTY,5.0,5.508875739644971,-0.5088757396449708,0
2021091300,4586,42547,Darren Waller,1,True,True,True,detached,route,True,False,0.1230979519938402,0.1230979519938402,0.0,0.0,SHOTGUN,7.0,6.253411306042885,0.7465886939571149,0
2021091300,4608,42547,Darren Waller,1,True,True,True,detached,route,True,False,-0.2192024872044403,-0.2192024872044403,0.0,0.0,EMPTY,5.0,5.508875739644971,-0.5088757396449708,0
2021091300,4608,47920,Foster Moreau,1,True,True,True,detached,route,True,False,0.1602697805607358,0.1602697805607358,0.0,0.0,EMPTY,5.0,5.508875739644971,-0.5088757396449708,0
2021091600,375,37118,Kyle Rudolph,2,True,True,False,detached,route,True,False,0.3191900236973441,0.3191900236973441,0.0,0.0,SHOTGUN,6.0,6.253411306042885,-0.2534113060428851,0
2021091600,1061,41349,Logan Thomas,2,True,True,False,detached,route,True,False,0.1362659615644157,0.1362659615644157,0.0,0.0,SHOTGUN,7.0,6.253411306042885,0.7465886939571149,1
2021091600,1061,45481,Ricky Seals-Jones,2,True,True,False,wing,route,True,False,-0.0420372556655157,-0.0420372556655157,0.0,1.0,SHOTGUN,7.0,6.253411306042885,0.7465886939571149,1
2021091600,1061,53553,John Bates,2,True,True,False,inline,route,True,False,-0.2966856061251723,-0.2966856061251723,0.0,1.0,SHOTGUN,7.0,6.253411306042885,0.7465886939571149,1
2021091600,1594,37118,Kyle Rudolph,2,True,True,False,detached,route,True,False,0.1289767424112704,0.1289767424112704,0.0,0.0,SHOTGUN,5.0,6.253411306042885,-1.253411306042885,0
2021091600,1950,41349,Logan Thomas,2,True,True,False,detached,route,True,False,0.2473247645026499,0.2473247645026499,0.0,0.0,EMPTY,5.0,5.508875739644971,-0.5088757396449708,0
2021091600,1991,41349,Logan Thomas,2,True,True,False,detached,route,True,False,-0.3845132877154295,-0.3845132877154295,0.0,0.0,SHOTGUN,6.0,6.253411306042885,-0.2534113060428851,0
2021091600,3827,41349,Logan Thomas,2,True,True,False,inline,route,True,False,-0.127772791880229,-0.127772791880229,0.0,1.0,SHOTGUN,6.0,6.253411306042885,-0.2534113060428851,1
2021091600,3827,45481,Ricky Seals-Jones,2,True,True,False,wing,route,True,True,-0.0455727188250812,,0.0,1.0,SHOTGUN,6.0,6.253411306042885,-0.2534113060428851,1
2021091600,4183,37118,Kyle Rudolph,2,True,True,False,detached,route,True,False,-0.5114362921919097,-0.5114362921919097,0.0,0.0,SHOTGUN,6.0,6.253411306042885,-0.2534113060428851,0
2021091900,145,46170,Ian Thomas,2,True,True,False,inline,route,True,False,0.5374255951702298,0.5374255951702298,0.0,1.0,SINGLEBACK,7.0,7.303921568627451,-0.3039215686274508,1
2021091900,145,53512,Tommy Tremble,2,True,True,False,wing,pass_block,False,False,,,1.0,1.0,SINGLEBACK,7.0,7.303921568627451,-0.3039215686274508,1
2021091900,940,45785,Dan Arnold,2,True,True,False,detached,route,True,False,0.1152417123192338,0.1152417123192338,0.0,0.0,SHOTGUN,6.0,6.253411306042885,-0.2534113060428851,0
2021091900,940,46170,Ian Thomas,2,True,True,False,detached,route,True,False,-0.1044512661900813,-0.1044512661900813,0.0,0.0,SHOTGUN,6.0,6.253411306042885,-0.2534113060428851,0
2021091900,1024,46170,Ian Thomas,2,True,True,True,inline,pass_block,False,False,,,1.0,1.0,SINGLEBACK,8.0,7.303921568627451,0.6960784313725492,1
2021091900,1024,53512,Tommy Tremble,2,True,True,True,inline,chip_release,True,False,0.9839542851237272,0.9839542851237272,1.0,1.0,SINGLEBACK,8.0,7.303921568627451,0.6960784313725492,1
2021091900,1558,46170,Ian Thomas,2,True,True,True,detached,pass_block,False,False,,,1.0,0.0,SHOTGUN,7.0,6.253411306042885,0.7465886939571149,0
2021091900,2784,44075,Garrett Griffin,2,True,True,False,detached,route,True,False,0.3835282759866575,0.3835282759866575,0.0,0.0,EMPTY,7.0,5.508875739644971,1.4911242603550292,0
2021091900,2784,52513,Adam Trautman,2,True,True,False,wing,route,True,False,-0.2166413006043782,-0.2166413006043782,0.0,1.0,EMPTY,7.0,5.508875739644971,1.4911242603550292,0
2021091900,2784,52942,Juwan Johnson,2,True,True,False,inline,route,True,False,0.4902271208487134,0.4902271208487134,0.0,1.0,EMPTY,7.0,5.508875739644971,1.4911242603550292,0
2021091900,2805,52513,Adam Trautman,2,True,True,False,inline,pass_block,False,False,,,1.0,1.0,SHOTGUN,6.0,6.253411306042885,-0.2534113060428851,0
2021091900,2879,52513,Adam Trautman,2,True,True,False,detached,route,True,False,-0.0910101487984665,-0.0910101487984665,0.0,0.0,SHOTGUN,6.0,6.253411306042885,-0.2534113060428851,0
2021091901,248,35534,Jimmy Graham,2,True,True,False,detached,route,True,False,0.8298072627535309,0.8298072627535309,0.0,0.0,SINGLEBACK,6.0,7.303921568627451,-1.3039215686274508,0
2021091901,248,42503,Jesse James,2,True,True,False,inline,route,True,False,-0.1402428081690925,-0.1402428081690925,0.0,1.0,SINGLEBACK,6.0,7.303921568627451,-1.3039215686274508,0
2021091901,248,52451,Cole Kmet,2,True,True,False,wing,route,True,False,0.1084429077629656,0.1084429077629656,0.0,1.0,SINGLEBACK,6.0,7.303921568627451,-1.3039215686274508,0
2021091901,293,52451,Cole Kmet,2,True,True,False,detached,route,True,False,0.1486258822934807,0.1486258822934807,0.0,0.0,SHOTGUN,6.0,6.253411306042885,-0.2534113060428851,0
2021091901,2764,35534,Jimmy Graham,2,True,True,True,wing,route,True,False,-0.3984374879918726,-0.3984374879918726,0.0,1.0,SHOTGUN,6.0,6.253411306042885,-0.2534113060428851,0
2021091901,2764,52451,Cole Kmet,2,True,True,True,inline,route,True,False,0.1763194652461602,0.1763194652461602,0.0,1.0,SHOTGUN,6.0,6.253411306042885,-0.2534113060428851,0
2021091901,2832,35534,Jimmy Graham,2,True,True,False,detached,route,True,False,-0.6905274148248877,-0.6905274148248877,0.0,0.0,SHOTGUN,5.0,6.253411306042885,-1.253411306042885,0
2021091901,3370,35534,Jimmy Graham,2,True,True,True,detached,route,True,False,-0.0101262707555087,-0.0101262707555087,0.0,0.0,PISTOL,7.0,6.421052631578948,0.5789473684210522,0
2021091901,3717,42500,C.J. Uzomah,2,True,True,True,inline,route,True,False,-0.2380313452683088,-0.2380313452683088,0.0,1.0,SHOTGUN,6.0,6.253411306042885,-0.2534113060428851,0
2021091902,260,43370,Austin Hooper,2,True,True,True,inline,route,True,True,-0.1803118259483125,,0.0,1.0,SHOTGUN,6.0,6.253411306042885,-0.2534113060428851,0
2021091902,260,44841,David Njoku,2,True,True,True,detached,route,True,False,0.0064250410512931,0.0064250410512931,0.0,0.0,SHOTGUN,6.0,6.253411306042885,-0.2534113060428851,0
2021091902,1263,46167,Jordan Akins,2,True,True,False,detached,pass_block,False,False,,,1.0,0.0,EMPTY,5.0,5.508875739644971,-0.5088757396449708,0
2021091902,1366,45339,Pharaoh Brown,2,True,True,False,detached,route,True,False,-0.1881715971070122,-0.1881715971070122,0.0,0.0,EMPTY,5.0,5.508875739644971,-0.5088757396449708,0
2021091902,1366,46167,Jordan Akins,2,True,True,False,detached,route,True,False,-0.0948177082987406,-0.0948177082987406,0.0,0.0,EMPTY,5.0,5.508875739644971,-0.5088757396449708,0
2021091902,1595,44841,David Njoku,2,True,True,False,detached,route,True,True,-0.0131504826238798,,0.0,0.0,EMPTY,6.0,5.508875739644971,0.4911242603550292,0
2021091902,1595,52523,Harrison Bryant,2,True,True,False,detached,route,True,False,0.2206999726705175,0.2206999726705175,0.0,0.0,EMPTY,6.0,5.508875739644971,0.4911242603550292,0
2021091902,1619,44841,David Njoku,2,True,True,False,detached,route,True,False,-0.1453120895606836,-0.1453120895606836,0.0,0.0,EMPTY,7.0,5.508875739644971,1.4911242603550292,0
2021091902,2492,44841,David Njoku,2,True,True,False,inline,route,True,False,0.8352607650982942,0.8352607650982942,0.0,1.0,I_FORM,8.0,7.633333333333334,0.36666666666666625,1
2021091902,2965,45339,Pharaoh Brown,2,True,True,False,inline,route,True,False,-0.1680130570163888,-0.1680130570163888,0.0,1.0,SHOTGUN,6.0,6.253411306042885,-0.2534113060428851,0
2021091902,2965,46167,Jordan Akins,2,True,True,False,inline,route,True,False,-0.3398830517003688,-0.3398830517003688,0.0,1.0,SHOTGUN,6.0,6.253411306042885,-0.2534113060428851,0
2021091902,3052,45339,Pharaoh Brown,2,True,True,False,inline,pass_block,False,False,,,1.0,1.0,SINGLEBACK,8.0,7.303921568627451,0.6960784313725492,0
2021091903,181,40641,Jack Doyle,2,True,True,False,detached,route,True,True,-0.076233423502284,,0.0,0.0,SHOTGUN,6.0,6.253411306042885,-0.2534113060428851,0
2021091903,289,40641,Jack Doyle,2,True,True,True,inline,route,True,False,-0.2722454716124458,-0.2722454716124458,0.0,1.0,SINGLEBACK,8.0,7.303921568627451,0.6960784313725492,1
2021091903,289,44792,Mo Alie-Cox,2,True,True,True,inline,chip_release,True,False,-0.3015077686076868,-0.3015077686076868,1.0,1.0,SINGLEBACK,8.0,7.303921568627451,0.6960784313725492,1
2021091903,289,53556,Kylen Granson,2,True,True,True,wing,route,True,False,0.1240454393390717,0.1240454393390717,0.0,1.0,SINGLEBACK,8.0,7.303921568627451,0.6960784313725492,1
2021091903,471,43399,Tyler Higbee,2,True,True,False,detached,route,True,False,0.2226833741633997,0.2226833741633997,0.0,0.0,SHOTGUN,5.0,6.253411306042885,-1.253411306042885,0
2021091903,874,40641,Jack Doyle,2,True,True,True,inline,route,True,False,-0.2847613958789861,-0.2847613958789861,0.0,1.0,SHOTGUN,7.0,6.253411306042885,0.7465886939571149,0
2021091903,1266,43399,Tyler Higbee,2,True,True,False,detached,route,True,False,0.1805691463129639,0.1805691463129639,0.0,0.0,EMPTY,5.0,5.508875739644971,-0.5088757396449708,0
2021091903,1352,43399,Tyler Higbee,2,True,True,False,detached,route,True,False,0.0897678110410701,0.0897678110410701,0.0,0.0,PISTOL,6.0,6.421052631578948,-0.4210526315789478,0
2021091903,2172,40641,Jack Doyle,2,True,True,False,detached,route,True,True,0.5646346972835813,,0.0,0.0,SHOTGUN,6.0,6.253411306042885,-0.2534113060428851,0
2021091903,2194,44792,Mo Alie-Cox,2,True,True,False,inline,route,True,False,0.0133922647316872,0.0133922647316872,0.0,1.0,SHOTGUN,6.0,6.253411306042885,-0.2534113060428851,0
2021091903,2276,40641,Jack Doyle,2,True,True,False,detached,route,True,False,0.0866999819826763,0.0866999819826763,0.0,0.0,SHOTGUN,6.0,6.253411306042885,-0.2534113060428851,0
2021091903,2319,40641,Jack Doyle,2,True,True,True,detached,route,True,False,-0.3134708377128435,-0.3134708377128435,0.0,0.0,EMPTY,5.0,5.508875739644971,-0.5088757396449708,0
2021091903,2829,43399,Tyler Higbee,2,True,True,False,inline,route,True,False,-0.0268195164781724,-0.0268195164781724,0.0,1.0,EMPTY,5.0,5.508875739644971,-0.5088757396449708,0
2021091903,3086,40641,Jack Doyle,2,True,True,False,detached,route,True,False,-0.4538327897077284,-0.4538327897077284,0.0,0.0,SHOTGUN,6.0,6.253411306042885,-0.2534113060428851,0
2021091904,639,52526,Albert Okwuegbunam,2,True,True,True,inline,route,True,False,0.2692568257451548,0.2692568257451548,0.0,1.0,SINGLEBACK,6.0,7.303921568627451,-1.3039215686274508,1
2021091904,658,47803,Noah Fant,2,True,False,True,inline,chip_release,True,False,0.0438128680776617,0.0438128680776617,1.0,1.0,SHOTGUN,7.0,6.253411306042885,0.7465886939571149,0
2021091904,682,47803,Noah Fant,2,True,False,True,detached,route,True,True,-0.1450924070526981,,0.0,0.0,SHOTGUN,5.0,6.253411306042885,-1.253411306042885,0
2021091904,1535,47803,Noah Fant,2,True,True,False,wing,route,True,False,0.2491352954031218,0.2491352954031218,0.0,1.0,SINGLEBACK,8.0,7.303921568627451,0.6960784313725492,0
2021091904,1535,52526,Albert Okwuegbunam,2,True,True,False,inline,route,True,False,0.8574137261417518,0.8574137261417518,0.0,1.0,SINGLEBACK,8.0,7.303921568627451,0.6960784313725492,0
2021091904,2165,44987,Eric Saubert,2,True,True,False,detached,route,True,False,-0.2089689455233808,-0.2089689455233808,0.0,0.0,EMPTY,6.0,5.508875739644971,0.4911242603550292,0
2021091904,2165,47803,Noah Fant,2,True,True,False,detached,route,True,True,-0.3408618028289222,,0.0,0.0,EMPTY,6.0,5.508875739644971,0.4911242603550292,0
2021091904,2165,52526,Albert Okwuegbunam,2,True,True,False,detached,route,True,False,0.0680323406200048,0.0680323406200048,0.0,0.0,EMPTY,6.0,5.508875739644971,0.4911242603550292,0
2021091905,472,47879,Dawson Knox,2,True,True,True,backfield,route,True,False,-1.0026318652702415,-1.0026318652702415,0.0,0.0,I_FORM,8.0,7.633333333333334,0.36666666666666625,1
2021091905,515,47879,Dawson Knox,2,True,True,False,detached,route,True,False,1.1790846850155257,1.1790846850155257,0.0,0.0,SHOTGUN,8.0,6.253411306042885,1.746588693957115,1
2021091905,1345,46111,Mike Gesicki,2,True,True,False,detached,route,True,False,-0.0686754705206724,-0.0686754705206724,0.0,0.0,SHOTGUN,6.0,6.253411306042885,-0.2534113060428851,0
2021091905,1367,46111,Mike Gesicki,2,True,True,False,detached,route,True,False,-0.1469820697619392,-0.1469820697619392,0.0,0.0,EMPTY,6.0,5.508875739644971,0.4911242603550292,0
2021091905,2543,47879,Dawson Knox,2,True,True,False,detached,route,True,False,-0.1218686135457997,-0.1218686135457997,0.0,0.0,SINGLEBACK,7.0,7.303921568627451,-0.3039215686274508,1
2021091905,2623,47879,Dawson Knox,2,True,True,True,inline,route,True,True,0.8945361350179548,,0.0,1.0,SINGLEBACK,6.0,7.303921568627451,-1.3039215686274508,1
2021091905,3388,47879,Dawson Knox,2,True,True,False,inline,chip_release,True,False,0.2271317406454129,0.2271317406454129,1.0,1.0,I_FORM,8.0,7.633333333333334,0.36666666666666625,1
2021091905,3730,47879,Dawson Knox,2,True,True,False,inline,route,True,False,-0.2454013418379178,-0.2454013418379178,0.0,1.0,I_FORM,7.0,7.633333333333334,-0.6333333333333337,1
2021091905,3779,47879,Dawson Knox,2,True,True,False,detached,route,True,False,0.0902192372839689,0.0902192372839689,0.0,0.0,SHOTGUN,5.0,6.253411306042885,-1.253411306042885,0
2021091905,4175,44857,Adam Shaheen,2,True,True,False,detached,route,True,False,-0.0124949817355083,-0.0124949817355083,0.0,0.0,SHOTGUN,6.0,6.253411306042885,-0.2534113060428851,0
2021091905,4203,46192,Durham Smythe,2,True,True,False,detached,route,True,False,-0.3864752091389689,-0.3864752091389689,0.0,0.0,EMPTY,5.0,5.508875739644971,-0.5088757396449708,0
2021091906,2649,43324,Hunter Henry,2,True,True,False,detached,route,True,True,-0.1360170781589037,,0.0,0.0,SHOTGUN,7.0,6.253411306042885,0.7465886939571149,0
2021091906,2671,43324,Hunter Henry,2,True,True,False,detached,route,True,False,-0.2121883892623848,-0.2121883892623848,0.0,0.0,SHOTGUN,6.0,6.253411306042885,-0.2534113060428851,0
2021091906,3293,40149,Ryan Griffin,2,True,True,False,inline,pass_block,False,False,,,1.0,1.0,SHOTGUN,6.0,6.253411306042885,-0.2534113060428851,0
2021091906,3336,42428,Tyler Kroft,2,True,True,False,detached,route,True,False,-0.3727721225463323,-0.3727721225463323,0.0,0.0,EMPTY,5.0,5.508875739644971,-0.5088757396449708,0
2021091907,1507,39983,Zach Ertz,2,True,True,True,detached,route,True,False,0.3708569594653015,0.3708569594653015,0.0,0.0,SHOTGUN,7.0,6.253411306042885,0.7465886939571149,0
2021091907,1507,46118,Dallas Goedert,2,True,True,True,inline,route,True,False,0.0319375312012299,0.0319375312012299,0.0,1.0,SHOTGUN,7.0,6.253411306042885,0.7465886939571149,0
2021091907,1540,39983,Zach Ertz,2,True,True,True,inline,route,True,True,0.0570615020419249,,0.0,1.0,JUMBO,11.0,10.214285714285714,0.7857142857142865,1
2021091907,1540,46118,Dallas Goedert,2,True,True,True,wing,pass_block,False,False,,,1.0,1.0,JUMBO,11.0,10.214285714285714,0.7857142857142865,1
2021091907,1540,53946,Jack Stoll,2,True,True,True,backfield,pass_block,False,False,,,1.0,0.0,JUMBO,11.0,10.214285714285714,0.7857142857142865,1
2021091907,1954,44959,George Kittle,2,True,True,False,detached,route,True,False,0.009822823049353,0.009822823049353,0.0,0.0,EMPTY,6.0,5.508875739644971,0.4911242603550292,0
2021091907,3014,44959,George Kittle,2,True,True,True,inline,route,True,False,0.3735936926981988,0.3735936926981988,0.0,1.0,SHOTGUN,6.0,6.253411306042885,-0.2534113060428851,0
2021091907,3690,46118,Dallas Goedert,2,True,True,False,inline,route,True,True,-0.168660462639422,,0.0,1.0,SHOTGUN,6.0,6.253411306042885,-0.2534113060428851,0
2021091908,1175,39109,Derek Carrier,2,True,True,False,wing,route,True,False,-0.3505109766629839,-0.3505109766629839,0.0,1.0,SINGLEBACK,8.0,7.303921568627451,0.6960784313725492,1
2021091908,1175,42547,Darren Waller,2,True,True,False,inline,route,True,True,-0.020048045336072,,0.0,1.0,SINGLEBACK,8.0,7.303921568627451,0.6960784313725492,1
2021091908,1175,47920,Foster Moreau,2,True,True,False,inline,route,True,False,0.1682486721659328,0.1682486721659328,0.0,1.0,SINGLEBACK,8.0,7.303921568627451,0.6960784313725492,1
2021091908,1640,42547,Darren Waller,2,True,True,False,inline,route,True,False,-0.0225981465202158,-0.0225981465202158,0.0,1.0,SHOTGUN,6.0,6.253411306042885,-0.2534113060428851,0
2021091908,1640,47920,Foster Moreau,2,True,True,False,detached,route,True,False,0.2259048592473181,0.2259048592473181,0.0,0.0,SHOTGUN,6.0,6.253411306042885,-0.2534113060428851,0
2021091908,1686,42547,Darren Waller,2,True,True,False,detached,route,True,True,-0.2325841651942548,,0.0,0.0,EMPTY,4.0,5.508875739644971,-1.5088757396449708,0
2021091908,1796,42547,Darren Waller,2,True,True,True,detached,route,True,False,-0.0997304878024696,-0.0997304878024696,0.0,0.0,SHOTGUN,6.0,6.253411306042885,-0.2534113060428851,0
2021091908,1796,47920,Foster Moreau,2,True,True,True,inline,route,True,False,0.741353522937171,0.741353522937171,0.0,1.0,SHOTGUN,6.0,6.253411306042885,-0.2534113060428851,0
2021091908,1832,42547,Darren Waller,2,True,True,False,inline,route,True,True,-0.2267791273078642,,0.0,1.0,SHOTGUN,5.0,6.253411306042885,-1.253411306042885,0
2021091908,2444,42547,Darren Waller,2,True,True,True,inline,route,True,False,0.0805852754723256,0.0805852754723256,0.0,1.0,SHOTGUN,6.0,6.253411306042885,-0.2534113060428851,0
2021091908,2444,47920,Foster Moreau,2,True,True,True,detached,route,True,True,-0.1461100456363993,,0.0,0.0,SHOTGUN,6.0,6.253411306042885,-0.2534113060428851,0
2021091909,619,42398,Maxx Williams,2,True,True,False,detached,route,True,False,-0.2764646437204492,-0.2764646437204492,0.0,0.0,SHOTGUN,6.0,6.253411306042885,-0.2534113060428851,0
2021091909,889,46176,Christopher Herndon,2,True,True,False,detached,route,True,False,-0.5954438701206697,-0.5954438701206697,0.0,0.0,SINGLEBACK,6.0,7.303921568627451,-1.3039215686274508,0
2021091909,889,46226,Tyler Conklin,2,True,True,False,inline,route,True,False,-0.0368684023846723,-0.0368684023846723,0.0,1.0,SINGLEBACK,6.0,7.303921568627451,-1.3039215686274508,0
2021091909,1243,52725,Ben Ellefson,2,True,True,False,inline,pass_block,False,False,,,1.0,1.0,I_FORM,7.0,7.633333333333334,-0.6333333333333337,1
2021091909,3697,42398,Maxx Williams,2,True,True,True,detached,route,True,False,-0.4027663404333487,-0.4027663404333487,0.0,0.0,SHOTGUN,6.0,6.253411306042885,-0.2534113060428851,1
2021091909,3719,42398,Maxx Williams,2,True,True,True,detached,route,True,False,-0.6941241191603394,-0.6941241191603394,0.0,0.0,SHOTGUN,6.0,6.253411306042885,-0.2534113060428851,0
2021091910,451,35481,Rob Gronkowski,2,True,True,False,inline,pass_block,False,False,,,1.0,1.0,SHOTGUN,7.0,6.253411306042885,0.7465886939571149,0
2021091910,473,35481,Rob Gronkowski,2,True,True,False,inline,route,True,False,0.368487603280127,0.368487603280127,0.0,1.0,I_FORM,6.0,7.633333333333334,-1.6333333333333337,0
2021091910,473,42033,Cameron Brate,2,True,True,False,wing,route,True,False,0.1446924445340428,0.1446924445340428,0.0,1.0,I_FORM,6.0,7.633333333333334,-1.6333333333333337,0
2021091910,473,44831,O.J. Howard,2,True,True,False,backfield,route,True,False,-0.4997839838831555,-0.4997839838831555,0.0,0.0,I_FORM,6.0,7.633333333333334,-1.6333333333333337,0
2021091910,1206,46094,Hayden Hurst,2,True,True,False,detached,route,True,False,0.115757606446557,0.115757606446557,0.0,0.0,EMPTY,5.0,5.508875739644971,-0.5088757396449708,0
2021091910,1206,48723,Parker Hesse,2,True,True,False,detached,route,True,False,0.4708144448922342,0.4708144448922342,0.0,0.0,EMPTY,5.0,5.508875739644971,-0.5088757396449708,0
2021091910,1206,53433,Kyle Pitts,2,True,True,False,detached,route,True,False,0.299389440388874,0.299389440388874,0.0,0.0,EMPTY,5.0,5.508875739644971,-0.5088757396449708,0
2021091910,1942,35481,Rob Gronkowski,2,True,True,False,wing,route,True,False,0.0888345805938013,0.0888345805938013,0.0,1.0,SINGLEBACK,9.0,7.303921568627451,1.6960784313725492,1
2021091910,2158,53433,Kyle Pitts,2,True,True,False,detached,route,True,False,0.0317140733424955,0.0317140733424955,0.0,0.0,SHOTGUN,6.0,6.253411306042885,-0.2534113060428851,0
2021091910,2313,35481,Rob Gronkowski,2,True,True,False,inline,chip_release,True,False,0.3081632347497849,0.3081632347497849,1.0,1.0,SHOTGUN,6.0,6.253411306042885,-0.2534113060428851,0
2021091910,2335,35481,Rob Gronkowski,2,True,True,False,detached,route,True,False,0.1010674151012464,0.1010674151012464,0.0,0.0,SHOTGUN,6.0,6.253411306042885,-0.2534113060428851,0
2021091910,2335,42033,Cameron Brate,2,True,True,False,detached,route,True,True,0.0072356413030989,,0.0,0.0,SHOTGUN,6.0,6.253411306042885,-0.2534113060428851,0
2021091910,2359,35481,Rob Gronkowski,2,True,True,False,detached,route,True,False,-0.2873453520134857,-0.2873453520134857,0.0,0.0,EMPTY,6.0,5.508875739644971,0.4911242603550292,0
2021091910,2359,44831,O.J. Howard,2,True,True,False,detached,route,True,False,-0.2027204039299894,-0.2027204039299894,0.0,0.0,EMPTY,6.0,5.508875739644971,0.4911242603550292,0
2021091910,2380,35481,Rob Gronkowski,2,True,True,False,wing,pass_block,False,False,,,1.0,1.0,SINGLEBACK,9.0,7.303921568627451,1.6960784313725492,1
2021091910,2707,46094,Hayden Hurst,2,True,True,True,inline,route,True,False,-0.0073535130975257,-0.0073535130975257,0.0,1.0,EMPTY,6.0,5.508875739644971,0.4911242603550292,0
2021091910,2707,53433,Kyle Pitts,2,True,True,True,detached,route,True,False,-0.1156717790665096,-0.1156717790665096,0.0,0.0,EMPTY,6.0,5.508875739644971,0.4911242603550292,0
2021091910,2757,53433,Kyle Pitts,2,True,True,True,detached,route,True,True,-0.4467533508121818,,0.0,0.0,PISTOL,6.0,6.421052631578948,-0.4210526315789478,0
2021091910,2781,53433,Kyle Pitts,2,True,True,True,inline,pass_block,False,False,,,1.0,1.0,SHOTGUN,7.0,6.253411306042885,0.7465886939571149,0
2021091910,3094,46094,Hayden Hurst,2,True,True,False,detached,route,True,False,-0.1617718382383035,-0.1617718382383035,0.0,0.0,EMPTY,6.0,5.508875739644971,0.4911242603550292,0
2021091910,3094,53433,Kyle Pitts,2,True,True,False,detached,route,True,False,-0.0391335101099505,-0.0391335101099505,0.0,0.0,EMPTY,6.0,5.508875739644971,0.4911242603550292,0
2021091910,3129,46094,Hayden Hurst,2,True,True,False,detached,route,True,False,0.3982236108144088,0.3982236108144088,0.0,0.0,SHOTGUN,6.0,6.253411306042885,-0.2534113060428851,0
2021091910,3129,53433,Kyle Pitts,2,True,True,False,detached,route,True,False,-0.1701186623216557,-0.1701186623216557,0.0,0.0,SHOTGUN,6.0,6.253411306042885,-0.2534113060428851,0
2021091910,3540,42033,Cameron Brate,2,True,True,False,backfield,route,True,False,-0.4223720670329296,-0.4223720670329296,0.0,0.0,I_FORM,6.0,7.633333333333334,-1.6333333333333337,1
2021091910,3564,35481,Rob Gronkowski,2,True,True,False,inline,route,True,False,0.3810242519689186,0.3810242519689186,0.0,1.0,SHOTGUN,6.0,6.253411306042885,-0.2534113060428851,0
2021091911,367,46206,Dalton Schultz,2,True,True,False,inline,pass_block,False,False,,,1.0,1.0,SHOTGUN,6.0,6.253411306042885,-0.2534113060428851,1
2021091911,389,46206,Dalton Schultz,2,True,True,False,detached,route,True,False,0.0974571467845268,0.0974571467845268,0.0,0.0,EMPTY,5.0,5.508875739644971,-0.5088757396449708,0
2021091911,881,45532,Blake Jarwin,2,True,True,False,wing,route,True,False,0.2669785230581564,0.2669785230581564,0.0,1.0,SHOTGUN,7.0,6.253411306042885,0.7465886939571149,0
2021091911,881,46206,Dalton Schultz,2,True,True,False,inline,route,True,False,0.5202061967104281,0.5202061967104281,0.0,1.0,SHOTGUN,7.0,6.253411306042885,0.7465886939571149,0
2021091911,2513,34540,Jared Cook,2,True,True,False,inline,route,True,False,0.2580766409562559,0.2580766409562559,0.0,1.0,SHOTGUN,6.0,6.253411306042885,-0.2534113060428851,0
2021091911,2513,48456,Donald Parham,2,True,True,False,wing,route,True,False,-0.1839229344484336,-0.1839229344484336,0.0,1.0,SHOTGUN,6.0,6.253411306042885,-0.2534113060428851,0
2021091911,2558,34540,Jared Cook,2,True,True,False,detached,route,True,True,0.2511221375387217,,0.0,0.0,EMPTY,5.0,5.508875739644971,-0.5088757396449708,0
2021091911,3101,34540,Jared Cook,2,True,True,False,inline,route,True,False,-0.0808713304872232,-0.0808713304872232,0.0,1.0,SINGLEBACK,6.0,7.303921568627451,-1.3039215686274508,1
2021091911,3136,34540,Jared Cook,2,True,True,False,detached,route,True,False,0.2208199714786654,0.2208199714786654,0.0,0.0,SHOTGUN,7.0,6.253411306042885,0.7465886939571149,0
2021091911,3158,34540,Jared Cook,2,True,True,False,detached,route,True,False,-0.1962541643876858,-0.1962541643876858,0.0,0.0,EMPTY,6.0,5.508875739644971,0.4911242603550292,0
2021091911,3368,45532,Blake Jarwin,2,True,True,False,detached,route,True,True,0.0276154173307321,,0.0,0.0,SHOTGUN,6.0,6.253411306042885,-0.2534113060428851,0
2021091911,3390,45532,Blake Jarwin,2,True,True,False,detached,route,True,False,0.1391387431738853,0.1391387431738853,0.0,0.0,EMPTY,6.0,5.508875739644971,0.4911242603550292,0
2021091911,3707,34540,Jared Cook,2,True,True,True,detached,route,True,False,-0.0136408638542349,-0.0136408638542349,0.0,0.0,SHOTGUN,6.0,6.253411306042885,-0.2534113060428851,0
2021091911,3729,48456,Donald Parham,2,True,True,True,inline,route,True,False,1.2958125540558691,1.2958125540558691,0.0,1.0,SHOTGUN,7.0,6.253411306042885,0.7465886939571149,1
2021091911,3758,34540,Jared Cook,2,True,False,True,detached,route,True,False,-0.3640716758067494,-0.3640716758067494,0.0,0.0,SHOTGUN,6.0,6.253411306042885,-0.2534113060428851,0
2021091912,321,44856,Gerald Everett,2,True,True,False,detached,route,True,False,0.1000814872724027,0.1000814872724027,0.0,0.0,SHOTGUN,6.0,6.253411306042885,-0.2534113060428851,0
2021091912,673,42589,Geoff Swaim,2,True,True,False,detached,route,True,False,-0.142140283610966,-0.142140283610966,0.0,0.0,SHOTGUN,7.0,6.253411306042885,0.7465886939571149,0
2021091912,695,53065,Tommy Hudson,2,True,True,False,detached,route,True,False,-0.1044194621986926,-0.1044194621986926,0.0,0.0,SHOTGUN,7.0,6.253411306042885,0.7465886939571149,0
2021091912,1171,42486,MyCole Pruitt,2,True,True,False,detached,route,True,False,0.459728096088801,0.459728096088801,0.0,0.0,SHOTGUN,7.0,6.253411306042885,0.7465886939571149,0
2021091912,1171,42589,Geoff Swaim,2,True,True,False,inline,route,True,False,-0.2080829464653725,-0.2080829464653725,0.0,1.0,SHOTGUN,7.0,6.253411306042885,0.7465886939571149,0
2021091912,1218,42589,Geoff Swaim,2,True,True,False,detached,route,True,False,-0.3695664671125841,-0.3695664671125841,0.0,0.0,SHOTGUN,5.0,6.253411306042885,-1.253411306042885,0
2021091912,1746,53065,Tommy Hudson,2,True,True,False,detached,route,True,False,-0.3353586212236281,-0.3353586212236281,0.0,0.0,SHOTGUN,6.0,6.253411306042885,-0.2534113060428851,0
2021091912,1993,44856,Gerald Everett,2,True,True,False,detached,route,True,False,0.2020842627926938,0.2020842627926938,0.0,0.0,SHOTGUN,6.0,6.253411306042885,-0.2534113060428851,0
2021091912,2015,44856,Gerald Everett,2,True,True,False,detached,route,True,False,0.0660926684469133,0.0660926684469133,0.0,0.0,EMPTY,6.0,5.508875739644971,0.4911242603550292,0
2021091912,2373,42486,MyCole Pruitt,2,True,True,False,detached,route,True,True,-0.2557110851155035,,0.0,0.0,PISTOL,7.0,6.421052631578948,0.5789473684210522,0
2021091912,2373,42589,Geoff Swaim,2,True,True,False,inline,route,True,False,-0.1155086282558053,-0.1155086282558053,0.0,1.0,PISTOL,7.0,6.421052631578948,0.5789473684210522,0
2021091912,3929,42589,Geoff Swaim,2,True,True,False,inline,route,True,False,-0.1050579581549355,-0.1050579581549355,0.0,1.0,SHOTGUN,5.0,6.253411306042885,-1.253411306042885,0
2021091912,3953,42589,Geoff Swaim,2,True,True,False,inline,route,True,False,-0.3461395724036695,-0.3461395724036695,0.0,1.0,SHOTGUN,6.0,6.253411306042885,-0.2534113060428851,0
2021091913,1399,46155,Mark Andrews,2,True,True,False,detached,route,True,False,-0.3761431180942793,-0.3761431180942793,0.0,0.0,SHOTGUN,7.0,6.253411306042885,0.7465886939571149,0
2021091913,1477,46155,Mark Andrews,2,True,True,False,inline,route,True,False,0.0571723001158382,0.0571723001158382,0.0,1.0,PISTOL,7.0,6.421052631578948,0.5789473684210522,1
2021091913,1719,40011,Travis Kelce,2,True,True,False,detached,route,True,False,-0.0795939030732397,-0.0795939030732397,0.0,0.0,EMPTY,5.0,5.508875739644971,-0.5088757396449708,0
2021091913,3068,46155,Mark Andrews,2,True,True,False,wing,route,True,False,0.9265753655889912,0.9265753655889912,0.0,1.0,SHOTGUN,7.0,6.253411306042885,0.7465886939571149,0
2021091913,3068,47852,Josh Oliver,2,True,True,False,inline,route,True,True,0.7610396760370788,,0.0,1.0,SHOTGUN,7.0,6.253411306042885,0.7465886939571149,0
2021091913,3139,46155,Mark Andrews,2,True,True,False,detached,route,True,True,-0.2788980234927924,,0.0,0.0,EMPTY,6.0,5.508875739644971,0.4911242603550292,0
2021091913,3555,46155,Mark Andrews,2,True,True,False,inline,chip_release,True,False,0.3208848927551064,0.3208848927551064,1.0,1.0,PISTOL,7.0,6.421052631578948,0.5789473684210522,0
2021091913,3676,46155,Mark Andrews,2,True,True,False,detached,route,True,False,0.2617898467015361,0.2617898467015361,0.0,0.0,SHOTGUN,7.0,6.253411306042885,0.7465886939571149,0
2021092000,201,47791,T.J. Hockenson,2,True,True,True,inline,route,True,False,-0.3079044022500119,-0.3079044022500119,0.0,1.0,SHOTGUN,7.0,6.253411306042885,0.7465886939571149,0
2021092000,1147,47791,T.J. Hockenson,2,True,True,False,inline,route,True,False,0.0891104747067914,0.0891104747067914,0.0,1.0,SINGLEBACK,6.0,7.303921568627451,-1.3039215686274508,1
2021092000,1197,47791,T.J. Hockenson,2,True,True,True,detached,route,True,True,0.3086339279296323,,0.0,0.0,SHOTGUN,5.0,6.253411306042885,-1.253411306042885,0
2021092000,1491,30842,Marcedes Lewis,2,True,True,True,inline,route,True,False,0.0771002055460261,0.0771002055460261,0.0,1.0,I_FORM,9.0,7.633333333333334,1.3666666666666663,1
2021092000,1491,53172,Dominique Dafney,2,True,True,True,backfield,pass_block,False,False,,,1.0,0.0,I_FORM,9.0,7.633333333333334,1.3666666666666663,1
2021092000,2645,45635,Robert Tonyan,2,True,True,False,inline,chip_release,True,False,-0.1072441233165668,-0.1072441233165668,1.0,1.0,SHOTGUN,7.0,6.253411306042885,0.7465886939571149,0
2021092000,2842,45635,Robert Tonyan,2,True,True,True,detached,route,True,False,-0.1284966823100894,-0.1284966823100894,0.0,0.0,SHOTGUN,6.0,6.253411306042885,-0.2534113060428851,0
2021092300,971,53512,Tommy Tremble,3,True,True,False,inline,route,True,False,-0.0608023636183725,-0.0608023636183725,0.0,1.0,SHOTGUN,6.0,6.253411306042885,-0.2534113060428851,0
2021092300,1023,45785,Dan Arnold,3,True,True,False,detached,route,True,True,0.0140747655800853,,0.0,0.0,SHOTGUN,5.0,6.253411306042885,-1.253411306042885,0
2021092300,1812,46167,Jordan Akins,3,True,True,False,inline,route,True,False,-0.2588125663701656,-0.2588125663701656,0.0,1.0,SHOTGUN,6.0,6.253411306042885,-0.2534113060428851,0
2021092300,1853,46167,Jordan Akins,3,True,True,False,inline,route,True,False,-0.4676565465938131,-0.4676565465938131,0.0,1.0,EMPTY,7.0,5.508875739644971,1.4911242603550292,0
2021092300,2952,53512,Tommy Tremble,3,True,True,False,inline,route,True,False,-0.4824630298604948,-0.4824630298604948,0.0,1.0,SINGLEBACK,7.0,7.303921568627451,-0.3039215686274508,1
2021092300,2974,45785,Dan Arnold,3,True,True,False,detached,route,True,False,0.0314197298730019,0.0314197298730019,0.0,0.0,SHOTGUN,6.0,6.253411306042885,-0.2534113060428851,0
2021092300,3458,45785,Dan Arnold,3,True,True,False,detached,route,True,False,-0.0369391857025553,-0.0369391857025553,0.0,0.0,EMPTY,6.0,5.508875739644971,0.4911242603550292,0
2021092600,972,47879,Dawson Knox,3,True,True,False,detached,route,True,False,0.2156476634263812,0.2156476634263812,0.0,0.0,SHOTGUN,6.0,6.253411306042885,-0.2534113060428851,0
2021092600,1017,47879,Dawson Knox,3,True,True,False,detached,route,True,False,0.0782064448925259,0.0782064448925259,0.0,0.0,SHOTGUN,6.0,6.253411306042885,-0.2534113060428851,0
2021092600,1174,47879,Dawson Knox,3,True,True,False,inline,route,True,False,-0.0964013365135266,-0.0964013365135266,0.0,1.0,SHOTGUN,6.0,6.253411306042885,-0.2534113060428851,0
2021092600,1200,47879,Dawson Knox,3,True,True,False,detached,route,True,True,-0.0197850449244284,,0.0,0.0,SHOTGUN,5.0,6.253411306042885,-1.253411306042885,0
2021092600,1394,41349,Logan Thomas,3,True,True,False,detached,route,True,True,-0.1808445171977809,,0.0,0.0,SHOTGUN,6.0,6.253411306042885,-0.2534113060428851,0
2021092600,1418,41349,Logan Thomas,3,True,True,False,detached,route,True,False,0.2585399790541196,0.2585399790541196,0.0,0.0,SINGLEBACK,7.0,7.303921568627451,-0.3039215686274508,1
2021092600,1440,41349,Logan Thomas,3,True,True,False,detached,route,True,False,-0.1928324961724308,-0.1928324961724308,0.0,0.0,SHOTGUN,7.0,6.253411306042885,0.7465886939571149,0
2021092600,2879,47879,Dawson Knox,3,True,True,False,inline,route,True,False,-0.1684426739522815,-0.1684426739522815,0.0,1.0,SHOTGUN,6.0,6.253411306042885,-0.2534113060428851,0
2021092600,2904,47879,Dawson Knox,3,True,True,False,detached,route,True,False,-0.0055214239972758,-0.0055214239972758,0.0,0.0,SHOTGUN,7.0,6.253411306042885,0.7465886939571149,0
2021092600,3136,47879,Dawson Knox,3,True,True,False,detached,route,True,False,0.1760698897395146,0.1760698897395146,0.0,0.0,SHOTGUN,6.0,6.253411306042885,-0.2534113060428851,0
2021092600,3639,47879,Dawson Knox,3,True,True,False,inline,route,True,False,-0.043277208792237,-0.043277208792237,0.0,1.0,SHOTGUN,7.0,6.253411306042885,0.7465886939571149,0
2021092600,3899,41349,Logan Thomas,3,True,True,True,detached,route,True,False,-0.1100936065134861,-0.1100936065134861,0.0,0.0,EMPTY,6.0,5.508875739644971,0.4911242603550292,0
2021092600,3942,41349,Logan Thomas,3,True,True,False,detached,route,True,False,0.0372533813946793,0.0372533813946793,0.0,0.0,SHOTGUN,6.0,6.253411306042885,-0.2534113060428851,0
2021092600,3968,41349,Logan Thomas,3,True,True,True,detached,route,True,True,-0.0052029327072498,,0.0,0.0,EMPTY,6.0,5.508875739644971,0.4911242603550292,0
2021092601,1930,43370,Austin Hooper,3,True,True,False,detached,route,True,True,0.2042917500169073,,0.0,0.0,SHOTGUN,6.0,6.253411306042885,-0.2534113060428851,0
2021092601,2787,35534,Jimmy Graham,3,True,True,False,inline,route,True,False,0.2968299962327443,0.2968299962327443,0.0,1.0,SINGLEBACK,7.0,7.303921568627451,-0.3039215686274508,1
2021092601,2787,52451,Cole Kmet,3,True,True,False,wing,route,True,False,-0.9283479756173464,-0.9283479756173464,0.0,1.0,SINGLEBACK,7.0,7.303921568627451,-0.3039215686274508,1
2021092601,2810,35534,Jimmy Graham,3,True,True,False,detached,route,True,False,0.0566109786008973,0.0566109786008973,0.0,0.0,SHOTGUN,6.0,6.253411306042885,-0.2534113060428851,0
2021092601,2810,52451,Cole Kmet,3,True,True,False,detached,route,True,False,-0.0039904463919689,-0.0039904463919689,0.0,0.0,SHOTGUN,6.0,6.253411306042885,-0.2534113060428851,0
2021092602,1658,46155,Mark Andrews,3,True,True,False,detached,route,True,False,0.3935048541483615,0.3935048541483615,0.0,0.0,EMPTY,5.0,5.508875739644971,-0.5088757396449708,0
2021092602,1677,46155,Mark Andrews,3,True,True,False,detached,route,True,False,0.3667510939732348,0.3667510939732348,0.0,0.0,EMPTY,5.0,5.508875739644971,-0.5088757396449708,0
2021092602,1699,46155,Mark Andrews,3,True,True,False,detached,route,True,False,0.2475941524362837,0.2475941524362837,0.0,0.0,EMPTY,4.0,5.508875739644971,-1.5088757396449708,0
2021092602,2699,47791,T.J. Hockenson,3,True,True,False,detached,route,True,False,0.0478968556786867,0.0478968556786867,0.0,0.0,SHOTGUN,6.0,6.253411306042885,-0.2534113060428851,0
2021092602,2942,46155,Mark Andrews,3,True,True,False,inline,route,True,False,-0.1186256698312834,-0.1186256698312834,0.0,1.0,PISTOL,6.0,6.421052631578948,-0.4210526315789478,1
2021092602,2980,47852,Josh Oliver,3,True,True,False,detached,route,True,False,-0.0609177253590081,-0.0609177253590081,0.0,0.0,EMPTY,6.0,5.508875739644971,0.4911242603550292,0
2021092602,3009,46155,Mark Andrews,3,True,True,False,detached,route,True,False,0.6657906982487989,0.6657906982487989,0.0,0.0,SHOTGUN,6.0,6.253411306042885,-0.2534113060428851,0
2021092602,3343,47791,T.J. Hockenson,3,True,True,False,detached,route,True,False,0.297810004351419,0.297810004351419,0.0,0.0,EMPTY,5.0,5.508875739644971,-0.5088757396449708,0
2021092603,1029,45281,Jacob Hollister,3,True,True,False,detached,route,True,True,-0.1883310759471334,,0.0,0.0,SHOTGUN,6.0,6.253411306042885,-0.2534113060428851,0
2021092603,1800,45281,Jacob Hollister,3,True,True,False,detached,route,True,False,0.4356554902103393,0.4356554902103393,0.0,0.0,SHOTGUN,5.0,6.253411306042885,-1.253411306042885,1
2021092603,1824,45281,Jacob Hollister,3,True,True,False,detached,route,True,False,0.0239684719833902,0.0239684719833902,0.0,0.0,SHOTGUN,6.0,6.253411306042885,-0.2534113060428851,0
2021092603,3327,42398,Maxx Williams,3,True,True,False,inline,route,True,False,0.3571975521245357,0.3571975521245357,0.0,1.0,EMPTY,7.0,5.508875739644971,1.4911242603550292,0
2021092603,4186,45281,Jacob Hollister,3,True,True,False,detached,route,True,False,-0.4716347411518679,-0.4716347411518679,0.0,0.0,EMPTY,5.0,5.508875739644971,-0.5088757396449708,0
2021092604,985,34540,Jared Cook,3,True,True,False,detached,route,True,False,-0.5260174883999658,-0.5260174883999658,0.0,0.0,SINGLEBACK,8.0,7.303921568627451,0.6960784313725492,0
2021092604,985,43845,Stephen Anderson,3,True,True,False,inline,route,True,False,-0.2972744405646359,-0.2972744405646359,0.0,1.0,SINGLEBACK,8.0,7.303921568627451,0.6960784313725492,0
2021092604,985,48456,Donald Parham,3,True,True,False,inline,route,True,False,-0.2513237369110829,-0.2513237369110829,0.0,1.0,SINGLEBACK,8.0,7.303921568627451,0.6960784313725492,0
2021092604,1305,34540,Jared Cook,3,True,True,False,detached,route,True,False,0.5668046385311175,0.5668046385311175,0.0,0.0,SHOTGUN,5.0,6.253411306042885,-1.253411306042885,0
2021092604,1330,43845,Stephen Anderson,3,True,True,False,backfield,route,True,False,-0.0870092484269804,-0.0870092484269804,0.0,0.0,SHOTGUN,11.0,6.253411306042885,4.746588693957115,0
2021092604,1330,48456,Donald Parham,3,True,True,False,detached,route,True,False,0.2373124449463692,0.2373124449463692,0.0,0.0,SHOTGUN,11.0,6.253411306042885,4.746588693957115,0
2021092604,2284,40011,Travis Kelce,3,True,True,True,detached,route,True,False,-0.442494140346141,-0.442494140346141,0.0,0.0,PISTOL,5.0,6.421052631578948,-1.4210526315789478,0
2021092604,2702,40011,Travis Kelce,3,True,True,True,detached,route,True,False,-0.0011232573289068,-0.0011232573289068,0.0,0.0,SHOTGUN,6.0,6.253411306042885,-0.2534113060428851,0
2021092604,2702,48683,Joe Fortson,3,True,True,True,inline,route,True,False,0.2102144701535229,0.2102144701535229,0.0,1.0,SHOTGUN,6.0,6.253411306042885,-0.2534113060428851,0
2021092604,3368,40011,Travis Kelce,3,True,True,True,inline,chip_release,True,False,0.2579817069052408,0.2579817069052408,1.0,1.0,SINGLEBACK,6.0,7.303921568627451,-1.3039215686274508,1
2021092604,3588,48456,Donald Parham,3,True,True,False,detached,route,True,False,0.3676647743148038,0.3676647743148038,0.0,0.0,SHOTGUN,8.0,6.253411306042885,1.746588693957115,0
2021092604,3610,34540,Jared Cook,3,True,True,False,detached,route,True,False,0.4162185695633204,0.4162185695633204,0.0,0.0,SHOTGUN,6.0,6.253411306042885,-0.2534113060428851,0
2021092604,3642,34540,Jared Cook,3,True,True,True,detached,route,True,False,0.1948661258342572,0.1948661258342572,0.0,0.0,SHOTGUN,7.0,6.253411306042885,0.7465886939571149,0
2021092604,3697,34540,Jared Cook,3,True,True,True,detached,route,True,False,-0.6688738044693618,-0.6688738044693618,0.0,0.0,SINGLEBACK,10.0,7.303921568627451,2.696078431372549,1
2021092604,3697,48456,Donald Parham,3,True,True,True,inline,route,True,False,-0.544501244380688,-0.544501244380688,0.0,1.0,SINGLEBACK,10.0,7.303921568627451,2.696078431372549,1
2021092604,3733,34540,Jared Cook,3,True,True,True,detached,route,True,False,0.2469440004003702,0.2469440004003702,0.0,0.0,SINGLEBACK,6.0,7.303921568627451,-1.3039215686274508,1
2021092604,3755,48456,Donald Parham,3,True,True,False,inline,route,True,False,0.3990908731106468,0.3990908731106468,0.0,1.0,SHOTGUN,6.0,6.253411306042885,-0.2534113060428851,0
2021092605,436,52513,Adam Trautman,3,True,True,False,detached,route,True,True,0.3474944383098128,,0.0,0.0,SHOTGUN,7.0,6.253411306042885,0.7465886939571149,0
2021092605,481,52513,Adam Trautman,3,True,True,False,detached,route,True,False,-0.2898672127276707,-0.2898672127276707,0.0,0.0,SHOTGUN,6.0,6.253411306042885,-0.2534113060428851,0
2021092605,1493,52513,Adam Trautman,3,True,True,False,wing,route,True,False,0.0012795908012768,0.0012795908012768,0.0,1.0,SINGLEBACK,7.0,7.303921568627451,-0.3039215686274508,1
2021092605,1784,44075,Garrett Griffin,3,True,True,False,inline,route,True,False,-0.7150127470298904,-0.7150127470298904,0.0,1.0,SINGLEBACK,8.0,7.303921568627451,0.6960784313725492,1
2021092605,1784,52513,Adam Trautman,3,True,True,False,inline,route,True,False,-0.0967478182239951,-0.0967478182239951,0.0,1.0,SINGLEBACK,8.0,7.303921568627451,0.6960784313725492,1
2021092605,1820,52513,Adam Trautman,3,True,True,False,inline,pass_block,False,False,,,1.0,1.0,SHOTGUN,8.0,6.253411306042885,1.746588693957115,1
2021092605,2759,43324,Hunter Henry,3,True,True,False,detached,route,True,False,-0.2051506216082319,-0.2051506216082319,0.0,0.0,EMPTY,5.0,5.508875739644971,-0.5088757396449708,0
2021092605,2783,43324,Hunter Henry,3,True,True,False,detached,pass_block,False,False,,,1.0,0.0,SHOTGUN,7.0,6.253411306042885,0.7465886939571149,0
2021092605,2849,43324,Hunter Henry,3,True,True,False,detached,pass_block,False,False,,,1.0,0.0,PISTOL,6.0,6.421052631578948,-0.4210526315789478,0
2021092605,2849,44912,Jonnu Smith,3,True,True,False,detached,route,True,True,-0.1474161281798976,,0.0,0.0,PISTOL,6.0,6.421052631578948,-0.4210526315789478,0
2021092605,3684,44075,Garrett Griffin,3,True,True,False,backfield,pass_block,False,False,,,1.0,0.0,SHOTGUN,9.0,6.253411306042885,2.746588693957115,1
2021092605,3684,52513,Adam Trautman,3,True,True,False,wing,chip_release,True,False,1.22226905287983,1.22226905287983,1.0,1.0,SHOTGUN,9.0,6.253411306042885,2.746588693957115,1
2021092605,3684,52942,Juwan Johnson,3,True,True,False,inline,pass_block,False,False,,,1.0,1.0,SHOTGUN,9.0,6.253411306042885,2.746588693957115,1
2021092606,414,37118,Kyle Rudolph,3,True,True,False,inline,route,True,False,-0.1159450671681026,-0.1159450671681026,0.0,1.0,I_FORM,7.0,7.633333333333334,-0.6333333333333337,1
2021092606,414,47959,Kaden Smith,3,True,True,False,wing,pass_block,False,False,,,1.0,1.0,I_FORM,7.0,7.633333333333334,-0.6333333333333337,1
2021092606,462,44835,Evan Engram,3,True,True,True,detached,route,True,False,0.0561352667510297,0.0561352667510297,0.0,0.0,SHOTGUN,6.0,6.253411306042885,-0.2534113060428851,0
2021092606,481,44835,Evan Engram,3,True,True,True,detached,route,True,False,-0.2799802196762078,-0.2799802196762078,0.0,0.0,EMPTY,4.0,5.508875739644971,-1.5088757396449708,0
2021092606,1902,53433,Kyle Pitts,3,True,True,False,inline,route,True,False,0.040557923266006,0.040557923266006,0.0,1.0,I_FORM,6.0,7.633333333333334,-1.6333333333333337,1
2021092606,1931,37234,Lee Smith,3,True,True,True,wing,pass_block,False,False,,,1.0,1.0,I_FORM,9.0,7.633333333333334,1.3666666666666663,0
2021092606,1987,53433,Kyle Pitts,3,True,True,True,inline,route,True,False,-0.0750416078979279,-0.0750416078979279,0.0,1.0,PISTOL,6.0,6.421052631578948,-0.4210526315789478,0
2021092606,3492,53433,Kyle Pitts,3,True,True,False,detached,route,True,False,0.5083183725698748,0.5083183725698748,0.0,0.0,SHOTGUN,5.0,6.253411306042885,-1.253411306042885,0
2021092606,3564,37234,Lee Smith,3,True,True,True,inline,route,True,False,-0.3296468383727666,-0.3296468383727666,0.0,1.0,SHOTGUN,7.0,6.253411306042885,0.7465886939571149,0
2021092606,3588,46094,Hayden Hurst,3,True,True,True,detached,route,True,False,-0.5718295959550217,-0.5718295959550217,0.0,0.0,SHOTGUN,8.0,6.253411306042885,1.746588693957115,0
2021092606,3588,53433,Kyle Pitts,3,True,True,True,inline,route,True,True,0.3504553874371534,,0.0,1.0,SHOTGUN,8.0,6.253411306042885,1.746588693957115,0
2021092606,3610,46094,Hayden Hurst,3,True,True,True,detached,route,True,False,-0.2338449909550233,-0.2338449909550233,0.0,0.0,SHOTGUN,6.0,6.253411306042885,-0.2534113060428851,0
2021092606,3610,53433,Kyle Pitts,3,True,True,True,detached,route,True,True,-0.3609068541948761,,0.0,0.0,SHOTGUN,6.0,6.253411306042885,-0.2534113060428851,0
2021092606,3664,37234,Lee Smith,3,True,True,True,inline,chip_release,True,True,-0.5481192736354461,,1.0,1.0,SINGLEBACK,10.0,7.303921568627451,2.696078431372549,1
2021092606,3664,53433,Kyle Pitts,3,True,True,True,detached,route,True,False,0.1442403144355526,0.1442403144355526,0.0,0.0,SINGLEBACK,10.0,7.303921568627451,2.696078431372549,1
2021092607,789,42500,C.J. Uzomah,3,True,True,False,detached,route,True,False,-0.1833582456957805,-0.1833582456957805,0.0,0.0,EMPTY,5.0,5.508875739644971,-0.5088757396449708,0
2021092607,2506,42500,C.J. Uzomah,3,True,True,False,detached,route,True,False,0.0805574802522108,0.0805574802522108,0.0,0.0,SHOTGUN,6.0,6.253411306042885,-0.2534113060428851,0
2021092607,3215,53484,Pat Freiermuth,3,True,True,False,inline,route,True,True,0.029176624964789,,0.0,1.0,SHOTGUN,7.0,6.253411306042885,0.7465886939571149,0
2021092607,3237,53484,Pat Freiermuth,3,True,True,False,inline,route,True,False,-0.0352888308414622,-0.0352888308414622,0.0,1.0,SHOTGUN,7.0,6.253411306042885,0.7465886939571149,0
2021092607,3261,53484,Pat Freiermuth,3,True,True,False,detached,route,True,False,0.1367114718226973,0.1367114718226973,0.0,0.0,EMPTY,4.0,5.508875739644971,-1.5088757396449708,0
2021092607,3320,41236,Eric Ebron,3,True,True,True,inline,route,True,False,-0.3067997091736926,-0.3067997091736926,0.0,1.0,SHOTGUN,7.0,6.253411306042885,0.7465886939571149,0
2021092607,3362,41236,Eric Ebron,3,True,False,True,detached,route,True,False,0.1175254050319861,0.1175254050319861,0.0,0.0,EMPTY,5.0,5.508875739644971,-0.5088757396449708,0
2021092607,3386,41236,Eric Ebron,3,True,True,False,detached,route,True,False,-0.2243753696977077,-0.2243753696977077,0.0,0.0,EMPTY,5.0,5.508875739644971,-0.5088757396449708,0
2021092607,3738,53484,Pat Freiermuth,3,True,True,False,inline,route,True,False,-0.0441845115175781,-0.0441845115175781,0.0,1.0,EMPTY,5.0,5.508875739644971,-0.5088757396449708,0
2021092607,3768,53484,Pat Freiermuth,3,True,True,False,detached,route,True,False,0.121372875524825,0.121372875524825,0.0,0.0,EMPTY,5.0,5.508875739644971,-0.5088757396449708,0
2021092607,3804,41236,Eric Ebron,3,True,True,False,inline,route,True,False,-0.0896805518153508,-0.0896805518153508,0.0,1.0,SHOTGUN,6.0,6.253411306042885,-0.2534113060428851,0
2021092607,3828,41236,Eric Ebron,3,True,True,False,inline,route,True,True,-0.2703832889821026,,0.0,1.0,SHOTGUN,6.0,6.253411306042885,-0.2534113060428851,0
2021092607,3867,53484,Pat Freiermuth,3,True,True,False,inline,route,True,False,0.3898761104382939,0.3898761104382939,0.0,1.0,SHOTGUN,7.0,6.253411306042885,0.7465886939571149,0
2021092608,426,42589,Geoff Swaim,3,True,True,True,inline,pass_block,False,False,,,1.0,1.0,SHOTGUN,7.0,6.253411306042885,0.7465886939571149,1
2021092608,448,42486,MyCole Pruitt,3,True,True,True,detached,route,True,False,0.0105055174856969,0.0105055174856969,0.0,0.0,SHOTGUN,6.0,6.253411306042885,-0.2534113060428851,0
2021092608,1281,42486,MyCole Pruitt,3,True,True,False,wing,route,True,False,0.224871835752244,0.224871835752244,0.0,1.0,SHOTGUN,6.0,6.253411306042885,-0.2534113060428851,1
2021092608,1281,42589,Geoff Swaim,3,True,True,False,inline,route,True,False,0.1361517464310937,0.1361517464310937,0.0,1.0,SHOTGUN,6.0,6.253411306042885,-0.2534113060428851,1
2021092608,2180,40641,Jack Doyle,3,True,True,False,inline,route,True,False,-0.2018309651684899,-0.2018309651684899,0.0,1.0,SHOTGUN,7.0,6.253411306042885,0.7465886939571149,1
2021092608,2180,44792,Mo Alie-Cox,3,True,True,False,inline,route,True,False,-0.1105225457123916,-0.1105225457123916,0.0,1.0,SHOTGUN,7.0,6.253411306042885,0.7465886939571149,1
2021092608,2202,44792,Mo Alie-Cox,3,True,True,False,detached,route,True,False,0.2061751245370928,0.2061751245370928,0.0,0.0,SHOTGUN,7.0,6.253411306042885,0.7465886939571149,0
2021092608,2224,53556,Kylen Granson,3,True,True,True,detached,route,True,False,0.1612388507183402,0.1612388507183402,0.0,0.0,EMPTY,4.0,5.508875739644971,-1.5088757396449708,0
2021092608,2456,42486,MyCole Pruitt,3,True,True,False,inline,pass_block,False,False,,,1.0,1.0,SINGLEBACK,7.0,7.303921568627451,-0.3039215686274508,1
2021092608,2456,42589,Geoff Swaim,3,True,True,False,wing,route,True,False,0.1196626272163092,0.1196626272163092,0.0,1.0,SINGLEBACK,7.0,7.303921568627451,-0.3039215686274508,1
2021092608,2456,53065,Tommy Hudson,3,True,True,False,inline,pass_block,False,False,,,1.0,1.0,SINGLEBACK,7.0,7.303921568627451,-0.3039215686274508,1
2021092608,2790,42486,MyCole Pruitt,3,True,True,True,detached,pass_block,False,False,,,1.0,0.0,SINGLEBACK,7.0,7.303921568627451,-0.3039215686274508,1
2021092608,2790,42589,Geoff Swaim,3,True,True,True,inline,route,True,True,-0.6404148252177043,,0.0,1.0,SINGLEBACK,7.0,7.303921568627451,-0.3039215686274508,1
2021092608,2814,42486,MyCole Pruitt,3,True,True,True,detached,route,True,False,0.1493695341530724,0.1493695341530724,0.0,0.0,SHOTGUN,5.0,6.253411306042885,-1.253411306042885,0
2021092608,2977,44792,Mo Alie-Cox,3,True,True,True,detached,route,True,False,-0.1376902461922522,-0.1376902461922522,0.0,0.0,SHOTGUN,7.0,6.253411306042885,0.7465886939571149,0
2021092608,3024,44792,Mo Alie-Cox,3,True,True,False,detached,route,True,False,0.2855994464316582,0.2855994464316582,0.0,0.0,SHOTGUN,5.0,6.253411306042885,-1.253411306042885,0
2021092608,3361,42486,MyCole Pruitt,3,True,True,False,wing,pass_block,False,False,,,1.0,1.0,SINGLEBACK,8.0,7.303921568627451,0.6960784313725492,1
2021092608,3361,42589,Geoff Swaim,3,True,True,False,inline,pass_block,False,False,,,1.0,1.0,SINGLEBACK,8.0,7.303921568627451,0.6960784313725492,1
2021092609,497,47803,Noah Fant,3,True,True,False,inline,chip_release,True,True,0.4139838117371028,,1.0,1.0,I_FORM,7.0,7.633333333333334,-0.6333333333333337,1
2021092609,497,48096,Andrew Beck,3,True,True,False,backfield,route,True,False,-0.1293558473953946,-0.1293558473953946,0.0,0.0,I_FORM,7.0,7.633333333333334,-0.6333333333333337,1
2021092610,1723,39109,Derek Carrier,3,True,True,True,inline,chip_release,True,False,-0.2699426809187846,-0.2699426809187846,1.0,1.0,JUMBO,11.0,10.214285714285714,0.7857142857142865,0
2021092610,1723,42547,Darren Waller,3,True,True,True,wing,route,True,False,-0.0634262270974177,-0.0634262270974177,0.0,1.0,JUMBO,11.0,10.214285714285714,0.7857142857142865,0
2021092610,1723,47920,Foster Moreau,3,True,True,True,inline,chip_release,True,False,-0.6350691690640726,-0.6350691690640726,1.0,1.0,JUMBO,11.0,10.214285714285714,0.7857142857142865,0
2021092610,2472,42547,Darren Waller,3,True,True,False,inline,route,True,False,-0.2297111581023549,-0.2297111581023549,0.0,1.0,EMPTY,6.0,5.508875739644971,0.4911242603550292,0
2021092610,2472,47920,Foster Moreau,3,True,True,False,detached,route,True,True,-0.1738822124442531,,0.0,0.0,EMPTY,6.0,5.508875739644971,0.4911242603550292,0
2021092610,2550,42547,Darren Waller,3,True,True,False,inline,route,True,False,-0.0727764530418857,-0.0727764530418857,0.0,1.0,EMPTY,5.0,5.508875739644971,-0.5088757396449708,0
2021092610,2972,47920,Foster Moreau,3,True,True,False,inline,pass_block,False,False,,,1.0,1.0,SINGLEBACK,6.0,7.303921568627451,-1.3039215686274508,1
2021092610,3013,42547,Darren Waller,3,True,True,False,detached,route,True,False,-0.0975563585340483,-0.0975563585340483,0.0,0.0,SHOTGUN,4.0,6.253411306042885,-2.253411306042885,0
2021092610,3013,47920,Foster Moreau,3,True,True,False,detached,route,True,False,-0.1485433337890271,-0.1485433337890271,0.0,0.0,SHOTGUN,4.0,6.253411306042885,-2.253411306042885,0
2021092610,4227,46111,Mike Gesicki,3,True,True,False,detached,route,True,False,-0.0299932881933555,-0.0299932881933555,0.0,0.0,SHOTGUN,7.0,6.253411306042885,0.7465886939571149,0
2021092610,4246,44857,Adam Shaheen,3,True,True,False,inline,pass_block,False,False,,,1.0,1.0,SINGLEBACK,7.0,7.303921568627451,-0.3039215686274508,1
2021092610,4448,42547,Darren Waller,3,True,True,False,inline,route,True,True,-0.2658356498164362,,0.0,1.0,SHOTGUN,7.0,6.253411306042885,0.7465886939571149,0
2021092610,4448,47920,Foster Moreau,3,True,True,False,inline,route,True,False,-0.1106080666182208,-0.1106080666182208,0.0,1.0,SHOTGUN,7.0,6.253411306042885,0.7465886939571149,0
2021092611,996,43399,Tyler Higbee,3,True,True,False,detached,route,True,False,0.1796380552498956,0.1796380552498956,0.0,0.0,SHOTGUN,6.0,6.253411306042885,-0.2534113060428851,0
2021092611,1020,43399,Tyler Higbee,3,True,True,False,detached,route,True,True,0.1224614780406881,,0.0,0.0,EMPTY,5.0,5.508875739644971,-0.5088757396449708,0
2021092611,1857,43399,Tyler Higbee,3,True,True,True,inline,pass_block,False,False,,,1.0,1.0,SHOTGUN,7.0,6.253411306042885,0.7465886939571149,0
2021092611,2762,43399,Tyler Higbee,3,True,True,True,inline,route,True,False,0.2057225140535785,0.2057225140535785,0.0,1.0,EMPTY,6.0,5.508875739644971,0.4911242603550292,0
2021092611,3147,35481,Rob Gronkowski,3,True,True,True,detached,route,True,False,0.3016676396811848,0.3016676396811848,0.0,0.0,EMPTY,4.0,5.508875739644971,-1.5088757396449708,0
2021092611,3169,35481,Rob Gronkowski,3,True,True,True,detached,route,True,True,-0.3210864786404876,,0.0,0.0,SHOTGUN,6.0,6.253411306042885,-0.2534113060428851,0
2021092611,3191,35481,Rob Gronkowski,3,True,True,True,detached,route,True,True,0.0348825248001942,,0.0,0.0,EMPTY,6.0,5.508875739644971,0.4911242603550292,0
2021092611,3530,45094,Johnny Mundt,3,True,True,False,detached,route,True,False,0.1604720014029985,0.1604720014029985,0.0,0.0,EMPTY,4.0,5.508875739644971,-1.5088757396449708,0
2021092611,4225,42033,Cameron Brate,3,True,True,False,detached,route,True,False,-0.2937551748356973,-0.2937551748356973,0.0,0.0,SHOTGUN,6.0,6.253411306042885,-0.2534113060428851,0
2021092611,4254,42033,Cameron Brate,3,True,True,False,detached,route,True,False,-0.1219344965363838,-0.1219344965363838,0.0,0.0,SHOTGUN,5.0,6.253411306042885,-1.253411306042885,0
2021092612,210,44856,Gerald Everett,3,True,True,True,detached,route,True,False,0.0498421646221574,0.0498421646221574,0.0,0.0,SHOTGUN,6.0,6.253411306042885,-0.2534113060428851,0
2021092612,232,44856,Gerald Everett,3,True,True,True,inline,route,True,False,0.5451171982804094,0.5451171982804094,0.0,1.0,SHOTGUN,6.0,6.253411306042885,-0.2534113060428851,0
2021092612,404,46226,Tyler Conklin,3,True,True,False,inline,route,True,False,-0.3955199370019148,-0.3955199370019148,0.0,1.0,SHOTGUN,6.0,6.253411306042885,-0.2534113060428851,0
2021092612,449,46226,Tyler Conklin,3,True,True,True,inline,route,True,True,-0.2564701455252018,,0.0,1.0,SINGLEBACK,8.0,7.303921568627451,0.6960784313725492,0
2021092612,449,52725,Ben Ellefson,3,True,True,True,inline,pass_block,False,False,,,1.0,1.0,SINGLEBACK,8.0,7.303921568627451,0.6960784313725492,0
2021092612,1221,46226,Tyler Conklin,3,True,True,False,detached,route,True,True,-0.5063448284440564,,0.0,0.0,SHOTGUN,6.0,6.253411306042885,-0.2534113060428851,0
2021092612,1299,46176,Christopher Herndon,3,True,True,False,inline,route,True,False,0.000361068309156,0.000361068309156,0.0,1.0,EMPTY,7.0,5.508875739644971,1.4911242603550292,0
2021092612,1830,46226,Tyler Conklin,3,True,True,False,detached,route,True,True,-0.2410611514331945,,0.0,0.0,SHOTGUN,5.0,6.253411306042885,-1.253411306042885,0
2021092612,1871,46226,Tyler Conklin,3,True,True,True,inline,pass_block,False,False,,,1.0,1.0,EMPTY,6.0,5.508875739644971,0.4911242603550292,1
2021092612,2349,46226,Tyler Conklin,3,True,True,False,detached,route,True,False,0.0272915823763784,0.0272915823763784,0.0,0.0,EMPTY,5.0,5.508875739644971,-0.5088757396449708,0
2021092612,2827,46226,Tyler Conklin,3,True,True,False,detached,route,True,False,-0.2585604842388447,-0.2585604842388447,0.0,0.0,SHOTGUN,4.0,6.253411306042885,-2.253411306042885,0
2021092613,187,45635,Robert Tonyan,3,True,True,False,detached,route,True,False,-0.0699084456827868,-0.0699084456827868,0.0,0.0,EMPTY,6.0,5.508875739644971,0.4911242603550292,0
2021092613,187,52502,Josiah Deguara,3,True,True,False,detached,route,True,False,-0.0783993963979122,-0.0783993963979122,0.0,0.0,EMPTY,6.0,5.508875739644971,0.4911242603550292,0
2021092613,602,45635,Robert Tonyan,3,True,True,False,detached,route,True,False,-0.1335188836702832,-0.1335188836702832,0.0,0.0,EMPTY,5.0,5.508875739644971,-0.5088757396449708,0
2021092613,1141,45635,Robert Tonyan,3,True,True,False,detached,route,True,False,-0.2008782546533305,-0.2008782546533305,0.0,0.0,SHOTGUN,5.0,6.253411306042885,-1.253411306042885,0
2021092613,1174,52502,Josiah Deguara,3,True,True,False,inline,pass_block,False,False,,,1.0,1.0,SHOTGUN,8.0,6.253411306042885,1.746588693957115,0
2021092613,1962,44959,George Kittle,3,True,True,False,detached,route,True,False,-0.0899582325159147,-0.0899582325159147,0.0,0.0,SHOTGUN,5.0,6.253411306042885,-1.253411306042885,0
2021092613,2011,44959,George Kittle,3,True,True,False,detached,route,True,False,-0.0313961096402481,-0.0313961096402481,0.0,0.0,EMPTY,6.0,5.508875739644971,0.4911242603550292,0
2021092613,2050,44959,George Kittle,3,True,True,False,inline,route,True,False,0.4563494143348392,0.4563494143348392,0.0,1.0,SHOTGUN,5.0,6.253411306042885,-1.253411306042885,0
2021092613,2083,44959,George Kittle,3,True,True,False,detached,route,True,False,-0.3113261537445535,-0.3113261537445535,0.0,0.0,SHOTGUN,7.0,6.253411306042885,0.7465886939571149,0
2021092613,2133,44959,George Kittle,3,True,True,False,backfield,pass_block,False,False,,,1.0,0.0,SHOTGUN,7.0,6.253411306042885,0.7465886939571149,1
2021092613,2155,44959,George Kittle,3,True,True,False,detached,route,True,False,-0.384718823536736,-0.384718823536736,0.0,0.0,SHOTGUN,7.0,6.253411306042885,0.7465886939571149,0
2021092613,2530,44959,George Kittle,3,True,True,True,inline,route,True,False,0.1681698694510143,0.1681698694510143,0.0,1.0,I_FORM,6.0,7.633333333333334,-1.6333333333333337,1
2021092613,2552,44959,George Kittle,3,True,True,False,inline,pass_block,False,False,,,1.0,1.0,SHOTGUN,7.0,6.253411306042885,0.7465886939571149,0
2021092613,3119,45635,Robert Tonyan,3,True,True,False,detached,route,True,False,0.1626062212700929,0.1626062212700929,0.0,0.0,EMPTY,6.0,5.508875739644971,0.4911242603550292,0
2021092613,3380,44959,George Kittle,3,True,True,False,inline,route,True,False,0.2253438213717454,0.2253438213717454,0.0,1.0,SHOTGUN,6.0,6.253411306042885,-0.2534113060428851,0
2021092613,3902,30842,Marcedes Lewis,3,True,True,False,wing,route,True,False,0.0689180280639751,0.0689180280639751,0.0,1.0,SHOTGUN,6.0,6.253411306042885,-0.2534113060428851,0
2021092613,3902,45635,Robert Tonyan,3,True,True,False,inline,route,True,False,-0.2367683021987293,-0.2367683021987293,0.0,1.0,SHOTGUN,6.0,6.253411306042885,-0.2534113060428851,0
2021092613,4148,44959,George Kittle,3,True,True,False,detached,route,True,False,0.3737619651179578,0.3737619651179578,0.0,0.0,SHOTGUN,6.0,6.253411306042885,-0.2534113060428851,0
2021092700,697,46206,Dalton Schultz,3,True,True,False,detached,route,True,False,-0.2632071766855792,-0.2632071766855792,0.0,0.0,EMPTY,7.0,5.508875739644971,1.4911242603550292,0
2021092700,1011,45532,Blake Jarwin,3,True,True,False,detached,route,True,False,-0.1997684082590413,-0.1997684082590413,0.0,0.0,SHOTGUN,6.0,6.253411306042885,-0.2534113060428851,0
2021092700,1011,46206,Dalton Schultz,3,True,True,False,inline,route,True,True,-0.1990598891401791,,0.0,1.0,SHOTGUN,6.0,6.253411306042885,-0.2534113060428851,0
2021092700,2644,39983,Zach Ertz,3,True,True,False,detached,route,True,False,0.3950753376701954,0.3950753376701954,0.0,0.0,EMPTY,5.0,5.508875739644971,-0.5088757396449708,0
2021092700,2644,46118,Dallas Goedert,3,True,True,False,detached,route,True,False,0.0970713110408312,0.0970713110408312,0.0,0.0,EMPTY,5.0,5.508875739644971,-0.5088757396449708,0
2021092700,2665,39983,Zach Ertz,3,True,True,False,inline,route,True,True,-0.4126744540580686,,0.0,1.0,SHOTGUN,8.0,6.253411306042885,1.746588693957115,0
2021092700,2665,46118,Dallas Goedert,3,True,True,False,inline,route,True,False,-0.4322560274741189,-0.4322560274741189,0.0,1.0,SHOTGUN,8.0,6.253411306042885,1.746588693957115,0
2021092700,3193,45532,Blake Jarwin,3,True,True,True,detached,route,True,False,-0.0141261385158455,-0.0141261385158455,0.0,0.0,EMPTY,6.0,5.508875739644971,0.4911242603550292,0
2021092700,3193,46206,Dalton Schultz,3,True,True,True,detached,route,True,False,-0.1611598408966104,-0.1611598408966104,0.0,0.0,EMPTY,6.0,5.508875739644971,0.4911242603550292,0
2021092700,3214,45532,Blake Jarwin,3,True,True,False,inline,route,True,False,-0.3074833258065164,-0.3074833258065164,0.0,1.0,SINGLEBACK,8.0,7.303921568627451,0.6960784313725492,1
2021092700,3233,45532,Blake Jarwin,3,True,True,True,detached,route,True,False,-0.1174329134116508,-0.1174329134116508,0.0,0.0,EMPTY,5.0,5.508875739644971,-0.5088757396449708,0
2021092700,3268,45532,Blake Jarwin,3,True,True,False,detached,route,True,False,-0.3545382013101806,-0.3545382013101806,0.0,0.0,SHOTGUN,6.0,6.253411306042885,-0.2534113060428851,0
2021092700,3289,45532,Blake Jarwin,3,True,True,False,detached,route,True,False,-0.223614434979535,-0.223614434979535,0.0,0.0,SHOTGUN,6.0,6.253411306042885,-0.2534113060428851,0
2021092700,3905,39983,Zach Ertz,3,True,True,False,inline,route,True,False,-0.0662744033430113,-0.0662744033430113,0.0,1.0,SHOTGUN,7.0,6.253411306042885,0.7465886939571149,1
2021093000,1262,42302,Chris Manhertz,4,True,True,False,inline,route,True,False,-0.0917549248544333,-0.0917549248544333,0.0,1.0,SHOTGUN,7.0,6.253411306042885,0.7465886939571149,0
2021093000,1262,53574,Luke Farrell,4,True,True,False,wing,route,True,True,-0.2205003459052021,,0.0,1.0,SHOTGUN,7.0,6.253411306042885,0.7465886939571149,0
2021093000,1531,45785,Dan Arnold,4,True,True,True,detached,route,True,False,0.134683779971297,0.134683779971297,0.0,0.0,SHOTGUN,6.0,6.253411306042885,-0.2534113060428851,0
2021093000,1570,45281,Jacob Hollister,4,True,True,True,detached,route,True,False,-0.3325546321449492,-0.3325546321449492,0.0,0.0,SHOTGUN,7.0,6.253411306042885,0.7465886939571149,0
2021093000,2193,42500,C.J. Uzomah,4,True,True,False,detached,route,True,False,-0.3026742291105569,-0.3026742291105569,0.0,0.0,SHOTGUN,6.0,6.253411306042885,-0.2534113060428851,0
2021093000,2608,45281,Jacob Hollister,4,True,True,False,inline,route,True,False,0.165955760603967,0.165955760603967,0.0,1.0,SHOTGUN,6.0,6.253411306042885,-0.2534113060428851,0
2021093000,2651,42302,Chris Manhertz,4,True,True,True,inline,route,True,False,-0.1599729714229227,-0.1599729714229227,0.0,1.0,SHOTGUN,6.0,6.253411306042885,-0.2534113060428851,0
2021093000,2651,45785,Dan Arnold,4,True,True,True,detached,route,True,False,0.0793084129577228,0.0793084129577228,0.0,0.0,SHOTGUN,6.0,6.253411306042885,-0.2534113060428851,0
2021100300,367,46094,Hayden Hurst,4,True,True,True,inline,route,True,False,0.6786941014325281,0.6786941014325281,0.0,1.0,SHOTGUN,7.0,6.253411306042885,0.7465886939571149,0
2021100300,389,53433,Kyle Pitts,4,True,True,True,detached,route,True,True,-0.010236701950502,,0.0,0.0,SHOTGUN,6.0,6.253411306042885,-0.2534113060428851,0
2021100300,2014,46094,Hayden Hurst,4,True,True,False,detached,route,True,False,-0.0079256107918046,-0.0079256107918046,0.0,0.0,SHOTGUN,5.0,6.253411306042885,-1.253411306042885,0
2021100300,2014,53433,Kyle Pitts,4,True,True,False,detached,route,True,True,-0.0763538297182947,,0.0,0.0,SHOTGUN,5.0,6.253411306042885,-1.253411306042885,0
2021100300,2043,46094,Hayden Hurst,4,True,True,False,detached,route,True,False,-0.0895587504683286,-0.0895587504683286,0.0,0.0,SHOTGUN,6.0,6.253411306042885,-0.2534113060428851,0
2021100300,2043,53433,Kyle Pitts,4,True,True,False,detached,route,True,False,-0.2845621361768142,-0.2845621361768142,0.0,0.0,SHOTGUN,6.0,6.253411306042885,-0.2534113060428851,0
2021100300,2138,53433,Kyle Pitts,4,True,True,False,inline,route,True,False,0.0253590464969437,0.0253590464969437,0.0,1.0,SHOTGUN,6.0,6.253411306042885,-0.2534113060428851,0
2021100300,2435,46094,Hayden Hurst,4,True,True,False,detached,route,True,True,-0.2677449654606689,,0.0,0.0,EMPTY,6.0,5.508875739644971,0.4911242603550292,0
2021100300,2435,53433,Kyle Pitts,4,True,True,False,detached,route,True,False,-0.005587870996879,-0.005587870996879,0.0,0.0,EMPTY,6.0,5.508875739644971,0.4911242603550292,0
2021100300,2483,46094,Hayden Hurst,4,True,True,False,inline,route,True,False,-0.129993216375207,-0.129993216375207,0.0,1.0,SHOTGUN,6.0,6.253411306042885,-0.2534113060428851,0
2021100300,2483,53433,Kyle Pitts,4,True,True,False,detached,route,True,True,0.1413925628985045,,0.0,0.0,SHOTGUN,6.0,6.253411306042885,-0.2534113060428851,0
2021100300,2505,46094,Hayden Hurst,4,True,True,False,detached,route,True,False,-0.0223456863753935,-0.0223456863753935,0.0,0.0,EMPTY,5.0,5.508875739644971,-0.5088757396449708,0
2021100300,2505,53433,Kyle Pitts,4,True,True,False,detached,route,True,False,0.4147045246278834,0.4147045246278834,0.0,0.0,EMPTY,5.0,5.508875739644971,-0.5088757396449708,0
2021100300,2530,46094,Hayden Hurst,4,True,True,False,detached,route,True,False,0.1551035219356413,0.1551035219356413,0.0,0.0,EMPTY,6.0,5.508875739644971,0.4911242603550292,1
2021100300,2530,53433,Kyle Pitts,4,True,True,False,detached,route,True,False,-0.5813218084502361,-0.5813218084502361,0.0,0.0,EMPTY,6.0,5.508875739644971,0.4911242603550292,1
2021100300,2757,45481,Ricky Seals-Jones,4,True,True,False,detached,pass_block,False,False,,,1.0,0.0,SHOTGUN,7.0,6.253411306042885,0.7465886939571149,0
2021100300,3267,46094,Hayden Hurst,4,True,True,False,detached,route,True,False,-0.0204450395629192,-0.0204450395629192,0.0,0.0,SHOTGUN,6.0,6.253411306042885,-0.2534113060428851,0
2021100300,3267,53433,Kyle Pitts,4,True,True,False,detached,route,True,False,-0.0412298889344131,-0.0412298889344131,0.0,0.0,SHOTGUN,6.0,6.253411306042885,-0.2534113060428851,0
2021100300,3858,45481,Ricky Seals-Jones,4,True,True,False,detached,route,True,False,0.160672473967351,0.160672473967351,0.0,0.0,SINGLEBACK,6.0,7.303921568627451,-1.3039215686274508,1
2021100300,3858,53553,John Bates,4,True,True,False,inline,pass_block,False,False,,,1.0,1.0,SINGLEBACK,6.0,7.303921568627451,-1.3039215686274508,1
2021100300,3903,45481,Ricky Seals-Jones,4,True,True,False,detached,route,True,True,0.293948005712803,,0.0,0.0,EMPTY,6.0,5.508875739644971,0.4911242603550292,0
2021100300,3932,45481,Ricky Seals-Jones,4,True,True,False,detached,route,True,True,-0.017079749125298,,0.0,0.0,SINGLEBACK,8.0,7.303921568627451,0.6960784313725492,1
2021100300,3932,53553,John Bates,4,True,True,False,detached,pass_block,False,False,,,1.0,0.0,SINGLEBACK,8.0,7.303921568627451,0.6960784313725492,1
2021100301,292,45321,Antony Auclair,4,True,True,False,inline,pass_block,False,False,,,1.0,1.0,PISTOL,6.0,6.421052631578948,-0.4210526315789478,1
2021100301,292,45339,Pharaoh Brown,4,True,True,False,wing,route,True,False,-0.0542401642568923,-0.0542401642568923,0.0,1.0,PISTOL,6.0,6.421052631578948,-0.4210526315789478,1
2021100301,292,46167,Jordan Akins,4,True,True,False,detached,route,True,False,-0.3128323564578087,-0.3128323564578087,0.0,0.0,PISTOL,6.0,6.421052631578948,-0.4210526315789478,1
2021100301,981,47879,Dawson Knox,4,True,True,False,detached,route,True,True,0.4043014219509708,,0.0,0.0,SHOTGUN,6.0,6.253411306042885,-0.2534113060428851,0
2021100301,1848,47879,Dawson Knox,4,True,True,False,inline,route,True,False,-0.1539554389386808,-0.1539554389386808,0.0,1.0,SHOTGUN,6.0,6.253411306042885,-0.2534113060428851,0
2021100301,1911,47879,Dawson Knox,4,True,True,False,detached,route,True,False,-0.1115001639130515,-0.1115001639130515,0.0,0.0,EMPTY,6.0,5.508875739644971,0.4911242603550292,0
2021100301,2370,47879,Dawson Knox,4,True,True,False,detached,route,True,False,-0.0753189767121625,-0.0753189767121625,0.0,0.0,SHOTGUN,6.0,6.253411306042885,-0.2534113060428851,0
2021100301,2879,47879,Dawson Knox,4,True,True,False,inline,route,True,True,-0.3761480220699303,,0.0,1.0,SHOTGUN,7.0,6.253411306042885,0.7465886939571149,1
2021100301,2903,47879,Dawson Knox,4,True,True,False,inline,chip_release,True,False,-0.4552686214067358,-0.4552686214067358,1.0,1.0,I_FORM,8.0,7.633333333333334,0.36666666666666625,1
2021100302,580,47791,T.J. Hockenson,4,True,True,False,inline,chip_release,True,False,0.408468190866935,0.408468190866935,1.0,1.0,SHOTGUN,6.0,6.253411306042885,-0.2534113060428851,0
2021100302,1172,47791,T.J. Hockenson,4,True,True,True,inline,route,True,False,0.6140249151660837,0.6140249151660837,0.0,1.0,SHOTGUN,7.0,6.253411306042885,0.7465886939571149,0
2021100302,1215,47791,T.J. Hockenson,4,True,True,True,detached,route,True,False,0.107121188022647,0.107121188022647,0.0,0.0,SHOTGUN,6.0,6.253411306042885,-0.2534113060428851,0
2021100302,1236,47791,T.J. Hockenson,4,True,True,True,inline,route,True,False,-0.1293793225398902,-0.1293793225398902,0.0,1.0,SHOTGUN,7.0,6.253411306042885,0.7465886939571149,0
2021100302,1645,47791,T.J. Hockenson,4,True,True,False,detached,route,True,False,0.4769054062281721,0.4769054062281721,0.0,0.0,EMPTY,6.0,5.508875739644971,0.4911242603550292,0
2021100302,2798,47791,T.J. Hockenson,4,True,True,False,detached,route,True,False,0.1355201384549673,0.1355201384549673,0.0,0.0,EMPTY,6.0,5.508875739644971,0.4911242603550292,0
2021100302,3108,35534,Jimmy Graham,4,True,True,False,detached,route,True,False,0.2858184543026461,0.2858184543026461,0.0,0.0,SHOTGUN,5.0,6.253411306042885,-1.253411306042885,0
2021100302,3108,52451,Cole Kmet,4,True,True,False,detached,route,True,True,-0.0322571620210547,,0.0,0.0,SHOTGUN,5.0,6.253411306042885,-1.253411306042885,0
2021100302,3915,47791,T.J. Hockenson,4,True,True,False,detached,route,True,False,0.1207785124532552,0.1207785124532552,0.0,0.0,SHOTGUN,7.0,6.253411306042885,0.7465886939571149,0
2021100302,3946,47791,T.J. Hockenson,4,True,True,False,inline,chip_release,True,True,0.0116590323515504,,1.0,1.0,SHOTGUN,6.0,6.253411306042885,-0.2534113060428851,1
2021100302,3982,47791,T.J. Hockenson,4,True,True,False,inline,chip_release,True,False,0.0626197934704076,0.0626197934704076,1.0,1.0,EMPTY,5.0,5.508875739644971,-0.5088757396449708,0
2021100302,4006,47791,T.J. Hockenson,4,True,True,False,detached,route,True,False,0.0602691731630395,0.0602691731630395,0.0,0.0,SHOTGUN,6.0,6.253411306042885,-0.2534113060428851,0
2021100303,463,44967,Jeremy Sprinkle,4,True,True,False,detached,route,True,False,0.1508792357043188,0.1508792357043188,0.0,0.0,SHOTGUN,7.0,6.253411306042885,0.7465886939571149,0
2021100303,463,45532,Blake Jarwin,4,True,True,False,detached,route,True,False,0.8612157398982061,0.8612157398982061,0.0,0.0,SHOTGUN,7.0,6.253411306042885,0.7465886939571149,0
2021100303,463,46206,Dalton Schultz,4,True,True,False,detached,route,True,True,0.5200644761560969,,0.0,0.0,SHOTGUN,7.0,6.253411306042885,0.7465886939571149,0
2021100303,701,53512,Tommy Tremble,4,True,True,True,detached,route,True,False,0.0722789535679512,0.0722789535679512,0.0,0.0,SHOTGUN,6.0,6.253411306042885,-0.2534113060428851,0
2021100303,1096,45532,Blake Jarwin,4,True,True,False,inline,route,True,True,-0.0404235714821363,,0.0,1.0,SHOTGUN,7.0,6.253411306042885,0.7465886939571149,0
2021100303,2637,46206,Dalton Schultz,4,True,True,True,inline,chip_release,True,True,-1.153842226383928,,1.0,1.0,SINGLEBACK,7.0,7.303921568627451,-0.3039215686274508,1
2021100303,2662,46206,Dalton Schultz,4,True,True,False,inline,chip_release,True,False,0.0493423961569523,0.0493423961569523,1.0,1.0,SHOTGUN,8.0,6.253411306042885,1.746588693957115,1
2021100303,3464,46170,Ian Thomas,4,True,True,False,detached,route,True,False,0.2493306307140487,0.2493306307140487,0.0,0.0,SHOTGUN,6.0,6.253411306042885,-0.2534113060428851,0
2021100303,3493,46170,Ian Thomas,4,True,True,False,inline,pass_block,False,False,,,1.0,1.0,EMPTY,7.0,5.508875739644971,1.4911242603550292,0
2021100303,3886,53512,Tommy Tremble,4,True,True,False,detached,route,True,False,0.060512218385611,0.060512218385611,0.0,0.0,SHOTGUN,7.0,6.253411306042885,0.7465886939571149,0
2021100303,3919,53512,Tommy Tremble,4,True,True,True,detached,route,True,False,0.2478706604204925,0.2478706604204925,0.0,0.0,SHOTGUN,6.0,6.253411306042885,-0.2534113060428851,0
2021100304,2044,44792,Mo Alie-Cox,4,True,True,False,inline,route,True,True,0.3346008660502414,,0.0,1.0,SHOTGUN,6.0,6.253411306042885,-0.2534113060428851,1
2021100304,2089,40641,Jack Doyle,4,True,True,False,detached,route,True,False,-0.0268735554772878,-0.0268735554772878,0.0,0.0,SHOTGUN,6.0,6.253411306042885,-0.2534113060428851,0
2021100304,2158,44792,Mo Alie-Cox,4,True,True,False,detached,route,True,True,0.8635221178859813,,0.0,0.0,SHOTGUN,6.0,6.253411306042885,-0.2534113060428851,0
2021100304,2158,53556,Kylen Granson,4,True,True,False,detached,route,True,False,0.8725527462238554,0.8725527462238554,0.0,0.0,SHOTGUN,6.0,6.253411306042885,-0.2534113060428851,0
2021100304,3046,46111,Mike Gesicki,4,True,True,True,detached,route,True,True,0.392541385308107,,0.0,0.0,SHOTGUN,6.0,6.253411306042885,-0.2534113060428851,0
2021100304,3248,53556,Kylen Granson,4,True,True,True,detached,route,True,False,0.0209578689751074,0.0209578689751074,0.0,0.0,SHOTGUN,5.0,6.253411306042885,-1.253411306042885,0
2021100304,3344,44792,Mo Alie-Cox,4,True,True,True,detached,route,True,True,0.1504099596830104,,0.0,0.0,SHOTGUN,6.0,6.253411306042885,-0.2534113060428851,0
2021100304,3448,46111,Mike Gesicki,4,True,True,False,detached,route,True,False,-0.090172604189841,-0.090172604189841,0.0,0.0,SHOTGUN,5.0,6.253411306042885,-1.253411306042885,0
2021100304,3515,46111,Mike Gesicki,4,True,True,False,detached,route,True,False,-0.367230663788897,-0.367230663788897,0.0,0.0,SHOTGUN,6.0,6.253411306042885,-0.2534113060428851,0
2021100305,251,46226,Tyler Conklin,4,True,True,False,inline,pass_block,False,False,,,1.0,1.0,SINGLEBACK,7.0,7.303921568627451,-0.3039215686274508,1
2021100305,317,46226,Tyler Conklin,4,True,True,True,inline,route,True,False,-0.3374468612380223,-0.3374468612380223,0.0,1.0,SINGLEBACK,7.0,7.303921568627451,-0.3039215686274508,0
2021100305,317,52725,Ben Ellefson,4,True,True,True,inline,route,True,False,0.4387710085622016,0.4387710085622016,0.0,1.0,SINGLEBACK,7.0,7.303921568627451,-0.3039215686274508,0
2021100305,374,46226,Tyler Conklin,4,True,True,False,detached,route,True,False,-0.0475141607218294,-0.0475141607218294,0.0,0.0,SHOTGUN,5.0,6.253411306042885,-1.253411306042885,0
2021100305,757,43370,Austin Hooper,4,True,True,False,inline,route,True,False,0.0606746932336148,0.0606746932336148,0.0,1.0,SHOTGUN,7.0,6.253411306042885,0.7465886939571149,0
2021100305,779,43370,Austin Hooper,4,True,True,False,inline,route,True,False,-0.0727663331037906,-0.0727663331037906,0.0,1.0,SHOTGUN,6.0,6.253411306042885,-0.2534113060428851,0
2021100305,779,44841,David Njoku,4,True,True,False,detached,route,True,False,0.0437475708487162,0.0437475708487162,0.0,0.0,SHOTGUN,6.0,6.253411306042885,-0.2534113060428851,0
2021100305,1479,44841,David Njoku,4,True,True,True,inline,pass_block,False,False,,,1.0,1.0,SINGLEBACK,7.0,7.303921568627451,-0.3039215686274508,1
2021100305,1512,44841,David Njoku,4,True,True,True,inline,route,True,False,-0.0680877034591013,-0.0680877034591013,0.0,1.0,EMPTY,6.0,5.508875739644971,0.4911242603550292,0
2021100305,1553,44841,David Njoku,4,True,True,True,inline,pass_block,False,False,,,1.0,1.0,SINGLEBACK,9.0,7.303921568627451,1.6960784313725492,1
2021100305,1553,52523,Harrison Bryant,4,True,True,True,wing,route,True,False,-0.3267097062568664,-0.3267097062568664,0.0,1.0,SINGLEBACK,9.0,7.303921568627451,1.6960784313725492,1
2021100305,1613,44841,David Njoku,4,True,True,True,detached,route,True,True,-0.0382924220571927,,0.0,0.0,EMPTY,8.0,5.508875739644971,2.491124260355029,0
2021100305,1646,43370,Austin Hooper,4,True,True,True,inline,route,True,True,-0.0323949586188361,,0.0,1.0,JUMBO,9.0,10.214285714285714,-1.2142857142857135,1
2021100305,1646,44841,David Njoku,4,True,True,True,inline,pass_block,False,False,,,1.0,1.0,JUMBO,9.0,10.214285714285714,-1.2142857142857135,1
2021100305,1646,52523,Harrison Bryant,4,True,True,True,wing,route,True,False,-0.4341552390808214,-0.4341552390808214,0.0,1.0,JUMBO,9.0,10.214285714285714,-1.2142857142857135,1
2021100305,1748,43370,Austin Hooper,4,True,True,False,inline,route,True,False,-0.4686914365531671,-0.4686914365531671,0.0,1.0,SINGLEBACK,9.0,7.303921568627451,1.6960784313725492,1
2021100305,1748,44841,David Njoku,4,True,True,False,inline,route,True,False,-0.5596322210520897,-0.5596322210520897,0.0,1.0,SINGLEBACK,9.0,7.303921568627451,1.6960784313725492,1
2021100305,1748,52523,Harrison Bryant,4,True,True,False,wing,route,True,False,0.3506328754884706,0.3506328754884706,0.0,1.0,SINGLEBACK,9.0,7.303921568627451,1.6960784313725492,1
2021100306,956,37118,Kyle Rudolph,4,True,True,False,wing,route,True,False,0.0269182559436105,0.0269182559436105,0.0,1.0,I_FORM,8.0,7.633333333333334,0.36666666666666625,1
2021100306,956,47959,Kaden Smith,4,True,True,False,inline,chip_release,True,False,1.03550307557717,1.03550307557717,1.0,1.0,I_FORM,8.0,7.633333333333334,0.36666666666666625,1
2021100306,1675,52942,Juwan Johnson,4,True,True,False,detached,route,True,True,0.1495115037317166,,0.0,0.0,SHOTGUN,5.0,6.253411306042885,-1.253411306042885,0
2021100306,1936,52513,Adam Trautman,4,True,True,False,detached,route,True,False,-0.309923511307148,-0.309923511307148,0.0,0.0,SHOTGUN,6.0,6.253411306042885,-0.2534113060428851,0
2021100306,2256,37118,Kyle Rudolph,4,True,True,True,detached,route,True,True,0.1344158408705849,,0.0,0.0,SHOTGUN,6.0,6.253411306042885,-0.2534113060428851,0
2021100306,2835,44075,Garrett Griffin,4,True,True,False,wing,route,True,False,-0.1146917956800008,-0.1146917956800008,0.0,1.0,SINGLEBACK,7.0,7.303921568627451,-0.3039215686274508,1
2021100306,2835,52513,Adam Trautman,4,True,True,False,inline,route,True,True,-0.5061142241755985,,0.0,1.0,SINGLEBACK,7.0,7.303921568627451,-0.3039215686274508,1
2021100306,2835,52942,Juwan Johnson,4,True,True,False,detached,route,True,False,-0.1403415538111725,-0.1403415538111725,0.0,0.0,SINGLEBACK,7.0,7.303921568627451,-0.3039215686274508,1
2021100307,433,53065,Tommy Hudson,4,True,True,False,detached,route,True,False,0.1129417212898521,0.1129417212898521,0.0,0.0,SHOTGUN,6.0,6.253411306042885,-0.2534113060428851,0
2021100307,482,45355,Anthony Firkser,4,True,True,False,detached,route,True,False,0.2725741948287681,0.2725741948287681,0.0,0.0,SHOTGUN,6.0,6.253411306042885,-0.2534113060428851,0
2021100307,1066,53065,Tommy Hudson,4,True,True,False,detached,route,True,False,-0.051719554312419,-0.051719554312419,0.0,0.0,SHOTGUN,6.0,6.253411306042885,-0.2534113060428851,0
2021100307,1088,45355,Anthony Firkser,4,True,True,False,detached,chip_release,True,False,-0.3136137593111727,-0.3136137593111727,1.0,0.0,SHOTGUN,6.0,6.253411306042885,-0.2534113060428851,0
2021100307,2668,40149,Ryan Griffin,4,True,True,False,inline,route,True,True,0.3498339052499568,,0.0,1.0,SHOTGUN,7.0,6.253411306042885,0.7465886939571149,0
2021100307,2668,42428,Tyler Kroft,4,True,True,False,inline,route,True,False,0.541993194273884,0.541993194273884,0.0,1.0,SHOTGUN,7.0,6.253411306042885,0.7465886939571149,0
2021100307,2879,42486,MyCole Pruitt,4,True,True,False,detached,route,True,True,1.0703015908392337,,0.0,0.0,EMPTY,7.0,5.508875739644971,1.4911242603550292,1
2021100307,2879,45355,Anthony Firkser,4,True,True,False,inline,route,True,False,-0.4661537083692506,-0.4661537083692506,0.0,1.0,EMPTY,7.0,5.508875739644971,1.4911242603550292,1
2021100307,3049,42428,Tyler Kroft,4,True,True,True,inline,pass_block,False,False,,,1.0,1.0,SHOTGUN,8.0,6.253411306042885,1.746588693957115,0
2021100307,4158,45355,Anthony Firkser,4,True,True,False,detached,route,True,False,-0.2455780875538069,-0.2455780875538069,0.0,0.0,SHOTGUN,6.0,6.253411306042885,-0.2534113060428851,0
2021100307,4182,45355,Anthony Firkser,4,True,True,False,detached,route,True,True,0.1478918467159986,,0.0,0.0,SHOTGUN,7.0,6.253411306042885,0.7465886939571149,0
2021100307,4206,45355,Anthony Firkser,4,True,True,False,detached,route,True,False,0.57372367112835,0.57372367112835,0.0,0.0,SHOTGUN,6.0,6.253411306042885,-0.2534113060428851,0
2021100307,4228,45355,Anthony Firkser,4,True,True,True,detached,route,True,False,0.401625021842481,0.401625021842481,0.0,0.0,EMPTY,6.0,5.508875739644971,0.4911242603550292,0
2021100308,176,39983,Zach Ertz,4,True,True,False,detached,route,True,True,0.467485576794503,,0.0,0.0,SHOTGUN,7.0,6.253411306042885,0.7465886939571149,0
2021100308,176,46118,Dallas Goedert,4,True,True,False,detached,route,True,False,-0.0789047360351955,-0.0789047360351955,0.0,0.0,SHOTGUN,7.0,6.253411306042885,0.7465886939571149,0
2021100308,198,46118,Dallas Goedert,4,True,True,False,detached,pass_block,False,False,,,1.0,0.0,SHOTGUN,7.0,6.253411306042885,0.7465886939571149,0
2021100308,866,39983,Zach Ertz,4,True,True,True,inline,route,True,False,-0.2715263729598812,-0.2715263729598812,0.0,1.0,SHOTGUN,7.0,6.253411306042885,0.7465886939571149,0
2021100308,866,46118,Dallas Goedert,4,True,True,True,inline,route,True,False,-0.0566906703873031,-0.0566906703873031,0.0,1.0,SHOTGUN,7.0,6.253411306042885,0.7465886939571149,0
2021100308,927,46118,Dallas Goedert,4,True,True,False,detached,route,True,True,-0.4940051579427477,,0.0,0.0,SHOTGUN,6.0,6.253411306042885,-0.2534113060428851,0
2021100308,1400,40011,Travis Kelce,4,True,True,True,wing,route,True,False,-0.1359334662369821,-0.1359334662369821,0.0,1.0,SINGLEBACK,8.0,7.303921568627451,0.6960784313725492,1
2021100308,1400,42460,Blake Bell,4,True,True,True,inline,route,True,False,-0.2528402346631004,-0.2528402346631004,0.0,1.0,SINGLEBACK,8.0,7.303921568627451,0.6960784313725492,1
2021100308,1400,53591,Noah Gray,4,True,True,True,inline,route,True,True,-0.7139071683047289,,0.0,1.0,SINGLEBACK,8.0,7.303921568627451,0.6960784313725492,1
2021100308,1422,40011,Travis Kelce,4,True,True,True,detached,route,True,False,-0.118012017426872,-0.118012017426872,0.0,0.0,EMPTY,6.0,5.508875739644971,0.4911242603550292,0
2021100308,1723,46118,Dallas Goedert,4,True,True,False,detached,route,True,False,0.1279946566001369,0.1279946566001369,0.0,0.0,SHOTGUN,6.0,6.253411306042885,-0.2534113060428851,0
2021100308,1723,53946,Jack Stoll,4,True,True,False,inline,route,True,False,-0.1303776029661316,-0.1303776029661316,0.0,1.0,SHOTGUN,6.0,6.253411306042885,-0.2534113060428851,0
2021100308,1788,46118,Dallas Goedert,4,True,True,True,inline,pass_block,False,False,,,1.0,1.0,SHOTGUN,7.0,6.253411306042885,0.7465886939571149,0
2021100308,1824,39983,Zach Ertz,4,True,True,True,detached,route,True,False,-0.1037103541908184,-0.1037103541908184,0.0,0.0,SHOTGUN,7.0,6.253411306042885,0.7465886939571149,0
2021100308,1824,46118,Dallas Goedert,4,True,True,True,detached,route,True,False,-0.2261053116169518,-0.2261053116169518,0.0,0.0,SHOTGUN,7.0,6.253411306042885,0.7465886939571149,0
2021100308,2021,40011,Travis Kelce,4,True,True,False,detached,route,True,False,-0.1810668546571532,-0.1810668546571532,0.0,0.0,SHOTGUN,6.0,6.253411306042885,-0.2534113060428851,0
2021100308,2645,39983,Zach Ertz,4,True,True,False,detached,route,True,False,0.4143181239059256,0.4143181239059256,0.0,0.0,SHOTGUN,5.0,6.253411306042885,-1.253411306042885,0
2021100308,2645,46118,Dallas Goedert,4,True,True,False,detached,route,True,False,-0.0044069587472678,-0.0044069587472678,0.0,0.0,SHOTGUN,5.0,6.253411306042885,-1.253411306042885,0
2021100308,2713,39983,Zach Ertz,4,True,True,False,wing,route,True,True,0.2648918704025242,,0.0,1.0,SHOTGUN,8.0,6.253411306042885,1.746588693957115,0
2021100308,2713,46118,Dallas Goedert,4,True,True,False,inline,route,True,False,0.2800829709556488,0.2800829709556488,0.0,1.0,SHOTGUN,8.0,6.253411306042885,1.746588693957115,0
2021100308,2735,39983,Zach Ertz,4,True,True,True,wing,route,True,True,-0.2026921183373944,,0.0,1.0,SHOTGUN,7.0,6.253411306042885,0.7465886939571149,0
2021100308,2735,46118,Dallas Goedert,4,True,True,True,inline,route,True,False,-0.3190087979315353,-0.3190087979315353,0.0,1.0,SHOTGUN,7.0,6.253411306042885,0.7465886939571149,0
2021100308,2759,46118,Dallas Goedert,4,True,True,True,detached,pass_block,False,False,,,1.0,0.0,SHOTGUN,7.0,6.253411306042885,0.7465886939571149,0
2021100308,2812,39983,Zach Ertz,4,True,True,False,inline,route,True,True,-0.2211858761420695,,0.0,1.0,SHOTGUN,8.0,6.253411306042885,1.746588693957115,0
2021100308,2812,47840,J.J. Arcega-Whiteside,4,True,True,False,detached,route,True,False,0.0941510153663216,0.0941510153663216,0.0,0.0,SHOTGUN,8.0,6.253411306042885,1.746588693957115,0
2021100308,3333,46118,Dallas Goedert,4,True,True,True,inline,route,True,False,0.0149839859597237,0.0149839859597237,0.0,1.0,SHOTGUN,6.0,6.253411306042885,-0.2534113060428851,0
2021100308,3333,47840,J.J. Arcega-Whiteside,4,True,True,True,detached,route,True,False,0.2498949097356793,0.2498949097356793,0.0,0.0,SHOTGUN,6.0,6.253411306042885,-0.2534113060428851,0
2021100308,3333,53946,Jack Stoll,4,True,True,True,detached,route,True,False,-0.0946544457869206,-0.0946544457869206,0.0,0.0,SHOTGUN,6.0,6.253411306042885,-0.2534113060428851,0
2021100308,3363,39983,Zach Ertz,4,True,True,True,detached,route,True,False,0.1345898896289783,0.1345898896289783,0.0,0.0,SHOTGUN,6.0,6.253411306042885,-0.2534113060428851,0
2021100308,3363,46118,Dallas Goedert,4,True,True,True,detached,route,True,False,0.145968445328277,0.145968445328277,0.0,0.0,SHOTGUN,6.0,6.253411306042885,-0.2534113060428851,0
2021100308,4471,39983,Zach Ertz,4,True,True,False,inline,route,True,False,0.0323120897228541,0.0323120897228541,0.0,1.0,SHOTGUN,8.0,6.253411306042885,1.746588693957115,0
2021100309,871,43399,Tyler Higbee,4,True,True,False,inline,route,True,False,0.283793114058557,0.283793114058557,0.0,1.0,SHOTGUN,7.0,6.253411306042885,0.7465886939571149,1
2021100309,871,45094,Johnny Mundt,4,True,True,False,wing,route,True,False,-0.5446154278973551,-0.5446154278973551,0.0,1.0,SHOTGUN,7.0,6.253411306042885,0.7465886939571149,1
2021100309,1200,42398,Maxx Williams,4,True,True,False,detached,route,True,True,-0.0073489545788023,,0.0,0.0,SHOTGUN,5.0,6.253411306042885,-1.253411306042885,0
2021100309,1953,43399,Tyler Higbee,4,True,True,True,detached,route,True,False,-0.1360550822493915,-0.1360550822493915,0.0,0.0,EMPTY,7.0,5.508875739644971,1.4911242603550292,0
2021100309,1975,43399,Tyler Higbee,4,True,True,True,inline,chip_release,True,False,0.1693243601099923,0.1693243601099923,1.0,1.0,EMPTY,6.0,5.508875739644971,0.4911242603550292,1
2021100309,2404,42398,Maxx Williams,4,True,True,False,inline,route,True,False,-0.4611663234365444,-0.4611663234365444,0.0,1.0,SHOTGUN,7.0,6.253411306042885,0.7465886939571149,0
2021100309,2423,42398,Maxx Williams,4,True,True,False,inline,route,True,False,0.1311551880131958,0.1311551880131958,0.0,1.0,EMPTY,6.0,5.508875739644971,0.4911242603550292,0
2021100309,2457,42398,Maxx Williams,4,True,True,False,detached,route,True,False,-0.0854740568561814,-0.0854740568561814,0.0,0.0,EMPTY,4.0,5.508875739644971,-1.5088757396449708,0
2021100309,2542,42398,Maxx Williams,4,True,True,True,detached,route,True,False,-0.1901894000699229,-0.1901894000699229,0.0,0.0,SHOTGUN,6.0,6.253411306042885,-0.2534113060428851,0
2021100309,2564,42398,Maxx Williams,4,True,True,True,detached,route,True,False,-0.2865903211349807,-0.2865903211349807,0.0,0.0,EMPTY,4.0,5.508875739644971,-1.5088757396449708,0
2021100309,3682,43399,Tyler Higbee,4,True,True,False,inline,route,True,False,-0.3118657409947477,-0.3118657409947477,0.0,1.0,SHOTGUN,6.0,6.253411306042885,-0.2534113060428851,0
2021100309,3703,43399,Tyler Higbee,4,True,True,True,detached,route,True,False,-0.1401558082673903,-0.1401558082673903,0.0,0.0,EMPTY,5.0,5.508875739644971,-0.5088757396449708,0
2021100309,3725,43399,Tyler Higbee,4,True,True,True,inline,route,True,False,0.2402505876327216,0.2402505876327216,0.0,1.0,EMPTY,6.0,5.508875739644971,0.4911242603550292,0
2021100309,3767,43399,Tyler Higbee,4,True,True,True,inline,route,True,True,-0.2056503045037288,,0.0,1.0,EMPTY,6.0,5.508875739644971,0.4911242603550292,0
2021100309,4298,45094,Johnny Mundt,4,True,True,False,inline,route,True,False,0.1009435810052663,0.1009435810052663,0.0,1.0,SHOTGUN,7.0,6.253411306042885,0.7465886939571149,0
2021100310,1658,46189,Will Dissly,4,True,True,False,detached,route,True,False,-0.3769368065753118,-0.3769368065753118,0.0,0.0,EMPTY,5.0,5.508875739644971,-0.5088757396449708,0
2021100310,1658,52541,Colby Parkinson,4,True,True,False,detached,route,True,False,0.1537794389789354,0.1537794389789354,0.0,0.0,EMPTY,5.0,5.508875739644971,-0.5088757396449708,0
2021100310,1658,52962,Tyler Mabry,4,True,True,False,detached,route,True,False,-0.0948698431986521,-0.0948698431986521,0.0,0.0,EMPTY,5.0,5.508875739644971,-0.5088757396449708,0
2021100310,2480,46189,Will Dissly,4,True,True,False,inline,route,True,False,0.3592789165892998,0.3592789165892998,0.0,1.0,SHOTGUN,8.0,6.253411306042885,1.746588693957115,0
2021100310,2480,52541,Colby Parkinson,4,True,True,False,inline,route,True,False,0.2477104633536506,0.2477104633536506,0.0,1.0,SHOTGUN,8.0,6.253411306042885,1.746588693957115,0
2021100310,2584,46189,Will Dissly,4,True,True,False,inline,route,True,False,0.4093945076585531,0.4093945076585531,0.0,1.0,SHOTGUN,5.0,6.253411306042885,-1.253411306042885,1
2021100311,962,47803,Noah Fant,4,True,True,False,inline,route,True,True,-0.0696264787870244,,0.0,1.0,SHOTGUN,7.0,6.253411306042885,0.7465886939571149,0
2021100311,1961,46155,Mark Andrews,4,True,True,False,detached,route,True,True,-0.0971244276152025,,0.0,0.0,EMPTY,6.0,5.508875739644971,0.4911242603550292,0
2021100311,1983,46155,Mark Andrews,4,True,True,False,detached,route,True,True,-0.4514869827328684,,0.0,0.0,SHOTGUN,6.0,6.253411306042885,-0.2534113060428851,0
2021100311,2045,46155,Mark Andrews,4,True,True,False,detached,route,True,False,-0.493811271221064,-0.493811271221064,0.0,0.0,EMPTY,5.0,5.508875739644971,-0.5088757396449708,0
2021100311,2045,47852,Josh Oliver,4,True,True,False,detached,route,True,False,-0.4716053813411168,-0.4716053813411168,0.0,0.0,EMPTY,5.0,5.508875739644971,-0.5088757396449708,0
2021100311,3685,46155,Mark Andrews,4,True,True,False,detached,route,True,True,-0.0945303804344098,,0.0,0.0,SHOTGUN,7.0,6.253411306042885,0.7465886939571149,0
2021100311,3829,42721,Eric Tomlinson,4,True,True,True,inline,route,True,False,-0.180754521080058,-0.180754521080058,0.0,1.0,JUMBO,10.0,10.214285714285714,-0.21428571428571352,1
2021100311,3829,46155,Mark Andrews,4,True,True,True,wing,route,True,False,-0.2171594581354741,-0.2171594581354741,0.0,1.0,JUMBO,10.0,10.214285714285714,-0.21428571428571352,1
2021100311,4033,47803,Noah Fant,4,True,True,False,detached,route,True,False,0.0451937499936299,0.0451937499936299,0.0,0.0,EMPTY,5.0,5.508875739644971,-0.5088757396449708,0
2021100311,4074,47803,Noah Fant,4,True,True,False,detached,route,True,False,0.3515580700518024,0.3515580700518024,0.0,0.0,SHOTGUN,5.0,6.253411306042885,-1.253411306042885,0
2021100311,4096,47803,Noah Fant,4,True,True,False,inline,route,True,False,0.0826699442315643,0.0826699442315643,0.0,1.0,SHOTGUN,6.0,6.253411306042885,-0.2534113060428851,0
2021100312,923,45635,Robert Tonyan,4,True,True,True,detached,route,True,False,-0.6899572672295666,-0.6899572672295666,0.0,0.0,SHOTGUN,7.0,6.253411306042885,0.7465886939571149,0
2021100312,1735,45635,Robert Tonyan,4,True,True,False,detached,route,True,False,-0.2498462494613796,-0.2498462494613796,0.0,0.0,SHOTGUN,5.0,6.253411306042885,-1.253411306042885,0
2021100312,1757,45635,Robert Tonyan,4,True,True,False,detached,route,True,True,-0.0575495468733003,,0.0,0.0,EMPTY,5.0,5.508875739644971,-0.5088757396449708,0
2021100312,1800,45635,Robert Tonyan,4,True,True,False,detached,route,True,False,-0.2615678113993767,-0.2615678113993767,0.0,0.0,EMPTY,5.0,5.508875739644971,-0.5088757396449708,0
2021100312,2169,30842,Marcedes Lewis,4,True,True,False,inline,route,True,False,-0.1423236212740216,-0.1423236212740216,0.0,1.0,SHOTGUN,6.0,6.253411306042885,-0.2534113060428851,0
2021100312,2169,45635,Robert Tonyan,4,True,True,False,wing,route,True,False,-0.6310562442881651,-0.6310562442881651,0.0,1.0,SHOTGUN,6.0,6.253411306042885,-0.2534113060428851,0
2021100312,2188,45635,Robert Tonyan,4,True,True,True,detached,route,True,False,-0.1273138677367964,-0.1273138677367964,0.0,0.0,SHOTGUN,5.0,6.253411306042885,-1.253411306042885,0
2021100312,3513,53484,Pat Freiermuth,4,True,True,True,detached,route,True,False,0.0434759432207252,0.0434759432207252,0.0,0.0,EMPTY,6.0,5.508875739644971,0.4911242603550292,0
2021100312,3537,53484,Pat Freiermuth,4,True,True,True,inline,route,True,False,0.0957969688811147,0.0957969688811147,0.0,1.0,SHOTGUN,6.0,6.253411306042885,-0.2534113060428851,0
2021100312,3559,53484,Pat Freiermuth,4,True,True,True,detached,route,True,False,-0.1345948757414932,-0.1345948757414932,0.0,0.0,SHOTGUN,6.0,6.253411306042885,-0.2534113060428851,0
2021100313,758,42033,Cameron Brate,4,True,True,False,detached,route,True,False,0.4392916829721309,0.4392916829721309,0.0,0.0,SINGLEBACK,8.0,7.303921568627451,0.6960784313725492,0
2021100313,758,44831,O.J. Howard,4,True,True,False,wing,route,True,False,0.1686368432456209,0.1686368432456209,0.0,1.0,SINGLEBACK,8.0,7.303921568627451,0.6960784313725492,0
2021100313,758,46915,Codey McElroy,4,True,True,False,inline,route,True,True,0.2424973748440428,,0.0,1.0,SINGLEBACK,8.0,7.303921568627451,0.6960784313725492,0
2021100313,780,42033,Cameron Brate,4,True,True,False,detached,route,True,True,0.2435860508022888,,0.0,0.0,EMPTY,5.0,5.508875739644971,-0.5088757396449708,0
2021100313,1163,44831,O.J. Howard,4,True,True,False,inline,route,True,False,-0.2291680574028856,-0.2291680574028856,0.0,1.0,SHOTGUN,7.0,6.253411306042885,0.7465886939571149,0
2021100313,1185,42033,Cameron Brate,4,True,True,False,inline,route,True,False,0.0499191119274217,0.0499191119274217,0.0,1.0,SHOTGUN,6.0,6.253411306042885,-0.2534113060428851,0
2021100313,1594,44912,Jonnu Smith,4,True,True,False,inline,route,True,False,0.5303593212498062,0.5303593212498062,0.0,1.0,I_FORM,8.0,7.633333333333334,0.36666666666666625,0
2021100313,1618,43324,Hunter Henry,4,True,True,False,inline,route,True,True,0.5542845217903216,,0.0,1.0,SHOTGUN,6.0,6.253411306042885,-0.2534113060428851,0
2021100313,2948,42033,Cameron Brate,4,True,True,False,detached,route,True,False,0.5247625886437078,0.5247625886437078,0.0,0.0,SINGLEBACK,6.0,7.303921568627451,-1.3039215686274508,1
2021100313,2948,44831,O.J. Howard,4,True,True,False,inline,pass_block,False,False,,,1.0,1.0,SINGLEBACK,6.0,7.303921568627451,-1.3039215686274508,1
2021100313,2970,44831,O.J. Howard,4,True,True,False,detached,route,True,False,0.1917390330123197,0.1917390330123197,0.0,0.0,SHOTGUN,6.0,6.253411306042885,-0.2534113060428851,0
2021100313,3254,43324,Hunter Henry,4,True,True,True,wing,route,True,False,0.6366521708297028,0.6366521708297028,0.0,1.0,JUMBO,11.0,10.214285714285714,0.7857142857142865,1
2021100313,3254,44912,Jonnu Smith,4,True,True,True,inline,route,True,True,-0.7073740709574072,,0.0,1.0,JUMBO,11.0,10.214285714285714,0.7857142857142865,1
2021100313,3617,44831,O.J. Howard,4,True,True,False,inline,pass_block,False,False,,,1.0,1.0,SHOTGUN,6.0,6.253411306042885,-0.2534113060428851,0
2021100313,3639,42033,Cameron Brate,4,True,True,False,backfield,route,True,False,0.0889635490611872,0.0889635490611872,0.0,0.0,SHOTGUN,5.0,6.253411306042885,-1.253411306042885,0
2021100313,3639,44831,O.J. Howard,4,True,True,False,detached,route,True,False,0.5319311360637193,0.5319311360637193,0.0,0.0,SHOTGUN,5.0,6.253411306042885,-1.253411306042885,0
2021100313,3800,44912,Jonnu Smith,4,True,True,True,inline,route,True,True,-0.03260191468229,,0.0,1.0,I_FORM,7.0,7.633333333333334,-0.6333333333333337,0
2021100313,3822,43324,Hunter Henry,4,True,True,True,inline,route,True,False,0.2309525034930057,0.2309525034930057,0.0,1.0,SINGLEBACK,8.0,7.303921568627451,0.6960784313725492,1
2021100313,3822,44912,Jonnu Smith,4,True,True,True,wing,route,True,True,-0.1383705099144663,,0.0,1.0,SINGLEBACK,8.0,7.303921568627451,0.6960784313725492,1
2021100400,312,34540,Jared Cook,4,True,True,False,detached,route,True,False,0.506194665550993,0.506194665550993,0.0,0.0,SHOTGUN,6.0,6.253411306042885,-0.2534113060428851,0
2021100400,380,34540,Jared Cook,4,True,True,True,detached,route,True,False,-0.2823134938409067,-0.2823134938409067,0.0,0.0,EMPTY,6.0,5.508875739644971,0.4911242603550292,0
2021100400,380,48456,Donald Parham,4,True,True,True,detached,route,True,True,0.2549791984227887,,0.0,0.0,EMPTY,6.0,5.508875739644971,0.4911242603550292,0
2021100400,1650,34540,Jared Cook,4,True,True,False,inline,route,True,False,0.0873465326194832,0.0873465326194832,0.0,1.0,PISTOL,7.0,6.421052631578948,0.5789473684210522,0
2021100400,1674,34540,Jared Cook,4,True,True,False,detached,route,True,True,0.0252955533190073,,0.0,0.0,SHOTGUN,6.0,6.253411306042885,-0.2534113060428851,0
2021100400,2088,34540,Jared Cook,4,True,True,False,inline,route,True,False,-0.2191379959014596,-0.2191379959014596,0.0,1.0,SHOTGUN,6.0,6.253411306042885,-0.2534113060428851,0
2021100400,2505,42547,Darren Waller,4,True,True,False,detached,route,True,False,0.1595517269737391,0.1595517269737391,0.0,0.0,SHOTGUN,6.0,6.253411306042885,-0.2534113060428851,0
2021100400,2505,47920,Foster Moreau,4,True,True,False,detached,route,True,False,-0.4293406776208243,-0.4293406776208243,0.0,0.0,SHOTGUN,6.0,6.253411306042885,-0.2534113060428851,0
2021100400,2524,42547,Darren Waller,4,True,True,False,inline,route,True,False,-0.1698381520683569,-0.1698381520683569,0.0,1.0,SHOTGUN,6.0,6.253411306042885,-0.2534113060428851,0
2021100400,2548,42547,Darren Waller,4,True,True,False,inline,route,True,False,0.3021997819716654,0.3021997819716654,0.0,1.0,SHOTGUN,6.0,6.253411306042885,-0.2534113060428851,0
2021100400,2957,42547,Darren Waller,4,True,True,False,detached,route,True,False,0.4663442360611562,0.4663442360611562,0.0,0.0,SHOTGUN,7.0,6.253411306042885,0.7465886939571149,1
2021100400,2957,47920,Foster Moreau,4,True,True,False,inline,pass_block,False,False,,,1.0,1.0,SHOTGUN,7.0,6.253411306042885,0.7465886939571149,1
2021100400,2979,42547,Darren Waller,4,True,True,True,inline,route,True,True,-0.079874011907338,,0.0,1.0,SHOTGUN,6.0,6.253411306042885,-0.2534113060428851,0
2021100400,3637,34540,Jared Cook,4,True,True,False,detached,route,True,False,0.0409282145878749,0.0409282145878749,0.0,0.0,SINGLEBACK,7.0,7.303921568627451,-0.3039215686274508,0
2021100400,3637,43845,Stephen Anderson,4,True,True,False,backfield,route,True,False,0.2603498379764249,0.2603498379764249,0.0,0.0,SINGLEBACK,7.0,7.303921568627451,-0.3039215686274508,0
2021100400,3637,48456,Donald Parham,4,True,True,False,inline,route,True,False,0.0997645807490491,0.0997645807490491,0.0,1.0,SINGLEBACK,7.0,7.303921568627451,-0.3039215686274508,0
2021100700,893,43399,Tyler Higbee,5,True,True,True,inline,route,True,False,-0.1373784568717382,-0.1373784568717382,0.0,1.0,EMPTY,6.0,5.508875739644971,0.4911242603550292,0
2021100700,1205,46189,Will Dissly,5,True,True,False,detached,route,True,False,-0.0233259358262342,-0.0233259358262342,0.0,0.0,SHOTGUN,5.0,6.253411306042885,-1.253411306042885,0
2021100700,1775,46189,Will Dissly,5,True,True,False,detached,route,True,False,-0.2741274520023434,-0.2741274520023434,0.0,0.0,SHOTGUN,5.0,6.253411306042885,-1.253411306042885,0
2021100700,2540,43399,Tyler Higbee,5,True,True,False,inline,route,True,True,-0.3145171822700348,,0.0,1.0,EMPTY,6.0,5.508875739644971,0.4911242603550292,0
2021100700,3275,43399,Tyler Higbee,5,True,True,False,detached,route,True,False,-0.5086664791108411,-0.5086664791108411,0.0,0.0,EMPTY,5.0,5.508875739644971,-0.5088757396449708,0
2021100700,3562,46189,Will Dissly,5,True,True,False,detached,route,True,False,0.0939400075790423,0.0939400075790423,0.0,0.0,SHOTGUN,7.0,6.253411306042885,0.7465886939571149,0
2021100700,3584,46189,Will Dissly,5,True,True,False,detached,route,True,True,-0.2071018572492181,,0.0,0.0,SHOTGUN,7.0,6.253411306042885,0.7465886939571149,0
2021100700,3606,52541,Colby Parkinson,5,True,True,False,detached,route,True,False,-0.2298329142242063,-0.2298329142242063,0.0,0.0,SHOTGUN,6.0,6.253411306042885,-0.2534113060428851,0
2021101000,364,46094,Hayden Hurst,5,True,True,False,detached,route,True,False,0.2759851341588549,0.2759851341588549,0.0,0.0,SHOTGUN,7.0,6.253411306042885,0.7465886939571149,0
2021101000,364,53433,Kyle Pitts,5,True,True,False,detached,route,True,True,0.1426336328923656,,0.0,0.0,SHOTGUN,7.0,6.253411306042885,0.7465886939571149,0
2021101000,739,46094,Hayden Hurst,5,True,True,False,inline,route,True,False,0.0874080207818822,0.0874080207818822,0.0,1.0,SINGLEBACK,7.0,7.303921568627451,-0.3039215686274508,1
2021101000,739,53433,Kyle Pitts,5,True,True,False,detached,route,True,False,-0.2579528079566334,-0.2579528079566334,0.0,0.0,SINGLEBACK,7.0,7.303921568627451,-0.3039215686274508,1
2021101000,763,37234,Lee Smith,5,True,True,True,wing,route,True,False,0.0345362940362832,0.0345362940362832,0.0,1.0,JUMBO,11.0,10.214285714285714,0.7857142857142865,1
2021101000,763,53433,Kyle Pitts,5,True,True,True,inline,route,True,True,-0.161115348348426,,0.0,1.0,JUMBO,11.0,10.214285714285714,0.7857142857142865,1
2021101000,1112,53433,Kyle Pitts,5,True,True,False,inline,route,True,False,-0.2032080190217126,-0.2032080190217126,0.0,1.0,SINGLEBACK,8.0,7.303921568627451,0.6960784313725492,1
2021101000,1134,46094,Hayden Hurst,5,True,True,False,detached,route,True,True,-0.3407368277821687,,0.0,0.0,SHOTGUN,6.0,6.253411306042885,-0.2534113060428851,0
2021101000,1134,53433,Kyle Pitts,5,True,True,False,detached,route,True,False,-0.1055897991872442,-0.1055897991872442,0.0,0.0,SHOTGUN,6.0,6.253411306042885,-0.2534113060428851,0
2021101000,1676,40149,Ryan Griffin,5,True,True,False,inline,route,True,False,-0.2198268952146305,-0.2198268952146305,0.0,1.0,SHOTGUN,6.0,6.253411306042885,-0.2534113060428851,0
2021101000,3361,40149,Ryan Griffin,5,True,True,False,inline,route,True,False,-0.0397045959511879,-0.0397045959511879,0.0,1.0,SHOTGUN,7.0,6.253411306042885,0.7465886939571149,0
2021101000,3952,40149,Ryan Griffin,5,True,True,False,detached,route,True,False,0.2393641056244488,0.2393641056244488,0.0,0.0,EMPTY,4.0,5.508875739644971,-1.5088757396449708,0
2021101000,3974,40149,Ryan Griffin,5,True,True,False,backfield,route,True,False,-0.0523081908374724,-0.0523081908374724,0.0,0.0,SHOTGUN,6.0,6.253411306042885,-0.2534113060428851,0
2021101001,613,46118,Dallas Goedert,5,True,True,True,detached,route,True,False,-0.1518607694476969,-0.1518607694476969,0.0,0.0,SHOTGUN,6.0,6.253411306042885,-0.2534113060428851,0
2021101001,873,53512,Tommy Tremble,5,True,True,True,detached,route,True,False,0.7052359672757997,0.7052359672757997,0.0,0.0,SHOTGUN,7.0,6.253411306042885,0.7465886939571149,0
2021101001,895,53512,Tommy Tremble,5,True,True,True,detached,route,True,True,-0.0960432987390467,,0.0,0.0,SHOTGUN,6.0,6.253411306042885,-0.2534113060428851,0
2021101001,1780,53512,Tommy Tremble,5,True,True,False,detached,route,True,False,0.024241505844498,0.024241505844498,0.0,0.0,SHOTGUN,5.0,6.253411306042885,-1.253411306042885,0
2021101001,3974,39983,Zach Ertz,5,True,True,False,detached,route,True,False,-0.0179585062203857,-0.0179585062203857,0.0,0.0,SHOTGUN,7.0,6.253411306042885,0.7465886939571149,0
2021101002,704,42500,C.J. Uzomah,5,True,True,False,detached,route,True,False,-0.087319045401944,-0.087319045401944,0.0,0.0,EMPTY,5.0,5.508875739644971,-0.5088757396449708,0
2021101002,728,42500,C.J. Uzomah,5,True,True,False,inline,route,True,False,-0.1119769043862626,-0.1119769043862626,0.0,1.0,SHOTGUN,6.0,6.253411306042885,-0.2534113060428851,0
2021101002,752,42500,C.J. Uzomah,5,True,True,True,inline,chip_release,True,False,-0.110073386623505,-0.110073386623505,1.0,1.0,SHOTGUN,7.0,6.253411306042885,0.7465886939571149,0
2021101002,968,45635,Robert Tonyan,5,True,True,False,inline,route,True,False,0.1001012882869674,0.1001012882869674,0.0,1.0,SHOTGUN,7.0,6.253411306042885,0.7465886939571149,0
2021101002,2728,45635,Robert Tonyan,5,True,True,True,inline,pass_block,False,False,,,1.0,1.0,SHOTGUN,7.0,6.253411306042885,0.7465886939571149,0
2021101002,3100,42500,C.J. Uzomah,5,True,True,False,inline,route,True,False,-0.0750800813225156,-0.0750800813225156,0.0,1.0,SHOTGUN,6.0,6.253411306042885,-0.2534113060428851,0
2021101002,3188,45635,Robert Tonyan,5,True,True,False,inline,route,True,False,-0.2180381744894626,-0.2180381744894626,0.0,1.0,SINGLEBACK,8.0,7.303921568627451,0.6960784313725492,1
2021101002,3188,52502,Josiah Deguara,5,True,True,False,wing,route,True,False,0.6138676104278893,0.6138676104278893,0.0,1.0,SINGLEBACK,8.0,7.303921568627451,0.6960784313725492,1
2021101002,3227,45635,Robert Tonyan,5,True,True,False,detached,route,True,False,0.1040860002556808,0.1040860002556808,0.0,0.0,SHOTGUN,7.0,6.253411306042885,0.7465886939571149,0
2021101003,518,45321,Antony Auclair,5,True,True,False,inline,route,True,True,-0.202232151041892,,0.0,1.0,SINGLEBACK,9.0,7.303921568627451,1.6960784313725492,1
2021101003,518,45339,Pharaoh Brown,5,True,True,False,detached,route,True,False,0.0518616638168405,0.0518616638168405,0.0,0.0,SINGLEBACK,9.0,7.303921568627451,1.6960784313725492,1
2021101003,518,46167,Jordan Akins,5,True,True,False,wing,route,True,False,0.2705564961945863,0.2705564961945863,0.0,1.0,SINGLEBACK,9.0,7.303921568627451,1.6960784313725492,1
2021101003,703,43324,Hunter Henry,5,True,True,False,inline,pass_block,False,False,,,1.0,1.0,SHOTGUN,6.0,6.253411306042885,-0.2534113060428851,1
2021101003,1110,43324,Hunter Henry,5,True,True,True,detached,pass_block,False,False,,,1.0,0.0,I_FORM,8.0,7.633333333333334,0.36666666666666625,1
2021101003,1110,44912,Jonnu Smith,5,True,True,True,backfield,route,True,True,0.7445504611212248,,0.0,0.0,I_FORM,8.0,7.633333333333334,0.36666666666666625,1
2021101003,1546,45339,Pharaoh Brown,5,True,True,True,inline,pass_block,False,False,,,1.0,1.0,SHOTGUN,6.0,6.253411306042885,-0.2534113060428851,1
2021101003,1602,45339,Pharaoh Brown,5,True,True,False,inline,route,True,False,0.545925686422482,0.545925686422482,0.0,1.0,SHOTGUN,7.0,6.253411306042885,0.7465886939571149,1
2021101003,1676,46167,Jordan Akins,5,True,True,True,detached,route,True,False,0.4922762810648879,0.4922762810648879,0.0,0.0,SHOTGUN,6.0,6.253411306042885,-0.2534113060428851,0
2021101003,3184,43324,Hunter Henry,5,True,True,False,detached,route,True,True,0.3225316294008035,,0.0,0.0,SHOTGUN,5.0,6.253411306042885,-1.253411306042885,0
2021101004,1182,42302,Chris Manhertz,5,True,True,True,inline,pass_block,False,False,,,1.0,1.0,EMPTY,7.0,5.508875739644971,1.4911242603550292,0
2021101004,1182,45281,Jacob Hollister,5,True,True,True,detached,route,True,True,-0.3124309851218607,,0.0,0.0,EMPTY,7.0,5.508875739644971,1.4911242603550292,0
2021101004,1182,45785,Dan Arnold,5,True,True,True,detached,route,True,False,0.2281142665749406,0.2281142665749406,0.0,0.0,EMPTY,7.0,5.508875739644971,1.4911242603550292,0
2021101004,1182,53574,Luke Farrell,5,True,True,True,detached,route,True,False,0.3201022195850178,0.3201022195850178,0.0,0.0,EMPTY,7.0,5.508875739644971,1.4911242603550292,0
2021101004,1397,42486,MyCole Pruitt,5,True,True,False,detached,route,True,True,-0.109842082309161,,0.0,0.0,EMPTY,7.0,5.508875739644971,1.4911242603550292,0
2021101004,1397,42589,Geoff Swaim,5,True,True,False,inline,route,True,False,0.111383673968803,0.111383673968803,0.0,1.0,EMPTY,7.0,5.508875739644971,1.4911242603550292,0
2021101004,1732,45355,Anthony Firkser,5,True,True,False,detached,route,True,True,0.0981060991208938,,0.0,0.0,SHOTGUN,6.0,6.253411306042885,-0.2534113060428851,0
2021101004,1754,42486,MyCole Pruitt,5,True,True,False,detached,route,True,False,0.3716454979388656,0.3716454979388656,0.0,0.0,SHOTGUN,7.0,6.253411306042885,0.7465886939571149,0
2021101004,1794,45355,Anthony Firkser,5,True,True,False,detached,chip_release,True,False,-0.0241101051667749,-0.0241101051667749,1.0,0.0,SHOTGUN,4.0,6.253411306042885,-2.253411306042885,0
2021101004,2956,42302,Chris Manhertz,5,True,True,True,detached,route,True,False,-0.3395783380654982,-0.3395783380654982,0.0,0.0,SHOTGUN,7.0,6.253411306042885,0.7465886939571149,0
2021101004,2956,45785,Dan Arnold,5,True,True,True,detached,route,True,True,-0.1031436608964548,,0.0,0.0,SHOTGUN,7.0,6.253411306042885,0.7465886939571149,0
2021101004,3014,53574,Luke Farrell,5,True,True,False,detached,route,True,False,0.4419930975323065,0.4419930975323065,0.0,0.0,SHOTGUN,7.0,6.253411306042885,0.7465886939571149,1
2021101004,3157,45281,Jacob Hollister,5,True,True,False,backfield,route,True,False,-0.2138026652117588,-0.2138026652117588,0.0,0.0,I_FORM,8.0,7.633333333333334,0.36666666666666625,1
2021101004,3157,45785,Dan Arnold,5,True,True,False,inline,route,True,True,-0.0409160332136284,,0.0,1.0,I_FORM,8.0,7.633333333333334,0.36666666666666625,1
2021101004,3157,53574,Luke Farrell,5,True,True,False,inline,chip_release,True,False,0.2188875035671023,0.2188875035671023,1.0,1.0,I_FORM,8.0,7.633333333333334,0.36666666666666625,1
2021101004,3207,45785,Dan Arnold,5,True,True,False,detached,route,True,False,-0.1190865812903292,-0.1190865812903292,0.0,0.0,,,6.349468713105077,,0
2021101004,3239,42302,Chris Manhertz,5,True,True,True,inline,pass_block,False,False,,,1.0,1.0,SINGLEBACK,8.0,7.303921568627451,0.6960784313725492,1
2021101004,3239,45785,Dan Arnold,5,True,True,True,wing,route,True,False,1.3743376841971189,1.3743376841971189,0.0,1.0,SINGLEBACK,8.0,7.303921568627451,0.6960784313725492,1
2021101004,3261,45785,Dan Arnold,5,True,True,True,inline,route,True,False,-0.1851537143399761,-0.1851537143399761,0.0,1.0,SHOTGUN,8.0,6.253411306042885,1.746588693957115,0
2021101004,4067,45281,Jacob Hollister,5,True,True,True,detached,route,True,False,0.041530580196097,0.041530580196097,0.0,0.0,SHOTGUN,4.0,6.253411306042885,-2.253411306042885,0
2021101004,4089,45785,Dan Arnold,5,True,True,True,detached,route,True,False,-0.1827617635489908,-0.1827617635489908,0.0,0.0,SHOTGUN,5.0,6.253411306042885,-1.253411306042885,0
2021101005,1476,46226,Tyler Conklin,5,True,True,False,inline,route,True,False,0.3047580166668444,0.3047580166668444,0.0,1.0,SHOTGUN,6.0,6.253411306042885,-0.2534113060428851,0
2021101005,3808,47791,T.J. Hockenson,5,True,True,False,detached,route,True,False,-0.2068641255923602,-0.2068641255923602,0.0,0.0,EMPTY,6.0,5.508875739644971,0.4911242603550292,0
2021101005,3854,47791,T.J. Hockenson,5,True,True,False,inline,route,True,False,0.357659900472965,0.357659900472965,0.0,1.0,I_FORM,7.0,7.633333333333334,-0.6333333333333337,1
2021101006,1271,44987,Eric Saubert,5,True,True,False,detached,route,True,False,-0.2787892029329368,-0.2787892029329368,0.0,0.0,SHOTGUN,6.0,6.253411306042885,-0.2534113060428851,0
2021101006,1271,47803,Noah Fant,5,True,True,False,detached,route,True,False,-0.0092846011586267,-0.0092846011586267,0.0,0.0,SHOTGUN,6.0,6.253411306042885,-0.2534113060428851,0
2021101006,1271,48096,Andrew Beck,5,True,True,False,inline,route,True,False,-0.3792512906351251,-0.3792512906351251,0.0,1.0,SHOTGUN,6.0,6.253411306042885,-0.2534113060428851,0
2021101006,1480,41236,Eric Ebron,5,True,True,False,inline,route,True,False,0.0179563472980247,0.0179563472980247,0.0,1.0,SHOTGUN,5.0,6.253411306042885,-1.253411306042885,0
2021101006,1502,53484,Pat Freiermuth,5,True,True,False,inline,route,True,False,0.4903965005688637,0.4903965005688637,0.0,1.0,SHOTGUN,6.0,6.253411306042885,-0.2534113060428851,0
2021101006,2562,41236,Eric Ebron,5,True,True,False,inline,route,True,False,0.1262112545152042,0.1262112545152042,0.0,1.0,SHOTGUN,6.0,6.253411306042885,-0.2534113060428851,0
2021101006,2562,53484,Pat Freiermuth,5,True,True,False,detached,route,True,False,-0.2383592662055983,-0.2383592662055983,0.0,0.0,SHOTGUN,6.0,6.253411306042885,-0.2534113060428851,0
2021101006,2588,41236,Eric Ebron,5,True,True,False,detached,route,True,False,-0.2477325011271894,-0.2477325011271894,0.0,0.0,SHOTGUN,7.0,6.253411306042885,0.7465886939571149,0
2021101006,2588,53484,Pat Freiermuth,5,True,True,False,inline,route,True,False,0.4877002800119577,0.4877002800119577,0.0,1.0,SHOTGUN,7.0,6.253411306042885,0.7465886939571149,0
2021101006,2631,53484,Pat Freiermuth,5,True,True,False,detached,route,True,False,-0.0313562221312991,-0.0313562221312991,0.0,0.0,SHOTGUN,6.0,6.253411306042885,-0.2534113060428851,0
2021101006,2946,44987,Eric Saubert,5,True,True,True,inline,pass_block,False,False,,,1.0,1.0,SINGLEBACK,7.0,7.303921568627451,-0.3039215686274508,1
2021101006,2974,44987,Eric Saubert,5,True,True,True,inline,route,True,False,-0.0661307161348596,-0.0661307161348596,0.0,1.0,SHOTGUN,7.0,6.253411306042885,0.7465886939571149,0
2021101006,3013,47803,Noah Fant,5,True,True,True,inline,chip_release,True,False,-0.0482231267960268,-0.0482231267960268,1.0,1.0,SHOTGUN,6.0,6.253411306042885,-0.2534113060428851,0
2021101006,3060,47803,Noah Fant,5,True,True,True,inline,route,True,False,0.6002669375391312,0.6002669375391312,0.0,1.0,SHOTGUN,7.0,6.253411306042885,0.7465886939571149,1
2021101006,3798,47803,Noah Fant,5,True,True,False,detached,route,True,False,-0.1859138821106561,-0.1859138821106561,0.0,0.0,SHOTGUN,4.0,6.253411306042885,-2.253411306042885,0
2021101006,3825,47803,Noah Fant,5,True,True,False,inline,chip_release,True,False,0.0434755558271487,0.0434755558271487,1.0,1.0,SHOTGUN,6.0,6.253411306042885,-0.2534113060428851,0
2021101006,3849,47803,Noah Fant,5,True,True,True,detached,route,True,False,-0.0827596612076801,-0.0827596612076801,0.0,0.0,SHOTGUN,7.0,6.253411306042885,0.7465886939571149,0
2021101006,3876,47803,Noah Fant,5,True,True,True,inline,route,True,False,0.0851717788445614,0.0851717788445614,0.0,1.0,SHOTGUN,7.0,6.253411306042885,0.7465886939571149,0
2021101007,295,44857,Adam Shaheen,5,True,True,True,detached,pass_block,False,False,,,1.0,0.0,SHOTGUN,8.0,6.253411306042885,1.746588693957115,0
2021101007,295,46111,Mike Gesicki,5,True,True,True,detached,route,True,False,-0.2750408864256043,-0.2750408864256043,0.0,0.0,SHOTGUN,8.0,6.253411306042885,1.746588693957115,0
2021101007,522,44831,O.J. Howard,5,True,True,False,inline,pass_block,False,False,,,1.0,1.0,SINGLEBACK,7.0,7.303921568627451,-0.3039215686274508,1
2021101007,544,42033,Cameron Brate,5,True,True,False,detached,route,True,False,0.0274005420642087,0.0274005420642087,0.0,0.0,SHOTGUN,6.0,6.253411306042885,-0.2534113060428851,0
2021101007,1063,44831,O.J. Howard,5,True,True,False,inline,route,True,False,0.1712806375742116,0.1712806375742116,0.0,1.0,SHOTGUN,7.0,6.253411306042885,0.7465886939571149,0
2021101007,1085,42033,Cameron Brate,5,True,True,False,detached,route,True,False,-0.0257657136001446,-0.0257657136001446,0.0,0.0,SHOTGUN,5.0,6.253411306042885,-1.253411306042885,0
2021101007,1841,42033,Cameron Brate,5,True,True,False,detached,route,True,False,-0.2867205781634265,-0.2867205781634265,0.0,0.0,SHOTGUN,6.0,6.253411306042885,-0.2534113060428851,0
2021101007,1914,42033,Cameron Brate,5,True,True,True,detached,route,True,False,0.2300497188168635,0.2300497188168635,0.0,0.0,SHOTGUN,6.0,6.253411306042885,-0.2534113060428851,0
2021101007,2623,46111,Mike Gesicki,5,True,True,False,detached,route,True,False,0.3187766105816219,0.3187766105816219,0.0,0.0,SHOTGUN,6.0,6.253411306042885,-0.2534113060428851,0
2021101007,2623,46192,Durham Smythe,5,True,True,False,detached,route,True,False,-0.0599173393837525,-0.0599173393837525,0.0,0.0,SHOTGUN,6.0,6.253411306042885,-0.2534113060428851,0
2021101007,2680,46111,Mike Gesicki,5,True,True,True,detached,route,True,False,-0.4073347251073873,-0.4073347251073873,0.0,0.0,SHOTGUN,8.0,6.253411306042885,1.746588693957115,0
2021101007,2680,46192,Durham Smythe,5,True,True,True,inline,route,True,False,-0.7641849802401602,-0.7641849802401602,0.0,1.0,SHOTGUN,8.0,6.253411306042885,1.746588693957115,0
2021101008,581,45481,Ricky Seals-Jones,5,True,True,True,backfield,route,True,False,-0.0255149117924842,-0.0255149117924842,0.0,0.0,SHOTGUN,7.0,6.253411306042885,0.7465886939571149,1
2021101008,607,45481,Ricky Seals-Jones,5,True,True,False,detached,route,True,True,-0.0935229354347655,,0.0,0.0,SHOTGUN,6.0,6.253411306042885,-0.2534113060428851,0
2021101008,638,45481,Ricky Seals-Jones,5,True,True,True,detached,route,True,True,0.1228101339957017,,0.0,0.0,SHOTGUN,6.0,6.253411306042885,-0.2534113060428851,0
2021101008,993,45481,Ricky Seals-Jones,5,True,True,False,detached,route,True,True,-0.1706473682125273,,0.0,0.0,SHOTGUN,6.0,6.253411306042885,-0.2534113060428851,0
2021101008,1557,45481,Ricky Seals-Jones,5,True,True,False,detached,route,True,False,0.2272534574429524,0.2272534574429524,0.0,0.0,SHOTGUN,6.0,6.253411306042885,-0.2534113060428851,0
2021101008,3028,45481,Ricky Seals-Jones,5,True,True,True,detached,route,True,True,-0.2096501981200564,,0.0,0.0,SHOTGUN,6.0,6.253411306042885,-0.2534113060428851,0
2021101008,3376,52513,Adam Trautman,5,True,True,False,detached,route,True,False,0.0449255766316623,0.0449255766316623,0.0,0.0,SHOTGUN,7.0,6.253411306042885,0.7465886939571149,0
2021101008,3398,44075,Garrett Griffin,5,True,True,False,detached,route,True,False,0.2799420468609788,0.2799420468609788,0.0,0.0,SHOTGUN,6.0,6.253411306042885,-0.2534113060428851,0
2021101008,3398,52513,Adam Trautman,5,True,True,False,detached,route,True,False,0.058087621208837,0.058087621208837,0.0,0.0,SHOTGUN,6.0,6.253411306042885,-0.2534113060428851,0
2021101008,3618,45481,Ricky Seals-Jones,5,True,True,True,wing,chip_release,True,False,-0.4526127896986014,-0.4526127896986014,1.0,1.0,SINGLEBACK,7.0,7.303921568627451,-0.3039215686274508,1
2021101008,3644,45481,Ricky Seals-Jones,5,True,True,False,wing,pass_block,False,False,,,1.0,1.0,SHOTGUN,8.0,6.253411306042885,1.746588693957115,1
2021101008,3644,53553,John Bates,5,True,True,False,inline,pass_block,False,False,,,1.0,1.0,SHOTGUN,8.0,6.253411306042885,1.746588693957115,1
2021101008,3701,45481,Ricky Seals-Jones,5,True,True,False,detached,route,True,False,-0.2275545899115916,-0.2275545899115916,0.0,0.0,SHOTGUN,7.0,6.253411306042885,0.7465886939571149,0
2021101008,3923,52513,Adam Trautman,5,True,True,False,inline,route,True,False,0.2290106956627737,0.2290106956627737,0.0,1.0,SINGLEBACK,8.0,7.303921568627451,0.6960784313725492,1
2021101009,311,43370,Austin Hooper,5,True,True,False,inline,route,True,False,0.2303844182845018,0.2303844182845018,0.0,1.0,SINGLEBACK,7.0,7.303921568627451,-0.3039215686274508,1
2021101009,311,44841,David Njoku,5,True,True,False,inline,pass_block,False,False,,,1.0,1.0,SINGLEBACK,7.0,7.303921568627451,-0.3039215686274508,1
2021101009,311,52523,Harrison Bryant,5,True,True,False,wing,route,True,False,0.0119061330625056,0.0119061330625056,0.0,1.0,SINGLEBACK,7.0,7.303921568627451,-0.3039215686274508,1
2021101009,900,43370,Austin Hooper,5,True,True,False,detached,route,True,True,0.250534115937844,,0.0,0.0,EMPTY,4.0,5.508875739644971,-1.5088757396449708,0
2021101009,965,43370,Austin Hooper,5,True,True,True,inline,pass_block,False,False,,,1.0,1.0,SHOTGUN,6.0,6.253411306042885,-0.2534113060428851,0
2021101009,1342,43370,Austin Hooper,5,True,True,False,detached,route,True,False,-0.3379010954915621,-0.3379010954915621,0.0,0.0,SHOTGUN,6.0,6.253411306042885,-0.2534113060428851,0
2021101009,1898,44841,David Njoku,5,True,True,False,detached,route,True,False,-0.1868706466327523,-0.1868706466327523,0.0,0.0,EMPTY,6.0,5.508875739644971,0.4911242603550292,0
2021101009,1937,44841,David Njoku,5,True,True,False,detached,chip_release,True,False,-0.2051017608964129,-0.2051017608964129,1.0,0.0,SHOTGUN,6.0,6.253411306042885,-0.2534113060428851,0
2021101009,2507,34540,Jared Cook,5,True,True,False,detached,route,True,False,-0.2163772193227575,-0.2163772193227575,0.0,0.0,EMPTY,6.0,5.508875739644971,0.4911242603550292,0
2021101009,2507,48456,Donald Parham,5,True,True,False,detached,route,True,False,0.7577000426174981,0.7577000426174981,0.0,0.0,EMPTY,6.0,5.508875739644971,0.4911242603550292,0
2021101010,705,42547,Darren Waller,5,True,True,True,inline,route,True,False,0.320610307608022,0.320610307608022,0.0,1.0,SHOTGUN,6.0,6.253411306042885,-0.2534113060428851,0
2021101010,727,42547,Darren Waller,5,True,True,True,inline,route,True,False,-0.102875255564259,-0.102875255564259,0.0,1.0,SHOTGUN,6.0,6.253411306042885,-0.2534113060428851,0
2021101010,1009,35534,Jimmy Graham,5,True,True,True,wing,route,True,False,0.1161243590136671,0.1161243590136671,0.0,1.0,SINGLEBACK,8.0,7.303921568627451,0.6960784313725492,1
2021101010,1009,52451,Cole Kmet,5,True,True,True,inline,route,True,False,0.3034015242896641,0.3034015242896641,0.0,1.0,SINGLEBACK,8.0,7.303921568627451,0.6960784313725492,1
2021101010,1120,35534,Jimmy Graham,5,True,True,True,inline,pass_block,False,False,,,1.0,1.0,SINGLEBACK,8.0,7.303921568627451,0.6960784313725492,1
2021101010,1120,48700,Jesper Horsted,5,True,True,True,detached,route,True,True,-0.0575531788435885,,0.0,0.0,SINGLEBACK,8.0,7.303921568627451,0.6960784313725492,1
2021101010,1120,52451,Cole Kmet,5,True,True,True,wing,pass_block,False,False,,,1.0,1.0,SINGLEBACK,8.0,7.303921568627451,0.6960784313725492,1
2021101010,3121,42547,Darren Waller,5,True,True,False,inline,chip_release,True,False,0.3631935879805243,0.3631935879805243,1.0,1.0,SINGLEBACK,7.0,7.303921568627451,-0.3039215686274508,1
2021101010,3166,42547,Darren Waller,5,True,True,False,inline,route,True,False,0.1325324364018101,0.1325324364018101,0.0,1.0,SHOTGUN,7.0,6.253411306042885,0.7465886939571149,0
2021101010,3212,42547,Darren Waller,5,True,True,True,detached,route,True,False,0.2769110001206707,0.2769110001206707,0.0,0.0,SHOTGUN,8.0,6.253411306042885,1.746588693957115,0
2021101010,3212,47920,Foster Moreau,5,True,True,True,inline,route,True,False,-0.4451334990786344,-0.4451334990786344,0.0,1.0,SHOTGUN,8.0,6.253411306042885,1.746588693957115,0
2021101010,3262,42547,Darren Waller,5,True,True,False,inline,route,True,False,-0.5000026959189292,-0.5000026959189292,0.0,1.0,SHOTGUN,8.0,6.253411306042885,1.746588693957115,0
2021101011,1017,46331,Ross Dwelley,5,True,True,True,detached,route,True,False,-0.4305426931134789,-0.4305426931134789,0.0,0.0,I_FORM,11.0,7.633333333333334,3.3666666666666663,1
2021101011,1017,46797,Tanner Hudson,5,True,True,True,inline,pass_block,False,False,,,1.0,1.0,I_FORM,11.0,7.633333333333334,3.3666666666666663,1
2021101011,1017,52598,Charlie Woerner,5,True,True,True,inline,chip_release,True,False,2.1447115827560603,2.1447115827560603,1.0,1.0,I_FORM,11.0,7.633333333333334,3.3666666666666663,1
2021101011,1039,46331,Ross Dwelley,5,True,True,True,wing,chip_release,True,False,-0.0305898944199247,-0.0305898944199247,1.0,1.0,SINGLEBACK,9.0,7.303921568627451,1.6960784313725492,1
2021101011,1039,52598,Charlie Woerner,5,True,True,True,inline,route,True,False,0.1954772895475507,0.1954772895475507,0.0,1.0,SINGLEBACK,9.0,7.303921568627451,1.6960784313725492,1
2021101011,1402,42398,Maxx Williams,5,True,True,False,detached,pass_block,False,False,,,1.0,0.0,SHOTGUN,7.0,6.253411306042885,0.7465886939571149,1
2021101011,1424,42398,Maxx Williams,5,True,True,True,inline,route,True,False,0.3145851944565623,0.3145851944565623,0.0,1.0,SHOTGUN,7.0,6.253411306042885,0.7465886939571149,1
2021101012,555,46206,Dalton Schultz,5,True,True,False,inline,route,True,False,0.323752901367506,0.323752901367506,0.0,1.0,SINGLEBACK,8.0,7.303921568627451,0.6960784313725492,1
2021101012,598,46206,Dalton Schultz,5,True,True,False,detached,route,True,True,-0.0434699220819927,,0.0,0.0,EMPTY,6.0,5.508875739644971,0.4911242603550292,0
2021101012,2611,46206,Dalton Schultz,5,True,True,False,inline,chip_release,True,False,0.7602096420807709,0.7602096420807709,1.0,1.0,SINGLEBACK,7.0,7.303921568627451,-0.3039215686274508,1
2021101012,2633,46206,Dalton Schultz,5,True,True,False,detached,route,True,False,-0.569036168616111,-0.569036168616111,0.0,0.0,SHOTGUN,7.0,6.253411306042885,0.7465886939571149,0
2021101012,2687,46206,Dalton Schultz,5,True,True,False,inline,pass_block,False,False,,,1.0,1.0,SINGLEBACK,8.0,7.303921568627451,0.6960784313725492,1
2021101012,3255,44835,Evan Engram,5,True,True,False,detached,route,True,False,0.8754041629867908,0.8754041629867908,0.0,0.0,SHOTGUN,8.0,6.253411306042885,1.746588693957115,0
2021101012,3810,37118,Kyle Rudolph,5,True,True,False,detached,route,True,True,0.0147764091900634,,0.0,0.0,SHOTGUN,6.0,6.253411306042885,-0.2534113060428851,1
2021101012,3810,44835,Evan Engram,5,True,True,False,detached,route,True,False,-0.1634499661150696,-0.1634499661150696,0.0,0.0,SHOTGUN,6.0,6.253411306042885,-0.2534113060428851,1
2021101012,3843,37118,Kyle Rudolph,5,True,True,False,detached,route,True,False,0.177515001200885,0.177515001200885,0.0,0.0,SHOTGUN,6.0,6.253411306042885,-0.2534113060428851,0
2021101012,3843,47959,Kaden Smith,5,True,True,False,detached,route,True,False,-0.1076574490276087,-0.1076574490276087,0.0,0.0,SHOTGUN,6.0,6.253411306042885,-0.2534113060428851,0
2021101012,3867,37118,Kyle Rudolph,5,True,True,False,detached,route,True,False,-0.4130699695193098,-0.4130699695193098,0.0,0.0,SHOTGUN,7.0,6.253411306042885,0.7465886939571149,0
2021101012,3867,44835,Evan Engram,5,True,True,False,inline,route,True,False,-0.4855341332783005,-0.4855341332783005,0.0,1.0,SHOTGUN,7.0,6.253411306042885,0.7465886939571149,0
2021101012,3889,37118,Kyle Rudolph,5,True,True,False,detached,route,True,False,0.1647375316996326,0.1647375316996326,0.0,0.0,SHOTGUN,6.0,6.253411306042885,-0.2534113060428851,0
2021101012,3889,44835,Evan Engram,5,True,True,False,detached,route,True,False,-0.1542215938488761,-0.1542215938488761,0.0,0.0,SHOTGUN,6.0,6.253411306042885,-0.2534113060428851,0
2021101012,3948,44835,Evan Engram,5,True,True,False,detached,route,True,False,0.2570200967635663,0.2570200967635663,0.0,0.0,EMPTY,8.0,5.508875739644971,2.491124260355029,0
2021101012,4221,44967,Jeremy Sprinkle,5,True,True,False,inline,chip_release,True,False,-0.0290398829208586,-0.0290398829208586,1.0,1.0,SINGLEBACK,8.0,7.303921568627451,0.6960784313725492,0
2021101012,4221,45532,Blake Jarwin,5,True,True,False,detached,route,True,False,-0.3452590499705083,-0.3452590499705083,0.0,0.0,SINGLEBACK,8.0,7.303921568627451,0.6960784313725492,0
2021101012,4221,46206,Dalton Schultz,5,True,True,False,wing,route,True,False,-0.080485683176354,-0.080485683176354,0.0,1.0,SINGLEBACK,8.0,7.303921568627451,0.6960784313725492,0
2021101013,452,40011,Travis Kelce,5,True,True,False,detached,route,True,False,0.0416492467803485,0.0416492467803485,0.0,0.0,SHOTGUN,5.0,6.253411306042885,-1.253411306042885,0
2021101013,535,40011,Travis Kelce,5,True,True,False,detached,route,True,False,0.053011715861763,0.053011715861763,0.0,0.0,SHOTGUN,5.0,6.253411306042885,-1.253411306042885,0
2021101013,535,42460,Blake Bell,5,True,True,False,detached,chip_release,True,False,-0.4083290543682122,-0.4083290543682122,1.0,0.0,SHOTGUN,5.0,6.253411306042885,-1.253411306042885,0
2021101013,711,47879,Dawson Knox,5,True,True,False,detached,route,True,False,0.3611197330390334,0.3611197330390334,0.0,0.0,SHOTGUN,6.0,6.253411306042885,-0.2534113060428851,0
2021101013,732,47879,Dawson Knox,5,True,True,True,detached,route,True,True,0.3708737068390874,,0.0,0.0,SHOTGUN,6.0,6.253411306042885,-0.2534113060428851,0
2021101013,1338,40011,Travis Kelce,5,True,True,True,detached,route,True,False,0.0140774693507643,0.0140774693507643,0.0,0.0,SHOTGUN,7.0,6.253411306042885,0.7465886939571149,0
2021101013,1383,40011,Travis Kelce,5,True,True,True,inline,route,True,False,-0.2048622612927717,-0.2048622612927717,0.0,1.0,SINGLEBACK,7.0,7.303921568627451,-0.3039215686274508,1
2021101013,1783,47879,Dawson Knox,5,True,True,False,detached,route,True,False,0.3196738288915782,0.3196738288915782,0.0,0.0,SHOTGUN,6.0,6.253411306042885,-0.2534113060428851,0
2021101013,3537,40011,Travis Kelce,5,True,True,False,detached,route,True,False,0.5232279447120514,0.5232279447120514,0.0,0.0,SHOTGUN,6.0,6.253411306042885,-0.2534113060428851,1
2021101013,3585,40011,Travis Kelce,5,True,True,False,detached,route,True,False,0.1380095205084111,0.1380095205084111,0.0,0.0,SHOTGUN,5.0,6.253411306042885,-1.253411306042885,0
2021101013,3585,48683,Joe Fortson,5,True,True,False,detached,route,True,False,0.2100305086590751,0.2100305086590751,0.0,0.0,SHOTGUN,5.0,6.253411306042885,-1.253411306042885,0
2021101100,678,44792,Mo Alie-Cox,5,True,True,False,detached,route,True,False,0.2511419118600975,0.2511419118600975,0.0,0.0,SHOTGUN,6.0,6.253411306042885,-0.2534113060428851,0
2021101100,1540,46155,Mark Andrews,5,True,True,False,inline,chip_release,True,True,-0.0145616494501494,,1.0,1.0,SHOTGUN,5.0,6.253411306042885,-1.253411306042885,0
2021101100,1625,46155,Mark Andrews,5,True,True,False,inline,chip_release,True,False,0.0281080680805725,0.0281080680805725,1.0,1.0,PISTOL,7.0,6.421052631578948,0.5789473684210522,1
2021101100,2365,46155,Mark Andrews,5,True,True,False,inline,route,True,False,-0.1207856519642656,-0.1207856519642656,0.0,1.0,SHOTGUN,6.0,6.253411306042885,-0.2534113060428851,0
2021101100,2422,46155,Mark Andrews,5,True,True,False,detached,route,True,False,-0.2069992664310009,-0.2069992664310009,0.0,0.0,EMPTY,6.0,5.508875739644971,0.4911242603550292,0
2021101100,2686,40641,Jack Doyle,5,True,True,False,inline,pass_block,False,False,,,1.0,1.0,SHOTGUN,7.0,6.253411306042885,0.7465886939571149,0
2021101100,3247,46155,Mark Andrews,5,True,True,True,detached,route,True,True,-0.3103346263817894,,0.0,0.0,SHOTGUN,6.0,6.253411306042885,-0.2534113060428851,0
2021101100,3283,46155,Mark Andrews,5,True,True,False,inline,route,True,True,0.1792631130976436,,0.0,1.0,SHOTGUN,6.0,6.253411306042885,-0.2534113060428851,1
2021101100,3759,47852,Josh Oliver,5,True,True,False,detached,route,True,False,-0.0519912777708259,-0.0519912777708259,0.0,0.0,SHOTGUN,5.0,6.253411306042885,-1.253411306042885,0
2021101100,3800,46155,Mark Andrews,5,True,True,False,detached,route,True,False,0.1010218512393923,0.1010218512393923,0.0,0.0,PISTOL,6.0,6.421052631578948,-0.4210526315789478,0
2021101100,3842,46155,Mark Andrews,5,True,True,False,detached,route,True,True,0.1522604872334945,,0.0,0.0,EMPTY,5.0,5.508875739644971,-0.5088757396449708,0
2021101100,3867,46155,Mark Andrews,5,True,True,False,detached,route,True,True,-0.0225568557116362,,0.0,0.0,EMPTY,5.0,5.508875739644971,-0.5088757396449708,0
2021101100,4401,46155,Mark Andrews,5,True,True,False,detached,route,True,False,-0.3633206529620276,-0.3633206529620276,0.0,0.0,EMPTY,6.0,5.508875739644971,0.4911242603550292,0
2021101100,4401,47852,Josh Oliver,5,True,True,False,inline,route,True,False,-0.2673742493234292,-0.2673742493234292,0.0,1.0,EMPTY,6.0,5.508875739644971,0.4911242603550292,0
2021101400,169,44831,O.J. Howard,6,True,True,False,inline,route,True,False,0.1436661920226398,0.1436661920226398,0.0,1.0,SINGLEBACK,6.0,7.303921568627451,-1.3039215686274508,1
2021101400,257,42033,Cameron Brate,6,True,True,True,wing,route,True,False,-0.0539486737902263,-0.0539486737902263,0.0,1.0,SINGLEBACK,8.0,7.303921568627451,0.6960784313725492,1
2021101400,257,44831,O.J. Howard,6,True,True,True,inline,route,True,True,0.0600816453862624,,0.0,1.0,SINGLEBACK,8.0,7.303921568627451,0.6960784313725492,1
2021101400,1609,42033,Cameron Brate,6,True,True,False,detached,route,True,False,-0.0624432888371301,-0.0624432888371301,0.0,0.0,SHOTGUN,6.0,6.253411306042885,-0.2534113060428851,0
2021101400,2722,39983,Zach Ertz,6,True,True,False,detached,pass_block,False,False,,,1.0,0.0,SHOTGUN,6.0,6.253411306042885,-0.2534113060428851,0
2021101400,2744,39983,Zach Ertz,6,True,True,False,detached,route,True,False,0.0921222078446009,0.0921222078446009,0.0,0.0,EMPTY,5.0,5.508875739644971,-0.5088757396449708,0
2021101400,3509,39983,Zach Ertz,6,True,True,True,inline,chip_release,True,False,0.0627465738110357,0.0627465738110357,1.0,1.0,SHOTGUN,8.0,6.253411306042885,1.746588693957115,1
2021101400,3509,53946,Jack Stoll,6,True,True,True,inline,route,True,False,-0.4174246058006978,-0.4174246058006978,0.0,1.0,SHOTGUN,8.0,6.253411306042885,1.746588693957115,1
2021101400,3585,39983,Zach Ertz,6,True,True,False,inline,pass_block,False,False,,,1.0,1.0,SHOTGUN,8.0,6.253411306042885,1.746588693957115,1
2021101400,3823,42033,Cameron Brate,6,True,True,False,detached,route,True,True,-0.2616493212771136,,0.0,0.0,EMPTY,5.0,5.508875739644971,-0.5088757396449708,0
2021101700,386,46111,Mike Gesicki,6,True,True,False,detached,route,True,False,0.0766711024606487,0.0766711024606487,0.0,0.0,SINGLEBACK,7.0,7.303921568627451,-0.3039215686274508,1
2021101700,386,46192,Durham Smythe,6,True,True,False,inline,pass_block,False,False,,,1.0,1.0,SINGLEBACK,7.0,7.303921568627451,-0.3039215686274508,1
2021101700,874,46111,Mike Gesicki,6,True,False,True,detached,route,True,True,-0.0694472679128921,,0.0,0.0,SHOTGUN,6.0,6.253411306042885,-0.2534113060428851,0
2021101700,874,46192,Durham Smythe,6,True,False,True,detached,route,True,False,0.0038085699456071,0.0038085699456071,0.0,0.0,SHOTGUN,6.0,6.253411306042885,-0.2534113060428851,0
2021101700,1462,45217,Cethan Carter,6,True,True,True,wing,route,True,False,1.125891428338969,1.125891428338969,0.0,1.0,SHOTGUN,8.0,6.253411306042885,1.746588693957115,1
2021101700,1462,46192,Durham Smythe,6,True,True,True,inline,chip_release,True,True,0.4219293163394553,,1.0,1.0,SHOTGUN,8.0,6.253411306042885,1.746588693957115,1
2021101700,1507,46111,Mike Gesicki,6,True,True,True,detached,route,True,False,-0.0543655382234948,-0.0543655382234948,0.0,0.0,SHOTGUN,5.0,6.253411306042885,-1.253411306042885,0
2021101700,1507,46192,Durham Smythe,6,True,True,True,detached,route,True,False,0.2117302616809879,0.2117302616809879,0.0,0.0,SHOTGUN,5.0,6.253411306042885,-1.253411306042885,0
2021101700,3280,45785,Dan Arnold,6,True,True,False,detached,route,True,False,-0.1942732495245616,-0.1942732495245616,0.0,0.0,SHOTGUN,6.0,6.253411306042885,-0.2534113060428851,0
2021101700,3309,42302,Chris Manhertz,6,True,True,False,inline,route,True,False,0.536920829327391,0.536920829327391,0.0,1.0,SINGLEBACK,9.0,7.303921568627451,1.6960784313725492,1
2021101700,3309,45281,Jacob Hollister,6,True,True,False,wing,route,True,False,0.0435920266061693,0.0435920266061693,0.0,1.0,SINGLEBACK,9.0,7.303921568627451,1.6960784313725492,1
2021101700,3309,53574,Luke Farrell,6,True,True,False,inline,chip_release,True,False,0.3132029450388338,0.3132029450388338,1.0,1.0,SINGLEBACK,9.0,7.303921568627451,1.6960784313725492,1
2021101700,3503,46111,Mike Gesicki,6,True,True,True,detached,route,True,False,-0.0613223555438633,-0.0613223555438633,0.0,0.0,I_FORM,8.0,7.633333333333334,0.36666666666666625,1
2021101700,3503,46192,Durham Smythe,6,True,True,True,inline,chip_release,True,False,0.2728771056945374,0.2728771056945374,1.0,1.0,I_FORM,8.0,7.633333333333334,0.36666666666666625,1
2021101701,1630,34540,Jared Cook,6,True,True,True,wing,route,True,True,-0.2239820300102504,,0.0,1.0,JUMBO,10.0,10.214285714285714,-0.21428571428571352,1
2021101701,1630,43845,Stephen Anderson,6,True,True,True,backfield,route,True,False,0.1807102411491268,0.1807102411491268,0.0,0.0,JUMBO,10.0,10.214285714285714,-0.21428571428571352,1
2021101701,1630,48456,Donald Parham,6,True,True,True,inline,pass_block,False,False,,,1.0,1.0,JUMBO,10.0,10.214285714285714,-0.21428571428571352,1
2021101701,2212,46155,Mark Andrews,6,True,True,False,detached,route,True,True,0.2516480377009999,,0.0,0.0,SHOTGUN,6.0,6.253411306042885,-0.2534113060428851,1
2021101702,173,46226,Tyler Conklin,6,True,True,False,inline,route,True,False,-0.2680956801585681,-0.2680956801585681,0.0,1.0,SINGLEBACK,6.0,7.303921568627451,-1.3039215686274508,0
2021101702,197,46226,Tyler Conklin,6,True,True,False,inline,route,True,True,-0.1588132228427179,,0.0,1.0,SHOTGUN,7.0,6.253411306042885,0.7465886939571149,0
2021101702,768,46176,Christopher Herndon,6,True,True,False,wing,route,True,False,0.2363615918657291,0.2363615918657291,0.0,1.0,SINGLEBACK,6.0,7.303921568627451,-1.3039215686274508,0
2021101702,768,46226,Tyler Conklin,6,True,True,False,inline,route,True,False,-0.0257225191350123,-0.0257225191350123,0.0,1.0,SINGLEBACK,6.0,7.303921568627451,-1.3039215686274508,0
2021101702,790,46226,Tyler Conklin,6,True,True,False,inline,route,True,False,-0.1936592546392402,-0.1936592546392402,0.0,1.0,SHOTGUN,6.0,6.253411306042885,-0.2534113060428851,0
2021101702,1224,46226,Tyler Conklin,6,True,True,False,detached,route,True,False,0.0239640684710815,0.0239640684710815,0.0,0.0,SHOTGUN,6.0,6.253411306042885,-0.2534113060428851,0
2021101702,1292,46176,Christopher Herndon,6,True,True,False,wing,route,True,True,-0.2924766070280591,,0.0,1.0,JUMBO,11.0,10.214285714285714,0.7857142857142865,1
2021101702,1292,46226,Tyler Conklin,6,True,True,False,inline,route,True,False,0.255186347739748,0.255186347739748,0.0,1.0,JUMBO,11.0,10.214285714285714,0.7857142857142865,1
2021101702,3177,46226,Tyler Conklin,6,True,True,False,inline,route,True,False,0.1327323132667639,0.1327323132667639,0.0,1.0,EMPTY,7.0,5.508875739644971,1.4911242603550292,0
2021101702,3345,46226,Tyler Conklin,6,True,True,True,inline,pass_block,False,False,,,1.0,1.0,SHOTGUN,7.0,6.253411306042885,0.7465886939571149,0
2021101702,3367,46226,Tyler Conklin,6,True,True,True,inline,pass_block,False,False,,,1.0,1.0,SHOTGUN,8.0,6.253411306042885,1.746588693957115,0
2021101702,4158,53512,Tommy Tremble,6,True,True,True,detached,route,True,False,-0.0578434391684798,-0.0578434391684798,0.0,0.0,SHOTGUN,6.0,6.253411306042885,-0.2534113060428851,0
2021101702,4201,53512,Tommy Tremble,6,True,True,True,detached,route,True,False,0.0954966111562063,0.0954966111562063,0.0,0.0,SHOTGUN,6.0,6.253411306042885,-0.2534113060428851,0
2021101702,4692,46170,Ian Thomas,6,True,True,True,detached,route,True,False,-0.0866445323314748,-0.0866445323314748,0.0,0.0,EMPTY,6.0,5.508875739644971,0.4911242603550292,0
2021101703,1612,45635,Robert Tonyan,6,True,True,True,detached,route,True,False,0.3192179615894964,0.3192179615894964,0.0,0.0,EMPTY,6.0,5.508875739644971,0.4911242603550292,0
2021101703,1634,45635,Robert Tonyan,6,True,True,True,detached,route,True,False,0.4830262498224199,0.4830262498224199,0.0,0.0,EMPTY,5.0,5.508875739644971,-0.5088757396449708,0
2021101703,2564,30842,Marcedes Lewis,6,True,True,False,inline,pass_block,False,False,,,1.0,1.0,SINGLEBACK,7.0,7.303921568627451,-0.3039215686274508,1
2021101703,3218,52451,Cole Kmet,6,True,True,False,detached,route,True,True,0.1665283391913301,,0.0,0.0,SHOTGUN,6.0,6.253411306042885,-0.2534113060428851,0
2021101703,3265,35534,Jimmy Graham,6,True,True,True,detached,route,True,False,0.0076607582674266,0.0076607582674266,0.0,0.0,SHOTGUN,6.0,6.253411306042885,-0.2534113060428851,0
2021101703,3265,52451,Cole Kmet,6,True,True,True,inline,route,True,False,0.1351138971349762,0.1351138971349762,0.0,1.0,SHOTGUN,6.0,6.253411306042885,-0.2534113060428851,0
2021101703,3494,45635,Robert Tonyan,6,True,True,True,detached,route,True,False,-0.4520119608541333,-0.4520119608541333,0.0,0.0,SHOTGUN,7.0,6.253411306042885,0.7465886939571149,0
2021101703,3494,52502,Josiah Deguara,6,True,True,True,detached,route,True,False,-0.1941164568686257,-0.1941164568686257,0.0,0.0,SHOTGUN,7.0,6.253411306042885,0.7465886939571149,0
2021101704,3012,42500,C.J. Uzomah,6,True,True,False,inline,chip_release,True,False,-0.1803958404403196,-0.1803958404403196,1.0,1.0,SHOTGUN,8.0,6.253411306042885,1.746588693957115,0
2021101704,3031,42500,C.J. Uzomah,6,True,True,False,detached,route,True,False,-0.2668195737576175,-0.2668195737576175,0.0,0.0,SHOTGUN,6.0,6.253411306042885,-0.2534113060428851,0
2021101704,3055,42500,C.J. Uzomah,6,True,True,False,wing,route,True,True,0.8082178658152022,,0.0,1.0,JUMBO,10.0,10.214285714285714,-0.21428571428571352,1
2021101704,3055,47835,Drew Sample,6,True,True,False,inline,route,True,False,-0.2902337631743388,-0.2902337631743388,0.0,1.0,JUMBO,10.0,10.214285714285714,-0.21428571428571352,1
2021101704,3055,52673,Mitchell Wilcox,6,True,True,False,inline,route,True,False,0.6642139023175382,0.6642139023175382,0.0,1.0,JUMBO,10.0,10.214285714285714,-0.21428571428571352,1
2021101704,3391,47791,T.J. Hockenson,6,True,True,False,detached,route,True,False,0.1227842187635039,0.1227842187635039,0.0,0.0,SHOTGUN,6.0,6.253411306042885,-0.2534113060428851,0
2021101704,3582,47835,Drew Sample,6,True,True,False,detached,route,True,False,-0.1566372408166652,-0.1566372408166652,0.0,0.0,SHOTGUN,6.0,6.253411306042885,-0.2534113060428851,0
2021101704,3615,42500,C.J. Uzomah,6,True,True,True,inline,route,True,False,-0.2611176415317422,-0.2611176415317422,0.0,1.0,JUMBO,10.0,10.214285714285714,-0.21428571428571352,1
2021101704,3615,47835,Drew Sample,6,True,True,True,wing,route,True,False,1.2225187980798988,1.2225187980798988,0.0,1.0,JUMBO,10.0,10.214285714285714,-0.21428571428571352,1
2021101704,3902,47791,T.J. Hockenson,6,True,True,False,detached,route,True,False,-0.0507312847285726,-0.0507312847285726,0.0,0.0,SHOTGUN,6.0,6.253411306042885,-0.2534113060428851,0
2021101704,3928,47791,T.J. Hockenson,6,True,True,False,detached,route,True,False,-0.3642678664514874,-0.3642678664514874,0.0,0.0,SHOTGUN,6.0,6.253411306042885,-0.2534113060428851,0
2021101704,3950,47791,T.J. Hockenson,6,True,True,False,detached,route,True,False,-0.5080462064601259,-0.5080462064601259,0.0,0.0,SHOTGUN,6.0,6.253411306042885,-0.2534113060428851,0
2021101704,3996,47791,T.J. Hockenson,6,True,True,False,inline,route,True,False,-0.1622346683882345,-0.1622346683882345,0.0,1.0,SINGLEBACK,7.0,7.303921568627451,-0.3039215686274508,1
2021101705,1401,46167,Jordan Akins,6,True,True,False,inline,route,True,True,0.3465615726886264,,0.0,1.0,SHOTGUN,7.0,6.253411306042885,0.7465886939571149,0
2021101706,404,37118,Kyle Rudolph,6,True,True,False,detached,route,True,False,-0.2028006611596819,-0.2028006611596819,0.0,0.0,SHOTGUN,5.0,6.253411306042885,-1.253411306042885,0
2021101706,1331,43399,Tyler Higbee,6,True,True,False,detached,route,True,False,-0.3284158447117969,-0.3284158447117969,0.0,0.0,EMPTY,5.0,5.508875739644971,-0.5088757396449708,0
2021101706,1492,43399,Tyler Higbee,6,True,True,False,inline,route,True,False,0.952020850778376,0.952020850778376,0.0,1.0,SHOTGUN,8.0,6.253411306042885,1.746588693957115,1
2021101706,1492,45094,Johnny Mundt,6,True,True,False,inline,pass_block,False,False,,,1.0,1.0,SHOTGUN,8.0,6.253411306042885,1.746588693957115,1
2021101706,1523,43399,Tyler Higbee,6,True,True,False,inline,route,True,True,-0.3399172217065278,,0.0,1.0,EMPTY,5.0,5.508875739644971,-0.5088757396449708,0
2021101706,1589,43399,Tyler Higbee,6,True,True,False,inline,pass_block,False,False,,,1.0,1.0,EMPTY,7.0,5.508875739644971,1.4911242603550292,1
2021101706,1908,43399,Tyler Higbee,6,True,True,False,inline,route,True,True,0.3444187837897307,,0.0,1.0,EMPTY,5.0,5.508875739644971,-0.5088757396449708,0
2021101706,3308,43399,Tyler Higbee,6,True,True,False,inline,chip_release,True,False,0.0202216341047818,0.0202216341047818,1.0,1.0,SHOTGUN,7.0,6.253411306042885,0.7465886939571149,1
2021101706,3744,37118,Kyle Rudolph,6,True,True,False,detached,route,True,False,-0.3521667055604465,-0.3521667055604465,0.0,0.0,SHOTGUN,6.0,6.253411306042885,-0.2534113060428851,0
2021101706,3766,37118,Kyle Rudolph,6,True,True,False,detached,route,True,True,-0.280702438695113,,0.0,0.0,SHOTGUN,5.0,6.253411306042885,-1.253411306042885,0
2021101707,809,40011,Travis Kelce,6,True,True,False,detached,route,True,False,-0.0473841893533577,-0.0473841893533577,0.0,0.0,SHOTGUN,6.0,6.253411306042885,-0.2534113060428851,0
2021101707,833,40011,Travis Kelce,6,True,True,False,detached,route,True,False,-0.0536947470522199,-0.0536947470522199,0.0,0.0,SHOTGUN,6.0,6.253411306042885,-0.2534113060428851,0
2021101707,833,48683,Joe Fortson,6,True,True,False,detached,route,True,False,-0.4243467481678963,-0.4243467481678963,0.0,0.0,SHOTGUN,6.0,6.253411306042885,-0.2534113060428851,0
2021101707,881,40011,Travis Kelce,6,True,True,False,inline,pass_block,False,False,,,1.0,1.0,SHOTGUN,6.0,6.253411306042885,-0.2534113060428851,1
2021101707,2994,40011,Travis Kelce,6,True,True,True,detached,route,True,False,0.0992195044638974,0.0992195044638974,0.0,0.0,SHOTGUN,7.0,6.253411306042885,0.7465886939571149,1
2021101707,3335,40011,Travis Kelce,6,True,True,False,detached,route,True,True,-0.183331248545346,,0.0,0.0,SHOTGUN,5.0,6.253411306042885,-1.253411306042885,0
2021101707,3363,40011,Travis Kelce,6,True,True,True,detached,route,True,False,0.0286158713024855,0.0286158713024855,0.0,0.0,EMPTY,5.0,5.508875739644971,-0.5088757396449708,0
2021101707,3363,53591,Noah Gray,6,True,True,True,detached,route,True,False,-0.1358647210846535,-0.1358647210846535,0.0,0.0,EMPTY,5.0,5.508875739644971,-0.5088757396449708,0
2021101708,666,43370,Austin Hooper,6,True,True,False,inline,chip_release,True,True,0.1144890917474195,,1.0,1.0,SHOTGUN,7.0,6.253411306042885,0.7465886939571149,0
2021101708,715,43370,Austin Hooper,6,True,True,False,detached,route,True,False,-0.0804680370626748,-0.0804680370626748,0.0,0.0,EMPTY,6.0,5.508875739644971,0.4911242603550292,0
2021101708,715,52523,Harrison Bryant,6,True,True,False,detached,route,True,False,0.1895195084988271,0.1895195084988271,0.0,0.0,EMPTY,6.0,5.508875739644971,0.4911242603550292,0
2021101708,746,43370,Austin Hooper,6,True,True,False,detached,route,True,False,-0.0970514071186214,-0.0970514071186214,0.0,0.0,SHOTGUN,7.0,6.253411306042885,0.7465886939571149,0
2021101708,1063,45142,Darrell Daniels,6,True,True,True,detached,route,True,False,-0.105531547229381,-0.105531547229381,0.0,0.0,EMPTY,5.0,5.508875739644971,-0.5088757396449708,0
2021101708,1178,45142,Darrell Daniels,6,True,True,False,detached,route,True,False,0.0012056333195946,0.0012056333195946,0.0,0.0,SHOTGUN,6.0,6.253411306042885,-0.2534113060428851,0
2021101708,1221,45142,Darrell Daniels,6,True,True,False,detached,route,True,False,0.1108371683026622,0.1108371683026622,0.0,0.0,EMPTY,6.0,5.508875739644971,0.4911242603550292,0
2021101708,1367,40615,Demetrius Harris,6,True,True,False,wing,route,True,False,-0.1847062511083134,-0.1847062511083134,0.0,1.0,SINGLEBACK,7.0,7.303921568627451,-0.3039215686274508,1
2021101708,1367,45142,Darrell Daniels,6,True,True,False,inline,route,True,True,-0.0448140406236017,,0.0,1.0,SINGLEBACK,7.0,7.303921568627451,-0.3039215686274508,1
2021101708,1835,43370,Austin Hooper,6,True,True,False,detached,route,True,False,0.2198455195054587,0.2198455195054587,0.0,0.0,EMPTY,4.0,5.508875739644971,-1.5088757396449708,0
2021101708,1835,52523,Harrison Bryant,6,True,True,False,detached,route,True,False,0.0219419804881694,0.0219419804881694,0.0,0.0,EMPTY,4.0,5.508875739644971,-1.5088757396449708,0
2021101708,1865,43370,Austin Hooper,6,True,True,False,inline,route,True,False,-0.1408049646323097,-0.1408049646323097,0.0,1.0,SHOTGUN,7.0,6.253411306042885,0.7465886939571149,0
2021101708,2196,45142,Darrell Daniels,6,True,True,False,detached,route,True,False,-0.0498217431553775,-0.0498217431553775,0.0,0.0,EMPTY,5.0,5.508875739644971,-0.5088757396449708,0
2021101708,3160,40615,Demetrius Harris,6,True,True,True,inline,route,True,False,-0.2875731811150692,-0.2875731811150692,0.0,1.0,SHOTGUN,6.0,6.253411306042885,-0.2534113060428851,0
2021101708,3570,43370,Austin Hooper,6,True,True,False,inline,route,True,False,-0.552253256448844,-0.552253256448844,0.0,1.0,SHOTGUN,7.0,6.253411306042885,0.7465886939571149,0
2021101708,3592,43370,Austin Hooper,6,True,True,False,inline,route,True,False,-0.4717086999053058,-0.4717086999053058,0.0,1.0,SHOTGUN,6.0,6.253411306042885,-0.2534113060428851,0
2021101709,2581,47803,Noah Fant,6,True,True,False,inline,chip_release,True,False,-0.2295607238752899,-0.2295607238752899,1.0,1.0,SINGLEBACK,7.0,7.303921568627451,-0.3039215686274508,1
2021101709,2600,47803,Noah Fant,6,True,True,False,detached,route,True,True,0.0131462864736999,,0.0,0.0,SHOTGUN,5.0,6.253411306042885,-1.253411306042885,0
2021101709,3411,47803,Noah Fant,6,True,True,False,detached,route,True,False,0.3025685627921184,0.3025685627921184,0.0,0.0,SHOTGUN,6.0,6.253411306042885,-0.2534113060428851,0
2021101709,3433,44987,Eric Saubert,6,True,True,False,wing,route,True,False,0.4528041187906821,0.4528041187906821,0.0,1.0,SHOTGUN,7.0,6.253411306042885,0.7465886939571149,0
2021101709,3433,47803,Noah Fant,6,True,True,False,inline,route,True,False,-0.1172931668802345,-0.1172931668802345,0.0,1.0,SHOTGUN,7.0,6.253411306042885,0.7465886939571149,0
2021101709,3633,42547,Darren Waller,6,True,True,False,inline,route,True,False,-0.4522875370743144,-0.4522875370743144,0.0,1.0,I_FORM,9.0,7.633333333333334,1.3666666666666663,1
2021101709,3633,47920,Foster Moreau,6,True,True,False,backfield,route,True,False,-0.222213034951048,-0.222213034951048,0.0,0.0,I_FORM,9.0,7.633333333333334,1.3666666666666663,1
2021101709,4063,47803,Noah Fant,6,True,True,False,inline,route,True,False,0.2273516008998766,0.2273516008998766,0.0,1.0,SHOTGUN,6.0,6.253411306042885,-0.2534113060428851,0
2021101709,4087,47803,Noah Fant,6,True,True,True,inline,route,True,False,0.1758500639793495,0.1758500639793495,0.0,1.0,SHOTGUN,6.0,6.253411306042885,-0.2534113060428851,0
2021101709,4111,47803,Noah Fant,6,True,True,False,inline,route,True,True,0.0641131424146144,,0.0,1.0,SHOTGUN,7.0,6.253411306042885,0.7465886939571149,0
2021101710,521,44967,Jeremy Sprinkle,6,True,True,False,wing,route,True,False,0.2691493710907404,0.2691493710907404,0.0,1.0,JUMBO,11.0,10.214285714285714,0.7857142857142865,1
2021101710,521,45532,Blake Jarwin,6,True,True,False,inline,route,True,True,-0.6956628843696459,,0.0,1.0,JUMBO,11.0,10.214285714285714,0.7857142857142865,1
2021101710,521,46206,Dalton Schultz,6,True,True,False,backfield,route,True,False,0.1132544673659927,0.1132544673659927,0.0,0.0,JUMBO,11.0,10.214285714285714,0.7857142857142865,1
2021101710,1081,45532,Blake Jarwin,6,True,True,False,detached,route,True,True,-0.2496341651113379,,0.0,0.0,SHOTGUN,7.0,6.253411306042885,0.7465886939571149,0
2021101710,1081,46206,Dalton Schultz,6,True,True,False,inline,route,True,False,-0.3820292082870482,-0.3820292082870482,0.0,1.0,SHOTGUN,7.0,6.253411306042885,0.7465886939571149,0
2021101710,1120,46206,Dalton Schultz,6,True,True,False,detached,route,True,False,0.0647970474944907,0.0647970474944907,0.0,0.0,SHOTGUN,6.0,6.253411306042885,-0.2534113060428851,0
2021101710,1479,46206,Dalton Schultz,6,True,True,False,detached,route,True,False,0.1183427604909245,0.1183427604909245,0.0,0.0,SHOTGUN,6.0,6.253411306042885,-0.2534113060428851,0
2021101710,1501,46206,Dalton Schultz,6,True,True,False,detached,route,True,False,0.0869733042550207,0.0869733042550207,0.0,0.0,EMPTY,7.0,5.508875739644971,1.4911242603550292,0
2021101710,1717,45532,Blake Jarwin,6,True,True,False,detached,route,True,False,0.1184349389455938,0.1184349389455938,0.0,0.0,SHOTGUN,6.0,6.253411306042885,-0.2534113060428851,0
2021101710,1746,45532,Blake Jarwin,6,True,True,False,detached,route,True,False,-0.0076304372819437,-0.0076304372819437,0.0,0.0,SHOTGUN,6.0,6.253411306042885,-0.2534113060428851,0
2021101710,2630,45532,Blake Jarwin,6,True,True,False,wing,pass_block,False,False,,,1.0,1.0,SINGLEBACK,8.0,7.303921568627451,0.6960784313725492,1
2021101710,2630,46206,Dalton Schultz,6,True,True,False,inline,pass_block,False,False,,,1.0,1.0,SINGLEBACK,8.0,7.303921568627451,0.6960784313725492,1
2021101710,3899,44912,Jonnu Smith,6,True,True,False,inline,route,True,False,-0.2453345495441214,-0.2453345495441214,0.0,1.0,SINGLEBACK,7.0,7.303921568627451,-0.3039215686274508,1
2021101711,1103,41236,Eric Ebron,6,True,True,False,inline,route,True,False,0.1606901735414621,0.1606901735414621,0.0,1.0,SHOTGUN,8.0,6.253411306042885,1.746588693957115,0
2021101711,1103,53484,Pat Freiermuth,6,True,True,False,detached,route,True,True,-0.4968066509105312,,0.0,0.0,SHOTGUN,8.0,6.253411306042885,1.746588693957115,0
2021101711,1127,47924,Zach Gentry,6,True,True,True,detached,route,True,False,-0.367718596566424,-0.367718596566424,0.0,0.0,SHOTGUN,6.0,6.253411306042885,-0.2534113060428851,0
2021101711,1166,41236,Eric Ebron,6,True,True,True,inline,route,True,False,0.0523073211428377,0.0523073211428377,0.0,1.0,EMPTY,5.0,5.508875739644971,-0.5088757396449708,0
2021101711,1166,53484,Pat Freiermuth,6,True,True,True,wing,route,True,False,-0.135877835110324,-0.135877835110324,0.0,1.0,EMPTY,5.0,5.508875739644971,-0.5088757396449708,0
2021101711,1693,53484,Pat Freiermuth,6,True,True,False,detached,route,True,False,-0.1334470696479097,-0.1334470696479097,0.0,0.0,EMPTY,4.0,5.508875739644971,-1.5088757396449708,0
2021101711,3096,44856,Gerald Everett,6,True,True,False,inline,route,True,False,-0.2385561417620394,-0.2385561417620394,0.0,1.0,SINGLEBACK,9.0,7.303921568627451,1.6960784313725492,1
2021101711,3096,46189,Will Dissly,6,True,True,False,inline,route,True,False,-0.164597572854054,-0.164597572854054,0.0,1.0,SINGLEBACK,9.0,7.303921568627451,1.6960784313725492,1
2021101800,462,47879,Dawson Knox,6,True,True,False,detached,chip_release,True,False,-0.154678736961578,-0.154678736961578,1.0,0.0,SINGLEBACK,7.0,7.303921568627451,-0.3039215686274508,0
2021101800,462,48011,Tommy Sweeney,6,True,True,False,detached,route,True,False,-0.4125208794123809,-0.4125208794123809,0.0,0.0,SINGLEBACK,7.0,7.303921568627451,-0.3039215686274508,0
2021101800,511,47879,Dawson Knox,6,True,True,False,detached,route,True,False,-0.111387055093395,-0.111387055093395,0.0,0.0,SHOTGUN,6.0,6.253411306042885,-0.2534113060428851,0
2021101800,1054,47879,Dawson Knox,6,True,True,False,detached,route,True,False,0.1953626256466842,0.1953626256466842,0.0,0.0,SHOTGUN,6.0,6.253411306042885,-0.2534113060428851,0
2021101800,1194,47879,Dawson Knox,6,True,True,True,detached,route,True,False,-0.0262300223858932,-0.0262300223858932,0.0,0.0,EMPTY,4.0,5.508875739644971,-1.5088757396449708,0
2021101800,1449,47879,Dawson Knox,6,True,True,False,inline,route,True,False,-0.2666419198579403,-0.2666419198579403,0.0,1.0,SHOTGUN,6.0,6.253411306042885,-0.2534113060428851,0
2021101800,2732,42589,Geoff Swaim,6,True,True,False,inline,route,True,True,0.282291490325138,,0.0,1.0,SHOTGUN,6.0,6.253411306042885,-0.2534113060428851,0
2021101800,2761,42589,Geoff Swaim,6,True,True,True,inline,pass_block,False,False,,,1.0,1.0,SHOTGUN,6.0,6.253411306042885,-0.2534113060428851,1
2021101800,3082,47879,Dawson Knox,6,True,True,True,detached,route,True,False,0.3324668125290719,0.3324668125290719,0.0,0.0,JUMBO,11.0,10.214285714285714,0.7857142857142865,0
2021101800,3082,48011,Tommy Sweeney,6,True,True,True,inline,route,True,True,-0.2953232143889897,,0.0,1.0,JUMBO,11.0,10.214285714285714,0.7857142857142865,0
2021102100,2175,47803,Noah Fant,7,False,True,False,inline,route,True,True,-0.1386619493213224,,0.0,1.0,SHOTGUN,6.0,6.253411306042885,-0.2534113060428851,0
2021102100,2199,44987,Eric Saubert,7,False,True,True,inline,route,True,False,0.4461685478369935,0.4461685478369935,0.0,1.0,SHOTGUN,6.0,6.253411306042885,-0.2534113060428851,0
2021102100,2199,47803,Noah Fant,7,False,True,True,inline,route,True,True,-0.1731272789828849,,0.0,1.0,SHOTGUN,6.0,6.253411306042885,-0.2534113060428851,0
2021102100,2248,44987,Eric Saubert,7,False,True,False,detached,route,True,False,0.0852931769707072,0.0852931769707072,0.0,0.0,SHOTGUN,6.0,6.253411306042885,-0.2534113060428851,0
2021102100,2590,43370,Austin Hooper,7,False,True,False,detached,route,True,False,-0.2111827553846739,-0.2111827553846739,0.0,0.0,EMPTY,6.0,5.508875739644971,0.4911242603550292,0
2021102100,2590,44841,David Njoku,7,False,True,False,detached,route,True,False,-0.0513965685624043,-0.0513965685624043,0.0,0.0,EMPTY,6.0,5.508875739644971,0.4911242603550292,0
2021102100,2590,52523,Harrison Bryant,7,False,True,False,detached,route,True,False,0.2137976690884393,0.2137976690884393,0.0,0.0,EMPTY,6.0,5.508875739644971,0.4911242603550292,0
2021102100,2612,43370,Austin Hooper,7,False,True,False,detached,route,True,False,0.4549403344372995,0.4549403344372995,0.0,0.0,EMPTY,7.0,5.508875739644971,1.4911242603550292,0
2021102100,2655,43370,Austin Hooper,7,False,True,False,inline,chip_release,True,False,0.1422854276561711,0.1422854276561711,1.0,1.0,JUMBO,10.0,10.214285714285714,-0.21428571428571352,1
2021102100,2655,44841,David Njoku,7,False,True,False,inline,route,True,False,-0.1828301078983656,-0.1828301078983656,0.0,1.0,JUMBO,10.0,10.214285714285714,-0.21428571428571352,1
2021102100,2655,52523,Harrison Bryant,7,False,True,False,wing,route,True,False,-0.1202453577145536,-0.1202453577145536,0.0,1.0,JUMBO,10.0,10.214285714285714,-0.21428571428571352,1
2021102100,3539,47803,Noah Fant,7,False,True,False,inline,route,True,False,-0.2363418047037957,-0.2363418047037957,0.0,1.0,SHOTGUN,7.0,6.253411306042885,0.7465886939571149,0
2021102100,3561,47803,Noah Fant,7,False,True,True,detached,route,True,False,-0.014969111216156,-0.014969111216156,0.0,0.0,SHOTGUN,6.0,6.253411306042885,-0.2534113060428851,0
2021102400,1918,42500,C.J. Uzomah,7,False,True,False,backfield,route,True,False,-0.0016242999428572,-0.0016242999428572,0.0,0.0,SHOTGUN,5.0,6.253411306042885,-1.253411306042885,0
2021102400,2901,42500,C.J. Uzomah,7,False,True,True,inline,pass_block,False,False,,,1.0,1.0,SINGLEBACK,6.0,7.303921568627451,-1.3039215686274508,1
2021102400,2901,47835,Drew Sample,7,False,True,True,wing,pass_block,False,False,,,1.0,1.0,SINGLEBACK,6.0,7.303921568627451,-1.3039215686274508,1
2021102400,2979,42500,C.J. Uzomah,7,False,True,False,detached,route,True,False,0.2237251370333507,0.2237251370333507,0.0,0.0,SHOTGUN,6.0,6.253411306042885,-0.2534113060428851,0
2021102400,3001,42500,C.J. Uzomah,7,False,True,True,detached,route,True,False,0.4368830658198577,0.4368830658198577,0.0,0.0,EMPTY,6.0,5.508875739644971,0.4911242603550292,0
2021102401,300,45635,Robert Tonyan,7,False,True,False,inline,chip_release,True,False,0.2132412533056851,0.2132412533056851,1.0,1.0,SHOTGUN,7.0,6.253411306042885,0.7465886939571149,0
2021102401,324,45635,Robert Tonyan,7,False,True,False,detached,route,True,False,0.4182587372360424,0.4182587372360424,0.0,0.0,EMPTY,6.0,5.508875739644971,0.4911242603550292,0
2021102401,1100,30842,Marcedes Lewis,7,False,True,False,detached,route,True,False,0.1094291976027669,0.1094291976027669,0.0,0.0,EMPTY,5.0,5.508875739644971,-0.5088757396449708,0
2021102401,1100,45635,Robert Tonyan,7,False,True,False,detached,route,True,False,-0.0845982926405531,-0.0845982926405531,0.0,0.0,EMPTY,5.0,5.508875739644971,-0.5088757396449708,0
2021102401,1119,45635,Robert Tonyan,7,False,True,False,detached,route,True,False,0.0459787386895662,0.0459787386895662,0.0,0.0,SHOTGUN,6.0,6.253411306042885,-0.2534113060428851,0
2021102401,1140,45635,Robert Tonyan,7,False,True,False,detached,route,True,False,-0.094195695025436,-0.094195695025436,0.0,0.0,SHOTGUN,6.0,6.253411306042885,-0.2534113060428851,0
2021102401,1513,45635,Robert Tonyan,7,False,True,False,detached,route,True,False,-0.2193643985643719,-0.2193643985643719,0.0,0.0,SHOTGUN,6.0,6.253411306042885,-0.2534113060428851,0
2021102401,1537,45635,Robert Tonyan,7,False,True,False,detached,route,True,False,0.30673283109795,0.30673283109795,0.0,0.0,EMPTY,5.0,5.508875739644971,-0.5088757396449708,0
2021102401,1578,45635,Robert Tonyan,7,False,True,False,detached,route,True,False,0.4108943605001687,0.4108943605001687,0.0,0.0,SHOTGUN,6.0,6.253411306042885,-0.2534113060428851,0
2021102401,1836,45635,Robert Tonyan,7,False,True,False,detached,route,True,True,-0.2669194177960639,,0.0,0.0,SHOTGUN,6.0,6.253411306042885,-0.2534113060428851,0
2021102401,2074,45481,Ricky Seals-Jones,7,False,True,False,detached,route,True,True,0.1608425843741515,,0.0,0.0,EMPTY,5.0,5.508875739644971,-0.5088757396449708,0
2021102401,2098,45481,Ricky Seals-Jones,7,False,True,False,detached,pass_block,False,False,,,1.0,0.0,SHOTGUN,6.0,6.253411306042885,-0.2534113060428851,1
2021102401,2145,45481,Ricky Seals-Jones,7,False,True,False,detached,route,True,False,0.0375648081128545,0.0375648081128545,0.0,0.0,SHOTGUN,6.0,6.253411306042885,-0.2534113060428851,0
2021102401,2635,45481,Ricky Seals-Jones,7,False,True,False,detached,route,True,False,-0.0819122526223434,-0.0819122526223434,0.0,0.0,SHOTGUN,6.0,6.253411306042885,-0.2534113060428851,0
2021102401,2657,45481,Ricky Seals-Jones,7,False,True,False,detached,route,True,True,-0.5130097084235722,,0.0,0.0,SHOTGUN,6.0,6.253411306042885,-0.2534113060428851,0
2021102401,2915,30842,Marcedes Lewis,7,False,True,False,inline,route,True,False,0.6331071294572779,0.6331071294572779,0.0,1.0,SINGLEBACK,6.0,7.303921568627451,-1.3039215686274508,1
2021102401,2954,45635,Robert Tonyan,7,False,True,False,detached,route,True,False,0.1327800181954082,0.1327800181954082,0.0,0.0,SHOTGUN,6.0,6.253411306042885,-0.2534113060428851,0
2021102401,3298,45481,Ricky Seals-Jones,7,False,True,False,detached,route,True,False,0.3655119102508486,0.3655119102508486,0.0,0.0,EMPTY,5.0,5.508875739644971,-0.5088757396449708,0
2021102401,3320,45481,Ricky Seals-Jones,7,False,True,False,detached,route,True,True,0.1030837930652722,,0.0,0.0,SHOTGUN,6.0,6.253411306042885,-0.2534113060428851,0
2021102401,3344,45481,Ricky Seals-Jones,7,False,True,False,detached,route,True,False,-0.5469197304641,-0.5469197304641,0.0,0.0,SHOTGUN,6.0,6.253411306042885,-0.2534113060428851,0
2021102401,3485,45481,Ricky Seals-Jones,7,False,True,True,detached,route,True,False,0.2971616135245922,0.2971616135245922,0.0,0.0,EMPTY,5.0,5.508875739644971,-0.5088757396449708,0
2021102401,3504,45481,Ricky Seals-Jones,7,False,True,True,detached,route,True,False,-0.0217195181127771,-0.0217195181127771,0.0,0.0,SHOTGUN,5.0,6.253411306042885,-1.253411306042885,0
2021102401,3528,45481,Ricky Seals-Jones,7,False,True,False,detached,route,True,False,-0.2536004075692579,-0.2536004075692579,0.0,0.0,SHOTGUN,5.0,6.253411306042885,-1.253411306042885,0
2021102402,382,46111,Mike Gesicki,7,False,True,False,detached,route,True,False,-0.0048426421112882,-0.0048426421112882,0.0,0.0,EMPTY,5.0,5.508875739644971,-0.5088757396449708,0
2021102402,786,37234,Lee Smith,7,False,True,False,inline,pass_block,False,False,,,1.0,1.0,SINGLEBACK,8.0,7.303921568627451,0.6960784313725492,0
2021102402,786,46094,Hayden Hurst,7,False,True,False,inline,pass_block,False,False,,,1.0,1.0,SINGLEBACK,8.0,7.303921568627451,0.6960784313725492,0
2021102402,786,53433,Kyle Pitts,7,False,True,False,wing,route,True,False,0.4978607321285577,0.4978607321285577,0.0,1.0,SINGLEBACK,8.0,7.303921568627451,0.6960784313725492,0
2021102402,1284,46094,Hayden Hurst,7,False,True,False,detached,route,True,False,1.0725903684220306,1.0725903684220306,0.0,0.0,EMPTY,6.0,5.508875739644971,0.4911242603550292,0
2021102402,1284,53433,Kyle Pitts,7,False,True,False,detached,route,True,False,0.1689203187009683,0.1689203187009683,0.0,0.0,EMPTY,6.0,5.508875739644971,0.4911242603550292,0
2021102402,1327,37234,Lee Smith,7,False,True,False,inline,route,True,False,0.684418892780883,0.684418892780883,0.0,1.0,SINGLEBACK,8.0,7.303921568627451,0.6960784313725492,1
2021102402,1327,46094,Hayden Hurst,7,False,True,False,wing,route,True,False,0.6785730268545715,0.6785730268545715,0.0,1.0,SINGLEBACK,8.0,7.303921568627451,0.6960784313725492,1
2021102402,1327,53433,Kyle Pitts,7,False,True,False,inline,chip_release,True,False,0.5375415740214948,0.5375415740214948,1.0,1.0,SINGLEBACK,8.0,7.303921568627451,0.6960784313725492,1
2021102402,1646,46111,Mike Gesicki,7,False,True,False,detached,route,True,False,0.3403530641120756,0.3403530641120756,0.0,0.0,SHOTGUN,6.0,6.253411306042885,-0.2534113060428851,0
2021102402,1646,46192,Durham Smythe,7,False,True,False,detached,route,True,True,0.1268322111785158,,0.0,0.0,SHOTGUN,6.0,6.253411306042885,-0.2534113060428851,0
2021102402,2491,44857,Adam Shaheen,7,False,True,True,inline,route,True,False,-0.117780315405783,-0.117780315405783,0.0,1.0,,,6.349468713105077,,0
2021102402,2491,46111,Mike Gesicki,7,False,True,True,detached,route,True,False,0.1891885309490539,0.1891885309490539,0.0,0.0,,,6.349468713105077,,0
2021102402,2538,44857,Adam Shaheen,7,False,True,False,inline,route,True,False,0.0735489997182192,0.0735489997182192,0.0,1.0,SHOTGUN,7.0,6.253411306042885,0.7465886939571149,0
2021102402,2538,46111,Mike Gesicki,7,False,True,False,detached,route,True,True,0.02123360756879,,0.0,0.0,SHOTGUN,7.0,6.253411306042885,0.7465886939571149,0
2021102402,2538,46192,Durham Smythe,7,False,True,False,detached,route,True,False,-0.3327288368074121,-0.3327288368074121,0.0,0.0,SHOTGUN,7.0,6.253411306042885,0.7465886939571149,0
2021102402,3081,46094,Hayden Hurst,7,False,True,False,inline,route,True,False,-0.130807935278618,-0.130807935278618,0.0,1.0,SHOTGUN,7.0,6.253411306042885,0.7465886939571149,0
2021102402,3081,53433,Kyle Pitts,7,False,True,False,detached,route,True,False,-0.0209799060173943,-0.0209799060173943,0.0,0.0,SHOTGUN,7.0,6.253411306042885,0.7465886939571149,0
2021102402,3344,44857,Adam Shaheen,7,False,True,False,detached,route,True,False,-0.3809636082384803,-0.3809636082384803,0.0,0.0,SHOTGUN,6.0,6.253411306042885,-0.2534113060428851,0
2021102402,3344,46111,Mike Gesicki,7,False,True,False,detached,route,True,False,-0.1510439975469664,-0.1510439975469664,0.0,0.0,SHOTGUN,6.0,6.253411306042885,-0.2534113060428851,0
2021102402,3368,46111,Mike Gesicki,7,False,True,False,detached,route,True,False,0.0311938596898373,0.0311938596898373,0.0,0.0,SHOTGUN,6.0,6.253411306042885,-0.2534113060428851,0
2021102402,3392,44857,Adam Shaheen,7,False,True,False,detached,route,True,False,-0.3807068625569351,-0.3807068625569351,0.0,0.0,SHOTGUN,6.0,6.253411306042885,-0.2534113060428851,0
2021102402,3392,46111,Mike Gesicki,7,False,True,False,detached,route,True,False,-0.1649256679413759,-0.1649256679413759,0.0,0.0,SHOTGUN,6.0,6.253411306042885,-0.2534113060428851,0
2021102402,3922,44857,Adam Shaheen,7,False,True,False,inline,route,True,False,-0.2591686300121829,-0.2591686300121829,0.0,1.0,SINGLEBACK,7.0,7.303921568627451,-0.3039215686274508,1
2021102402,3922,46111,Mike Gesicki,7,False,True,False,detached,route,True,False,-0.0719734728343262,-0.0719734728343262,0.0,0.0,SINGLEBACK,7.0,7.303921568627451,-0.3039215686274508,1
2021102403,1268,40149,Ryan Griffin,7,False,True,False,inline,pass_block,False,False,,,1.0,1.0,SHOTGUN,7.0,6.253411306042885,0.7465886939571149,0
2021102403,1573,43324,Hunter Henry,7,False,True,False,inline,route,True,False,0.3246457543041354,0.3246457543041354,0.0,1.0,I_FORM,8.0,7.633333333333334,0.36666666666666625,0
2021102403,2074,43324,Hunter Henry,7,False,True,False,inline,route,True,False,0.0634109484860644,0.0634109484860644,0.0,1.0,SHOTGUN,6.0,6.253411306042885,-0.2534113060428851,0
2021102403,2141,43324,Hunter Henry,7,False,True,True,detached,route,True,False,-0.2337653248056206,-0.2337653248056206,0.0,0.0,SHOTGUN,7.0,6.253411306042885,0.7465886939571149,0
2021102403,2170,43324,Hunter Henry,7,False,True,False,detached,route,True,False,-0.1969299374843556,-0.1969299374843556,0.0,0.0,SHOTGUN,6.0,6.253411306042885,-0.2534113060428851,0
2021102403,2203,43324,Hunter Henry,7,False,True,True,detached,route,True,True,0.1947743374284505,,0.0,0.0,SHOTGUN,8.0,6.253411306042885,1.746588693957115,0
2021102404,742,37118,Kyle Rudolph,7,False,True,False,wing,chip_release,True,True,0.0307581072115474,,1.0,1.0,SINGLEBACK,6.0,7.303921568627451,-1.3039215686274508,1
2021102404,782,37118,Kyle Rudolph,7,False,True,False,inline,chip_release,True,True,-0.9687824876420305,,1.0,1.0,I_FORM,8.0,7.633333333333334,0.36666666666666625,1
2021102404,782,47959,Kaden Smith,7,False,True,False,wing,chip_release,True,False,0.0794338268753183,0.0794338268753183,1.0,1.0,I_FORM,8.0,7.633333333333334,0.36666666666666625,1
2021102404,858,37118,Kyle Rudolph,7,False,True,True,inline,pass_block,False,False,,,1.0,1.0,JUMBO,11.0,10.214285714285714,0.7857142857142865,1
2021102404,858,44835,Evan Engram,7,False,True,True,inline,chip_release,True,True,0.7436708135802963,,1.0,1.0,JUMBO,11.0,10.214285714285714,0.7857142857142865,1
2021102404,858,47959,Kaden Smith,7,False,True,True,wing,pass_block,False,False,,,1.0,1.0,JUMBO,11.0,10.214285714285714,0.7857142857142865,1
2021102404,1698,46170,Ian Thomas,7,False,True,False,inline,pass_block,False,False,,,1.0,1.0,SINGLEBACK,7.0,7.303921568627451,-0.3039215686274508,1
2021102404,1698,53512,Tommy Tremble,7,False,True,False,wing,chip_release,True,False,0.1442545363879597,0.1442545363879597,1.0,1.0,SINGLEBACK,7.0,7.303921568627451,-0.3039215686274508,1
2021102404,2888,44835,Evan Engram,7,False,True,False,detached,route,True,False,0.1821775406269754,0.1821775406269754,0.0,0.0,SHOTGUN,7.0,6.253411306042885,0.7465886939571149,0
2021102405,192,42486,MyCole Pruitt,7,False,True,False,detached,route,True,False,0.2130389628848816,0.2130389628848816,0.0,0.0,SINGLEBACK,5.0,7.303921568627451,-2.303921568627451,0
2021102405,1234,42589,Geoff Swaim,7,False,True,False,inline,route,True,False,0.7542587884543368,0.7542587884543368,0.0,1.0,SHOTGUN,7.0,6.253411306042885,0.7465886939571149,0
2021102405,1277,45355,Anthony Firkser,7,False,True,False,detached,route,True,False,-0.5119096789980985,-0.5119096789980985,0.0,0.0,SHOTGUN,6.0,6.253411306042885,-0.2534113060428851,0
2021102405,1503,42589,Geoff Swaim,7,False,True,True,detached,route,True,False,-0.2583893768492271,-0.2583893768492271,0.0,0.0,SHOTGUN,7.0,6.253411306042885,0.7465886939571149,0
2021102405,1503,45355,Anthony Firkser,7,False,True,True,detached,route,True,False,0.2612630603628598,0.2612630603628598,0.0,0.0,SHOTGUN,7.0,6.253411306042885,0.7465886939571149,0
2021102405,1548,42486,MyCole Pruitt,7,False,True,True,detached,chip_release,True,False,-0.367476283184555,-0.367476283184555,1.0,0.0,SHOTGUN,10.0,6.253411306042885,3.746588693957115,1
2021102405,1548,42589,Geoff Swaim,7,False,True,True,detached,route,True,False,-0.1059954373183222,-0.1059954373183222,0.0,0.0,SHOTGUN,10.0,6.253411306042885,3.746588693957115,1
2021102405,1548,45355,Anthony Firkser,7,False,True,True,detached,route,True,False,-0.1643356297667191,-0.1643356297667191,0.0,0.0,SHOTGUN,10.0,6.253411306042885,3.746588693957115,1
2021102405,2625,42486,MyCole Pruitt,7,False,True,False,inline,pass_block,False,False,,,1.0,1.0,SINGLEBACK,8.0,7.303921568627451,0.6960784313725492,1
2021102405,2647,42486,MyCole Pruitt,7,False,True,False,inline,chip_release,True,True,0.6221267062799891,,1.0,1.0,I_FORM,7.0,7.633333333333334,-0.6333333333333337,1
2021102405,2647,42589,Geoff Swaim,7,False,True,False,inline,route,True,False,-0.4610560356067429,-0.4610560356067429,0.0,1.0,I_FORM,7.0,7.633333333333334,-0.6333333333333337,1
2021102405,3421,53591,Noah Gray,7,False,True,False,detached,route,True,False,0.6091019935057365,0.6091019935057365,0.0,0.0,SHOTGUN,5.0,6.253411306042885,-1.253411306042885,0
2021102405,3443,40011,Travis Kelce,7,False,True,False,detached,route,True,False,0.4095659824932336,0.4095659824932336,0.0,0.0,SHOTGUN,5.0,6.253411306042885,-1.253411306042885,0
2021102405,4201,40011,Travis Kelce,7,False,True,False,detached,route,True,False,-0.1974944043814068,-0.1974944043814068,0.0,0.0,SHOTGUN,5.0,6.253411306042885,-1.253411306042885,0
2021102406,460,47791,T.J. Hockenson,7,False,True,False,detached,route,True,False,-0.2349507948435568,-0.2349507948435568,0.0,0.0,SHOTGUN,5.0,6.253411306042885,-1.253411306042885,0
2021102406,740,43399,Tyler Higbee,7,False,True,False,inline,route,True,False,0.4234752741063734,0.4234752741063734,0.0,1.0,SHOTGUN,6.0,6.253411306042885,-0.2534113060428851,0
2021102406,1355,43399,Tyler Higbee,7,False,True,False,detached,route,True,False,0.1853599421290623,0.1853599421290623,0.0,0.0,SHOTGUN,6.0,6.253411306042885,-0.2534113060428851,0
2021102406,1377,43399,Tyler Higbee,7,False,True,False,detached,route,True,False,0.2205409072696641,0.2205409072696641,0.0,0.0,SHOTGUN,5.0,6.253411306042885,-1.253411306042885,0
2021102406,1848,43399,Tyler Higbee,7,False,True,False,inline,chip_release,True,True,-0.3400647750481136,,1.0,1.0,SHOTGUN,6.0,6.253411306042885,-0.2534113060428851,1
2021102406,1870,43399,Tyler Higbee,7,False,True,False,detached,route,True,False,0.0561234900403214,0.0561234900403214,0.0,0.0,EMPTY,5.0,5.508875739644971,-0.5088757396449708,0
2021102406,3075,47791,T.J. Hockenson,7,False,True,False,inline,route,True,False,-0.3343618962798347,-0.3343618962798347,0.0,1.0,SHOTGUN,6.0,6.253411306042885,-0.2534113060428851,0
2021102406,3108,47791,T.J. Hockenson,7,False,True,False,detached,route,True,False,-0.2083585445501046,-0.2083585445501046,0.0,0.0,SHOTGUN,5.0,6.253411306042885,-1.253411306042885,0
2021102406,3316,43399,Tyler Higbee,7,False,True,False,detached,route,True,False,0.3332388496249342,0.3332388496249342,0.0,0.0,EMPTY,5.0,5.508875739644971,-0.5088757396449708,0
2021102406,3350,43399,Tyler Higbee,7,False,True,False,inline,chip_release,True,False,0.5938839995242093,0.5938839995242093,1.0,1.0,SHOTGUN,6.0,6.253411306042885,-0.2534113060428851,1
2021102406,3383,43399,Tyler Higbee,7,False,True,False,detached,route,True,True,0.3557051310580824,,0.0,0.0,EMPTY,5.0,5.508875739644971,-0.5088757396449708,0
2021102406,3407,43399,Tyler Higbee,7,False,True,False,inline,route,True,False,0.7578347393468778,0.7578347393468778,0.0,1.0,SINGLEBACK,8.0,7.303921568627451,0.6960784313725492,1
2021102406,3858,39907,Darren Fells,7,False,True,False,inline,route,True,False,-0.5448548656366237,-0.5448548656366237,0.0,1.0,SINGLEBACK,8.0,7.303921568627451,0.6960784313725492,0
2021102406,3858,47791,T.J. Hockenson,7,False,True,False,wing,route,True,True,-0.1118848245796197,,0.0,1.0,SINGLEBACK,8.0,7.303921568627451,0.6960784313725492,0
2021102406,3858,53959,Brock Wright,7,False,True,False,inline,route,True,False,0.2358473816560171,0.2358473816560171,0.0,1.0,SINGLEBACK,8.0,7.303921568627451,0.6960784313725492,0
2021102407,223,41327,Richard Rodgers,7,False,True,False,inline,route,True,False,0.2071197668024165,0.2071197668024165,0.0,1.0,SHOTGUN,8.0,6.253411306042885,1.746588693957115,0
2021102407,223,46118,Dallas Goedert,7,False,True,False,inline,route,True,False,-0.0191378972402467,-0.0191378972402467,0.0,1.0,SHOTGUN,8.0,6.253411306042885,1.746588693957115,0
2021102407,223,53946,Jack Stoll,7,False,True,False,wing,route,True,False,0.2158208114934788,0.2158208114934788,0.0,1.0,SHOTGUN,8.0,6.253411306042885,1.746588693957115,0
2021102407,510,47920,Foster Moreau,7,False,True,False,inline,chip_release,True,False,0.0737302953792072,0.0737302953792072,1.0,1.0,SHOTGUN,6.0,6.253411306042885,-0.2534113060428851,0
2021102407,569,47920,Foster Moreau,7,False,True,False,detached,route,True,False,0.1833848538664391,0.1833848538664391,0.0,0.0,SHOTGUN,5.0,6.253411306042885,-1.253411306042885,0
2021102407,1003,47920,Foster Moreau,7,False,True,False,inline,route,True,True,-0.0865218771537057,,0.0,1.0,SINGLEBACK,7.0,7.303921568627451,-0.3039215686274508,1
2021102407,1730,47920,Foster Moreau,7,False,True,False,inline,route,True,False,0.3797028054989209,0.3797028054989209,0.0,1.0,SHOTGUN,6.0,6.253411306042885,-0.2534113060428851,0
2021102407,1771,47920,Foster Moreau,7,False,True,False,inline,route,True,False,0.0887980234348859,0.0887980234348859,0.0,1.0,SHOTGUN,6.0,6.253411306042885,-0.2534113060428851,0
2021102407,1795,47920,Foster Moreau,7,False,True,False,detached,route,True,False,-0.1393124634119568,-0.1393124634119568,0.0,0.0,SHOTGUN,6.0,6.253411306042885,-0.2534113060428851,0
2021102407,1795,53724,Matt Bushman,7,False,True,False,inline,route,True,False,0.5128763968988684,0.5128763968988684,0.0,1.0,SHOTGUN,6.0,6.253411306042885,-0.2534113060428851,0
2021102407,2406,47920,Foster Moreau,7,False,True,True,detached,route,True,False,0.0875600690294912,0.0875600690294912,0.0,0.0,SHOTGUN,6.0,6.253411306042885,-0.2534113060428851,0
2021102407,3491,46118,Dallas Goedert,7,False,True,False,detached,route,True,False,-0.0912232842614998,-0.0912232842614998,0.0,0.0,SHOTGUN,4.0,6.253411306042885,-2.253411306042885,0
2021102407,3513,46118,Dallas Goedert,7,False,True,False,detached,route,True,False,0.1323600860343907,0.1323600860343907,0.0,0.0,SHOTGUN,6.0,6.253411306042885,-0.2534113060428851,0
2021102407,3535,46118,Dallas Goedert,7,False,True,False,detached,route,True,False,-0.0010459974464646,-0.0010459974464646,0.0,0.0,SHOTGUN,4.0,6.253411306042885,-2.253411306042885,0
2021102407,3558,46118,Dallas Goedert,7,False,True,False,detached,route,True,True,-0.0067850380389362,,0.0,0.0,SHOTGUN,6.0,6.253411306042885,-0.2534113060428851,0
2021102408,1129,39983,Zach Ertz,7,False,True,False,inline,route,True,False,0.4150377050690863,0.4150377050690863,0.0,1.0,SHOTGUN,6.0,6.253411306042885,-0.2534113060428851,1
2021102408,1616,39983,Zach Ertz,7,False,True,True,wing,pass_block,False,False,,,1.0,1.0,SHOTGUN,7.0,6.253411306042885,0.7465886939571149,1
2021102408,1616,40615,Demetrius Harris,7,False,True,True,inline,pass_block,False,False,,,1.0,1.0,SHOTGUN,7.0,6.253411306042885,0.7465886939571149,1
2021102408,2039,39983,Zach Ertz,7,False,True,False,inline,route,True,False,-0.1925323976428705,-0.1925323976428705,0.0,1.0,SHOTGUN,7.0,6.253411306042885,0.7465886939571149,0
2021102408,2039,40615,Demetrius Harris,7,False,True,False,inline,route,True,False,0.0731310256762641,0.0731310256762641,0.0,1.0,SHOTGUN,7.0,6.253411306042885,0.7465886939571149,0
2021102408,2075,39983,Zach Ertz,7,False,True,False,detached,route,True,True,-0.2100348069416489,,0.0,0.0,EMPTY,5.0,5.508875739644971,-0.5088757396449708,0
2021102409,628,42033,Cameron Brate,7,False,True,False,detached,route,True,True,-0.0124222315902439,,0.0,0.0,SHOTGUN,8.0,6.253411306042885,1.746588693957115,0
2021102409,628,44831,O.J. Howard,7,False,True,False,inline,route,True,False,-0.5108563118735088,-0.5108563118735088,0.0,1.0,SHOTGUN,8.0,6.253411306042885,1.746588693957115,0
2021102409,671,42033,Cameron Brate,7,False,True,False,detached,route,True,False,0.1414900911724683,0.1414900911724683,0.0,0.0,SHOTGUN,7.0,6.253411306042885,0.7465886939571149,0
2021102409,909,42033,Cameron Brate,7,False,True,False,detached,route,True,True,-0.0613817259684881,,0.0,0.0,SHOTGUN,6.0,6.253411306042885,-0.2534113060428851,0
2021102409,931,42033,Cameron Brate,7,False,True,False,detached,route,True,False,-0.0853705169135501,-0.0853705169135501,0.0,0.0,SHOTGUN,6.0,6.253411306042885,-0.2534113060428851,0
2021102409,1559,52451,Cole Kmet,7,False,True,False,detached,route,True,False,0.03208464070486,0.03208464070486,0.0,0.0,SHOTGUN,6.0,6.253411306042885,-0.2534113060428851,0
2021102409,1625,42503,Jesse James,7,False,True,True,inline,pass_block,False,False,,,1.0,1.0,EMPTY,6.0,5.508875739644971,0.4911242603550292,0
2021102409,1659,44009,J.P. Holtz,7,False,True,True,inline,route,True,False,-0.281720266427761,-0.281720266427761,0.0,1.0,SHOTGUN,5.0,6.253411306042885,-1.253411306042885,0
2021102409,1659,48700,Jesper Horsted,7,False,True,True,detached,route,True,True,0.2390948516127871,,0.0,0.0,SHOTGUN,5.0,6.253411306042885,-1.253411306042885,0
2021102409,1659,52451,Cole Kmet,7,False,True,True,wing,route,True,False,0.4210541220181185,0.4210541220181185,0.0,1.0,SHOTGUN,5.0,6.253411306042885,-1.253411306042885,0
2021102409,2261,44831,O.J. Howard,7,False,True,False,inline,route,True,True,0.3101275257673899,,0.0,1.0,SHOTGUN,6.0,6.253411306042885,-0.2534113060428851,0
2021102409,2283,42033,Cameron Brate,7,False,True,False,detached,route,True,False,0.2383471767292369,0.2383471767292369,0.0,0.0,SHOTGUN,6.0,6.253411306042885,-0.2534113060428851,0
2021102409,2305,42033,Cameron Brate,7,False,True,False,detached,route,True,False,-0.475759781649319,-0.475759781649319,0.0,0.0,SHOTGUN,6.0,6.253411306042885,-0.2534113060428851,0
2021102409,2771,52451,Cole Kmet,7,False,True,False,detached,route,True,False,-0.0260667680958432,-0.0260667680958432,0.0,0.0,SHOTGUN,7.0,6.253411306042885,0.7465886939571149,0
2021102409,3314,42033,Cameron Brate,7,False,True,True,detached,route,True,True,-0.081196799972514,,0.0,0.0,EMPTY,7.0,5.508875739644971,1.4911242603550292,0
2021102409,3314,44831,O.J. Howard,7,False,True,True,detached,route,True,False,0.162923175801156,0.162923175801156,0.0,0.0,EMPTY,7.0,5.508875739644971,1.4911242603550292,0
2021102409,3314,46544,Deon Yelder,7,False,True,True,detached,route,True,False,-0.2367835483785898,-0.2367835483785898,0.0,0.0,EMPTY,7.0,5.508875739644971,1.4911242603550292,0
2021102410,371,46331,Ross Dwelley,7,False,True,False,backfield,route,True,False,0.941734300514708,0.941734300514708,0.0,0.0,I_FORM,6.0,7.633333333333334,-1.6333333333333337,1
2021102410,397,52598,Charlie Woerner,7,False,True,False,inline,route,True,False,-0.0289791497399074,-0.0289791497399074,0.0,1.0,SHOTGUN,6.0,6.253411306042885,-0.2534113060428851,0
2021102410,969,40641,Jack Doyle,7,False,True,True,inline,route,True,False,0.2148194495512143,0.2148194495512143,0.0,1.0,SHOTGUN,6.0,6.253411306042885,-0.2534113060428851,0
2021102410,1800,40641,Jack Doyle,7,False,True,True,backfield,route,True,True,-0.037326534146691,,0.0,0.0,JUMBO,10.0,10.214285714285714,-0.21428571428571352,1
2021102410,1800,44792,Mo Alie-Cox,7,False,True,True,inline,route,True,False,-0.5350412201781996,-0.5350412201781996,0.0,1.0,JUMBO,10.0,10.214285714285714,-0.21428571428571352,1
2021102410,1800,53556,Kylen Granson,7,False,True,True,wing,route,True,False,-0.5238209157159464,-0.5238209157159464,0.0,1.0,JUMBO,10.0,10.214285714285714,-0.21428571428571352,1
2021102410,2633,44792,Mo Alie-Cox,7,False,True,False,detached,route,True,False,0.0738929802240775,0.0738929802240775,0.0,0.0,EMPTY,7.0,5.508875739644971,1.4911242603550292,0
2021102410,3108,52598,Charlie Woerner,7,False,True,False,inline,route,True,False,-0.6248312026689553,-0.6248312026689553,0.0,1.0,SINGLEBACK,8.0,7.303921568627451,0.6960784313725492,1
2021102410,3137,46331,Ross Dwelley,7,False,True,False,inline,pass_block,False,False,,,1.0,1.0,SHOTGUN,6.0,6.253411306042885,-0.2534113060428851,1
2021102500,1478,52513,Adam Trautman,7,False,True,False,wing,route,True,False,-0.3385340783617325,-0.3385340783617325,0.0,1.0,SHOTGUN,9.0,6.253411306042885,2.746588693957115,0
2021102500,1478,52942,Juwan Johnson,7,False,True,False,inline,route,True,False,-0.1771615616507206,-0.1771615616507206,0.0,1.0,SHOTGUN,9.0,6.253411306042885,2.746588693957115,0
2021102500,1953,52513,Adam Trautman,7,False,True,False,detached,route,True,False,-0.1433902319617178,-0.1433902319617178,0.0,0.0,SHOTGUN,5.0,6.253411306042885,-1.253411306042885,0
2021102500,3735,44075,Garrett Griffin,7,False,True,False,wing,route,True,False,0.0411522843070106,0.0411522843070106,0.0,1.0,SINGLEBACK,8.0,7.303921568627451,0.6960784313725492,1
2021102500,3735,52513,Adam Trautman,7,False,True,False,detached,route,True,False,0.0399787832401314,0.0399787832401314,0.0,0.0,SINGLEBACK,8.0,7.303921568627451,0.6960784313725492,1
2021102500,3787,52513,Adam Trautman,7,False,True,True,inline,route,True,False,0.7795663781822084,0.7795663781822084,0.0,1.0,SINGLEBACK,7.0,7.303921568627451,-0.3039215686274508,0
2021102800,917,45635,Robert Tonyan,8,False,True,False,detached,route,True,False,0.2410649801713287,0.2410649801713287,0.0,0.0,EMPTY,4.0,5.508875739644971,-1.5088757396449708,0
2021102800,1454,30842,Marcedes Lewis,8,False,True,True,inline,route,True,True,-0.0672395876252511,,0.0,1.0,SINGLEBACK,9.0,7.303921568627451,1.6960784313725492,1
2021102800,1454,53172,Dominique Dafney,8,False,True,True,wing,pass_block,False,False,,,1.0,1.0,SINGLEBACK,9.0,7.303921568627451,1.6960784313725492,1
2021102800,1489,30842,Marcedes Lewis,8,False,True,True,inline,chip_release,True,False,0.4371685291183071,0.4371685291183071,1.0,1.0,SINGLEBACK,9.0,7.303921568627451,1.6960784313725492,1
2021102800,1489,45635,Robert Tonyan,8,False,True,True,detached,route,True,False,-0.2097100844017446,-0.2097100844017446,0.0,0.0,SINGLEBACK,9.0,7.303921568627451,1.6960784313725492,1
2021102800,1511,30842,Marcedes Lewis,8,False,True,False,inline,chip_release,True,False,-0.2246827391905618,-0.2246827391905618,1.0,1.0,EMPTY,7.0,5.508875739644971,1.4911242603550292,0
2021102800,1511,45635,Robert Tonyan,8,False,True,False,detached,route,True,False,0.158686000771284,0.158686000771284,0.0,0.0,EMPTY,7.0,5.508875739644971,1.4911242603550292,0
2021102800,2171,45635,Robert Tonyan,8,False,True,False,inline,route,True,False,-0.0791688027808383,-0.0791688027808383,0.0,1.0,SHOTGUN,8.0,6.253411306042885,1.746588693957115,0
2021102800,2897,52502,Josiah Deguara,8,False,True,False,detached,pass_block,False,False,,,1.0,0.0,SHOTGUN,5.0,6.253411306042885,-1.253411306042885,0
2021102800,3202,39983,Zach Ertz,8,False,True,False,detached,route,True,True,0.3319689499451366,,0.0,0.0,EMPTY,5.0,5.508875739644971,-0.5088757396449708,0
2021102800,3670,52502,Josiah Deguara,8,False,True,False,detached,route,True,False,-0.2310542495411214,-0.2310542495411214,0.0,0.0,EMPTY,6.0,5.508875739644971,0.4911242603550292,0
2021102800,3708,52502,Josiah Deguara,8,False,True,True,inline,route,True,False,0.6215748626187407,0.6215748626187407,0.0,1.0,SHOTGUN,8.0,6.253411306042885,1.746588693957115,1
2021102800,4039,39983,Zach Ertz,8,False,True,True,detached,route,True,False,-0.2483805464056732,-0.2483805464056732,0.0,0.0,SHOTGUN,6.0,6.253411306042885,-0.2534113060428851,0
2021103100,467,46170,Ian Thomas,8,False,True,False,detached,route,True,False,0.3541519348232109,0.3541519348232109,0.0,0.0,SHOTGUN,6.0,6.253411306042885,-0.2534113060428851,0
2021103100,1032,53433,Kyle Pitts,8,False,True,False,inline,route,True,False,-0.0871202157262143,-0.0871202157262143,0.0,1.0,SHOTGUN,7.0,6.253411306042885,0.7465886939571149,0
2021103100,2472,45594,Colin Thompson,8,False,True,False,inline,route,True,False,-0.6256349862799204,-0.6256349862799204,0.0,1.0,SINGLEBACK,7.0,7.303921568627451,-0.3039215686274508,1
2021103100,2472,53512,Tommy Tremble,8,False,True,False,inline,route,True,True,-0.2265484315427903,,0.0,1.0,SINGLEBACK,7.0,7.303921568627451,-0.3039215686274508,1
2021103100,2496,53512,Tommy Tremble,8,False,True,False,detached,route,True,False,-0.1154959067857992,-0.1154959067857992,0.0,0.0,SHOTGUN,7.0,6.253411306042885,0.7465886939571149,0
2021103100,3120,46170,Ian Thomas,8,False,True,True,inline,route,True,False,-0.1177531937142561,-0.1177531937142561,0.0,1.0,SINGLEBACK,8.0,7.303921568627451,0.6960784313725492,0
2021103101,383,46111,Mike Gesicki,8,False,True,False,detached,route,True,False,-0.145128750977137,-0.145128750977137,0.0,0.0,SHOTGUN,7.0,6.253411306042885,0.7465886939571149,1
2021103101,383,46192,Durham Smythe,8,False,True,False,inline,pass_block,False,False,,,1.0,1.0,SHOTGUN,7.0,6.253411306042885,0.7465886939571149,1
2021103101,405,44857,Adam Shaheen,8,False,True,False,detached,route,True,False,0.0397393101979111,0.0397393101979111,0.0,0.0,SHOTGUN,5.0,6.253411306042885,-1.253411306042885,0
2021103101,405,46111,Mike Gesicki,8,False,True,False,detached,route,True,False,0.0665816163584328,0.0665816163584328,0.0,0.0,SHOTGUN,5.0,6.253411306042885,-1.253411306042885,0
2021103101,1929,44857,Adam Shaheen,8,False,True,False,detached,route,True,False,0.2936971743588887,0.2936971743588887,0.0,0.0,SHOTGUN,6.0,6.253411306042885,-0.2534113060428851,0
2021103101,1929,46111,Mike Gesicki,8,False,True,False,detached,route,True,True,-0.2008041940606335,,0.0,0.0,SHOTGUN,6.0,6.253411306042885,-0.2534113060428851,0
2021103101,1970,44857,Adam Shaheen,8,False,True,False,detached,route,True,False,0.3917687617025622,0.3917687617025622,0.0,0.0,SHOTGUN,5.0,6.253411306042885,-1.253411306042885,0
2021103101,1970,46111,Mike Gesicki,8,False,True,False,detached,route,True,False,-0.1531707646482351,-0.1531707646482351,0.0,0.0,SHOTGUN,5.0,6.253411306042885,-1.253411306042885,0
2021103101,2780,48011,Tommy Sweeney,8,False,True,False,detached,route,True,True,-0.4246778526829755,,0.0,0.0,SHOTGUN,8.0,6.253411306042885,1.746588693957115,0
2021103101,2813,48011,Tommy Sweeney,8,False,True,True,inline,chip_release,True,False,-0.0269607778218317,-0.0269607778218317,1.0,1.0,SHOTGUN,7.0,6.253411306042885,0.7465886939571149,1
2021103101,3290,48011,Tommy Sweeney,8,False,True,False,inline,chip_release,True,False,0.6692716901311135,0.6692716901311135,1.0,1.0,SHOTGUN,8.0,6.253411306042885,1.746588693957115,1
2021103102,1038,42503,Jesse James,8,False,True,False,inline,route,True,False,0.104072575913646,0.104072575913646,0.0,1.0,SINGLEBACK,8.0,7.303921568627451,0.6960784313725492,0
2021103102,1038,52451,Cole Kmet,8,False,True,False,inline,route,True,True,-0.3110282211228179,,0.0,1.0,SINGLEBACK,8.0,7.303921568627451,0.6960784313725492,0
2021103102,1083,42503,Jesse James,8,False,True,False,inline,route,True,True,0.0655577621556493,,0.0,1.0,SINGLEBACK,8.0,7.303921568627451,0.6960784313725492,1
2021103102,1083,44009,J.P. Holtz,8,False,True,False,inline,route,True,False,0.5084497605217015,0.5084497605217015,0.0,1.0,SINGLEBACK,8.0,7.303921568627451,0.6960784313725492,1
2021103102,1083,52451,Cole Kmet,8,False,True,False,wing,chip_release,True,False,0.1095285978122146,0.1095285978122146,1.0,1.0,SINGLEBACK,8.0,7.303921568627451,0.6960784313725492,1
2021103102,1716,52451,Cole Kmet,8,False,True,False,detached,chip_release,True,True,-0.0847219738056099,,1.0,0.0,SHOTGUN,5.0,6.253411306042885,-1.253411306042885,0
2021103102,1997,46331,Ross Dwelley,8,False,True,True,detached,route,True,False,-0.1907631410458203,-0.1907631410458203,0.0,0.0,EMPTY,6.0,5.508875739644971,0.4911242603550292,0
2021103102,2255,52451,Cole Kmet,8,False,True,False,detached,route,True,False,0.0134720026590557,0.0134720026590557,0.0,0.0,SHOTGUN,5.0,6.253411306042885,-1.253411306042885,0
2021103102,2312,52451,Cole Kmet,8,False,True,True,detached,route,True,False,0.0772527027984745,0.0772527027984745,0.0,0.0,SHOTGUN,6.0,6.253411306042885,-0.2534113060428851,0
2021103102,2343,42503,Jesse James,8,False,True,True,detached,route,True,False,0.2050968669364923,0.2050968669364923,0.0,0.0,EMPTY,6.0,5.508875739644971,0.4911242603550292,0
2021103102,2343,44009,J.P. Holtz,8,False,True,True,detached,route,True,False,-0.0837197221331901,-0.0837197221331901,0.0,0.0,EMPTY,6.0,5.508875739644971,0.4911242603550292,0
2021103102,2343,52451,Cole Kmet,8,False,True,True,detached,route,True,True,-0.2484757593444047,,0.0,0.0,EMPTY,6.0,5.508875739644971,0.4911242603550292,0
2021103102,3110,46331,Ross Dwelley,8,False,True,False,detached,route,True,False,0.1451140593952717,0.1451140593952717,0.0,0.0,EMPTY,5.0,5.508875739644971,-0.5088757396449708,0
2021103103,262,43370,Austin Hooper,8,False,True,True,inline,route,True,True,-0.0605887739343636,,0.0,1.0,SINGLEBACK,8.0,7.303921568627451,0.6960784313725492,1
2021103103,262,44841,David Njoku,8,False,True,True,inline,pass_block,False,False,,,1.0,1.0,SINGLEBACK,8.0,7.303921568627451,0.6960784313725492,1
2021103103,262,52523,Harrison Bryant,8,False,True,True,wing,route,True,False,-0.1514748686905045,-0.1514748686905045,0.0,1.0,SINGLEBACK,8.0,7.303921568627451,0.6960784313725492,1
2021103103,305,43370,Austin Hooper,8,False,True,True,detached,route,True,False,-0.0171658668283788,-0.0171658668283788,0.0,0.0,SHOTGUN,5.0,6.253411306042885,-1.253411306042885,0
2021103103,305,44841,David Njoku,8,False,True,True,inline,route,True,False,0.1305988880391775,0.1305988880391775,0.0,1.0,SHOTGUN,5.0,6.253411306042885,-1.253411306042885,0
2021103103,1010,47924,Zach Gentry,8,False,True,False,detached,route,True,True,0.4470253580908331,,0.0,0.0,SHOTGUN,7.0,6.253411306042885,0.7465886939571149,0
2021103103,1010,53484,Pat Freiermuth,8,False,True,False,detached,route,True,False,-0.047524096792918,-0.047524096792918,0.0,0.0,SHOTGUN,7.0,6.253411306042885,0.7465886939571149,0
2021103103,1080,47924,Zach Gentry,8,False,True,False,detached,route,True,False,-0.0617874089145258,-0.0617874089145258,0.0,0.0,EMPTY,5.0,5.508875739644971,-0.5088757396449708,0
2021103103,1774,47924,Zach Gentry,8,False,True,False,detached,route,True,False,0.3927667579181164,0.3927667579181164,0.0,0.0,SHOTGUN,5.0,6.253411306042885,-1.253411306042885,0
2021103103,1802,53484,Pat Freiermuth,8,False,True,False,detached,route,True,False,-0.3191177534375281,-0.3191177534375281,0.0,0.0,EMPTY,5.0,5.508875739644971,-0.5088757396449708,0
2021103103,2403,43370,Austin Hooper,8,False,True,False,inline,route,True,True,-0.4586237566682334,,0.0,1.0,EMPTY,5.0,5.508875739644971,-0.5088757396449708,0
2021103103,2868,53484,Pat Freiermuth,8,False,True,False,detached,route,True,False,0.2895553369455241,0.2895553369455241,0.0,0.0,EMPTY,4.0,5.508875739644971,-1.5088757396449708,0
2021103103,3339,47924,Zach Gentry,8,False,True,True,inline,route,True,False,-0.0224916932880359,-0.0224916932880359,0.0,1.0,JUMBO,11.0,10.214285714285714,0.7857142857142865,0
2021103103,3339,53484,Pat Freiermuth,8,False,True,True,inline,route,True,True,-0.4299347968965981,,0.0,1.0,JUMBO,11.0,10.214285714285714,0.7857142857142865,0
2021103103,3361,47924,Zach Gentry,8,False,True,True,inline,pass_block,False,False,,,1.0,1.0,SHOTGUN,9.0,6.253411306042885,2.746588693957115,1
2021103103,3361,53484,Pat Freiermuth,8,False,True,True,wing,pass_block,False,False,,,1.0,1.0,SHOTGUN,9.0,6.253411306042885,2.746588693957115,1
2021103103,3400,47924,Zach Gentry,8,False,True,True,inline,pass_block,False,False,,,1.0,1.0,SHOTGUN,8.0,6.253411306042885,1.746588693957115,0
2021103103,3400,53484,Pat Freiermuth,8,False,True,True,detached,route,True,True,0.2919412758877244,,0.0,0.0,SHOTGUN,8.0,6.253411306042885,1.746588693957115,0
2021103104,1417,46118,Dallas Goedert,8,False,True,False,inline,route,True,False,0.1419663385551548,0.1419663385551548,0.0,1.0,SHOTGUN,7.0,6.253411306042885,0.7465886939571149,0
2021103104,1417,53946,Jack Stoll,8,False,True,False,wing,route,True,False,-0.0897896788012118,-0.0897896788012118,0.0,1.0,SHOTGUN,7.0,6.253411306042885,0.7465886939571149,0
2021103104,3299,53959,Brock Wright,8,False,True,False,detached,route,True,False,-0.107165800280959,-0.107165800280959,0.0,0.0,SHOTGUN,6.0,6.253411306042885,-0.2534113060428851,0
2021103104,3321,47791,T.J. Hockenson,8,False,True,False,detached,route,True,True,-0.0859800982495077,,0.0,0.0,SHOTGUN,6.0,6.253411306042885,-0.2534113060428851,0
2021103104,3350,47791,T.J. Hockenson,8,False,True,False,detached,route,True,False,-0.1056154745723508,-0.1056154745723508,0.0,0.0,SHOTGUN,7.0,6.253411306042885,0.7465886939571149,0
2021103104,3376,47791,T.J. Hockenson,8,False,True,False,detached,route,True,False,-0.3885135998077835,-0.3885135998077835,0.0,0.0,EMPTY,6.0,5.508875739644971,0.4911242603550292,0
2021103104,3420,47791,T.J. Hockenson,8,False,True,False,detached,route,True,True,-0.4676541716792393,,0.0,0.0,SHOTGUN,7.0,6.253411306042885,0.7465886939571149,0
2021103105,236,43399,Tyler Higbee,8,False,True,False,inline,route,True,False,0.114012202769016,0.114012202769016,0.0,1.0,EMPTY,5.0,5.508875739644971,-0.5088757396449708,0
2021103105,292,43399,Tyler Higbee,8,False,True,True,inline,chip_release,True,False,0.3347743326506434,0.3347743326506434,1.0,1.0,SINGLEBACK,7.0,7.303921568627451,-0.3039215686274508,1
2021103105,740,43399,Tyler Higbee,8,False,True,False,inline,route,True,False,-0.05021234291963,-0.05021234291963,0.0,1.0,EMPTY,5.0,5.508875739644971,-0.5088757396449708,0
2021103105,762,43399,Tyler Higbee,8,False,True,False,detached,route,True,False,-0.1080547825857422,-0.1080547825857422,0.0,0.0,SHOTGUN,6.0,6.253411306042885,-0.2534113060428851,0
2021103105,786,43399,Tyler Higbee,8,False,True,False,detached,route,True,False,0.3510325424799769,0.3510325424799769,0.0,0.0,EMPTY,6.0,5.508875739644971,0.4911242603550292,0
2021103105,1122,43399,Tyler Higbee,8,False,True,False,detached,route,True,False,0.3091857354567365,0.3091857354567365,0.0,0.0,EMPTY,5.0,5.508875739644971,-0.5088757396449708,0
2021103105,1156,43399,Tyler Higbee,8,False,True,False,detached,route,True,False,-0.1289463902807214,-0.1289463902807214,0.0,0.0,SHOTGUN,6.0,6.253411306042885,-0.2534113060428851,0
2021103105,1366,43399,Tyler Higbee,8,False,True,False,inline,pass_block,False,False,,,1.0,1.0,SINGLEBACK,7.0,7.303921568627451,-0.3039215686274508,1
2021103105,1399,43399,Tyler Higbee,8,False,True,False,inline,route,True,False,0.3745397757039244,0.3745397757039244,0.0,1.0,EMPTY,6.0,5.508875739644971,0.4911242603550292,0
2021103105,1760,43399,Tyler Higbee,8,False,True,False,inline,route,True,False,-0.2434309488955869,-0.2434309488955869,0.0,1.0,SINGLEBACK,7.0,7.303921568627451,-0.3039215686274508,1
2021103105,2483,48766,Kendall Blanton,8,False,True,False,inline,route,True,False,-0.1224870134179295,-0.1224870134179295,0.0,1.0,EMPTY,5.0,5.508875739644971,-0.5088757396449708,0
2021103105,3259,46167,Jordan Akins,8,False,True,False,detached,route,True,False,-0.1578431995018463,-0.1578431995018463,0.0,0.0,SHOTGUN,6.0,6.253411306042885,-0.2534113060428851,1
2021103105,3288,46167,Jordan Akins,8,False,True,False,inline,route,True,False,-0.3397076509419831,-0.3397076509419831,0.0,1.0,SHOTGUN,7.0,6.253411306042885,0.7465886939571149,0
2021103105,3686,46167,Jordan Akins,8,False,True,True,inline,route,True,False,0.4018881878318803,0.4018881878318803,0.0,1.0,SHOTGUN,6.0,6.253411306042885,-0.2534113060428851,0
2021103105,3708,53576,Brevin Jordan,8,False,True,True,inline,route,True,True,0.0765089558579075,,0.0,1.0,SHOTGUN,6.0,6.253411306042885,-0.2534113060428851,0
2021103106,225,40641,Jack Doyle,8,False,True,False,wing,route,True,False,0.0267348726673968,0.0267348726673968,0.0,1.0,SINGLEBACK,8.0,7.303921568627451,0.6960784313725492,1
2021103106,225,44792,Mo Alie-Cox,8,False,True,False,inline,route,True,False,-0.2274683712035772,-0.2274683712035772,0.0,1.0,SINGLEBACK,8.0,7.303921568627451,0.6960784313725492,1
2021103106,335,44792,Mo Alie-Cox,8,False,True,True,inline,route,True,False,-0.0581496708907517,-0.0581496708907517,0.0,1.0,SHOTGUN,7.0,6.253411306042885,0.7465886939571149,0
2021103106,357,40641,Jack Doyle,8,False,True,True,inline,pass_block,False,False,,,1.0,1.0,SHOTGUN,7.0,6.253411306042885,0.7465886939571149,0
2021103106,460,40641,Jack Doyle,8,False,True,True,wing,route,True,False,0.0164280357199873,0.0164280357199873,0.0,1.0,SHOTGUN,8.0,6.253411306042885,1.746588693957115,0
2021103106,460,44792,Mo Alie-Cox,8,False,True,True,inline,route,True,False,0.0739530557125105,0.0739530557125105,0.0,1.0,SHOTGUN,8.0,6.253411306042885,1.746588693957115,0
2021103106,1066,42486,MyCole Pruitt,8,False,True,False,wing,route,True,False,-0.0012880670530175,-0.0012880670530175,0.0,1.0,SHOTGUN,7.0,6.253411306042885,0.7465886939571149,1
2021103106,1066,42589,Geoff Swaim,8,False,True,False,inline,route,True,True,-0.0872916298647956,,0.0,1.0,SHOTGUN,7.0,6.253411306042885,0.7465886939571149,1
2021103106,1066,45355,Anthony Firkser,8,False,True,False,detached,route,True,False,-0.1711480147322034,-0.1711480147322034,0.0,0.0,SHOTGUN,7.0,6.253411306042885,0.7465886939571149,1
2021103106,2369,42486,MyCole Pruitt,8,False,True,False,inline,route,True,False,-0.1986388781532471,-0.1986388781532471,0.0,1.0,SINGLEBACK,7.0,7.303921568627451,-0.3039215686274508,0
2021103106,2369,42589,Geoff Swaim,8,False,True,False,wing,route,True,False,-0.2123091401104603,-0.2123091401104603,0.0,1.0,SINGLEBACK,7.0,7.303921568627451,-0.3039215686274508,0
2021103106,2369,45355,Anthony Firkser,8,False,True,False,inline,route,True,False,0.1447354169021106,0.1447354169021106,0.0,1.0,SINGLEBACK,7.0,7.303921568627451,-0.3039215686274508,0
2021103106,2393,45355,Anthony Firkser,8,False,True,False,detached,route,True,False,0.3361327151006394,0.3361327151006394,0.0,0.0,PISTOL,6.0,6.421052631578948,-0.4210526315789478,0
2021103107,720,42500,C.J. Uzomah,8,False,True,False,inline,route,True,False,0.918707960932144,0.918707960932144,0.0,1.0,SHOTGUN,8.0,6.253411306042885,1.746588693957115,0
2021103107,742,42500,C.J. Uzomah,8,False,True,True,inline,route,True,False,-0.3840971744752182,-0.3840971744752182,0.0,1.0,SHOTGUN,7.0,6.253411306042885,0.7465886939571149,0
2021103107,842,42500,C.J. Uzomah,8,False,True,False,inline,route,True,False,-0.1066696242863796,-0.1066696242863796,0.0,1.0,SHOTGUN,7.0,6.253411306042885,0.7465886939571149,0
2021103107,866,42500,C.J. Uzomah,8,False,True,True,inline,pass_block,False,False,,,1.0,1.0,SINGLEBACK,7.0,7.303921568627451,-0.3039215686274508,1
2021103107,899,42500,C.J. Uzomah,8,False,True,False,detached,route,True,False,0.1975612575666927,0.1975612575666927,0.0,0.0,EMPTY,8.0,5.508875739644971,2.491124260355029,0
2021103107,899,47835,Drew Sample,8,False,True,False,inline,pass_block,False,False,,,1.0,1.0,EMPTY,8.0,5.508875739644971,2.491124260355029,0
2021103107,899,52673,Mitchell Wilcox,8,False,True,False,detached,route,True,False,-0.2958849494515873,-0.2958849494515873,0.0,0.0,EMPTY,8.0,5.508875739644971,2.491124260355029,0
2021103107,1579,42500,C.J. Uzomah,8,False,True,True,inline,route,True,False,-0.0034543158622093,-0.0034543158622093,0.0,1.0,SHOTGUN,8.0,6.253411306042885,1.746588693957115,0
2021103107,1601,42500,C.J. Uzomah,8,False,True,False,wing,route,True,False,1.1449517215778795,1.1449517215778795,0.0,1.0,SINGLEBACK,9.0,7.303921568627451,1.6960784313725492,1
2021103107,1601,47835,Drew Sample,8,False,True,False,inline,pass_block,False,False,,,1.0,1.0,SINGLEBACK,9.0,7.303921568627451,1.6960784313725492,1
2021103107,1601,52673,Mitchell Wilcox,8,False,True,False,inline,pass_block,False,False,,,1.0,1.0,SINGLEBACK,9.0,7.303921568627451,1.6960784313725492,1
2021103107,1758,42500,C.J. Uzomah,8,False,True,True,inline,pass_block,False,False,,,1.0,1.0,SHOTGUN,6.0,6.253411306042885,-0.2534113060428851,0
2021103107,1820,42500,C.J. Uzomah,8,False,True,False,inline,route,True,False,-0.048970058844419,-0.048970058844419,0.0,1.0,SHOTGUN,7.0,6.253411306042885,0.7465886939571149,0
2021103107,1842,42500,C.J. Uzomah,8,False,True,True,detached,route,True,False,-0.3323939618231649,-0.3323939618231649,0.0,0.0,SHOTGUN,7.0,6.253411306042885,0.7465886939571149,0
2021103107,2044,42428,Tyler Kroft,8,False,True,False,detached,route,True,False,-0.1856004524793623,-0.1856004524793623,0.0,0.0,EMPTY,5.0,5.508875739644971,-0.5088757396449708,0
2021103107,2069,42428,Tyler Kroft,8,False,True,False,detached,route,True,False,0.1678614223026402,0.1678614223026402,0.0,0.0,SHOTGUN,6.0,6.253411306042885,-0.2534113060428851,0
2021103107,2762,40149,Ryan Griffin,8,False,True,False,inline,chip_release,True,False,-0.0032004378904706,-0.0032004378904706,1.0,1.0,I_FORM,7.0,7.633333333333334,-0.6333333333333337,1
2021103107,2889,42500,C.J. Uzomah,8,False,True,True,inline,route,True,False,-0.2979307748615617,-0.2979307748615617,0.0,1.0,SHOTGUN,6.0,6.253411306042885,-0.2534113060428851,0
2021103107,3145,40149,Ryan Griffin,8,False,True,False,inline,route,True,False,0.0248937116405487,0.0248937116405487,0.0,1.0,SHOTGUN,7.0,6.253411306042885,0.7465886939571149,0
2021103107,3423,42500,C.J. Uzomah,8,False,True,False,inline,route,True,False,0.4526911614572615,0.4526911614572615,0.0,1.0,SHOTGUN,7.0,6.253411306042885,0.7465886939571149,0
2021103107,3445,47835,Drew Sample,8,False,True,False,inline,route,True,False,-0.3982519537297295,-0.3982519537297295,0.0,1.0,SHOTGUN,6.0,6.253411306042885,-0.2534113060428851,0
2021103107,3735,42428,Tyler Kroft,8,False,True,False,inline,route,True,False,-0.1682629088807802,-0.1682629088807802,0.0,1.0,SHOTGUN,6.0,6.253411306042885,-0.2534113060428851,0
2021103107,3793,42428,Tyler Kroft,8,False,True,False,detached,route,True,False,0.1618696146296949,0.1618696146296949,0.0,0.0,SHOTGUN,6.0,6.253411306042885,-0.2534113060428851,0
2021103107,3869,42428,Tyler Kroft,8,False,True,False,inline,route,True,True,0.2022800738899139,,0.0,1.0,EMPTY,6.0,5.508875739644971,0.4911242603550292,0
2021103108,128,34540,Jared Cook,8,False,True,False,detached,chip_release,True,False,0.243528972542939,0.243528972542939,1.0,0.0,SHOTGUN,6.0,6.253411306042885,-0.2534113060428851,0
2021103108,171,34540,Jared Cook,8,False,True,False,detached,route,True,False,0.0376822110778755,0.0376822110778755,0.0,0.0,EMPTY,5.0,5.508875739644971,-0.5088757396449708,0
2021103108,393,43324,Hunter Henry,8,False,True,False,detached,route,True,False,0.6134831149601916,0.6134831149601916,0.0,0.0,SHOTGUN,6.0,6.253411306042885,-0.2534113060428851,0
2021103108,393,44912,Jonnu Smith,8,False,True,False,inline,chip_release,True,False,0.1794865539026416,0.1794865539026416,1.0,1.0,SHOTGUN,6.0,6.253411306042885,-0.2534113060428851,0
2021103108,415,43324,Hunter Henry,8,False,True,False,detached,route,True,False,1.0454742228462457,1.0454742228462457,0.0,0.0,SHOTGUN,6.0,6.253411306042885,-0.2534113060428851,0
2021103108,485,44912,Jonnu Smith,8,False,True,True,inline,route,True,False,-0.2479240009804282,-0.2479240009804282,0.0,1.0,I_FORM,9.0,7.633333333333334,1.3666666666666663,1
2021103108,979,34540,Jared Cook,8,False,True,False,detached,route,True,False,-0.0022106634550922,-0.0022106634550922,0.0,0.0,SHOTGUN,7.0,6.253411306042885,0.7465886939571149,0
2021103108,1180,43324,Hunter Henry,8,False,True,True,detached,route,True,False,-0.0030880964437232,-0.0030880964437232,0.0,0.0,EMPTY,5.0,5.508875739644971,-0.5088757396449708,0
2021103108,1223,43324,Hunter Henry,8,False,True,False,wing,route,True,True,0.4948064120214335,,0.0,1.0,JUMBO,11.0,10.214285714285714,0.7857142857142865,1
2021103108,1223,44912,Jonnu Smith,8,False,True,False,inline,route,True,False,0.1358064912510688,0.1358064912510688,0.0,1.0,JUMBO,11.0,10.214285714285714,0.7857142857142865,1
2021103108,1273,43324,Hunter Henry,8,False,True,False,detached,pass_block,False,False,,,1.0,0.0,SHOTGUN,8.0,6.253411306042885,1.746588693957115,0
2021103108,1533,43324,Hunter Henry,8,False,True,False,inline,route,True,False,0.6392226211108203,0.6392226211108203,0.0,1.0,I_FORM,8.0,7.633333333333334,0.36666666666666625,1
2021103108,1555,43324,Hunter Henry,8,False,True,False,detached,route,True,True,-0.0654984030006247,,0.0,0.0,SHOTGUN,7.0,6.253411306042885,0.7465886939571149,0
2021103108,3279,43324,Hunter Henry,8,False,True,False,detached,pass_block,False,False,,,1.0,0.0,EMPTY,8.0,5.508875739644971,2.491124260355029,1
2021103108,3896,44912,Jonnu Smith,8,False,True,False,wing,route,True,False,-0.520685728544358,-0.520685728544358,0.0,1.0,SINGLEBACK,8.0,7.303921568627451,0.6960784313725492,0
2021103109,1144,44856,Gerald Everett,8,False,True,False,inline,pass_block,False,False,,,1.0,1.0,SHOTGUN,7.0,6.253411306042885,0.7465886939571149,1
2021103109,1609,44856,Gerald Everett,8,False,True,False,detached,route,True,False,-0.0672941383008391,-0.0672941383008391,0.0,0.0,SHOTGUN,6.0,6.253411306042885,-0.2534113060428851,0
2021103109,1609,46189,Will Dissly,8,False,True,False,inline,pass_block,False,False,,,1.0,1.0,SHOTGUN,6.0,6.253411306042885,-0.2534113060428851,0
2021103109,1693,44856,Gerald Everett,8,False,True,False,detached,route,True,False,-0.1802707468980716,-0.1802707468980716,0.0,0.0,SHOTGUN,5.0,6.253411306042885,-1.253411306042885,0
2021103109,1747,44856,Gerald Everett,8,False,True,True,wing,route,True,False,0.4916963020692808,0.4916963020692808,0.0,1.0,SINGLEBACK,8.0,7.303921568627451,0.6960784313725492,1
2021103109,1747,46189,Will Dissly,8,False,True,True,inline,pass_block,False,False,,,1.0,1.0,SINGLEBACK,8.0,7.303921568627451,0.6960784313725492,1
2021103109,1747,52541,Colby Parkinson,8,False,True,True,inline,pass_block,False,False,,,1.0,1.0,SINGLEBACK,8.0,7.303921568627451,0.6960784313725492,1
2021103109,1766,44856,Gerald Everett,8,False,True,True,inline,route,True,False,0.0546668310671264,0.0546668310671264,0.0,1.0,SHOTGUN,5.0,6.253411306042885,-1.253411306042885,0
2021103109,1808,44856,Gerald Everett,8,False,True,True,detached,route,True,False,-0.0065183038173924,-0.0065183038173924,0.0,0.0,EMPTY,6.0,5.508875739644971,0.4911242603550292,0
2021103109,2266,44856,Gerald Everett,8,False,True,True,detached,route,True,True,-0.0514982305487257,,0.0,0.0,SHOTGUN,9.0,6.253411306042885,2.746588693957115,0
2021103109,2266,46189,Will Dissly,8,False,True,True,inline,route,True,False,-0.4515049472513033,-0.4515049472513033,0.0,1.0,SHOTGUN,9.0,6.253411306042885,2.746588693957115,0
2021103109,2266,52541,Colby Parkinson,8,False,True,True,wing,route,True,False,-0.2285082498732751,-0.2285082498732751,0.0,1.0,SHOTGUN,9.0,6.253411306042885,2.746588693957115,0
2021103109,2288,46189,Will Dissly,8,False,True,False,inline,route,True,False,-0.1281309755265594,-0.1281309755265594,0.0,1.0,SHOTGUN,8.0,6.253411306042885,1.746588693957115,0
2021103109,3692,45785,Dan Arnold,8,False,True,False,detached,route,True,False,-0.2045633165905359,-0.2045633165905359,0.0,0.0,SHOTGUN,6.0,6.253411306042885,-0.2534113060428851,0
2021103109,3716,45785,Dan Arnold,8,False,True,False,detached,route,True,False,-0.2506015245365672,-0.2506015245365672,0.0,0.0,SHOTGUN,5.0,6.253411306042885,-1.253411306042885,0
2021103109,3762,53574,Luke Farrell,8,False,True,False,detached,route,True,False,-0.7637367889680486,-0.7637367889680486,0.0,0.0,SHOTGUN,6.0,6.253411306042885,-0.2534113060428851,0
2021103109,3828,45785,Dan Arnold,8,False,True,False,detached,route,True,False,-0.4144568557503474,-0.4144568557503474,0.0,0.0,EMPTY,4.0,5.508875739644971,-1.5088757396449708,0
2021103109,4140,45785,Dan Arnold,8,False,True,False,detached,route,True,False,-0.1862682913737459,-0.1862682913737459,0.0,0.0,SHOTGUN,6.0,6.253411306042885,-0.2534113060428851,0
2021103110,228,45481,Ricky Seals-Jones,8,False,True,False,inline,route,True,True,0.8218159935030447,,0.0,1.0,SHOTGUN,7.0,6.253411306042885,0.7465886939571149,0
2021103110,228,53553,John Bates,8,False,True,False,wing,pass_block,False,False,,,1.0,1.0,SHOTGUN,7.0,6.253411306042885,0.7465886939571149,0
2021103110,1524,47803,Noah Fant,8,False,True,False,inline,route,True,False,-0.2163999009659745,-0.2163999009659745,0.0,1.0,SHOTGUN,6.0,6.253411306042885,-0.2534113060428851,0
2021103110,3083,52526,Albert Okwuegbunam,8,False,True,False,detached,route,True,False,0.2665343017790751,0.2665343017790751,0.0,0.0,EMPTY,6.0,5.508875739644971,0.4911242603550292,0
2021103110,3332,45481,Ricky Seals-Jones,8,False,True,False,detached,route,True,False,-0.1173431280159933,-0.1173431280159933,0.0,0.0,SHOTGUN,6.0,6.253411306042885,-0.2534113060428851,0
2021103110,3397,45481,Ricky Seals-Jones,8,False,True,False,detached,route,True,False,-0.1454653336068212,-0.1454653336068212,0.0,0.0,EMPTY,5.0,5.508875739644971,-0.5088757396449708,0
2021103111,437,35481,Rob Gronkowski,8,False,True,False,inline,route,True,False,0.3503248308265507,0.3503248308265507,0.0,1.0,SHOTGUN,7.0,6.253411306042885,0.7465886939571149,0
2021103111,437,44831,O.J. Howard,8,False,True,False,wing,route,True,True,0.0595272070938195,,0.0,1.0,SHOTGUN,7.0,6.253411306042885,0.7465886939571149,0
2021103111,500,35481,Rob Gronkowski,8,False,True,False,detached,route,True,True,0.0884215736115312,,0.0,0.0,SHOTGUN,6.0,6.253411306042885,-0.2534113060428851,0
2021103111,522,42033,Cameron Brate,8,False,True,False,detached,route,True,False,0.6280870655023967,0.6280870655023967,0.0,0.0,SHOTGUN,5.0,6.253411306042885,-1.253411306042885,0
2021103111,789,52513,Adam Trautman,8,False,True,False,inline,chip_release,True,True,0.1932246130006487,,1.0,1.0,SHOTGUN,6.0,6.253411306042885,-0.2534113060428851,0
2021103111,834,52513,Adam Trautman,8,False,True,False,detached,route,True,False,-0.0218754420553477,-0.0218754420553477,0.0,0.0,SHOTGUN,7.0,6.253411306042885,0.7465886939571149,0
2021103111,1774,52513,Adam Trautman,8,False,True,False,inline,route,True,False,0.5177147615124327,0.5177147615124327,0.0,1.0,I_FORM,7.0,7.633333333333334,-0.6333333333333337,1
2021103111,1833,44075,Garrett Griffin,8,False,True,False,backfield,route,True,False,0.2145942540395768,0.2145942540395768,0.0,0.0,SINGLEBACK,8.0,7.303921568627451,0.6960784313725492,1
2021103111,1833,52513,Adam Trautman,8,False,True,False,inline,route,True,False,-0.616247334501586,-0.616247334501586,0.0,1.0,SINGLEBACK,8.0,7.303921568627451,0.6960784313725492,1
2021103111,2098,44075,Garrett Griffin,8,False,True,False,detached,route,True,False,-0.4251369802737498,-0.4251369802737498,0.0,0.0,I_FORM,9.0,7.633333333333334,1.3666666666666663,0
2021103111,2098,52513,Adam Trautman,8,False,True,False,inline,route,True,False,-0.0652964230476613,-0.0652964230476613,0.0,1.0,I_FORM,9.0,7.633333333333334,1.3666666666666663,0
2021103111,2367,44075,Garrett Griffin,8,False,True,True,inline,chip_release,True,False,0.5249759709563164,0.5249759709563164,1.0,1.0,SINGLEBACK,8.0,7.303921568627451,0.6960784313725492,1
2021103111,2367,52513,Adam Trautman,8,False,True,True,wing,route,True,True,0.0011995244726443,,0.0,1.0,SINGLEBACK,8.0,7.303921568627451,0.6960784313725492,1
2021103111,2664,44831,O.J. Howard,8,False,True,False,detached,route,True,False,0.3088848322822625,0.3088848322822625,0.0,0.0,SHOTGUN,6.0,6.253411306042885,-0.2534113060428851,0
2021103111,2717,42033,Cameron Brate,8,False,True,False,inline,chip_release,True,True,0.2961826456399501,,1.0,1.0,SHOTGUN,6.0,6.253411306042885,-0.2534113060428851,0
2021103111,2807,42033,Cameron Brate,8,False,True,False,detached,route,True,False,-0.1704696971832375,-0.1704696971832375,0.0,0.0,EMPTY,7.0,5.508875739644971,1.4911242603550292,0
2021103111,2807,44831,O.J. Howard,8,False,True,False,inline,route,True,False,-0.0421955344685558,-0.0421955344685558,0.0,1.0,EMPTY,7.0,5.508875739644971,1.4911242603550292,0
2021103111,3713,52513,Adam Trautman,8,False,True,False,inline,route,True,False,0.1859666250034087,0.1859666250034087,0.0,1.0,SHOTGUN,6.0,6.253411306042885,-0.2534113060428851,0
2021103111,4228,52513,Adam Trautman,8,False,True,False,detached,route,True,False,0.0202818117624965,0.0202818117624965,0.0,0.0,SHOTGUN,7.0,6.253411306042885,0.7465886939571149,0
2021103111,4251,52513,Adam Trautman,8,False,True,True,inline,pass_block,False,False,,,1.0,1.0,SHOTGUN,7.0,6.253411306042885,0.7465886939571149,0
2021103111,4273,52942,Juwan Johnson,8,False,True,True,detached,route,True,False,-0.0204513035221214,-0.0204513035221214,0.0,0.0,SHOTGUN,5.0,6.253411306042885,-1.253411306042885,0
2021103112,238,46226,Tyler Conklin,8,False,True,False,detached,route,True,False,0.8355116770265457,0.8355116770265457,0.0,0.0,SHOTGUN,6.0,6.253411306042885,-0.2534113060428851,0
2021103112,562,46206,Dalton Schultz,8,False,True,False,detached,route,True,False,-0.0665252810447573,-0.0665252810447573,0.0,0.0,SHOTGUN,7.0,6.253411306042885,0.7465886939571149,0
2021103112,3785,46176,Christopher Herndon,8,False,True,False,wing,route,True,False,0.101557891268692,0.101557891268692,0.0,1.0,SINGLEBACK,7.0,7.303921568627451,-0.3039215686274508,1
2021103112,3785,46226,Tyler Conklin,8,False,True,False,inline,pass_block,False,False,,,1.0,1.0,SINGLEBACK,7.0,7.303921568627451,-0.3039215686274508,1
2021103112,3814,46226,Tyler Conklin,8,False,True,True,inline,route,True,False,0.0952374988143051,0.0952374988143051,0.0,1.0,SHOTGUN,6.0,6.253411306042885,-0.2534113060428851,0
2021103112,4048,45532,Blake Jarwin,8,False,True,False,detached,route,True,False,-0.1235030201595774,-0.1235030201595774,0.0,0.0,SHOTGUN,6.0,6.253411306042885,-0.2534113060428851,0
2021103112,4076,45532,Blake Jarwin,8,False,True,False,detached,route,True,False,-0.1342870457915426,-0.1342870457915426,0.0,0.0,EMPTY,5.0,5.508875739644971,-0.5088757396449708,0
2021103112,4076,46206,Dalton Schultz,8,False,True,False,detached,route,True,False,0.0744753577634478,0.0744753577634478,0.0,0.0,EMPTY,5.0,5.508875739644971,-0.5088757396449708,0
2021110100,265,40011,Travis Kelce,8,False,True,False,detached,route,True,False,0.0078696013050559,0.0078696013050559,0.0,0.0,SHOTGUN,5.0,6.253411306042885,-1.253411306042885,0
2021110100,393,40011,Travis Kelce,8,False,True,True,detached,route,True,False,-0.2501307137699434,-0.2501307137699434,0.0,0.0,SHOTGUN,6.0,6.253411306042885,-0.2534113060428851,0
2021110100,531,40011,Travis Kelce,8,False,True,True,inline,route,True,False,-0.2233366100499367,-0.2233366100499367,0.0,1.0,SHOTGUN,7.0,6.253411306042885,0.7465886939571149,0
2021110100,1037,37118,Kyle Rudolph,8,False,True,True,inline,pass_block,False,False,,,1.0,1.0,SHOTGUN,7.0,6.253411306042885,0.7465886939571149,0
2021110100,1037,44835,Evan Engram,8,False,True,True,detached,route,True,False,0.7215774115799178,0.7215774115799178,0.0,0.0,SHOTGUN,7.0,6.253411306042885,0.7465886939571149,0
2021110100,1083,37118,Kyle Rudolph,8,False,True,True,inline,chip_release,True,True,-0.6029459318281962,,1.0,1.0,JUMBO,11.0,10.214285714285714,0.7857142857142865,1
2021110100,1083,47959,Kaden Smith,8,False,True,True,wing,route,True,False,-0.3490992170290554,-0.3490992170290554,0.0,1.0,JUMBO,11.0,10.214285714285714,0.7857142857142865,1
2021110100,1833,44835,Evan Engram,8,False,True,False,detached,pass_block,False,False,,,1.0,0.0,SHOTGUN,7.0,6.253411306042885,0.7465886939571149,0
2021110100,3195,44835,Evan Engram,8,False,True,False,detached,route,True,False,-0.2004337352128987,-0.2004337352128987,0.0,0.0,EMPTY,5.0,5.508875739644971,-0.5088757396449708,0
2021110100,3260,44835,Evan Engram,8,False,True,False,detached,route,True,True,0.0498094502596949,,0.0,0.0,SHOTGUN,6.0,6.253411306042885,-0.2534113060428851,0
2021110100,3617,40011,Travis Kelce,8,False,True,False,detached,route,True,False,-0.311119336348078,-0.311119336348078,0.0,0.0,SHOTGUN,6.0,6.253411306042885,-0.2534113060428851,0
2021110100,3674,40011,Travis Kelce,8,False,True,False,detached,route,True,False,-0.0764754798998733,-0.0764754798998733,0.0,0.0,SHOTGUN,4.0,6.253411306042885,-2.253411306042885,0
2021110100,4310,40011,Travis Kelce,8,False,True,True,detached,route,True,False,0.1996002497038822,0.1996002497038822,0.0,0.0,SHOTGUN,4.0,6.253411306042885,-2.253411306042885,0
